report_month,company,county,region,industry,jobs_created,payroll,jobs_retained,investment,source_file,page,program,program_value
2019-Jan,Blue Label Packaging Company,Fairfield,Central,Other,30,"$1,700,000",62,"$1,000,000",2019-monthly-metrics.pdf,1,Workforce Grant,"$45,000"
2019-Jan,CoverMyMeds LLC,Franklin,Central,Healthcare,1032,"$75,300,000",592,"$8,000,000",2019-monthly-metrics.pdf,1,Economic Dev. Grant,"$1,000,000"
2019-Jan,CoverMyMeds LLC,Franklin,Central,Healthcare,1032,"$75,300,000",592,"$8,000,000",2019-monthly-metrics.pdf,1,Workforce Grant,"$4,500,000"
2019-Jan,Insight Catastrophe Group LLC,Hamilton,Southwest,Financial Services,19,"$1,045,000",16,$0,2019-monthly-metrics.pdf,1,Workforce Grant,"$35,000"
2019-Jan,"NSG Glass North America, Inc",Wood,Northwest,Advanced Manufacturing,150,"$7,200,000",0,"$250,000,000",2019-monthly-metrics.pdf,1,Economic Dev. Grant,"$2,500,000"
2019-Jan,"NSG Glass North America, Inc",Wood,Northwest,Advanced Manufacturing,150,"$7,200,000",0,"$250,000,000",2019-monthly-metrics.pdf,1,Workforce Grant,"$500,000"
2019-Jan,"Brennan Industries, Inc.",Cuyahoga,Northeast,Advanced Manufacturing,28,"$1,400,000",68,"$3,883,200",2019-monthly-metrics.pdf,1,Economic Dev. Grant,"$200,000"
2019-Jan,"CIL Isotope Separations, LLC",Greene,Western,Healthcare,10,"$660,000",29,"$12,300,000",2019-monthly-metrics.pdf,1,Economic Dev. Grant,"$50,000"
2019-Jan,"Inogen, Inc.",Cuyahoga,Northeast,Healthcare,260,"$13,000,000",240,"$600,000",2019-monthly-metrics.pdf,1,Economic Dev. Grant,"$250,000"
2019-Jan,"Precision Alloy Services, Inc.",Wood,Northwest,Aerospace and Aviation,20,"$750,000",2,"$1,950,000",2019-monthly-metrics.pdf,1,Economic Dev. Grant,"$75,000"
2019-Jan,Xcess Limited,Wayne,Northeast,Logistics and Distribution,125,"$3,200,000",40,"$5,850,000",2019-monthly-metrics.pdf,1,Economic Dev. Grant,"$150,000"
2019-Jan,"McDaniel Products, Inc.",Richland,Northeast,Advanced Manufacturing,20,"$625,000",24,"$888,600",2019-monthly-metrics.pdf,1,Revitalization Grant,"$75,000"
2019-Jan,Municipal Light Plant LLC,Franklin,Central,Other,23,"$1,572,600",51,"$10,820,327",2019-monthly-metrics.pdf,1,Revitalization Grant,"$700,000"
2019-Jan,Rise Brands Inc.,Franklin,Central,Other,38,"$2,280,000",15,"$1,924,467",2019-monthly-metrics.pdf,1,Revitalization Grant,"$300,000"
2019-Feb,"Dollar Tree Distribution, Inc.",Morrow,Central,Logistics and Distribution,400,"$12,800,000",0,"$132,148,750",2019-monthly-metrics.pdf,2,Workforce Grant,"$400,000"
2019-Feb,"Kohl's Department Stores, Inc.",Licking,Central,Logistics and Distribution,684,"$22,500,000",0,"$293,280,037",2019-monthly-metrics.pdf,2,Workforce Grant,"$1,000,000"
2019-Feb,Manifest Solutions Corp.,Franklin,Central,Information Services and Software,40,"$2,800,000",60,-,2019-monthly-metrics.pdf,2,Workforce Grant,"$175,000"
2019-Feb,"QuEST Global Services-NA, Inc.",Hamilton,Southwest,Aerospace and Aviation,60,"$3,900,000",65,"$200,000",2019-monthly-metrics.pdf,2,Workforce Grant,"$75,000"
2019-Feb,Republic Steel,Lorain,Northeast,Other,125,"$7,000,000",0,"$890,000",2019-monthly-metrics.pdf,2,Workforce Grant,"$500,000"
2019-Feb,AxoGen Corporation,Montgomery,Western,Healthcare,200,"$8,240,000",28,"$10,082,200",2019-monthly-metrics.pdf,2,Economic Dev. Grant,"$950,000"
2019-Feb,Hometown Food Company,Lucas,Northwest,Food Sciences and Agriculture,15,"$1,000,000",227,"$13,000,000",2019-monthly-metrics.pdf,2,Economic Dev. Grant,"$250,000"
2019-Feb,"National Door and Trim, Inc.",Van Wert,Northwest,Advanced Manufacturing,50,"$1,640,000",51,"$850,000",2019-monthly-metrics.pdf,2,Economic Dev. Grant,"$100,000"
2019-Feb,ProVia LLC,Tuscarawas,Northeast,Advanced Manufacturing,197,"$8,865,000",0,"$33,350,000",2019-monthly-metrics.pdf,2,Economic Dev. Grant,"$500,000"
2019-Feb,DiGeronimo Development LLC*,Cuyahoga,Northeast,Other,0,$0,0,"$10,755,967",2019-monthly-metrics.pdf,2,Revitalization Grant,"$330,000"
2019-Feb,"Innovative Solutions Unlimited, L.L.C.",Pike,Southeast,Shale Energy and Petrochemicals,15,"$480,000",77,"$525,940",2019-monthly-metrics.pdf,2,Revitalization Grant,"$150,000"
2019-Feb,"Kripke Enterprises, Inc.",Lucas,Northwest,Advanced Manufacturing,25,"$1,100,000",22,"$6,933,000",2019-monthly-metrics.pdf,2,Revitalization Grant,"$200,000"
2019-Feb,The Ohio Valley Bank Company,Gallia,Southeast,Financial Services,0,$0,240,"$5,379,454",2019-monthly-metrics.pdf,2,Revitalization Grant,"$200,000"
2019-Feb,Spray Products Corporation,Medina,Northeast,Shale Energy and Petrochemicals,0,$0,0,-,2019-monthly-metrics.pdf,2,Revitalization Grant Phase II,"$198,000"
2019-Mar,"JJR Solutions, LLC",Montgomery,Western,Software,32,"$2,877,656",21,"$753,726",2019-monthly-metrics.pdf,3,Workforce Grant,"$50,000"
2019-Mar,"Medline Industries, Inc.",Madison,Central,Healthcare,150,"$5,016,000",0,"$58,000,000",2019-monthly-metrics.pdf,3,Workforce Grant,"$80,000"
2019-Mar,Nidec Minster Corporation,Auglaize,Western,Advanced Manufacturing,25,"$1,088,880",547,"$9,550,000",2019-monthly-metrics.pdf,3,Workforce Grant,"$80,000"
2019-Mar,"Great Lakes Cheese Co., Inc.",Geauga,Northeast,Food Sciences and Agriculture,400,"$23,750,000",671,"$183,206,000",2019-monthly-metrics.pdf,3,Economic Dev. Grant,"$5,100,000"
2019-Mar,"HomeGoods, Inc.",Trumbull,Northeast,Logistics and Distribution,1000,"$27,040,000",0,"$166,500,000",2019-monthly-metrics.pdf,3,Economic Dev. Grant,"$500,000"
2019-Mar,"Spectrum Diversified Designs, LLC",Summit,Northeast,Logistics and Distribution,29,"$1,507,917",65,"$790,000",2019-monthly-metrics.pdf,3,Economic Dev. Grant,"$50,000"
2019-Mar,Vehtek Systems Inc.,Wood,Northwest,Automotive,51,"$2,175,000",760,"$10,200,000",2019-monthly-metrics.pdf,3,Economic Dev. Grant,"$200,000"
2019-Mar,"Voss Industries, LLC",Cuyahoga,Northeast,Aerospace and Aviation,58,"$2,711,987",267,"$11,629,048",2019-monthly-metrics.pdf,3,Economic Dev. Grant,"$600,000"
2019-Mar,"Voss Industries, LLC",Cuyahoga,Northeast,Aerospace and Aviation,58,"$2,711,987",267,"$11,629,048",2019-monthly-metrics.pdf,3,Revitalization Grant,"$1,400,000"
2019-Mar,"Voss Industries, LLC",Cuyahoga,Northeast,Aerospace and Aviation,58,"$2,711,987",267,"$11,629,048",2019-monthly-metrics.pdf,3,Revitalization Grant Phase II,"$34,000"
2019-Mar,WellPet LLC,Franklin,Central,Logistics and Distribution,45,"$1,800,000",0,"$150,000",2019-monthly-metrics.pdf,3,Economic Dev. Grant,"$200,000"
2019-Mar,"The Tomko Company, LLC",Franklin,Central,Other,40,"$4,000,256",12,"$4,646,488",2019-monthly-metrics.pdf,3,Revitalization Grant,"$500,000"
2019-Mar,"The Tomko Company, LLC",Franklin,Central,Other,40,"$4,000,256",12,"$4,646,488",2019-monthly-metrics.pdf,3,Revitalization Loan,"$1,500,000"
2019-Mar,"Echo Health, Inc.",Cuyahoga,Northeast,Healthcare,40,"$2,400,000",58,"$4,259,000",2019-monthly-metrics.pdf,3,Revitalization Grant,"$150,000"
2019-Mar,Jackson County Economic Development Partnership*,Jackson,Southeast,Other,0,$0,0,"$1,888,190",2019-monthly-metrics.pdf,3,Revitalization Grant,"$1,699,371"
2019-Mar,Xellia Pharmaceuticals USA LLC,Cuyahoga,Northeast,Healthcare,170,"$8,500,000",10,"$50,000,000",2019-monthly-metrics.pdf,3,Revitalization Grant,"$500,000"
2019-Mar,City of Cleveland,Cuyahoga,Northeast,Other,0,$0,0,$0,2019-monthly-metrics.pdf,3,Revitalization Grant Phase II,"$19,425"
2019-Mar,City of Cleveland,Cuyahoga,Northeast,Other,0,$0,0,$0,2019-monthly-metrics.pdf,3,Revitalization Grant Phase II,"$21,995"
2019-Mar,City of Cleveland,Cuyahoga,Northeast,Other,0,$0,0,$0,2019-monthly-metrics.pdf,3,Revitalization Grant Phase II,"$24,537"
2019-Mar,City of Cleveland,Cuyahoga,Northeast,Other,0,$0,0,$0,2019-monthly-metrics.pdf,3,Revitalization Grant Phase II,"$25,000"
2019-Mar,City of Cleveland,Cuyahoga,Northeast,Other,0,$0,0,$0,2019-monthly-metrics.pdf,3,Revitalization Grant Phase II,"$36,210"
2019-Mar,City of Cleveland,Cuyahoga,Northeast,Other,0,$0,0,$0,2019-monthly-metrics.pdf,3,Revitalization Grant Phase II,"$56,000"
2019-Mar,City of Cleveland,Cuyahoga,Northeast,Other,0,$0,0,$0,2019-monthly-metrics.pdf,3,Revitalization Grant Phase II,"$68,470"
2019-Mar,City of Cleveland,Cuyahoga,Northeast,Other,0,$0,0,$0,2019-monthly-metrics.pdf,3,Revitalization Grant Phase II,"$98,470"
2019-Apr,"InfoTrust, LLC",Hamilton,Southwest,Software,60,"$4,992,000",36,-,2019-monthly-metrics.pdf,4,Workforce Grant,"$60,000"
2019-Apr,"Smartrac Technology Fletcher, Inc.",Delaware,Central,Information Services and Software,30,"$4,050,000",1,"$300,000",2019-monthly-metrics.pdf,4,Workforce Grant,"$150,000"
2019-Apr,"Faxon Machining, Inc.",Hamilton,Southwest,Advanced Manufacturing,85,"$5,500,000",90,"$1,390,000",2019-monthly-metrics.pdf,4,Economic Dev. Grant,"$150,000"
2019-Apr,"Menard, Inc.",Fayette,Western,Logistics and Distribution,150,"$5,665,920",0,"$81,484,042",2019-monthly-metrics.pdf,4,Economic Dev. Grant,"$1,000,000"
2019-Apr,"Nature's One, LLC",Licking,Central,Food Sciences and Agriculture,22,"$1,400,000",0,"$24,300,000",2019-monthly-metrics.pdf,4,Economic Dev. Grant,"$200,000"
2019-Apr,Nippon Steel Integrated Crankshaft LLC,Seneca,Northwest,Automotive,33,"$1,200,000",102,"$12,000,000",2019-monthly-metrics.pdf,4,Economic Dev. Grant,"$200,000"
2019-Apr,Iron City Pipe & Supply Company,Jackson,Southeast,Logistics and Distribution,5,"$190,000",17,"$330,279",2019-monthly-metrics.pdf,4,Revitalization Grant,"$100,000"
2019-Apr,"South Arcade Commercial, LLC",Montgomery,Western,Other,90,"$4,049,136",68,"$3,583,868",2019-monthly-metrics.pdf,4,Revitalization Grant,"$900,000"
2019-Apr,"Stuchell Products, LLC",Stark,Northeast,Advanced Manufacturing,20,"$450,000",42,"$514,000",2019-monthly-metrics.pdf,4,Revitalization Grant,"$30,000"
2019-Apr,"Uptown SEQ Holdings, LLC*",Hamilton,Southwest,Other,0,$0,0,"$130,800,000",2019-monthly-metrics.pdf,4,Revitalization Grant,"$2,000,000"
2019-May,"Global Cooling, Inc.",Athens,Southeast,Advanced Manufacturing,32,"$1,108,660",82,"$3,295,000",2019-monthly-metrics.pdf,5,Economic Dev. Grant,"$150,000"
2019-May,"Global Cooling, Inc.",Athens,Southeast,Advanced Manufacturing,32,"$1,108,660",82,"$3,295,000",2019-monthly-metrics.pdf,5,Workforce Grant,"$100,000"
2019-May,"ODW Logistics, Inc.",Pickaway,Central,Logistics and Distribution,54,"$1,934,000",584,"$7,825,000",2019-monthly-metrics.pdf,5,Workforce Grant,"$100,000"
2019-May,"AMG Industries, LLC",Knox,Central,Automotive,0,-,123,"$2,580,000",2019-monthly-metrics.pdf,5,Economic Dev. Grant,"$150,000"
2019-May,"Custom Glass Solutions Fostoria, LLC",Seneca,Northwest,Automotive,80,"$3,000,000",0,"$615,000",2019-monthly-metrics.pdf,5,Economic Dev. Grant,"$275,000"
2019-May,"Ensemble HP, LLC",Hamilton,Southwest,Healthcare,1100,"$47,300,000",480,"$34,000,000",2019-monthly-metrics.pdf,5,Economic Dev. Grant,"$4,250,000"
2019-May,"Hendrickson USA, L.L.C.",Stark,Northeast,Automotive,300,"$9,110,400",235,"$50,600,000",2019-monthly-metrics.pdf,5,Economic Dev. Grant,"$850,000"
2019-May,Nidec Motor Corporation,Cuyahoga,Northeast,Advanced Manufacturing,29,"$2,149,000",130,"$10,550,000",2019-monthly-metrics.pdf,5,Economic Dev. Grant,"$200,000"
2019-May,PACCAR Inc.,Ross,Southeast,Automotive,100,"$6,600,000",2244,"$143,000,000",2019-monthly-metrics.pdf,5,Economic Dev. Grant,"$1,000,000"
2019-May,Ravago Americas LLC,Medina,Northeast,Energy and Chemicals,40,"$1,600,000",35,"$33,500,000",2019-monthly-metrics.pdf,5,Economic Dev. Grant,"$150,000"
2019-May,"Stolle Machinery Company, LLC",Stark,Northeast,Advanced Manufacturing,21,"$1,450,000",146,"$4,500,000",2019-monthly-metrics.pdf,5,Economic Dev. Grant,"$100,000"
2019-May,"Tyler Technologies, Inc.",Montgomery,Western,Information Technology,225,"$15,575,000",158,"$8,400,000",2019-monthly-metrics.pdf,5,Economic Dev. Grant,"$790,000"
2019-May,Xellia Pharmaceuticals USA LLC,Cuyahoga,Northeast,Healthcare,100,"$5,500,000",180,"$21,753,000",2019-monthly-metrics.pdf,5,Economic Dev. Grant,"$700,000"
2019-May,"Gosiger Automation, LLC",Montgomery,Western,Advanced Manufacturing,20,"$1,700,000",140,"$11,497,736",2019-monthly-metrics.pdf,5,Revitalization Grant,"$300,000"
2019-May,Spangler Candy Company,Williams,Northwest,Food and Agribusiness,0,-,455,"$4,696,440",2019-monthly-metrics.pdf,5,Revitalization Grant,"$275,000"
2019-May,"2828 Clinton, Inc.",Cuyahoga,Northeast,Advanced Manufacturing,0,-,0,-,2019-monthly-metrics.pdf,5,Revitalization Grant Phase II,"$7,200"
2019-Jun,Beam Technologies Inc.,Franklin,Central,Other,150,"$13,500,000",41,"$1,500,000",2019-monthly-metrics.pdf,6,Workforce Grant,"$250,000"
2019-Jun,Code Blue LLC,Clark,Western,Financial Services,169,"$6,313,000",126,"$1,050,000",2019-monthly-metrics.pdf,6,Economic Dev. Grant,"$90,000"
2019-Jun,Code Blue LLC,Clark,Western,Financial Services,169,"$6,313,000",126,"$1,050,000",2019-monthly-metrics.pdf,6,Workforce Grant,"$395,000"
2019-Jun,"Total Quality Logistics, LLC",Franklin,Central,Logistics and Distribution,60,"$2,670,000",139,$0,2019-monthly-metrics.pdf,6,Workforce Grant,"$75,000"
2019-Jun,Abbott Laboratories,Franklin,Central,Healthcare,38,"$2,300,000",428,"$47,900,000",2019-monthly-metrics.pdf,6,Economic Dev. Grant,"$1,000,000"
2019-Jun,Abbott Laboratories,Franklin,Central,Healthcare,38,"$2,300,000",428,"$47,900,000",2019-monthly-metrics.pdf,6,Revitalization Grant,"$450,000"
2019-Jun,"DuPont Specialty Products USA, LLC",Pickaway,Central,Energy and Chemicals,46,"$4,139,000",500,"$200,000,000",2019-monthly-metrics.pdf,6,Economic Dev. Grant,"$1,000,000"
2019-Jun,FCA US LLC,Lucas,Northwest,Automotive,94,"$3,273,005","5,164","$273,300,000",2019-monthly-metrics.pdf,6,Economic Dev. Grant,"$553,500"
2019-Jun,"IMCD US, LLC",Cuyahoga,Northeast,Energy and Chemicals,25,"$1,962,921",66,"$797,151",2019-monthly-metrics.pdf,6,Economic Dev. Grant,"$300,000"
2019-Jun,"Kemba Credit Union, Inc.",Butler,Southwest,Financial Services,40,"$1,600,000",108,"$9,700,000",2019-monthly-metrics.pdf,6,Economic Dev. Grant,"$100,000"
2019-Jun,Lefton Metal Enterprises Corporation,Columbiana,Northeast,Advanced Manufacturing,41,"$1,300,000",157,"$22,759,158",2019-monthly-metrics.pdf,6,Economic Dev. Grant,"$100,000"
2019-Jun,Oculii Corp.,Greene,Western,IT,31,"$4,100,000",21,"$2,250,000",2019-monthly-metrics.pdf,6,Economic Dev. Grant,"$550,000"
2019-Jun,"Pleasant Precision, Inc.",Hardin,Northwest,Advanced Manufacturing,20,"$1,205,000",35,"$1,592,000",2019-monthly-metrics.pdf,6,Economic Dev. Grant,"$80,000"
2019-Jun,The Babcock & Wilcox Company,Summit,Northeast,Advanced Manufacturing,0,$0,750,"$3,010,000",2019-monthly-metrics.pdf,6,Economic Dev. Grant,"$2,500,000"
2019-Jun,"Tosoh America, Inc.",Franklin,Central,Energy and Chemicals,40,"$1,800,000",292,"$8,400,000",2019-monthly-metrics.pdf,6,Economic Dev. Grant,"$200,000"
2019-Jun,Municipal Light Plant LLC,Franklin,Central,Other,23,"$1,572,600",51,"$10,820,327",2019-monthly-metrics.pdf,6,Revitalization Loan,"$1,500,000"
2019-Jun,Trevi Enterprises LLC*,Franklin,Central,Advanced Manufacturing,0,$0,0,"$15,000,000",2019-monthly-metrics.pdf,6,Revitalization Loan,"$1,000,000"
2019-Jun,Powerbuilt Material Handling Solutions LLC,Logan,Central,Automotive,18,"$990,000",25,"$1,910,000",2019-monthly-metrics.pdf,6,Revitalization Grant,"$75,000"
2019-Jun,PTTGC America LLC,Belmont,Southeast,Energy and Chemicals,0,$0,0,"$65,000,000",2019-monthly-metrics.pdf,6,Revitalization Grant,"$30,000,000"
2019-Jun,The Hive My Place Ltd,Cuyahoga,Northeast,Other,15,"$1,097,692",47,"$2,355,500",2019-monthly-metrics.pdf,6,Revitalization Grant,"$100,000"
2019-Jul,Booz Allen Hamilton Inc.,Greene,Western,IT,60,"$5,100,000",290,-,2019-monthly-metrics.pdf,7,Economic Dev. Grant,"$500,000"
2019-Jul,Booz Allen Hamilton Inc.,Greene,Western,IT,60,"$5,100,000",290,-,2019-monthly-metrics.pdf,7,Workforce Grant,"$150,000"
2019-Jul,Nexient LLC,Franklin,Central,IT,200,"$15,000,000",2,"$100,000",2019-monthly-metrics.pdf,7,Workforce Grant,"$500,000"
2019-Jul,"ATS Ohio, Inc.",Delaware,Central,Advanced Manufacturing,40,"$2,500,000",105,"$1,300,000",2019-monthly-metrics.pdf,7,Economic Dev. Grant,"$200,000"
2019-Jul,"Dolgencorp, LLC",Muskingum,Southeast,Logistics and Distribution,45,"$1,312,819",676,"$8,700,000",2019-monthly-metrics.pdf,7,Economic Dev. Grant,"$300,000"
2019-Jul,Modula Inc.,Warren,Southwest,Advanced Manufacturing,100,"$3,744,000",0,"$26,500,000",2019-monthly-metrics.pdf,7,Economic Dev. Grant,"$225,000"
2019-Jul,"Panelmatic Youngstown, Inc.",Trumbull,Northeast,Advanced Manufacturing,30,"$1,248,000",48,"$500,000",2019-monthly-metrics.pdf,7,Economic Dev. Grant,"$60,000"
2019-Jul,"Rudolph Foods Company, Inc.",Allen,Northwest,Food and Agribusiness,25,"$832,000",157,"$10,000,000",2019-monthly-metrics.pdf,7,Economic Dev. Grant,"$100,000"
2019-Jul,The Chilcote Company,Cuyahoga,Northeast,Advanced Manufacturing,36,"$1,800,000",120,"$8,978,605",2019-monthly-metrics.pdf,7,Economic Dev. Grant,"$500,000"
2019-Jul,United Candle Company LLC,Muskingum,Southeast,Advanced Manufacturing,100,"$4,000,000",0,"$1,815,000",2019-monthly-metrics.pdf,7,Economic Dev. Grant,"$125,000"
2019-Jul,"2828 Clinton, Inc.",Cuyahoga,Northeast,Advanced Manufacturing,16,"$990,000",23,"$3,980,000",2019-monthly-metrics.pdf,7,Revitalization Grant,"$100,000"
2019-Jul,"Links Unlimited, Inc.",Hamilton,Southwest,Logistics and Distribution,18,"$1,000,000",69,"$8,999,614",2019-monthly-metrics.pdf,7,Revitalization Grant,"$50,000"
2019-Jul,"Rocky Brands, Inc.",Hocking,Southeast,Advanced Manufacturing,14,"$395,000",315,"$6,316,104",2019-monthly-metrics.pdf,7,Revitalization Grant,"$100,000"
2019-Jul,"The Harvest Company of Ohio, LTD.",Paulding,Northwest,Food and Agribusiness,24,"$1,378,400",0,"$5,810,935",2019-monthly-metrics.pdf,7,Revitalization Grant,"$150,000"
2019-Jul,"Sustainable Community Associates, LTD",Cuyahoga,Northeast,Other,0,-,0,-,2019-monthly-metrics.pdf,7,Revitalization Grant Phase II,"$48,000"
2019-Aug,"Carvana, LLC",Licking,Central,Other,400,"$13,312,000",0,"$22,673,400",2019-monthly-metrics.pdf,8,Workforce Grant,"$250,000"
2019-Aug,ORBIS Corporation,Lake,Northeast,Advanced Manufacturing,25,"$982,500",215,"$1,900,000",2019-monthly-metrics.pdf,8,Workforce Grant,"$40,000"
2019-Aug,"RIA In A Box, LLC",Cuyahoga,Northeast,Financial Services,90,"$6,300,000",13,"$165,000",2019-monthly-metrics.pdf,8,Workforce Grant,"$150,000"
2019-Aug,Union Metal Industries Corporation,Stark,Northeast,Advanced Manufacturing,250,"$13,000,000",0,"$2,788,000",2019-monthly-metrics.pdf,8,Revitalization Grant,"$1,000,000"
2019-Aug,Union Metal Industries Corporation,Stark,Northeast,Advanced Manufacturing,250,"$13,000,000",0,"$2,788,000",2019-monthly-metrics.pdf,8,Workforce Grant,"$250,000"
2019-Aug,"AtriCure, Inc.",Warren,Southwest,Healthcare,128,"$8,400,000",348,"$15,700,000",2019-monthly-metrics.pdf,8,Economic Dev. Grant,"$1,300,000"
2019-Aug,"OMNI Systems, Inc.",Cuyahoga,Northeast,Advanced Manufacturing,45,"$1,971,000",135,"$8,750,000",2019-monthly-metrics.pdf,8,Economic Dev. Grant,"$125,000"
2019-Aug,The Kroger Co.,Butler,Southwest,Food & Agribusiness,410,"$18,971,146",0,"$55,000,000",2019-monthly-metrics.pdf,8,Economic Dev. Grant,"$300,000"
2019-Aug,"Produce Packaging, Inc.",Lake,Northeast,Food & Agribusiness,40,"$915,200",308,"$8,077,206",2019-monthly-metrics.pdf,8,Revitalization Loan,"$2,500,000"
2019-Sep,AT&F Advanced Metals LLC,Wayne,Northeast,Advanced Manufacturing,25,"$1,150,000",39,"$2,750,000",2019-monthly-metrics.pdf,9,Growth Fund Loan,"$1,000,000"
2019-Sep,"CMG Strategy Co, LLC",Franklin,Central,Food & Agribusiness,274,"$21,500,000",82,"$375,000",2019-monthly-metrics.pdf,9,Workforce Grant,"$500,000"
2019-Sep,Festo Corporation,Warren,Southwest,Advanced Manufacturing,250,"$15,000,000",250,"$90,000,000",2019-monthly-metrics.pdf,9,Economic Dev. Grant,"$800,000"
2019-Sep,Festo Corporation,Warren,Southwest,Advanced Manufacturing,250,"$15,000,000",250,"$90,000,000",2019-monthly-metrics.pdf,9,Workforce Grant,"$250,000"
2019-Sep,Prentke Romich Company,Wayne,Northeast,IT,31,"$1,690,000",202,"$3,750,000",2019-monthly-metrics.pdf,9,Workforce Grant,"$75,000"
2019-Sep,"Vantage Point Logistics, Inc.",Franklin,Central,IT,80,"$5,600,000",30,$0,2019-monthly-metrics.pdf,9,Workforce Grant,"$300,000"
2019-Sep,Ariel Corporation,Licking,Central,Energy & Chemicals,40,"$1,900,000",61,"$15,000,000",2019-monthly-metrics.pdf,9,Economic Dev. Grant,"$100,000"
2019-Sep,Chalfant Manufacturing Company,Lorain,Northeast,Advanced Manufacturing,22,"$1,700,000",35,"$8,225,000",2019-monthly-metrics.pdf,9,Economic Dev. Grant,"$175,000"
2019-Sep,Dysinger Incorporated,Montgomery,Western,Aerospace and Aviation,12,"$660,000",53,"$375,000",2019-monthly-metrics.pdf,9,Economic Dev. Grant,"$35,000"
2019-Sep,Greenfield Products Incorporated,Highland,Southeast,Energy & Chemicals,24,"$672,701",43,"$118,430",2019-monthly-metrics.pdf,9,Economic Dev. Grant,"$30,000"
2019-Sep,"Option Care Enterprises, Inc.",Summit,Northeast,Healthcare,16,"$992,077",148,"$2,200,000",2019-monthly-metrics.pdf,9,Economic Dev. Grant,"$500,000"
2019-Sep,Topre America Corporation,Clark,Western,Automotive,71,"$2,879,760",285,"$54,095,510",2019-monthly-metrics.pdf,9,Economic Dev. Grant,"$400,000"
2019-Sep,Northern Stamping Co.,Cuyahoga,Northeast,Automotive,28,"$1,130,311",205,"$2,628,750",2019-monthly-metrics.pdf,9,Revitalization Grant,"$100,000"
2019-Sep,Northern Stamping Co.,Cuyahoga,Northeast,Automotive,28,"$1,130,311",205,"$2,628,750",2019-monthly-metrics.pdf,9,Revitalization Loan,"$1,100,000"
2019-Sep,"Benderson Properties, Inc.*",Franklin,Central,Other,0,$0,0,"$16,303,282",2019-monthly-metrics.pdf,9,Revitalization Grant,"$825,000"
2019-Sep,"For-Tech USA, LLC",Miami,Western,Advanced Manufacturing,20,"$700,000",2,"$2,946,370",2019-monthly-metrics.pdf,9,Revitalization Grant,"$175,000"
2019-Sep,"Griffeth & Son Trucking, Inc.",Carroll,Southeast,Logistics and Distribution,40,"$1,201,382",26,"$3,167,121",2019-monthly-metrics.pdf,9,Revitalization Grant,"$200,000"
2019-Sep,"GTL Lumber, Inc.",Lawrence,Southeast,Food & Agribusiness,19,"$692,195",18,"$1,190,199",2019-monthly-metrics.pdf,9,Revitalization Grant,"$300,000"
2019-Sep,The Hamilton Caster & Mfg. Company,Butler,Southwest,Advanced Manufacturing,10,"$500,000",85,"$6,500,000",2019-monthly-metrics.pdf,9,Revitalization Grant,"$100,000"
2019-Oct,Medisync Inc.,Hamilton,Southwest,Healthcare,75,"$6,800,000",13,$0,2019-monthly-metrics.pdf,10,Growth Fund Loan,"$2,600,000"
2019-Oct,Jefferson Industries Corporation,Madison,Central,Automotive,150,"$4,836,000",648,"$10,500,000",2019-monthly-metrics.pdf,10,Workforce Grant,"$200,000"
2019-Oct,KIRCHHOFF Automotive Waverly Inc.,Pike,Southeast,Automotive,0,$0,230,"$7,180,106",2019-monthly-metrics.pdf,10,Economic Dev. Grant,"$1,025,000"
2019-Oct,KIRCHHOFF Automotive Waverly Inc.,Pike,Southeast,Automotive,0,$0,230,"$7,180,106",2019-monthly-metrics.pdf,10,Workforce Grant,"$75,000"
2019-Oct,"Magna Seating of America, Inc.",Fairfield,Central,Automotive,300,"$14,000,000",0,"$14,592,000",2019-monthly-metrics.pdf,10,Economic Dev. Grant,"$1,500,000"
2019-Oct,"Magna Seating of America, Inc.",Fairfield,Central,Automotive,300,"$14,000,000",0,"$14,592,000",2019-monthly-metrics.pdf,10,Workforce Grant,"$500,000"
2019-Oct,"Root Holdings, Inc. (Root, Inc.)",Franklin,Central,Financial Services,400,"$20,000,000",551,"$1,000,000",2019-monthly-metrics.pdf,10,Workforce Grant,"$1,000,000"
2019-Oct,Topre America Corporation,Clark,Western,Automotive,200,"$8,112,000",85,"$72,695,000",2019-monthly-metrics.pdf,10,Workforce Grant,"$375,000"
2019-Oct,Univar Solutions USA Inc.,Franklin,Central,Energy and Chemicals,225,"$11,700,000",313,$0,2019-monthly-metrics.pdf,10,Workforce Grant,"$1,100,000"
2019-Oct,"Bon Secours Mercy Health, Inc",Hamilton,Southwest,Healthcare,500,"$50,000,000","1,089",$0,2019-monthly-metrics.pdf,10,Economic Dev. Grant,"$5,000,000"
2019-Oct,"Cargill, Incorporated",Shelby,Western,Food and Agribusiness,12,"$540,000",293,"$185,000,000",2019-monthly-metrics.pdf,10,Economic Dev. Grant,"$350,000"
2019-Oct,"Dill's Fire & Safety Equipment Co., Inc.",Jackson,Southeast,Automotive,8,"$260,468",11,"$353,659",2019-monthly-metrics.pdf,10,Economic Dev. Grant,"$35,000"
2019-Oct,"Kyocera SGS Precision Tools, Inc.",Summit,Northeast,Advanced Manufacturing,0,$0,209,"$3,000,000",2019-monthly-metrics.pdf,10,Economic Dev. Grant,"$250,000"
2019-Oct,North Star Bluescope Steel LLC,Fulton,Northwest,Other,90,"$5,990,400",397,"$459,000,000",2019-monthly-metrics.pdf,10,Economic Dev. Grant,"$4,000,000"
2019-Oct,"Pinnacle Technology Group, Inc.",Lucas,Northwest,Advanced Manufacturing,35,"$1,750,000",0,"$570,000",2019-monthly-metrics.pdf,10,Economic Dev. Grant,"$150,000"
2019-Oct,"Polymer Film & Bag, LLC",Stark,Northeast,Advanced Manufacturing,48,"$3,353,800",48,"$13,782,780",2019-monthly-metrics.pdf,10,Economic Dev. Grant,"$100,000"
2019-Oct,"Valued Relationships, Inc.",Warren,Southwest,Healthcare,50,"$1,499,680",259,"$7,300,000",2019-monthly-metrics.pdf,10,Economic Dev. Grant,"$42,000"
2019-Oct,"Wurth Electronics ICS, Inc.",Montgomery,Western,Technology,34,"$1,453,040",33,"$1,535,000",2019-monthly-metrics.pdf,10,Economic Dev. Grant,"$100,000"
2019-Oct,"Kripke Enterprises, Inc.",Lucas,Northwest,Advanced Manufacturing,25,"$1,100,000",22,"$6,933,000",2019-monthly-metrics.pdf,10,Revitalization Loan,"$1,000,000"
2019-Oct,"Brenntag Great Lakes, LLC",Lucas,Northwest,Energy and Chemicals,45,"$1,872,000",0,"$7,438,600",2019-monthly-metrics.pdf,10,Revitalization Grant,"$750,000"
2019-Oct,Calgon Carbon Corporation,Franklin,Central,Energy and Chemicals,15,"$716,700",37,"$6,200,000",2019-monthly-metrics.pdf,10,Revitalization Grant,"$250,000"
2019-Nov,"Borgers Ohio, Inc.",Huron,Northeast,Automotive,44,"$1,725,000",375,"$18,412,000",2019-monthly-metrics.pdf,11,Workforce Grant,"$50,000"
2019-Nov,Complion Inc.,Cuyahoga,Northeast,Healthcare,75,"$4,500,000",28,$0,2019-monthly-metrics.pdf,11,Workforce Grant,"$80,000"
2019-Nov,"Ingage Partners, Inc.",Hamilton,Southwest,IT,35,"$2,600,000",89,$0,2019-monthly-metrics.pdf,11,Workforce Grant,"$50,000"
2019-Nov,Mile Two LLC,Montgomery,Western,IT,36,"$2,995,200",34,"$2,500,000",2019-monthly-metrics.pdf,11,Workforce Grant,"$95,000"
2019-Nov,Traction on Demand,Montgomery,Western,IT,80,"$6,400,000",5,$0,2019-monthly-metrics.pdf,11,Workforce Grant,"$300,000"
2019-Nov,"Hydro-Aire, Inc.",Lorain,Northeast,Aerospace and Aviation,26,"$1,560,035",224,"$8,599,000",2019-monthly-metrics.pdf,11,Economic Dev. Grant,"$100,000"
2019-Nov,"Proto Precision Additive, LLC",Franklin,Central,Advanced Manufacturing,40,"$4,000,000",3,"$2,000,000",2019-monthly-metrics.pdf,11,Economic Dev. Grant,"$250,000"
2019-Nov,"Riffle Machine Works, Inc.",Ross,Southeast,Automotive,25,"$698,214",273,"$1,300,000",2019-monthly-metrics.pdf,11,Economic Dev. Grant,"$50,000"
2019-Nov,Satco Inc.,Clermont,Southwest,Advanced Manufacturing,75,"$3,825,000",0,"$7,450,000",2019-monthly-metrics.pdf,11,Economic Dev. Grant,"$100,000"
2019-Nov,"Tigerpoly Manufacturing, Inc.",Franklin,Central,Automotive,40,"$1,210,560",384,"$10,750,000",2019-monthly-metrics.pdf,11,Economic Dev. Grant,"$100,000"
2019-Nov,"Total Quality Logistics, LLC",Clermont,Southwest,Logistics and Distribution,594,"$61,891,598",1529,"$13,000,000",2019-monthly-metrics.pdf,11,Economic Dev. Grant,"$3,000,000"
2019-Nov,"5 B's, Inc.",Muskingum,Southeast,Logistics and Distribution,30,"$811,200",280,"$422,015",2019-monthly-metrics.pdf,11,Revitalization Grant,"$100,000"
2019-Nov,Premier Health Partners*,Montgomery,Western,Healthcare,0,$0,0,"$40,325,250",2019-monthly-metrics.pdf,11,Revitalization Grant,"$3,500,000"
2019-Nov,"Quick Loadz Container System, LLC",Athens,Southeast,Advanced Manufacturing,40,"$1,725,000",9,"$1,246,812",2019-monthly-metrics.pdf,11,Revitalization Grant,"$300,000"
2019-Nov,RM Biltrite LLC,Franklin,Central,Advanced Manufacturing,44,"$1,888,000",0,"$9,302,500",2019-monthly-metrics.pdf,11,Revitalization Grant,"$125,000"
2019-Dec,Crown Equipment Corporation,Auglaize,Western,Advanced Manufacturing,563,"$28,515,000",4348,"$145,000,000",2019-monthly-metrics.pdf,12,Workforce Grant,"$729,000"
2019-Dec,Williams Lea Inc.,Franklin,Central,Other,550,"$24,750,000",3,"$4,000,000",2019-monthly-metrics.pdf,12,Workforce Grant,"$700,000"
2019-Dec,"Brightedge Technologies, Inc.",Cuyahoga,Northeast,IT,147,"$15,050,000",83,"$1,000,000",2019-monthly-metrics.pdf,12,Economic Dev. Grant,"$200,000"
2019-Dec,Henny Penny Corporation,Preble,Western,Food and Agribusiness,70,"$3,100,000",737,"$16,000,000",2019-monthly-metrics.pdf,12,Economic Dev. Grant,"$350,000"
2019-Dec,"NexTech Materials, Ltd.",Delaware,Central,Energy and Chemicals,10,"$700,000",45,"$495,000",2019-monthly-metrics.pdf,12,Economic Dev. Grant,"$50,000"
2019-Dec,"Tech Elevator, Inc.",Cuyahoga,Northeast,IT,15,"$1,130,000",29,"$75,000",2019-monthly-metrics.pdf,12,Economic Dev. Grant,"$750,000"
2019-Dec,"Toledo Tool and Die Company, Inc.",Williams,Northwest,Automotive,70,"$2,874,144",0,"$16,000,000",2019-monthly-metrics.pdf,12,Economic Dev. Grant,"$400,000"
2019-Dec,Zipline Logistics LLC,Franklin,Central,Logistics and Distribution,37,"$3,100,000",57,"$350,000",2019-monthly-metrics.pdf,12,Economic Dev. Grant,"$250,000"
2019-Dec,AMG Vanadium LLC,Muskingum,Southeast,Energy and Chemicals,102,"$5,393,907",0,"$200,652,178",2019-monthly-metrics.pdf,12,Revitalization Grant,"$2,400,000"
2019-Dec,"Consolidated Storage Solutions, Inc",Muskingum,Southeast,Food and Agribusiness,11,"$343,200",35,"$6,061,145",2019-monthly-metrics.pdf,12,Revitalization Grant,"$100,000"
2019-Dec,Yorkville Intermodal Terminals LLC*,Jefferson,Southeast,Other,0,$0,0,"$30,396,775",2019-monthly-metrics.pdf,12,Revitalization Grant,"$5,000,000"
2019-Dec,Imaging Systems Technology Inc.,Lucas,Northwest,Advanced Manufacturing,20,"$1,873,000",15,"$4,000,000",2019-monthly-metrics.pdf,12,Research and Development Grant,"$1,500,000"
2021-Jan,"Secure Cyber Defense, LLC",Montgomery,Western,Technology,16,"$1,350,510",16,$0,2021-monthly_metrics_vc_.pdf,1,Workforce Grant,"$75,000"
2021-Jan,"Stakes Manufacturing, LLC",Lake,Northeast,Other,400,"$12,480,000",92,"$33,500,000",2021-monthly_metrics_vc_.pdf,1,Economic Dev. Grant,"$400,000"
2021-Jan,"Stakes Manufacturing, LLC",Lake,Northeast,Other,400,"$12,480,000",92,"$33,500,000",2021-monthly_metrics_vc_.pdf,1,Workforce Grant,"$100,000"
2021-Jan,The Rovisys Company,Portage,Northeast,Advanced Manufacturing,88,"$6,160,000",415,"$2,575,000",2021-monthly_metrics_vc_.pdf,1,Workforce Grant,"$100,000"
2021-Jan,The Ultra-Met Company,Champaign,Western,Advanced Manufacturing,22,"$1,205,000",115,"$4,065,000",2021-monthly_metrics_vc_.pdf,1,Workforce Grant,"$40,000"
2021-Jan,"United Parcel Service, Inc.",Wood,Northwest,Logistics and Distribution,606,"$27,711,665",0,"$153,961,905",2021-monthly_metrics_vc_.pdf,1,Workforce Grant,"$300,000"
2021-Jan,"Canton Drop Forge, Inc.",Stark,Northeast,Advanced Manufacturing,30,"$1,600,000",165,"$800,000",2021-monthly_metrics_vc_.pdf,1,Economic Dev. Grant,"$80,000"
2021-Jan,"City Barbeque Group, Inc.",Franklin,Central,Other,35,"$2,450,000",47,"$1,000,000",2021-monthly_metrics_vc_.pdf,1,Economic Dev. Grant,"$50,000"
2021-Jan,"Heartland Engineered Products, LLC",Hamilton,Southwest,Advanced Manufacturing,25,"$760,000",91,"$654,000",2021-monthly_metrics_vc_.pdf,1,Economic Dev. Grant,"$50,000"
2021-Jan,"Lewco, Inc.",Ottawa & Erie,Northwest,Advanced Manufacturing,163,"$8,447,964",168,"$11,795,000",2021-monthly_metrics_vc_.pdf,1,Economic Dev. Grant,"$500,000"
2021-Jan,"Lewco, Inc.",Ottawa & Erie,Northwest,Advanced Manufacturing,163,"$8,447,964",168,"$11,795,000",2021-monthly_metrics_vc_.pdf,1,Revitalization Grant,"$750,000"
2021-Jan,Libbey Glass LLC,Lucas,Northwest,Advanced Manufacturing,0,$0,986,"$22,934,320",2021-monthly_metrics_vc_.pdf,1,Economic Dev. Grant,"$5,000,000"
2021-Jan,"Meridian Bioscience, Inc.",Hamilton,Southwest,Healthcare,45,"$1,575,000",260,"$7,250,000",2021-monthly_metrics_vc_.pdf,1,Economic Dev. Grant,"$100,000"
2021-Jan,"Napoleon Machine, LLC",Defiance,Northwest,Advanced Manufacturing,15,"$750,000",30,"$2,800,000",2021-monthly_metrics_vc_.pdf,1,Economic Dev. Grant,"$75,000"
2021-Jan,"Piping Rock Health Products, LLC",Portage,Northeast,Healthcare,55,"$2,000,000",346,"$1,490,000",2021-monthly_metrics_vc_.pdf,1,Economic Dev. Grant,"$50,000"
2021-Jan,"Royal Chemical Company, Ltd.",Summit,Northeast,Energy and Chemicals,31,"$1,500,000",89,"$1,385,000",2021-monthly_metrics_vc_.pdf,1,Economic Dev. Grant,"$150,000"
2021-Jan,"Topco America, LLC",Hamilton,Southwest,Other,35,"$2,800,000",46,"$475,000",2021-monthly_metrics_vc_.pdf,1,Economic Dev. Grant,"$200,000"
2021-Jan,Tractor Supply Company,Stark,Northeast,Logistics and Distribution,375,"$13,962,000",0,"$67,650,000",2021-monthly_metrics_vc_.pdf,1,Economic Dev. Grant,"$1,500,000"
2021-Jan,Tripack LLC,Clermont,Southwest,Advanced Manufacturing,42,"$2,600,000",43,"$6,950,000",2021-monthly_metrics_vc_.pdf,1,Economic Dev. Grant,"$200,000"
2021-Jan,TrueChoicePack Corp.,Butler,Southwest,Advanced Manufacturing,51,"$3,825,000",9,"$700,000",2021-monthly_metrics_vc_.pdf,1,Economic Dev. Grant,"$400,000"
2021-Jan,"B D G Wrap-Tite, Inc.",Cuyahoga,Northeast,Advanced Manufacturing,50,"$1,800,000",90,"$12,777,000",2021-monthly_metrics_vc_.pdf,1,Revitalization Grant,"$225,000"
2021-Jan,CeramFab Incorporated,Columbiana,Northeast,Advanced Manufacturing,45,"$2,012,400",8,"$3,880,000",2021-monthly_metrics_vc_.pdf,1,Revitalization Grant,"$250,000"
2021-Jan,Kroy LLC,Cuyahoga,Northeast,Advanced Manufacturing,40,"$2,250,000",172,"$12,361,908",2021-monthly_metrics_vc_.pdf,1,Revitalization Grant,"$200,000"
2021-Jan,"Oldcastle Lawn & Garden, Inc.",Portage,Northeast,Advanced Manufacturing,0,$0,0,$0,2021-monthly_metrics_vc_.pdf,1,JobsOhio Revitalization Phase II Grant,"$30,500"
2021-Jan,"Aeropact Manufacturing, LLC",Wood,Northwest,Aerospace and Aviation,1,"$37,440",9,"$115,000",2021-monthly_metrics_vc_.pdf,1,Inclusion OSIP* Grant,"$25,000"
2021-Jan,"American Imported Products, LLC",Marion,Central,Advanced Manufacturing,0,$0,24,"$120,000",2021-monthly_metrics_vc_.pdf,1,Inclusion OSIP* Grant,"$25,000"
2021-Jan,"amtec North America, Inc.",Athens,Southeast,Other,1,"$70,111",2,"$301,440",2021-monthly_metrics_vc_.pdf,1,Inclusion OSIP* Grant,"$25,000"
2021-Jan,"Cleveland Cyclewerks, LLC",Cuyahoga,Northeast,Automotive,5,"$295,000",5,"$500,000",2021-monthly_metrics_vc_.pdf,1,Inclusion OSIP* Grant,"$25,000"
2021-Jan,Daido Metal USA Inc.,Logan,Central,Logistics and Distribution,1,"$31,000",35,"$87,000",2021-monthly_metrics_vc_.pdf,1,Inclusion OSIP* Grant,"$25,000"
2021-Jan,"Dana White Machining & Welding, Inc.",Ashland,Northeast,Advanced Manufacturing,3,"$85,000",11,"$250,000",2021-monthly_metrics_vc_.pdf,1,Inclusion OSIP* Grant,"$50,000"
2021-Jan,"DMG Tool & Die, LLC",Logan,Central,Advanced Manufacturing,3,"$100,000",4,"$250,000",2021-monthly_metrics_vc_.pdf,1,Inclusion OSIP* Grant,"$25,000"
2021-Jan,"Fulton Industries, Inc.",Fulton,Northwest,Advanced Manufacturing,2,"$54,912",47,"$60,000",2021-monthly_metrics_vc_.pdf,1,Inclusion OSIP* Grant,"$25,000"
2021-Jan,Incenta Rewards LLC,Montgomery,Western,Technology,3,"$124,800",5,$0,2021-monthly_metrics_vc_.pdf,1,Inclusion OSIP* Grant,"$25,000"
2021-Jan,"Industrial Reliability and Repair, LLC",Ross,Southeast,Advanced Manufacturing,4,"$180,000",26,"$125,897",2021-monthly_metrics_vc_.pdf,1,Inclusion OSIP* Grant,"$25,000"
2021-Jan,Innovative Cleaning Services and Supply Inc,Hamilton,Southwest,Other,10,"$260,000",25,"$15,000",2021-monthly_metrics_vc_.pdf,1,Inclusion OSIP* Grant,"$50,000"
2021-Jan,"Island Time Media, LLC",Jackson,Southeast,Food and Agribusiness,7,"$140,000",1,"$135,000",2021-monthly_metrics_vc_.pdf,1,Inclusion OSIP* Grant,"$50,000"
2021-Jan,"Kocher Foods International, Inc.",Belmont,Southeast,Advanced Manufacturing,0,$0,5,"$125,000",2021-monthly_metrics_vc_.pdf,1,Inclusion OSIP* Grant,"$50,000"
2021-Jan,"Mark-All Enterprises, LLC",Summit,Northeast,Advanced Manufacturing,4,"$160,000",18,"$520,000",2021-monthly_metrics_vc_.pdf,1,Inclusion OSIP* Grant,"$50,000"
2021-Jan,New Signs Ohio LLC,Allen,Northwest,Advanced Manufacturing,2,"$70,000",8,"$123,457",2021-monthly_metrics_vc_.pdf,1,Inclusion OSIP* Grant,"$50,000"
2021-Jan,Orchestrate LLC,Hamilton,Southwest,Technology,2,"$80,000",4,$0,2021-monthly_metrics_vc_.pdf,1,Inclusion OSIP* Grant,"$50,000"
2021-Jan,"Premiere Concrete Supply, LLC",Clermont,Southwest,Other,2,"$80,000",1,$0,2021-monthly_metrics_vc_.pdf,1,Inclusion OSIP* Grant,"$25,000"
2021-Jan,Proof Products USA LLC,Franklin,Central,Advanced Manufacturing,10,"$350,000",8,"$50,000",2021-monthly_metrics_vc_.pdf,1,Inclusion OSIP* Grant,"$50,000"
2021-Jan,"SurgiHealth Solutions, LLC",Hamilton,Southwest,Healthcare,14,"$912,000",2,"$53,000",2021-monthly_metrics_vc_.pdf,1,Inclusion OSIP* Grant,"$50,000"
2021-Jan,"The Painting Contractor, LLC",Hamilton,Southwest,Other,13,"$585,000",22,$0,2021-monthly_metrics_vc_.pdf,1,Inclusion OSIP* Grant,"$35,000"
2021-Jan,The Simplay3 Company,Portage,Northeast,Advanced Manufacturing,50,"$2,252,000",47,"$1,080,000",2021-monthly_metrics_vc_.pdf,1,Inclusion OSIP* Grant,"$50,000"
2021-Jan,"The Voice of Your Customer, LLC",Hamilton,Southwest,Other,2,"$80,000",1,"$50,000",2021-monthly_metrics_vc_.pdf,1,Inclusion OSIP* Grant,"$50,000"
2021-Jan,The Wilson Bohannan Company,Marion,Central,Advanced Manufacturing,0,$0,71,"$100,000",2021-monthly_metrics_vc_.pdf,1,Inclusion OSIP* Grant,"$25,000"
2021-Jan,UMD Automated Systems,Knox,Central,Advanced Manufacturing,0,$0,64,$0,2021-monthly_metrics_vc_.pdf,1,Inclusion OSIP* Grant,"$25,000"
2021-Jan,Vazquez Commercial Construction LLC,Clermont,Southwest,Other,25,"$1,944,280",2,$0,2021-monthly_metrics_vc_.pdf,1,Inclusion OSIP* Grant,"$50,000"
2021-Jan,"Vya, Inc.",Hamilton,Southwest,Technology,15,"$876,000",54,"$450,000",2021-monthly_metrics_vc_.pdf,1,Inclusion OSIP* Grant,"$40,000"
2021-Jan,"Land-Air, LLC",Lucas,Northwest,Other,0,$0,0,"$8,601,000",2021-monthly_metrics_vc_.pdf,1,Inclusion OSIP* Grant,"$750,000"
2021-Jan,Montgomery County Transportation,Montgomery,Western,Other,0,$0,0,"$12,400,000",2021-monthly_metrics_vc_.pdf,1,Inclusion OSIP* Grant,"$600,000"
2021-Jan,Southgate Company Limited Partnership 1. For projects to be included in this report there must be an executed,Union program is part of the,Central If more than one,Other agreement between JobsOhio and the company.,0,$0,0,"$8,954,225",2021-monthly_metrics_vc_.pdf,1,Inclusion OSIP* Grant,"$1,850,000"
2021-Feb,Ripple Junction Design Co.,Butler,Southwest,Other,16,"$1,100,000",77,"$150,000",2021-monthly_metrics_vc_.pdf,2,Economic Dev. Grant,"$100,000"
2021-Feb,The Smead Manufacturing Company,Hocking,Southeast,Advanced,89,"$3,198,780",182,"$1,800,000",2021-monthly_metrics_vc_.pdf,2,Economic Dev. Grant,"$400,000"
2021-Feb,Amazon.com Services LLC,Summit,Northeast,Logistics and,1500,"$46,800,000",0,"$200,000,000",2021-monthly_metrics_vc_.pdf,2,Revitalization Grant,"$3,150,000"
2021-Feb,"Butech, Inc.",Columbiana,Northeast,Advanced,11,"$572,000",270,"$1,294,833",2021-monthly_metrics_vc_.pdf,2,Revitalization Grant,"$100,000"
2021-Feb,"APS-Materials, Inc.",Montgomery,,Advanced Western,2,"$50,000",90,"$129,831",2021-monthly_metrics_vc_.pdf,2,Inclusion Grant,"$35,000"
2021-Feb,"Coyne Graphic Finishing, Inc.",Knox,Central,Advanced,5,"$156,000",25,"$35,000",2021-monthly_metrics_vc_.pdf,2,Inclusion Grant,"$25,000"
2021-Feb,"Doc Spartan, LLC",Scioto,Southeast,Advanced,4,"$83,200",2,"$39,216",2021-monthly_metrics_vc_.pdf,2,Inclusion Grant,"$50,000"
2021-Feb,"Electripack, Inc.",Montgomery,,Advanced Western,4,"$124,800",24,$0,2021-monthly_metrics_vc_.pdf,2,Inclusion Grant,"$25,000"
2021-Feb,Hyggelight LLC,Lucas,Northwest,Advanced,2,"$71,200",6,"$118,268",2021-monthly_metrics_vc_.pdf,2,Inclusion Grant,"$50,000"
2021-Feb,Infrastructure Management and,Hamilton,Southwest,Other,5,"$200,000",3,$0,2021-monthly_metrics_vc_.pdf,2,Inclusion Grant,"$25,000"
2021-Feb,"K.E. McCartney & Associates, Inc.",Richland & Lorain,Northeast,Other,3,"$150,000",37,"$1,200,000",2021-monthly_metrics_vc_.pdf,2,Inclusion Grant,"$25,000"
2021-Feb,"Lloyd Rebar Company, LLC",Richland,Northeast,Advanced,5,"$200,000",10,"$150,000",2021-monthly_metrics_vc_.pdf,2,Inclusion Grant,"$50,000"
2021-Feb,"SC Strategic Solutions, LLC",Huron,Northeast,Technology,6,"$265,000",70,"$55,000",2021-monthly_metrics_vc_.pdf,2,Inclusion Grant,"$35,000"
2021-Feb,"The Chef's Garden, Inc.",Erie,Northeast,Food and,2,"$70,000",125,$0,2021-monthly_metrics_vc_.pdf,2,Inclusion Grant,"$25,000"
2021-Feb,Universal Veneer Mill Corp.,Licking,Central,Advanced,3,"$70,000",175,"$250,000",2021-monthly_metrics_vc_.pdf,2,Inclusion Grant,"$25,000"
2021-Feb,West Ohio Tool Co.,Logan,Central,Advanced,0,$0,18,"$55,000",2021-monthly_metrics_vc_.pdf,2,Inclusion Grant,"$50,000"
2021-Feb,White Machine & Manufacturing Company,Muskingum,Southeast,Advanced,2,"$83,200",22,"$60,000",2021-monthly_metrics_vc_.pdf,2,Inclusion Grant,"$25,000"
2021-Feb,City of Springfield,Clark,,Other Western,0,$0,0,"$1,226,105",2021-monthly_metrics_vc_.pdf,2,OSIP*,"$226,105"
2021-Feb,Mentor Industrial Development LLC,Lake,Northeast,Other,0,$0,0,"$6,383,446",2021-monthly_metrics_vc_.pdf,2,OSIP*,"$1,000,000"
2021-Feb,NAI Harmon Group,Defiance,Northwest,Other,0,$0,0,"$6,497,934",2021-monthly_metrics_vc_.pdf,2,OSIP*,"$565,000"
2021-Mar,I.D. Images LLC,Medina,Northeast,Advanced Manufacturing,26,"$1,500,000",101,"$7,535,000",2021-monthly_metrics_vc_.pdf,3,Growth Fund Loan,"$1,500,000"
2021-Mar,BBI Logistics LLC,Franklin,Central,Logistics and Distribution,150,"$10,500,000",52,"$150,000",2021-monthly_metrics_vc_.pdf,3,Workforce Grant,"$300,000"
2021-Mar,"Coastal Pet Products, Inc.",Stark,Northeast,Advanced Manufacturing,74,"$1,967,752",450,"$4,530,100",2021-monthly_metrics_vc_.pdf,3,Workforce Grant,"$150,000"
2021-Mar,Revenue Assistance Corporation,Cuyahoga,Northeast,Healthcare,156,"$4,096,400",297,$0,2021-monthly_metrics_vc_.pdf,3,Workforce Grant,"$150,000"
2021-Mar,Stewart-Glapat Corporation,Muskingum,Southeast,Advanced Manufacturing,33,"$1,269,840",68,"$115,295",2021-monthly_metrics_vc_.pdf,3,Workforce Grant,"$75,000"
2021-Mar,"Techmetals, Inc.",Montgomery,Western,Advanced Manufacturing,25,"$1,118,000",225,"$1,000,000",2021-monthly_metrics_vc_.pdf,3,Workforce Grant,"$50,000"
2021-Mar,"Alliance Automation, LLC",Van Wert,Northwest,Advanced Manufacturing,60,"$4,000,000",83,"$7,665,302",2021-monthly_metrics_vc_.pdf,3,Economic Dev. Grant,"$350,000"
2021-Mar,"American Elements, LLC",Franklin,Central,Advanced Manufacturing,45,"$2,250,000",22,"$1,100,000",2021-monthly_metrics_vc_.pdf,3,Economic Dev. Grant,"$130,000"
2021-Mar,"CTI - Clinical Trial Services, Inc.",Hamilton,Southwest,Healthcare,70,"$5,600,000",44,"$3,080,000",2021-monthly_metrics_vc_.pdf,3,Economic Dev. Grant,"$400,000"
2021-Mar,Digital Room LLC,Cuyahoga,Northeast,Advanced Manufacturing,60,"$2,799,999",111,"$15,225,000",2021-monthly_metrics_vc_.pdf,3,Economic Dev. Grant,"$150,000"
2021-Mar,"Dowa THT America, Inc.",Wood,Northwest,Automotive,25,"$900,000",71,"$10,695,000",2021-monthly_metrics_vc_.pdf,3,Economic Dev. Grant,"$100,000"
2021-Mar,"Kyotocooling - North America, LLC",Summit,Northeast,Advanced Manufacturing,100,"$4,630,080",16,"$500,000",2021-monthly_metrics_vc_.pdf,3,Economic Dev. Grant,"$200,000"
2021-Mar,Nestle Purina PetCare Company,Clermont,Southwest,Food and Agribusiness,300,"$12,542,400",0,"$550,000,000",2021-monthly_metrics_vc_.pdf,3,Economic Dev. Grant,"$6,000,000"
2021-Mar,Thomas Steel Strip Corporation,Trumbull,Northeast,Advanced Manufacturing,42,"$2,184,000",220,"$8,548,160",2021-monthly_metrics_vc_.pdf,3,Economic Dev. Grant,"$100,000"
2021-Mar,"Forward Air, Inc.",Franklin,Central,Logistics and Distribution,50,"$2,300,000",403,"$31,800,000",2021-monthly_metrics_vc_.pdf,3,Revitalization Grant,"$750,000"
2021-Mar,Superior Roll Forming LLC,Medina,Northeast,Advanced Manufacturing,0,$0,0,$0,2021-monthly_metrics_vc_.pdf,3,Revitalization Phase II Grant,"$50,450"
2021-Mar,Axis Corporation,Logan,Central,Advanced Manufacturing,0,$0,7,"$30,000",2021-monthly_metrics_vc_.pdf,3,Inclusion Grant,"$25,000"
2021-Mar,EWH Spectrum LLC,Logan,Central,Advanced Manufacturing,0,$0,42,"$73,500",2021-monthly_metrics_vc_.pdf,3,Inclusion Grant,"$25,000"
2021-Mar,"Hi-Point Graphics, LLC",Logan,Central,Advanced Manufacturing,0,$0,4,"$126,000",2021-monthly_metrics_vc_.pdf,3,Inclusion Grant,"$50,000"
2021-Mar,"ISS America, Inc.",Logan,Central,Logistics and Distribution,0,$0,22,"$75,000",2021-monthly_metrics_vc_.pdf,3,Inclusion Grant,"$25,000"
2021-Mar,"Skylift, Inc.",Lorain,Northeast,Advanced Manufacturing,15,"$561,600",66,"$600,000",2021-monthly_metrics_vc_.pdf,3,Inclusion Grant,"$50,000"
2021-Mar,"Tri State Media, LLC",Clinton,Western,Advanced Manufacturing,7,"$315,000",24,"$129,491",2021-monthly_metrics_vc_.pdf,3,Inclusion Grant,"$50,000"
2021-Mar,"Wicked Welding, Inc.",Montgomery,Western,Advanced Manufacturing,2,"$83,200",3,"$100,000",2021-monthly_metrics_vc_.pdf,3,Inclusion Grant,"$50,000"
2021-Mar,"Gravity 2 - Office, LLC",Franklin,Central,N/a,0,$0,0,"$36,324,869",2021-monthly_metrics_vc_.pdf,3,OSIP*,"$1,500,000"
2021-Mar,Lawrence Economic Development Corporation,Scioto &,Southeast,N/a,0,$0,0,"$4,161,530",2021-monthly_metrics_vc_.pdf,3,OSIP*,"$3,570,000"
2021-Mar,NorthPoint Development LLC,Montgomery,Western,N/a,0,$0,0,"$26,500,000",2021-monthly_metrics_vc_.pdf,3,OSIP*,"$900,000"
2021-Apr,"Economy Linen & Towel Service, Inc.",Montgomery,Western,Other,70,"$2,368,060",136,"$12,000,000",2021-monthly_metrics_vc_.pdf,4,Growth Fund Loan,"$4,000,000"
2021-Apr,Satelytics Inc.,Wood,Northwest,Technology,38,"$2,800,000",10,"$100,000",2021-monthly_metrics_vc_.pdf,4,Workforce Grant,"$200,000"
2021-Apr,"Toledo Molding & Die, LLC",Van Wert,Northwest,Automotive,30,"$1,300,000",195,"$1,500,000",2021-monthly_metrics_vc_.pdf,4,Workforce Grant,"$40,000"
2021-Apr,"Kutol Products Company, Inc.",Hamilton,Southwest,Energy and Chemicals,45,"$2,250,000",187,"$1,650,000",2021-monthly_metrics_vc_.pdf,4,Economic Dev. Grant,"$100,000"
2021-Apr,Hamilton Safe Co.,Clermont &,Southwest,Advanced,38,"$1,710,000",204,"$17,384,000",2021-monthly_metrics_vc_.pdf,4,Economic Dev. Grant,"$300,000"
2021-Apr,"M & M Industries of Ohio, Inc. (M & M Industries,",Trumbull,Northeast,Advanced,104,"$3,882,138",0,"$31,919,830",2021-monthly_metrics_vc_.pdf,4,Economic Dev. Grant,"$500,000"
2021-Apr,"M & M Industries of Ohio, Inc. (M & M Industries,",Trumbull,Northeast,Advanced,104,"$3,882,138",0,"$31,919,830",2021-monthly_metrics_vc_.pdf,4,Revitalization Grant,"$500,000"
2021-Apr,"Mark One Manufacturing, LTD.",Auglaize,Western,Advanced,90,"$5,220,000",45,"$5,100,000",2021-monthly_metrics_vc_.pdf,4,Economic Dev. Grant,"$500,000"
2021-Apr,"Mid-West Materials, Inc.",Lake,Northeast,Advanced,30,"$1,350,000",54,"$7,300,000",2021-monthly_metrics_vc_.pdf,4,Economic Dev. Grant,"$100,000"
2021-Apr,"Profusion Industries, LLC",Washington,Southeast,Advanced,19,"$717,000",117,"$667,781",2021-monthly_metrics_vc_.pdf,4,Economic Dev. Grant,"$250,000"
2021-Apr,"Sarepta Therapeutics, Inc.",Franklin,Central,Healthcare,100,"$12,300,000",38,"$32,000,000",2021-monthly_metrics_vc_.pdf,4,Economic Dev. Grant,"$2,000,000"
2021-Apr,"V & S Schuler Engineering, Inc.",Stark,Northeast,Advanced,40,"$1,400,000",99,"$793,000",2021-monthly_metrics_vc_.pdf,4,Revitalization Grant,"$100,000"
2021-Apr,"American Heavy Plate Solutions, LLC",Monroe,Southeast,Advanced,3,"$135,000",65,"$200,000",2021-monthly_metrics_vc_.pdf,4,Inclusi on,"$40,000"
2021-Apr,BoJhun Environmental Services LLC,Seneca,Northwest,Other,4,"$165,000",6,"$395,000",2021-monthly_metrics_vc_.pdf,4,Inclusi on,"$50,000"
2021-Apr,Budde Precision Machining Corp.,Montgomery,Western,Advanced,3,"$175,000",10,"$20,000",2021-monthly_metrics_vc_.pdf,4,Inclusi on,"$25,000"
2021-Apr,"Forjak Industrial, Inc.",Pickaway,Central,Other,5,"$300,000",76,"$105,000",2021-monthly_metrics_vc_.pdf,4,Inclusi on,"$25,000"
2021-Apr,Hosanna Revival LLC,Hamilton,Southwest,Other,1,"$45,000",4,"$465,000",2021-monthly_metrics_vc_.pdf,4,Inclusi on,"$50,000"
2021-Apr,"Liona Enterprises, Inc.",Hamilton,Southwest,Technology,5,"$375,000",3,$0,2021-monthly_metrics_vc_.pdf,4,Inclusi on,"$50,000"
2021-Apr,McCarthy Industrial Contractors Inc.,Montgomery,Western,Advanced,2,"$120,000",13,"$107,350",2021-monthly_metrics_vc_.pdf,4,Inclusi on,"$25,000"
2021-Apr,Mike-Sell's Potato Chip Co.,Montgomery,Western,Food and Agribusiness,4,"$166,400",72,"$200,000",2021-monthly_metrics_vc_.pdf,4,Inclusi on,"$25,000"
2021-Apr,River Roasters Coffee Company LLC,Meigs,Southeast,Food and Agribusiness,4,"$99,840",0,"$171,536",2021-monthly_metrics_vc_.pdf,4,Inclusi on,"$50,000"
2021-Apr,Saunders Machine Works LLC,Muskingum,Southeast,Advanced,3,"$150,000",4,"$520,000",2021-monthly_metrics_vc_.pdf,4,Inclusi on,"$40,000"
2021-Apr,Velvet Ice Cream Company,Licking,Central,Food and Agribusiness,0,$0,102,"$336,580",2021-monthly_metrics_vc_.pdf,4,Inclusi on,"$25,000"
2021-Apr,"Warhol & Wall St., LTD",Franklin,Central,Technology,2,"$80,000",3,"$8,000",2021-monthly_metrics_vc_.pdf,4,Inclusi on,"$25,000"
2021-Apr,"Your Bottled Water, LLC",Jackson,Southeast,Food and Agribusiness,3,"$93,600",1,"$200,000",2021-monthly_metrics_vc_.pdf,4,Inclusi on,"$50,000"
2021-Apr,Adams County CIC,Adams,Southeast,N/a,0,$0,0,"$12,704,600",2021-monthly_metrics_vc_.pdf,4,JobsOhio Spec Development Grant - OSE,"$4,234,600"
2021-May,White Castle Distributing LLC,Montgomery,Western,Food and Agribuiness,30,"$900,000",162,"$27,000,000",2021-monthly_metrics_vc_.pdf,5,Growth Fund Loan,"$2,500,000"
2021-May,EDW. C. Levy Co.,Fulton,Northwest,Advanced,30,"$1,048,320",40,"$5,000,000",2021-monthly_metrics_vc_.pdf,5,Workforce Grant,"$75,000"
2021-May,"Goosehead Insurance Agency, LLC",Franklin,Central,Financial Services,100,"$7,653,000",0,"$825,000",2021-monthly_metrics_vc_.pdf,5,Workforce Grant,"$850,000"
2021-May,"Jo-Ann Stores, LLC",Madison,Central,Logistics and,175,"$5,700,000",0,"$15,000,000",2021-monthly_metrics_vc_.pdf,5,Economic Dev. Grant,"$500,000"
2021-May,"Jo-Ann Stores, LLC",Madison,Central,Logistics and,175,"$5,700,000",0,"$15,000,000",2021-monthly_metrics_vc_.pdf,5,Workforce Grant,"$300,000"
2021-May,"Matsu Ohio, Inc.",Williams,Northwest,Automotive,104,"$3,569,280",176,"$4,515,561",2021-monthly_metrics_vc_.pdf,5,Workforce Grant,"$125,000"
2021-May,N2Y LLC,Erie,Northeast,Technology,15,"$900,000",111,$0,2021-monthly_metrics_vc_.pdf,5,Workforce Grant,"$75,000"
2021-May,TKS Industrial Company,Franklin,Central,Automotive,12,"$686,816",58,"$650,000",2021-monthly_metrics_vc_.pdf,5,Workforce Grant,"$75,000"
2021-May,"ATW Ohio, LLC",Clermont &,Southwest,Automotive,249,"$9,775,938",137,"$18,100,000",2021-monthly_metrics_vc_.pdf,5,Economic Dev. Grant,"$300,000"
2021-May,JBM Packaging Company,Hamilton &,Southwest,Advanced,23,"$1,128,000",150,"$3,000,000",2021-monthly_metrics_vc_.pdf,5,Economic Dev. Grant,"$100,000"
2021-May,McBee Supply Corporation,Cuyahoga,Northeast,Automotive,30,"$950,000",272,"$18,550,000",2021-monthly_metrics_vc_.pdf,5,Economic Dev. Grant,"$500,000"
2021-May,CSA America Testing & Certification LLC,Cuyahoga,Northeast,Other,20,"$1,800,000",180,"$14,000,000",2021-monthly_metrics_vc_.pdf,5,Revitalization Grant,"$200,000"
2021-May,"1157 Designconcepts, LLC",Shelby,Western,Advanced,5,"$300,000",16,"$46,000",2021-monthly_metrics_vc_.pdf,5,Inclusi on,"$25,000"
2021-May,"Duraflow Industries, Inc.",Huron,Northeast,Advanced,15,"$450,000",7,"$1,000,000",2021-monthly_metrics_vc_.pdf,5,Inclusi on,"$50,000"
2021-May,"Evolve Global Transportation, LLC",Franklin,Central,Logistics and,4,"$194,000",6,$0,2021-monthly_metrics_vc_.pdf,5,Inclusi on,"$25,000"
2021-May,EzKin Company,Montgomery,Western,Other,4,"$158,000",4,"$350,000",2021-monthly_metrics_vc_.pdf,5,Inclusi on,"$50,000"
2021-May,"Isaiah Industries, Inc.",Miami,Western,Advanced,5,"$208,000",50,"$320,000",2021-monthly_metrics_vc_.pdf,5,Inclusi on,"$25,000"
2021-May,"Latte's @ the Lofts, LLC",Scioto,Southeast,Food and Agribuiness,2,"$62,400",0,"$103,505",2021-monthly_metrics_vc_.pdf,5,Inclusi on,"$25,000"
2021-May,"LubriSource, Inc",Butler,Southwest,Advanced,3,"$150,000",11,"$54,500",2021-monthly_metrics_vc_.pdf,5,Inclusi on,"$50,000"
2021-May,"Perma Edge Industries, LLC.",Montgomery,Western,Advanced,5,"$166,400",6,"$174,000",2021-monthly_metrics_vc_.pdf,5,Inclusi on,"$25,000"
2021-May,The Hyland Machine Company,Montgomery,Western,Advanced,3,"$112,320",23,"$180,000",2021-monthly_metrics_vc_.pdf,5,Inclusi on,"$25,000"
2021-May,"TM Capture Services, LLC",Greene,Western,Software,2,"$140,000",19,$0,2021-monthly_metrics_vc_.pdf,5,Inclusi on,"$25,000"
2021-May,"Xtek Partners, Inc.",Franklin,Central,Software,5,"$200,000",49,$0,2021-monthly_metrics_vc_.pdf,5,Inclusi on,"$50,000"
2021-May,2509 Hayes LLC,Erie,Northeast,Other,0,$0,0,"$21,264,409",2021-monthly_metrics_vc_.pdf,5,JobsOhio Spec Development Grant - OSIP*,"$1,300,000"
2021-May,MPR Supply Chain Solutions (Mountaineer,Belmont,Southeast,Energy and Chemicals,0,$0,0,"$8,760,000",2021-monthly_metrics_vc_.pdf,5,JobsOhio Spec Development Grant - OSIP*,"$500,000"
2021-May,Village of Evendale,Hamilton,Southwest,Other,0,$0,0,"$2,609,000",2021-monthly_metrics_vc_.pdf,5,JobsOhio Spec Development Grant - OSIP*,"$1,000,000"
2021-Jun,Ardagh Metal Beverage USA Inc.,Erie,Northeast,Advanced Manufacturing,211,"$16,642,991",0,"$411,000,000",2021-monthly_metrics_vc_.pdf,6,Economic Dev. Grant,"$1,500,000"
2021-Jun,Ardagh Metal Beverage USA Inc.,Erie,Northeast,Advanced Manufacturing,211,"$16,642,991",0,"$411,000,000",2021-monthly_metrics_vc_.pdf,6,Workforce Grant,"$250,000"
2021-Jun,Avery Dennison Corporation,Lake,Northeast,Energy and Chemicals,36,"$2,092,000",256,"$28,600,000",2021-monthly_metrics_vc_.pdf,6,Workforce Grant,"$250,000"
2021-Jun,"Bang Printing of Ohio, Inc",Portage,Northeast,Advanced Manufacturing,20,"$915,200",233,"$4,500,000",2021-monthly_metrics_vc_.pdf,6,Workforce Grant,"$75,000"
2021-Jun,"Blue Technologies, Inc.",Lucas,Northwest,Technology,20,"$1,082,646",0,"$670,000",2021-monthly_metrics_vc_.pdf,6,Workforce Grant,"$40,000"
2021-Jun,"Centor, Inc.",Holmes,Southeast,Healthcare,46,"$2,170,520",205,"$39,000,000",2021-monthly_metrics_vc_.pdf,6,Workforce Grant,"$150,000"
2021-Jun,"Charter Manufacturing Company, Inc.",Cuyahoga,Northeast,Advanced Manufacturing,33,"$1,793,563",425,"$32,100,000",2021-monthly_metrics_vc_.pdf,6,Workforce Grant,"$75,000"
2021-Jun,Meijer Stores Limited Partnership,Miami,Western,Food and Agribusiness,137,"$9,063,255",976,"$160,568,000",2021-monthly_metrics_vc_.pdf,6,Workforce Grant,"$200,000"
2021-Jun,MIM Software Inc.,Cuyahoga,Northeast,Healthcare,125,"$7,435,000",171,$0,2021-monthly_metrics_vc_.pdf,6,Workforce Grant,"$300,000"
2021-Jun,Northwest Bank,Franklin,Central,Financial Services,50,"$3,815,760",7,$0,2021-monthly_metrics_vc_.pdf,6,Workforce Grant,"$125,000"
2021-Jun,A-Gas US Inc.,Wood,Northwest,Energy and Chemicals,19,"$950,061",81,"$480,000",2021-monthly_metrics_vc_.pdf,6,Economic Dev. Grant,"$75,000"
2021-Jun,"Edge Plastics, Inc.",Richland,Northeast,Advanced Manufacturing,67,"$2,346,822",85,"$13,121,392",2021-monthly_metrics_vc_.pdf,6,Economic Dev. Grant,"$100,000"
2021-Jun,"Grimco, Inc.",Summit,Northeast,Advanced Manufacturing,6,"$250,000",33,"$3,800,000",2021-monthly_metrics_vc_.pdf,6,Economic Dev. Grant,"$110,000"
2021-Jun,Lancaster Colony Corporation,Franklin,Central,Food and Agribusiness,20,"$900,000",104,"$18,000,000",2021-monthly_metrics_vc_.pdf,6,Economic Dev. Grant,"$200,000"
2021-Jun,"Magnode, LLC",Butler,Southwest,Advanced Manufacturing,171,"$10,646,000",232,"$40,800,000",2021-monthly_metrics_vc_.pdf,6,Economic Dev. Grant,"$200,000"
2021-Jun,Northwest Bank,Franklin,Central,Financial Services,57,"$8,552,500",57,"$2,000,000",2021-monthly_metrics_vc_.pdf,6,Economic Dev. Grant,"$750,000"
2021-Jun,"Nuvik USA, Inc.",Franklin,Central,Advanced Manufacturing,43,"$2,473,400",3,"$1,261,500",2021-monthly_metrics_vc_.pdf,6,Economic Dev. Grant,"$200,000"
2021-Jun,Phoenix Metals Company (Phoenix Corporation),Butler,Southwest,Advanced Manufacturing,20,"$600,000",59,"$15,000,000",2021-monthly_metrics_vc_.pdf,6,Economic Dev. Grant,"$75,000"
2021-Jun,Sugar Creek Packing Co.,Butler &,Southwest,Food and Agribusiness,235,"$8,524,672",506,"$10,000,000",2021-monthly_metrics_vc_.pdf,6,Economic Dev. Grant,"$250,000"
2021-Jun,Temeg Holdings Inc,Summit,Northeast,Healthcare,60,"$2,400,000",210,"$6,650,000",2021-monthly_metrics_vc_.pdf,6,Economic Dev. Grant,"$200,000"
2021-Jun,"The McAlear Group, Inc.",Lucas,Northwest,Advanced Manufacturing,30,"$1,029,600",127,"$11,292,950",2021-monthly_metrics_vc_.pdf,6,Economic Dev. Grant,"$50,000"
2021-Jun,MFM Building Products Corporation,Coshocton,Southeast,Energy and Chemicals,14,"$658,000",70,"$5,188,000",2021-monthly_metrics_vc_.pdf,6,Revitalization Grant,"$75,000"
2021-Jun,Ohio Metal Processing LLC,Jackson,Southeast,Advanced Manufacturing,90,"$7,000,000",0,"$3,562,720",2021-monthly_metrics_vc_.pdf,6,Revitalization Grant,"$125,000"
2021-Jun,"Symba & Snap Gourmet Foods, Inc.",Cuyahoga,Northeast,Food and Agribusiness,107,"$3,650,000",34,"$2,210,000",2021-monthly_metrics_vc_.pdf,6,Revitalization Grant,"$350,000"
2021-Jun,MFM Building Products Corporation,Coshocton,Southeast,Energy and Chemicals,14,"$658,000",70,"$5,188,000",2021-monthly_metrics_vc_.pdf,6,Revitalization Grant,"$75,000"
2021-Jun,Ohio Metal Processing LLC,Jackson,Southeast,Advanced Manufacturing,90,"$7,000,000",0,"$3,562,720",2021-monthly_metrics_vc_.pdf,6,Revitalization Grant,"$125,000"
2021-Jun,"Symba & Snap Gourmet Foods, Inc.",Cuyahoga,Northeast,Food and Agribusiness,107,"$3,650,000",34,"$2,210,000",2021-monthly_metrics_vc_.pdf,6,Revitalization Grant,"$350,000"
2021-Jun,ABEL Enterprises Inc.,Hamilton,Southwest,Other,1,"$40,000",7,$0,2021-monthly_metrics_vc_.pdf,6,Inclusion Grant,"$25,000"
2021-Jun,Ace Healthy Products LLC,Montgomery,Western,Advanced Manufacturing,3,"$112,320",0,"$105,000",2021-monthly_metrics_vc_.pdf,6,Inclusion Grant,"$50,000"
2021-Jun,Amelia Gray LLC,Scioto,Southeast,Logistics and Distribution,3,"$93,600",1,"$190,000",2021-monthly_metrics_vc_.pdf,6,Inclusion Grant,"$50,000"
2021-Jun,"Annarino Foods, LTD.",Montgomery,Western,Food and Agribusiness,5,"$145,600",12,"$349,000",2021-monthly_metrics_vc_.pdf,6,Inclusion Grant,"$25,000"
2021-Jun,"Blue Rose Supply, LLC",Hamilton,Southwest,Logistics and Distribution,2,"$89,980",2,$0,2021-monthly_metrics_vc_.pdf,6,Inclusion Grant,"$40,000"
2021-Jun,"Breakwall Analytics, LLC",Cuyahoga,Northeast,Technology,6,"$416,024",0,$0,2021-monthly_metrics_vc_.pdf,6,Inclusion Grant,"$25,000"
2021-Jun,"D & J Precision Machine, LLC",Guernsey,Southeast,Automotive,3,"$100,000",16,"$115,654",2021-monthly_metrics_vc_.pdf,6,Inclusion Grant,"$25,000"
2021-Jun,"Exhibit Concepts, Inc.",Montgomery,Western,Advanced Manufacturing,11,"$770,000",92,"$33,710",2021-monthly_metrics_vc_.pdf,6,Inclusion Grant,"$25,000"
2021-Jun,"Industrial Grinding, Inc.",Montgomery,Western,Advanced Manufacturing,2,"$104,000",14,"$179,000",2021-monthly_metrics_vc_.pdf,6,Inclusion Grant,"$25,000"
2021-Jun,"Inphlu, LLC",Hamilton,Southwest,Technology,4,"$293,500",0,$0,2021-monthly_metrics_vc_.pdf,6,Inclusion Grant,"$50,000"
2021-Jun,"Levi Hollow Tools, LLC",Adams,Southeast,Advanced Manufacturing,3,"$100,000",3,"$44,941",2021-monthly_metrics_vc_.pdf,6,Inclusion Grant,"$25,000"
2021-Jun,"N-ovation Technology Group, LLC",Montgomery,Western,Technology,1,"$40,000",5,"$206,650",2021-monthly_metrics_vc_.pdf,6,Inclusion Grant,"$25,000"
2021-Jun,"Parks Electrical Services, LLC",Hamilton,Southwest,Other,3,"$87,360",8,$0,2021-monthly_metrics_vc_.pdf,6,Inclusion Grant,"$25,000"
2021-Jun,Peaceful Fruits LLC,Summit,Northeast,Food and Agribusiness,2,"$62,400",4,"$121,000",2021-monthly_metrics_vc_.pdf,6,Inclusion Grant,"$25,000"
2021-Jun,"Petit Auto Wash, Inc.",Summit,Northeast,Advanced Manufacturing,10,"$350,064",15,"$3,000,000",2021-monthly_metrics_vc_.pdf,6,Inclusion Grant,"$50,000"
2021-Jun,"Sandy Creek Mining Co., Inc.",Seneca,Northwest,Advanced Manufacturing,5,"$156,000",20,"$1,030,000",2021-monthly_metrics_vc_.pdf,6,Inclusion Grant,"$25,000"
2021-Jun,"Special Power Sources, LLC",Stark,Northeast,Energy and Chemicals,15,"$500,000",8,"$150,000",2021-monthly_metrics_vc_.pdf,6,Inclusion Grant,"$50,000"
2021-Jun,Sta-Warm Electric Company,Portage,Northeast,Advanced Manufacturing,1,"$31,200",7,"$37,147",2021-monthly_metrics_vc_.pdf,6,Inclusion Grant,"$18,500"
2021-Jun,Star Distribution and Manufacturing LLC,Butler,Southwest,Advanced Manufacturing,8,"$600,000",27,"$1,410,000",2021-monthly_metrics_vc_.pdf,6,Inclusion Grant,"$50,000"
2021-Jun,"T.J. Davies Company, Inc",Portage,Northeast,Advanced Manufacturing,4,"$132,400",6,"$775,000",2021-monthly_metrics_vc_.pdf,6,Inclusion Grant,"$50,000"
2021-Jun,"Tiffin Foundry & Machine, Inc.",Seneca,Northwest,Advanced Manufacturing,3,"$93,600",8,"$321,923",2021-monthly_metrics_vc_.pdf,6,Inclusion Grant,"$50,000"
2021-Jun,"Novagard Solutions, Inc.",Cuyahoga,Northeast,Energy and Chemicals,50,"$4,520,000",113,"$28,786,200",2021-monthly_metrics_vc_.pdf,6,JobsOhio R&D Grant,"$4,000,000"
2021-Jun,"BH (OHIO) LEASING, LLC",Summit,Northeast,Other,0,$0,0,"$15,725,500",2021-monthly_metrics_vc_.pdf,6,JobsOhio Spec Development Grant- OSIP*,"$1,000,000"
2021-Jun,"Cleveland American Land, LLC",Cuyahoga,Northeast,Other,0,$0,0,"$9,901,858",2021-monthly_metrics_vc_.pdf,6,JobsOhio Spec Development Grant- OSIP*,"$1,000,000"
2021-Jun,Columbus Regional Airport Authority,Franklin,Central,Other,0,$0,0,"$1,426,810",2021-monthly_metrics_vc_.pdf,6,JobsOhio Spec Development Grant- OSIP*,"$600,000"
2021-Jun,Kettering Founders LLC,Montgomery,Western,Other,0,$0,0,"$9,518,810",2021-monthly_metrics_vc_.pdf,6,JobsOhio Spec Development Grant- OSIP*,"$1,000,000"
2021-Jul,CBTS Technology Solutions LLC,Hamilton,Southwest,Technology,137,"$15,791,598",671,$0,2021-monthly_metrics_vc_.pdf,7,Workforce Grant,"$1,000,000"
2021-Jul,"Macy's Corporate Services, LLC",Mahoning,Northeast,Logistics and,417,"$16,775,000",55,"$29,973,625",2021-monthly_metrics_vc_.pdf,7,Economic Dev. Grant,"$600,000"
2021-Jul,"Macy's Corporate Services, LLC",Mahoning,Northeast,Logistics and,417,"$16,775,000",55,"$29,973,625",2021-monthly_metrics_vc_.pdf,7,Workforce Grant,"$200,000"
2021-Jul,"Nullable, Inc.",Franklin,Central,Technology,50,"$5,000,000",33,$0,2021-monthly_metrics_vc_.pdf,7,Workforce Grant,"$450,000"
2021-Jul,R.W. Beckett Corporation,Lorain,Northeast,Advanced,31,"$1,380,000",136,$0,2021-monthly_metrics_vc_.pdf,7,Workforce Grant,"$125,000"
2021-Jul,Rieke LLC,Franklin,Central,Advanced,20,"$998,400",50,"$8,239,384",2021-monthly_metrics_vc_.pdf,7,Workforce Grant,"$100,000"
2021-Jul,Binkelman Corporation,Wood,Northwest,Advanced,15,"$760,000",29,"$1,480,000",2021-monthly_metrics_vc_.pdf,7,Economic Dev. Grant,"$200,000"
2021-Jul,"Custom Glass Solutions Fostoria, LLC",Seneca &,Northwest,Automotive,148,"$6,393,599",419,"$25,133,795",2021-monthly_metrics_vc_.pdf,7,Economic Dev. Grant,"$150,000"
2021-Jul,"Findlay Machine & Tool, Inc.",Hancock,Northwest,Advanced,52,"$2,500,000",26,"$7,240,960",2021-monthly_metrics_vc_.pdf,7,Economic Dev. Grant,"$100,000"
2021-Jul,"POET Biorefining and Management, LLC",Putnam,Northwest,Energy and,6,"$258,336",42,"$25,000,000",2021-monthly_metrics_vc_.pdf,7,Economic Dev. Grant,"$50,000"
2021-Jul,"Radix Wire & Cable, LLC",Cuyahoga,Northeast,Advanced,0,$0,76,"$1,415,000",2021-monthly_metrics_vc_.pdf,7,Economic Dev. Grant,"$100,000"
2021-Jul,"Resonetics, LLC",Montgomer,Western,Healthcare,95,"$5,034,717",150,"$7,626,330",2021-monthly_metrics_vc_.pdf,7,Economic Dev. Grant,"$300,000"
2021-Jul,"Middle West Spirits, LLC",Franklin,Central,Food and,13,"$668,000",21,"$5,905,000",2021-monthly_metrics_vc_.pdf,7,Revitalization Grant,"$200,000"
2021-Jul,Steel Warehouse of Ohio LLC,Trumbull,Northeast,Advanced,40,"$1,705,600",0,"$1,956,723",2021-monthly_metrics_vc_.pdf,7,Revitalization Grant,"$100,000"
2021-Jul,Superior Roll Forming LLC,Medina,Northeast,Advanced,150,"$7,463,050",223,"$33,748,000",2021-monthly_metrics_vc_.pdf,7,Revitalization Grant,"$750,000"
2021-Jul,"Assist Financial Group, LLC",Hamilton,Southwest,Financial,4,"$115,000",4,"$75,000",2021-monthly_metrics_vc_.pdf,7,Inclusion Grant,"$50,000"
2021-Jul,Creadio LLC,Lucas,Northwest,Technology,6,"$394,742",2,"$73,500",2021-monthly_metrics_vc_.pdf,7,Inclusion Grant,"$50,000"
2021-Jul,"Dirty Girl Coffee, LLC",Athens,Southeast,Food and,5,"$179,660",1,"$106,938",2021-monthly_metrics_vc_.pdf,7,Inclusion Grant,"$50,000"
2021-Jul,Griffin Fire & Pipe LLC,Hamilton,Southwest,Other,2,"$83,200",1,$0,2021-monthly_metrics_vc_.pdf,7,Inclusion Grant,"$20,000"
2021-Jul,"KDA Engineering, LLC",Summit,Northeast,Advanced,10,"$499,200",4,"$700,000",2021-monthly_metrics_vc_.pdf,7,Inclusion Grant,"$50,000"
2021-Jul,"Milo's Whole World Gourmet, LLC",Athens,Southeast,Food and,3,"$106,620",9,"$450,000",2021-monthly_metrics_vc_.pdf,7,Inclusion Grant,"$50,000"
2021-Jul,Nu Waves Ltd.,Butler,Southwest,Advanced,8,"$560,000",60,"$445,500",2021-monthly_metrics_vc_.pdf,7,Inclusion Grant,"$50,000"
2021-Jul,"Premier Industrial Machine, LLC",Wood,Northwest,Advanced,9,"$450,000",12,"$1,198,000",2021-monthly_metrics_vc_.pdf,7,Inclusion Grant,"$25,000"
2021-Jul,"West Enterprises, Inc.",Franklin,Central,Other,3,"$164,000",12,$0,2021-monthly_metrics_vc_.pdf,7,Inclusion Grant,"$25,000"
2021-Jul,Cincinnati Center City Development Corporation,Hamilton,Southwest,Other,0,$0,0,"$50,043,605*",2021-monthly_metrics_vc_.pdf,7,JobsOhio Spec Development Grant- OSIP,"$1,000,000"
2021-Jul,"Fort Winchester Investment Partners, LLC",Defiance,Northwest,Other,0,$0,0,"$4,237,295*",2021-monthly_metrics_vc_.pdf,7,JobsOhio Spec Development Grant- OSIP,"$500,000"
2021-Jul,"Pike Realty, LLC",Washington,Southeast,Other,0,$0,0,"$2,750,000*",2021-monthly_metrics_vc_.pdf,7,JobsOhio Spec Development Grant- OSIP,"$547,000"
2021-Jul,"Mills Barnett Sirris Holdings III, LLC",Greene,Western,Aerospace and Aviation,0,$0,0,"$20,242,370*",2021-monthly_metrics_vc_.pdf,7,JobsOhio Spec Development Grant- OSIP,"$750,000"
2021-Aug,Green Meadows Paper Company,Stark,Northeast,Advanced Manufacturing,65,"$3,720,000",63,"$8,900,000",2021-monthly_metrics_vc_.pdf,8,Workforce Grant,"$150,000"
2021-Aug,"Overdrive, Inc.",Cuyahoga,Northeast,Technology,75,"$4,500,000",391,"$424,648",2021-monthly_metrics_vc_.pdf,8,Economic Dev. Grant,"$100,000"
2021-Aug,"Overdrive, Inc.",Cuyahoga,Northeast,Technology,75,"$4,500,000",391,"$424,648",2021-monthly_metrics_vc_.pdf,8,Workforce Grant,"$100,000"
2021-Aug,"Pleasant Valley Teardrop Trailers, LLC",Tuscarawas,Northeast,Automotive,38,"$1,900,000",165,"$4,650,000",2021-monthly_metrics_vc_.pdf,8,Workforce Grant,"$120,000"
2021-Aug,"Rocky Brands, Inc.",Athens &,Southeast,Logistics and Distribution,60,"$1,900,000",281,"$1,000,000",2021-monthly_metrics_vc_.pdf,8,Workforce Grant,"$125,000"
2021-Aug,AquaBounty Farms Ohio LLC,Williams,Northwest,Food and Agribusiness,112,"$5,445,912",0,"$222,125,000",2021-monthly_metrics_vc_.pdf,8,Economic Dev. Grant,"$1,000,000"
2021-Aug,"Bold Penguin, Inc.",Franklin,Central,Financial Services,162,"$13,725,000",78,$0,2021-monthly_metrics_vc_.pdf,8,Economic Dev. Grant,"$1,000,000"
2021-Aug,"Clarios, LLC",Lucas,Northwest,Automotive,40,"$2,401,984",710,"$18,000,000",2021-monthly_metrics_vc_.pdf,8,Economic Dev. Grant,"$300,000"
2021-Aug,"General Mills Operations, LLC",Hamilton,Southwest,Food and Agribusiness,33,"$1,750,000",214,"$28,000,000",2021-monthly_metrics_vc_.pdf,8,Economic Dev. Grant,"$300,000"
2021-Aug,"Godfrey & Wing, LLC",Lucas,Northwest,Advanced Manufacturing,6,"$300,000",9,"$25,000",2021-monthly_metrics_vc_.pdf,8,Economic Dev. Grant,"$25,000"
2021-Aug,"Sentrilock, LLC",Butler,Southwest,Advanced Manufacturing,79,"$4,345,000",175,"$200,000",2021-monthly_metrics_vc_.pdf,8,Economic Dev. Grant,"$50,000"
2021-Aug,"ST Engineering Hackney, Inc.",Wayne,Northeast,Automotive,27,"$933,120",63,"$243,016",2021-monthly_metrics_vc_.pdf,8,Economic Dev. Grant,"$55,000"
2021-Aug,STAHL/Scott Fetzer Company,Wayne,Northeast,Automotive,33,"$1,441,000",130,"$3,319,000",2021-monthly_metrics_vc_.pdf,8,Economic Dev. Grant,"$75,000"
2021-Aug,The Christian and Missionary Alliance,Franklin,Central,Other,106,"$5,352,350",0,"$20,575,000",2021-monthly_metrics_vc_.pdf,8,Economic Dev. Grant,"$625,000"
2021-Aug,The Christian and Missionary Alliance,Franklin,Central,Other,106,"$5,352,350",0,"$20,575,000",2021-monthly_metrics_vc_.pdf,8,Revitalization Grant,"$375,000"
2021-Aug,"The Hilsinger Company Parent, LLC",Butler,Southwest,Healthcare,200,"$6,448,000",0,"$8,100,000",2021-monthly_metrics_vc_.pdf,8,Economic Dev. Grant,"$350,000"
2021-Aug,"Transglobal, Inc.",Trumbull,Northeast,Automotive,30,"$1,560,000",0,"$2,998,937",2021-monthly_metrics_vc_.pdf,8,Economic Dev. Grant,"$75,000"
2021-Aug,"Oldcastle Lawn & Garden, Inc.",Portage &,Northeast,Advanced Manufacturing,40,"$2,007,465",25,"$4,548,509",2021-monthly_metrics_vc_.pdf,8,Revitalization Grant,"$400,000"
2021-Aug,"Pepper Construction Company of Ohio, LLC",Hamilton,Southwest,Other,20,"$1,500,000",27,"$2,490,000",2021-monthly_metrics_vc_.pdf,8,Revitalization Grant,"$100,000"
2021-Aug,"The Piqua Chocolate Company, Inc.",Miami,Western,Food and Agribusiness,6,"$228,000",22,"$400,000",2021-monthly_metrics_vc_.pdf,8,Revitalization Grant,"$100,000"
2021-Aug,Reserve Premier LLC,Cuyahoga,Northeast,Other,0,$0,0,$0,2021-monthly_metrics_vc_.pdf,8,JobsOhio Revitalization Phase,"$122,800"
2021-Aug,AkroSense LLC,Summit,Northeast,Advanced Manufacturing,3,"$90,000",7,"$75,000",2021-monthly_metrics_vc_.pdf,8,Inclusion Grant,"$25,000"
2021-Aug,"American Isostatic Presses, Inc",Franklin,Central,Advanced Manufacturing,3,"$156,000",24,"$1,016,665",2021-monthly_metrics_vc_.pdf,8,Inclusion Grant,"$50,000"
2021-Aug,"Arrow Industrial Solutions, LLC",Portage,Northeast,Advanced Manufacturing,1,"$31,200",0,"$70,000",2021-monthly_metrics_vc_.pdf,8,Inclusion Grant,"$25,000"
2021-Aug,Chippewa Industries Inc.,Lucas,Northwest,Advanced Manufacturing,10,"$332,800",7,"$400,000",2021-monthly_metrics_vc_.pdf,8,Inclusion Grant,"$25,000"
2021-Aug,Crownme Coil Care LLC,Montgomery,Western,Advanced Manufacturing,12,"$412,000",17,"$47,000",2021-monthly_metrics_vc_.pdf,8,Inclusion Grant,"$50,000"
2021-Aug,"Ernie Green Industries, Inc.",Pickaway,Central,Advanced Manufacturing,0,$0,250,"$150,000",2021-monthly_metrics_vc_.pdf,8,Inclusion Grant,"$50,000"
2021-Aug,JuggerBot 3D LLC,Mahoning,Northeast,Advanced Manufacturing,3,"$165,000",6,$0,2021-monthly_metrics_vc_.pdf,8,Inclusion Grant,"$25,000"
2021-Aug,National Extrusion & Manufacturing,Logan,Central,Advanced Manufacturing,2,"$55,000",13,"$90,000",2021-monthly_metrics_vc_.pdf,8,Inclusion Grant,"$25,000"
2021-Aug,Paradigm Industrial LLC,Montgomery,Western,Advanced Manufacturing,6,"$225,000",32,"$500,000",2021-monthly_metrics_vc_.pdf,8,Inclusion Grant,"$50,000"
2021-Aug,"Scenic Solutions, Limited Liability Company",Montgomery,Western,Advanced Manufacturing,3,"$150,000",17,"$72,395",2021-monthly_metrics_vc_.pdf,8,Inclusion Grant,"$50,000"
2021-Sep,Kraft Heinz Foods Company (LLC),Sandusky,Northwest,Food and,20,"$1,040,000",337,"$80,000,000",2021-monthly_metrics_vc_.pdf,9,Workforce Grant,"$150,000"
2021-Sep,"Peloton Interactive, Inc.",Wood,Northwest,Advanced,2174,"$138,088,353",0,"$401,000,000",2021-monthly_metrics_vc_.pdf,9,Economic Dev. Grant,"$45,000,000"
2021-Sep,"Peloton Interactive, Inc.",Wood,Northwest,Advanced,2174,"$138,088,353",0,"$401,000,000",2021-monthly_metrics_vc_.pdf,9,Workforce Grant,"$5,000,000"
2021-Sep,ProVia Payroll LLC,Tuscaraw,Multi-Regional,Advanced,225,"$11,250,000",1098,"$51,700,000",2021-monthly_metrics_vc_.pdf,9,Workforce Grant,"$425,000"
2021-Sep,"A&M Cold Storage, LLC",Aausg &la ize,Western,OtMhearnufacturing,10,"$660,000",6,"$1,250,000",2021-monthly_metrics_vc_.pdf,9,Economic Dev. Grant,"$40,000"
2021-Sep,"American Nitrile Operations, LLC",Franklin,Central,Advanced,400,"$21,000,000",0,"$54,500,000",2021-monthly_metrics_vc_.pdf,9,Economic Dev. Grant,"$3,000,000"
2021-Sep,Cerelia USA Bakery Inc.,Franklin,Central,Food and,40,"$2,000,000",80,"$29,200,000",2021-monthly_metrics_vc_.pdf,9,Economic Dev. Grant,"$300,000"
2021-Sep,Gayston Corporation,Montgomer,Western,Advanced,41,"$1,900,000",87,"$1,740,000",2021-monthly_metrics_vc_.pdf,9,Economic Dev. Grant,"$250,000"
2021-Sep,Howmet Aerospace Inc.,Cuyahoga,Northeast,Aerospace and,0,$0,1000,"$8,000,000",2021-monthly_metrics_vc_.pdf,9,Economic Dev. Grant,"$100,000"
2021-Sep,"International Technical Coatings, Inc.",Franklin,Central,Advanced,67,"$3,062,627",165,"$14,200,000",2021-monthly_metrics_vc_.pdf,9,Economic Dev. Grant,"$150,000"
2021-Sep,"Lubrication Specialties, Inc.",Morrow,Central,Energy and,15,"$800,000",37,"$950,000",2021-monthly_metrics_vc_.pdf,9,Economic Dev. Grant,"$75,000"
2021-Sep,"Nexus Engineering Group, LLC",Cuyahoga,Multi-Regional,Other,65,"$7,762,560",125,"$1,250,000",2021-monthly_metrics_vc_.pdf,9,Economic Dev. Grant,"$200,000"
2021-Sep,Peak Foods LLC.,Miami,Western,Food and,20,"$792,680",66,"$13,416,432",2021-monthly_metrics_vc_.pdf,9,Economic Dev. Grant,"$75,000"
2021-Sep,Resonant Sciences LLC,Greene,Western,Aerospace and,35,"$3,325,000",78,"$564,650",2021-monthly_metrics_vc_.pdf,9,Economic Dev. Grant,"$325,000"
2021-Sep,"StarStone US Intermediaries, Inc.",Hamilton,Southwest,Financial Services,40,"$4,500,000",12,"$1,080,000",2021-monthly_metrics_vc_.pdf,9,Economic Dev. Grant,"$150,000"
2021-Sep,Surati OH LLC,Clark,Western,Food and,108,"$3,387,030",0,"$13,256,000",2021-monthly_metrics_vc_.pdf,9,Economic Dev. Grant,"$500,000"
2021-Sep,"TenCate Advanced Armor USA, Inc.",Licking,Central,Energy and,20,"$1,150,000",61,"$1,500,000",2021-monthly_metrics_vc_.pdf,9,Economic Dev. Grant,"$100,000"
2021-Sep,The Cleveland Clinic Foundation,Cuyahoga,Northeast,Healthcare,1000,"$100,000,000",17745,"$300,000,000",2021-monthly_metrics_vc_.pdf,9,Economic Dev. Grant,"$10,000,000"
2021-Sep,"Winesburg Chair Company, LTD.",Holmes,Southeast,Advanced,50,"$2,000,000",162,"$4,500,000",2021-monthly_metrics_vc_.pdf,9,Economic Dev. Grant,"$50,000"
2021-Sep,"Appalachian Wood Floors, Inc.",Scioto,Southeast,Advanced,30,"$1,200,000",167,"$1,473,375",2021-monthly_metrics_vc_.pdf,9,Revitalization JobsOhio Inclusion Grant Grant,"$150,000"
2021-Sep,"Brothers Express, LLC",Hamilton,Southwest,Logistics and,6,"$330,000",35,"$2,000,000",2021-monthly_metrics_vc_.pdf,9,Revitalization JobsOhio Inclusion Grant Grant,"$50,000"
2021-Sep,"Caliber Mold and Machine, Inc.",Summit,Northeast,Advanced,70,"$2,650,000",21,"$1,523,000",2021-monthly_metrics_vc_.pdf,9,Revitalization JobsOhio Inclusion Grant Grant,"$250,000"
2021-Sep,"CrossCountry Mortgage, LLC",Cuyahoga,Northeast,Financial Services,180,"$9,000,000",446,"$22,808,400",2021-monthly_metrics_vc_.pdf,9,Revitalization JobsOhio Inclusion Grant Grant,"$1,000,000"
2021-Sep,Hannecard Roller Coatings Inc.,Summit,Northeast,Advanced,25,"$1,700,000",26,"$3,690,000",2021-monthly_metrics_vc_.pdf,9,Revitalization JobsOhio Inclusion Grant Grant,"$100,000"
2021-Sep,Trucent Renewable Chemicals LLC,Van Wert,Northwest,Energy and,21,"$1,020,000",0,"$11,090,000",2021-monthly_metrics_vc_.pdf,9,Revitalization JobsOhio Inclusion Grant Grant,"$100,000"
2021-Sep,"University Tees, Inc.",Cuyahoga,Northeast,Advanced,70,"$3,203,200",147,"$3,275,000",2021-monthly_metrics_vc_.pdf,9,Revitalization JobsOhio Inclusion Grant Grant,"$100,000"
2021-Sep,Ahmic Aerospace LLC,Montgomer,Western,Aerospace and,7,"$532,000",7,"$136,102",2021-monthly_metrics_vc_.pdf,9,Revitalization JobsOhio Inclusion Grant Grant,"$50,000"
2021-Sep,"Balance Farms, LLC",Lucas,Northwest,Food and,1,"$34,000",1,"$49,000",2021-monthly_metrics_vc_.pdf,9,Revitalization JobsOhio Inclusion Grant Grant,"$25,000"
2021-Sep,"Diamond Manufacturing of Bluffton, Ltd.",Allen,Northwest,Advanced,10,"$415,400",58,"$1,100,000",2021-monthly_metrics_vc_.pdf,9,Revitalization JobsOhio Inclusion Grant Grant,"$25,000"
2021-Sep,Eminent Global Solutions LLC,Cuyahoga,Northeast,Logistics and,7,"$331,250",4,$0,2021-monthly_metrics_vc_.pdf,9,Revitalization JobsOhio Inclusion Grant Grant,"$50,000"
2021-Sep,Foodies Vegan Ltd,Hamilton,Southwest,Food and,15,"$525,000",11,"$100,000",2021-monthly_metrics_vc_.pdf,9,Revitalization JobsOhio Inclusion Grant Grant,"$50,000"
2021-Sep,"Frankart Electric, L.L.C.",Seneca,Northwest,Advanced,3,"$159,470",24,"$140,400",2021-monthly_metrics_vc_.pdf,9,Revitalization JobsOhio Inclusion Grant Grant,"$25,000"
2021-Sep,"Jostin Construction, Inc.",Hamilton,Southwest,Other,21,"$687,880",75,$0,2021-monthly_metrics_vc_.pdf,9,Revitalization JobsOhio Inclusion Grant Grant,"$50,000"
2021-Sep,"JPLC, LLC",Lucas,Northwest,Advanced,4,"$149,760",23,"$58,000",2021-monthly_metrics_vc_.pdf,9,Revitalization JobsOhio Inclusion Grant Grant,"$25,000"
2021-Sep,"Max Technical Training, Inc.",Warren,Southwest,Other,3,"$196,000",7,$0,2021-monthly_metrics_vc_.pdf,9,Revitalization JobsOhio Inclusion Grant Grant,"$25,000"
2021-Sep,"Miami Valley Packaging Solutions, Inc.",Montgomer,Western,Advanced,9,"$280,800",30,"$321,000",2021-monthly_metrics_vc_.pdf,9,Revitalization JobsOhio Inclusion Grant Grant,"$25,000"
2021-Sep,New Wave Prosthetics Inc.,Franklin,Central,Advanced,1,"$40,000",7,"$40,000",2021-monthly_metrics_vc_.pdf,9,Revitalization JobsOhio Inclusion Grant Grant,"$25,000"
2021-Sep,Peerless Stove & Manufacturing Co.,Erie,Northeast,Advanced,5,"$154,960",16,"$50,000",2021-monthly_metrics_vc_.pdf,9,Revitalization JobsOhio Inclusion Grant Grant,"$25,000"
2021-Sep,"PUI Audio, Inc.",Greene,Western,Advanced,10,"$634,000",20,"$40,000",2021-monthly_metrics_vc_.pdf,9,Revitalization JobsOhio Inclusion Grant Grant,"$25,000"
2021-Sep,"Romar Metal Fabricating, Inc.",Jackson,Southeast,Advanced,1,"$37,440",6,"$128,770",2021-monthly_metrics_vc_.pdf,9,Revitalization JobsOhio Inclusion Grant Grant,"$25,000"
2021-Sep,"Spectrum Dispersions, Inc.",Portage,Northeast,Advanced,1,"$33,280",7,"$53,206",2021-monthly_metrics_vc_.pdf,9,Revitalization JobsOhio Inclusion Grant Grant,"$25,000"
2021-Sep,Sprints LLC,Hamilton,Southwest,Other,6,"$340,000",0,$0,2021-monthly_metrics_vc_.pdf,9,Revitalization JobsOhio Inclusion Grant Grant,"$50,000"
2021-Sep,"Standard Technologies, LLC",Sandusky,Northwest,Advanced,2,"$74,880",119,"$829,995",2021-monthly_metrics_vc_.pdf,9,Revitalization JobsOhio Inclusion Grant Grant,"$25,000"
2021-Sep,"Troy Alan Thomas, LLC",Richland,Northeast,Advanced,5,"$124,800",5,"$547,600",2021-monthly_metrics_vc_.pdf,9,Revitalization JobsOhio Inclusion Grant Grant,"$25,000"
2021-Sep,"Wannemacher Enterprises, Inc.",Allen,Northwest,Food and Agribusiness,20,"$686,400",7,"$5,504,997",2021-monthly_metrics_vc_.pdf,9,JobsOhio Growth Fund,"$1,500,000"
2021-Oct,"Gebhardt USA, Inc.",Portage,Northeast,Advanced Manufacturing,40,"$1,625,000",13,"$5,750,000",2021-monthly_metrics_vc_.pdf,10,Workforce Grant,"$100,000"
2021-Oct,"O'Reilly Precision Products, Inc.",Shelby,Western,Advanced Manufacturing,10,"$500,000",34,"$230,000",2021-monthly_metrics_vc_.pdf,10,Workforce Grant,"$40,000"
2021-Oct,"Royal Canin U.S.A., Inc.",Preble,Western,Food & Agribusiness,224,"$11,453,000",69,"$336,850,000",2021-monthly_metrics_vc_.pdf,10,Economic Dev. Grant,"$3,100,000"
2021-Oct,"Royal Canin U.S.A., Inc.",Preble,Western,Food & Agribusiness,224,"$11,453,000",69,"$336,850,000",2021-monthly_metrics_vc_.pdf,10,Workforce Grant,"$400,000"
2021-Oct,"Upstart Network, Inc.",Franklin,Central,Financial Services,250,"$23,289,500",257,$0,2021-monthly_metrics_vc_.pdf,10,Workforce Grant,"$1,000,000"
2021-Oct,Ambaflex Manufacturing Inc.,Stark,Northeast,Advanced Manufacturing,35,"$1,750,000",108,"$10,500,000",2021-monthly_metrics_vc_.pdf,10,Economic Dev. Grant,"$100,000"
2021-Oct,"Americana Development, Inc.",Portage,Northeast,Energy & Chemicals,40,"$1,310,000",100,"$13,400,000",2021-monthly_metrics_vc_.pdf,10,Economic Dev. Grant,"$100,000"
2021-Oct,"Canton Drop Forge, Inc.",Stark,Northeast,Advanced Manufacturing,54,"$2,900,000",195,"$18,533,500",2021-monthly_metrics_vc_.pdf,10,Economic Dev. Grant,"$500,000"
2021-Oct,"Century Mold Company, Inc.",Butler,Southwest,Automotive,70,"$3,700,000",54,"$16,700,000",2021-monthly_metrics_vc_.pdf,10,Economic Dev. Grant,"$200,000"
2021-Oct,"Green Circle Growers, Inc.",Lorain,Northeast,Food & Agribusiness,250,"$15,000,000",692,"$125,000,000",2021-monthly_metrics_vc_.pdf,10,Economic Dev. Grant,"$1,250,000"
2021-Oct,Kasper Holdings LLC,Summit,Northeast,IT,203,"$11,500,000",113,"$3,100,000",2021-monthly_metrics_vc_.pdf,10,Economic Dev. Grant,"$500,000"
2021-Oct,PACCAR Inc.,Ross,Southeast,Automotive,0,$0,2344,"$44,000,000",2021-monthly_metrics_vc_.pdf,10,Economic Dev. Grant,"$300,000"
2021-Oct,"Starwin Industries, LLC",Montgomery,Western,Aerospace and Aviation,95,"$6,686,000",42,"$9,832,500",2021-monthly_metrics_vc_.pdf,10,Economic Dev. Grant,"$550,000"
2021-Oct,Zenni USA LLC,Franklin,Central,Healthcare,189,"$8,200,000",0,"$16,500,000",2021-monthly_metrics_vc_.pdf,10,Economic Dev. Grant,"$750,000"
2021-Oct,Hexpol Compounding LLC,Summit,Northeast,Energy & Chemicals,7,"$400,000",19,"$2,478,623",2021-monthly_metrics_vc_.pdf,10,Revitalization Grant,"$72,500"
2021-Oct,"Hamilton 131 Third, LLC",Butler,Southwest,Other,12,"$548,800",11,"$1,960,104",2021-monthly_metrics_vc_.pdf,10,Revitalization Loan,"$800,000"
2021-Oct,Adaptive Development Corp.,Montgomery,Western,Advanced Manufacturing,3,"$137,000",11,"$28,900",2021-monthly_metrics_vc_.pdf,10,Inclusion Grant,"$25,000"
2021-Oct,Daniels Industrial Services LLC,Muskingum,Southeast,Advanced Manufacturing,16,"$717,600",23,"$2,010,053",2021-monthly_metrics_vc_.pdf,10,Inclusion Grant,"$40,000"
2021-Oct,"DeFries Copp, LLC",Montgomery,Western,IT,12,"$680,000",23,"$283,000",2021-monthly_metrics_vc_.pdf,10,Inclusion Grant,"$50,000"
2021-Oct,Delta Plating Inc.,Stark,Northeast,Advanced Manufacturing,8,"$300,000",19,"$452,500",2021-monthly_metrics_vc_.pdf,10,Inclusion Grant,"$25,000"
2021-Oct,Enduro Rubber Company,Portage,Northeast,Advanced Manufacturing,1,"$31,200",8,"$54,000",2021-monthly_metrics_vc_.pdf,10,Inclusion Grant,"$25,000"
2021-Oct,Evergreen Resources LLC,Cuyahoga,Northeast,Automotive,5,"$164,800",8,$0,2021-monthly_metrics_vc_.pdf,10,Inclusion Grant,"$25,000"
2021-Oct,"Imagine Baking, Inc.",Erie,Northeast,Food & Agribusiness,15,"$525,000",10,"$175,000",2021-monthly_metrics_vc_.pdf,10,Inclusion Grant,"$50,000"
2021-Oct,"Lake Business Products, Inc.",Cuyahoga,Northeast,IT,12,"$660,000",77,"$2,850,000",2021-monthly_metrics_vc_.pdf,10,Inclusion Grant,"$25,000"
2021-Oct,"Skinner Powder Coating, Inc.",Miami,Western,Advanced Manufacturing,1,"$24,962",2,"$68,040",2021-monthly_metrics_vc_.pdf,10,Inclusion Grant,"$25,000"
2021-Oct,Transportation Research Center Inc.,Logan,Central,Automotive,40,"$1,881,506",347,"$3,686,836",2021-monthly_metrics_vc_.pdf,10,R&D Grant,"$1,000,000"
2021-Oct,Lawrence Economic Development Corporation,Lawrence,Southeast,,0,$0,0,"$3,480,000",2021-monthly_metrics_vc_.pdf,10,OSIP Grant,"$880,000"
2021-Oct,"Peak Park Holdco, LLC",Logan,Central,,0,$0,0,"$13,014,272",2021-monthly_metrics_vc_.pdf,10,OSIP Grant,"$1,000,000"
2021-Oct,"Scannell Properties #491, LLC",Cuyahoga,Northeast,,0,$0,0,"$11,457,788",2021-monthly_metrics_vc_.pdf,10,OSIP Grant,"$200,000"
2021-Oct,Hogrefe-Cooke Building,Erie,Northeast,Other,16,"$1,000,000",16,"$6,544,000",2021-monthly_metrics_vc_.pdf,10,JobsOhio Vibrant Community Grant,"$1,000,000"
2021-Nov,"Envases Ohio, LLC",Sandusky,Northwest,Advanced Manufacturing,65,"$3,207,680",109,"$16,642,000",2021-monthly_metrics_vc_.pdf,11,Workforce Grant,"$200,000"
2021-Nov,"First Solar, Inc.",Wood,Northwest,Advanced Manufacturing,500,"$30,000,000",1750,"$599,500,000",2021-monthly_metrics_vc_.pdf,11,Economic Dev. Grant,"$2,000,000"
2021-Nov,"First Solar, Inc.",Wood,Northwest,Advanced Manufacturing,500,"$30,000,000",1750,"$599,500,000",2021-monthly_metrics_vc_.pdf,11,Workforce Grant,"$1,500,000"
2021-Nov,"ISSQUARED, Inc.",Cuyahoga,Northeast,IT,109,"$8,840,000",0,"$7,500,000",2021-monthly_metrics_vc_.pdf,11,Economic Dev. Grant,"$1,100,000"
2021-Nov,"ISSQUARED, Inc.",Cuyahoga,Northeast,IT,109,"$8,840,000",0,"$7,500,000",2021-monthly_metrics_vc_.pdf,11,Workforce Grant,"$200,000"
2021-Nov,"The Heitmeyer Group, LLC",Franklin,Central,Financial Services,60,"$6,000,000",72,$0,2021-monthly_metrics_vc_.pdf,11,Workforce Grant,"$250,000"
2021-Nov,Tiffin Metal Products Co.,Seneca,Northwest,Advanced Manufacturing,30,"$1,350,000",152,"$6,650,000",2021-monthly_metrics_vc_.pdf,11,Workforce Grant,"$75,000"
2021-Nov,"Total Quality Logistics, LLC","Clermont, Butler",Southwest,Logistics and Distribution,500,"$25,000,000",2123,"$120,020",2021-monthly_metrics_vc_.pdf,11,Workforce Grant,"$450,000"
2021-Nov,Amgen Inc.,"Licking, Franklin",Central,Healthcare,400,"$40,897,200",0,"$299,000,000",2021-monthly_metrics_vc_.pdf,11,Economic Dev. Grant,"$18,000,000"
2021-Nov,"Ampac Plastics, LLC",Hamilton,Southwest,Advanced Manufacturing,30,"$1,350,000",222,"$7,500,000",2021-monthly_metrics_vc_.pdf,11,Economic Dev. Grant,"$100,000"
2021-Nov,Apackaging Group LLC,Defiance,Northwest,Advanced Manufacturing,135,"$6,490,341",0,"$49,012,726",2021-monthly_metrics_vc_.pdf,11,Economic Dev. Grant,"$500,000"
2021-Nov,"CBIZ, Inc.","Cuyahoga Summit,",Northeast,Financial Services,25,"$3,000,000",202,"$5,220,000",2021-monthly_metrics_vc_.pdf,11,Economic Dev. Grant,"$700,000"
2021-Nov,"Chromascape, LLC",Cuyahoga,Northeast,Energy and Chemicals,49,"$2,527,000",43,"$2,500,000",2021-monthly_metrics_vc_.pdf,11,Economic Dev. Grant,"$125,000"
2021-Nov,"Columbus Roof Trusses, LLC",Franklin,Central,Advanced Manufacturing,27,"$956,800",12,"$200,000",2021-monthly_metrics_vc_.pdf,11,Economic Dev. Grant,"$75,000"
2021-Nov,"Evergreen Recycling, LLC",Sandusky,Northwest,Advanced Manufacturing,10,"$500,000",129,"$21,764,137",2021-monthly_metrics_vc_.pdf,11,Economic Dev. Grant,"$50,000"
2021-Nov,"KC Robotics, Inc.",Butler,Southwest,Advanced Manufacturing,12,"$900,000",31,"$1,560,000",2021-monthly_metrics_vc_.pdf,11,Economic Dev. Grant,"$75,000"
2021-Nov,"Loroco Industries, Inc.",Hamilton,Southwest,Advanced Manufacturing,20,"$800,000",74,"$8,100,000",2021-monthly_metrics_vc_.pdf,11,Economic Dev. Grant,"$75,000"
2021-Nov,Seal-Tite LLC,Highland,Southeast,Advanced Manufacturing,80,"$2,301,312",116,"$250,000",2021-monthly_metrics_vc_.pdf,11,Economic Dev. Grant,"$100,000"
2021-Nov,The Lincoln Electric Company,Cuyahoga,Northeast,Advanced Manufacturing,20,"$1,400,000",2124,"$16,000,000",2021-monthly_metrics_vc_.pdf,11,Economic Dev. Grant,"$500,000"
2021-Nov,HemaSource Inc.,Trumbull,Northeast,Logistics and Distribution,9,"$300,000",14,"$4,550,000",2021-monthly_metrics_vc_.pdf,11,Revitalization Grant,"$100,000"
2021-Nov,Nehemiah Manufacturing Company LLC,Hamilton,Southwest,Logistics and Distribution,15,"$468,000",125,"$3,377,443",2021-monthly_metrics_vc_.pdf,11,Revitalization Grant,"$125,000"
2021-Nov,"STAQ Pharma of Ohio, LLC",Franklin,Central,Healthcare,150,"$7,800,000",0,"$26,500,000",2021-monthly_metrics_vc_.pdf,11,Revitalization Grant,"$750,000"
2021-Nov,"Access Envelope, Inc.",Butler,Southwest,Advanced Manufacturing,9,"$360,000",6,"$150,000",2021-monthly_metrics_vc_.pdf,11,Inclusion Grant,"$50,000"
2021-Nov,"Agile Manufacturing Technologies, LLC",Montgomery,Western,Advanced Manufacturing,15,"$600,000",5,"$550,000",2021-monthly_metrics_vc_.pdf,11,Inclusion Grant,"$25,000"
2021-Nov,American Essentials LLC,Butler,Southwest,Advanced Manufacturing,4,"$176,000",1,$0,2021-monthly_metrics_vc_.pdf,11,Inclusion Grant,"$25,000"
2021-Nov,"CAPC Group, LLC",Hamilton,Southwest,Software,9,"$720,000",3,$0,2021-monthly_metrics_vc_.pdf,11,Inclusion Grant,"$50,000"
2021-Nov,"Front Burner Marketing, LLC",Summit,Northeast,Other,6,"$327,600",3,"$10,950",2021-monthly_metrics_vc_.pdf,11,Inclusion Grant,"$25,000"
2021-Nov,"Kirtley Mold, Inc.",Summit,Northeast,Advanced Manufacturing,10,"$374,400",11,"$599,000",2021-monthly_metrics_vc_.pdf,11,Inclusion Grant,"$50,000"
2021-Nov,Metropolis Design Studios LLC,Ross,Southeast,Information Services and,5,"$200,000",3,"$143,000",2021-monthly_metrics_vc_.pdf,11,Inclusion Grant,"$35,000"
2021-Nov,Nos Vigeo Inc.,Summit,Northeast,Food Sciences and,5,"$176,800",13,"$110,000",2021-monthly_metrics_vc_.pdf,11,Inclusion Grant,"$25,000"
2021-Nov,"Window Energy Film, Inc.",Hamilton,Southwest,Advanced Manufacturing,5,"$182,000",43,"$160,950",2021-monthly_metrics_vc_.pdf,11,Inclusion Grant,"$50,000"
2021-Nov,The Sutphen Corporation,Champaign,Western,Automotive,25,"$1,200,000",155,"$11,870,000",2021-monthly_metrics_vc_.pdf,11,Growth Fund,"$2,500,000"
2021-Nov,Valley Foods Incorporated,Mahoning,Northeast,Food Sciences and,35,"$1,024,400",27,"$2,790,521",2021-monthly_metrics_vc_.pdf,11,Growth Fund,"$1,350,000"
2021-Nov,"Fountain Place, LLC*",Hamilton,Southwest,,0,$0,0,"$35,938,719",2021-monthly_metrics_vc_.pdf,11,OSIP Loan,"$2,000,000"
2021-Nov,Painesville Vibrant Community,Lake,Northeast,,8,"$469,880",47,"$8,000,000",2021-monthly_metrics_vc_.pdf,11,Vibrant Community Grant,"$1,000,000"
2021-Dec,"Pegasus Industries, LLC",Ross,Southeast,Automotive,100,"$3,328,000",54,"$450,000",2021-monthly_metrics_vc_.pdf,12,Workforce Grant,"$100,000"
2021-Dec,The Sutphen Corporation,Champaign,Western,Automotive,25,"$1,200,000",155,"$11,870,000",2021-monthly_metrics_vc_.pdf,12,Economic Dev. Grant,"$200,000"
2021-Dec,The Sutphen Corporation,Champaign,Western,Automotive,25,"$1,200,000",155,"$11,870,000",2021-monthly_metrics_vc_.pdf,12,Workforce Grant,"$200,000"
2021-Dec,"Component Hardware Group, Inc.",Franklin,Central,Logistics and Distribution,35,"$1,308,240",0,"$1,080,000",2021-monthly_metrics_vc_.pdf,12,Economic Dev. Grant,"$100,000"
2021-Dec,"Engineered Profiles, LLC",Lawrence,Southeast,Advanced Manufacturing,55,"$2,261,400",0,"$4,000,000",2021-monthly_metrics_vc_.pdf,12,Economic Dev. Grant,"$275,000"
2021-Dec,"Iten Defense, LLC",Ashtabula,Northeast,Advanced Manufacturing,102,"$3,696,689",63,"$4,057,551",2021-monthly_metrics_vc_.pdf,12,Economic Dev. Grant,"$200,000"
2021-Dec,"Legrand North America, LLC",Montgomery,Western,Logistics and Distribution,261,"$10,291,230",41,"$1,557,000",2021-monthly_metrics_vc_.pdf,12,Economic Dev. Grant,"$200,000"
2021-Dec,The Kroger Co.,Hamilton,Southwest,Food and Agribusiness,30,"$1,500,000",361,"$11,000,000",2021-monthly_metrics_vc_.pdf,12,Economic Dev. Grant,"$200,000"
2021-Dec,The Kroger Co.,Butler,Southwest,Food and Agribusiness,92,"$4,784,000",387,"$87,100,809",2021-monthly_metrics_vc_.pdf,12,Economic Dev. Grant,"$450,000"
2021-Dec,Creative Foam Corporation,Montgomery,Western,Automotive,110,"$4,002,530",129,"$6,320,000",2021-monthly_metrics_vc_.pdf,12,Revitalization Grant,"$200,000"
2021-Dec,"QQE Summit, LLC",Greene,Western,Advanced Manufacturing,42,"$1,638,873",94,"$5,510,000",2021-monthly_metrics_vc_.pdf,12,Revitalization Grant,"$250,000"
2021-Dec,Trailhead Biosystems Inc.,Cuyahoga,Northeast,Healthcare,51,"$4,086,000",18,"$4,030,000",2021-monthly_metrics_vc_.pdf,12,Revitalization Grant,"$200,000"
2021-Dec,"BrenMar Construction, Inc.",Jackson,Southeast,Advanced Manufacturing,10,"$500,000",46,"$425,000",2021-monthly_metrics_vc_.pdf,12,Inclusion Grant,"$50,000"
2021-Dec,"Broell Enterprises, LLC",Knox,Central,Food and Agribusiness,2,"$70,000",11,"$91,982",2021-monthly_metrics_vc_.pdf,12,Inclusion Grant,"$50,000"
2021-Dec,Cincinnati Soy Brands Corporation,Hamilton,Southwest,Food and Agribusiness,25,"$1,092,000",2,"$220,000",2021-monthly_metrics_vc_.pdf,12,Inclusion Grant,"$50,000"
2021-Dec,Consolidus LLC,Summit,Northeast,IT,10,"$400,000",22,$0,2021-monthly_metrics_vc_.pdf,12,Inclusion Grant,"$25,000"
2021-Dec,Duncan and Daniels Enterprises LLC,Gallia,Southeast,Logistics and Distribution,10,"$416,000",12,"$470,000",2021-monthly_metrics_vc_.pdf,12,Inclusion Grant,"$45,000"
2021-Dec,"Just Business!, Inc.",Montgomery,Western,IT,2,"$100,000",9,"$61,000",2021-monthly_metrics_vc_.pdf,12,Inclusion Grant,"$30,000"
2021-Dec,"Kebco Precision Fabricators, Inc.",Stark,Northeast,Advanced Manufacturing,10,"$600,000",12,"$190,000",2021-monthly_metrics_vc_.pdf,12,Inclusion Grant,"$40,000"
2021-Dec,L.E. Smith Company,Williams,Northwest,Advanced Manufacturing,8,"$280,800",65,"$100,000",2021-monthly_metrics_vc_.pdf,12,Inclusion Grant,"$50,000"
2021-Dec,"Onion Boy, Inc.",Richland,Northeast,Food and Agribusiness,4,"$140,000",31,$0,2021-monthly_metrics_vc_.pdf,12,Inclusion Grant,"$25,000"
2021-Dec,Rolling Enterprises Inc.,Montgomery,Western,Advanced Manufacturing,4,"$166,400",31,"$710,000",2021-monthly_metrics_vc_.pdf,12,Inclusion Grant,"$50,000"
2021-Dec,Waltz-Dettmer Supply Co.,Hamilton,Southwest,Logistics and Distribution,6,"$240,000",55,"$55,000",2021-monthly_metrics_vc_.pdf,12,Inclusion Grant,"$50,000"
2021-Dec,"Williams Engineering, LLC",Hamilton,Southwest,Advanced Manufacturing,1,"$42,000",0,"$80,000",2021-monthly_metrics_vc_.pdf,12,Inclusion Grant,"$25,000"
2021-Dec,"Urban Industries of Ohio, Inc.",Crawford,Northwest,Advanced Manufacturing,15,"$500,000",24,"$2,650,000",2021-monthly_metrics_vc_.pdf,12,Growth Fund,"$800,000"
2021-Dec,K-NOVA LLC*,Pickaway,Central,,,,,"$3,238,043",2021-monthly_metrics_vc_.pdf,12,OSIP Grant,"$500,000"
2021-Dec,"Scannell Properties #573, LLC*",Wood,Northwest,,,,,"$19,259,248",2021-monthly_metrics_vc_.pdf,12,OSIP Grant,"$1,000,000"
2021-Dec,Southern Ohio Port Authority*,Scioto,Southeast,,,,,"$4,801,347",2021-monthly_metrics_vc_.pdf,12,OSIP Grant,"$608,565"
2022-Jan,Able Tool Corporation,Hamilton,Southwest,Advanced Manufacturing,24,"$1,500,000",31,"$1,300,000",2022-monthly_metrics_-_vc.pdf,1,JobsOhio Inclusion Grant,"$50,000"
2022-Jan,"Cemleb Properties, LTD.",Shelby,Western,TBD,0,$0,0,"$986,000",2022-monthly_metrics_-_vc.pdf,1,JobsOhio Spec Development Grant - OSIP*,"$462,000"
2022-Jan,"Chillicothe Commissary Company, LLC",Ross,Southeast,Food and Agribusiness,2,"$80,000",3,"$230,000",2022-monthly_metrics_-_vc.pdf,1,JobsOhio Inclusion Grant,"$50,000"
2022-Jan,Crock Construction Co.,Noble,Southeast,TBD,0,$0,0,"$4,883,732",2022-monthly_metrics_-_vc.pdf,1,JobsOhio Spec Development Grant - OSIP*,"$1,213,881"
2022-Jan,Crock Construction Co.,Noble,Southeast,TBD,0,$0,0,"$4,883,732",2022-monthly_metrics_-_vc.pdf,1,JobsOhio Spec Development Grant -OHSE*,"$1,199,000"
2022-Jan,"Diebold Nixdorf, Incorporated",Stark & Summit,Northeast,Financial Services,27,"$1,250,000",1156,$0,2022-monthly_metrics_-_vc.pdf,1,JobsOhio Revitalization Grant,"$175,000"
2022-Jan,"Goodlevel Enterprises, LLC",Huron,Northeast,Advanced Manufacturing,6,"$199,680",29,"$1,870,000",2022-monthly_metrics_-_vc.pdf,1,JobsOhio Inclusion Grant,"$50,000"
2022-Jan,"Howmet Aerospace Inc. & RMI Titanium Company, LLC",Stark,Northeast,Advanced Manufacturing,40,"$1,352,000",115,"$4,400,000",2022-monthly_metrics_-_vc.pdf,1,JobsOhio Economic Development Grant,"$100,000"
2022-Jan,I SQ. R Power Cable Co.,Stark,Northeast,Advanced Manufacturing,8,"$430,000",15,"$350,000",2022-monthly_metrics_-_vc.pdf,1,JobsOhio Inclusion Grant,"$42,500"
2022-Jan,"JamAdmin, Inc.",Lucas,Northwest,Automotive,45,"$1,746,000",28,"$3,555,000",2022-monthly_metrics_-_vc.pdf,1,JobsOhio Revitalization Grant,"$200,000"
2022-Jan,Koch Foods of Cincinnati LLC,Butler,Southwest,Food and Agribusiness,400,"$14,832,000",1281,"$200,000,000",2022-monthly_metrics_-_vc.pdf,1,JobsOhio Economic Development Grant,"$1,500,000"
2022-Jan,"New Wayne, Inc.",Muskingum,Southeast,Advanced Manufacturing,3,"$124,800",14,"$266,100",2022-monthly_metrics_-_vc.pdf,1,JobsOhio Inclusion Grant,"$25,000"
2022-Jan,"Shirley K's, LLC",Muskingum,Southeast,Advanced Manufacturing,2,"$62,400",5,"$65,000",2022-monthly_metrics_-_vc.pdf,1,JobsOhio Inclusion Grant,"$25,000"
2022-Jan,Stridas LLC,Hamilton,Southwest,Logistics and Distribution,40,"$2,400,000",38,$0,2022-monthly_metrics_-_vc.pdf,1,JobsOhio Workforce Grant,"$100,000"
2022-Jan,"The Connor Group, A Real Estate Investment Firm, LLC",Montgomery,Western,Building,0,$0,0,"$20,778,902",2022-monthly_metrics_-_vc.pdf,1,JobsOhio Spec Development Grant - OSIP*,"$800,000"
2022-Jan,"TMartin Design, LLC",Athens,Southeast,Advanced Manufacturing,1,"$24,960",2,"$101,280",2022-monthly_metrics_-_vc.pdf,1,JobsOhio Inclusion Grant,"$25,000"
2022-Jan,"TriHex Holdings, LLC",Union,Central,Other,5,"$221,760",36,$0,2022-monthly_metrics_-_vc.pdf,1,JobsOhio Inclusion Grant,"$25,000"
2022-Jan,Two Labs Holdings LLC,Delaware,Central,Healthcare,50,"$4,500,000",59,$0,2022-monthly_metrics_-_vc.pdf,1,JobsOhio Workforce Grant,"$120,000"
2022-Jan,"Weyland Ventures, LLC",Montgomery,Western,TBD,0,0,0,"$8,800,000",2022-monthly_metrics_-_vc.pdf,1,JobsOhio Spec Development Grant - OSIP*,"$750,000"
2022-Feb,"Altenloh, Brinck & Co. Us, Inc.",Williams,Northwest,Advanced Manufacturing,181,"$8,687,879",273,"$23,400,000",2022-monthly_metrics_-_vc.pdf,2,JobsOhio Workforce Grant,"$300,000"
2022-Feb,"AMEND Consulting, LLC",Hamilton,Southwest,Other,70,"$6,804,000",60,$0,2022-monthly_metrics_-_vc.pdf,2,JobsOhio Workforce Grant,"$150,000"
2022-Feb,"Andelyn Biosciences, Inc.",Franklin,Central,Healthcare,180,"$11,437,923",170,"$115,000,000",2022-monthly_metrics_-_vc.pdf,2,JobsOhio Growth Fund Loan,"$3,500,000"
2022-Feb,"Barkbox, Inc.",Franklin,Central,Other,500,"$23,500,000",249,$0,2022-monthly_metrics_-_vc.pdf,2,JobsOhio Workforce Grant,"$805,000"
2022-Feb,"Charter Next Generation, Inc.",Richland,Northeast,Advanced Manufacturing,300,"$12,000,000",727,"$50,000,000",2022-monthly_metrics_-_vc.pdf,2,JobsOhio Workforce Grant,"$600,000"
2022-Feb,"Conagra Foods Packaged Foods, LLC",Miami,Western,Food and Agribusiness,100,"$4,199,520",929,"$32,918,625",2022-monthly_metrics_-_vc.pdf,2,JobsOhio Economic Development Grant,"$300,000"
2022-Feb,FlightSafety International Inc.,Franklin,Central,Aerospace and Aviation,113,"$10,170,000",174,$0,2022-monthly_metrics_-_vc.pdf,2,JobsOhio Workforce Grant,"$500,000"
2022-Feb,"G & J Pepsi-Cola Bottlers, Inc.",Franklin,Central,Advanced Manufacturing,28,"$1,800,000",28,"$4,200,000",2022-monthly_metrics_-_vc.pdf,2,JobsOhio Economic Development Grant,"$100,000"
2022-Feb,"MPW Industrial Services Group, Inc.",Licking,Central,Advanced Manufacturing,32,"$1,600,000",316,"$3,000,000",2022-monthly_metrics_-_vc.pdf,2,JobsOhio Economic Development Grant,"$75,000"
2022-Feb,"Novo Manufacturing, LLC",Harrison,Southeast,Advanced Manufacturing,14,"$780,000",61,"$5,700,000",2022-monthly_metrics_-_vc.pdf,2,JobsOhio Economic Development Grant,"$100,000"
2022-Feb,"On the Mantle, LLC",Ross,Southeast,Advanced Manufacturing,8,"$281,480",5,"$114,481",2022-monthly_metrics_-_vc.pdf,2,JobsOhio Inclusion Grant,"$25,000"
2022-Feb,Phoenix Facility III LLC,Cuyahoga,Northeast,Advanced Manufacturing,16,"$770,000",0,"$5,000,000",2022-monthly_metrics_-_vc.pdf,2,JobsOhio Economic Development Grant,"$50,000"
2022-Feb,Plastilene Inc.,Fayette,Western,Food and Agribusiness,58,"$3,859,000",0,"$40,771,000",2022-monthly_metrics_-_vc.pdf,2,JobsOhio Research & Development Grant,"$2,000,000"
2022-Feb,Radiance Technologies Inc,Greene,Western,Techonlogy,100,"$10,326,682",258,$0,2022-monthly_metrics_-_vc.pdf,2,JobsOhio Workforce Grant,"$200,000"
2022-Feb,"Rosenboom Machine & Tool, Inc.",Wood,Northwest,Advanced Manufacturing,70,"$2,840,000",165,"$4,000,000",2022-monthly_metrics_-_vc.pdf,2,JobsOhio Workforce Grant,"$200,000"
2022-Feb,"Sandvik Rock Processing Solutions North America, LLC",Cuyahoga,Northeast,Advanced Manufacturing,27,"$1,250,000",28,"$2,000,000",2022-monthly_metrics_-_vc.pdf,2,JobsOhio Economic Development Grant,"$100,000"
2022-Feb,"Spintech Holdings, Inc.",Montgomery,Western,Advanced Manufacturing,14,"$1,121,896",19,"$381,700",2022-monthly_metrics_-_vc.pdf,2,JobsOhio Economic Development Grant,"$50,000"
2022-Feb,The Davey Tree Expert Company,Portage,Northeast,Other,20,"$1,466,816",537,$0,2022-monthly_metrics_-_vc.pdf,2,JobsOhio Revitalization Grant,"$75,000"
2022-Feb,Unicontrol Inc.,Cuyahoga,Northeast,Advanced Manufacturing,27,"$850,000",109,"$115,000",2022-monthly_metrics_-_vc.pdf,2,JobsOhio Inclusion Grant,"$50,000"
2022-Feb,"Woodard Development LLC/ Law Mission Point 2, LLC",Greene,Western,TBD,0,$0,0,"$15,883,603",2022-monthly_metrics_-_vc.pdf,2,JobsOhio Spec Development Grant - OSIP*,"$900,000"
2022-Mar,"1M Group, LLC",Butler,Southwest,Advanced Manufacturing,30,"$1,248,000",0,"$2,250,000",2022-monthly_metrics_-_vc.pdf,3,JobsOhio Economic Development Grant,"$75,000"
2022-Mar,"Adena Development, LLC",Richland,Northeast,TBD,0,$0,0,"$10,470,000",2022-monthly_metrics_-_vc.pdf,3,JobsOhio Spec Development Grant - OSIP*,"$300,000"
2022-Mar,"Airmate Co., Inc.",Williams,Northwest,Advanced Manufacturing,5,"$210,000",15,"$1,800,000",2022-monthly_metrics_-_vc.pdf,3,JobsOhio Inclusion Grant,"$50,000"
2022-Mar,"Bitwise, Inc. (BW Industries Inc.)",Lucas,Northwest,Technology,378,"$20,373,000",0,"$19,980,874",2022-monthly_metrics_-_vc.pdf,3,JobsOhio Revitalization Loan,"$3,000,000"
2022-Mar,"Bitwise, Inc. (BW Industries Inc.)",Lucas,Northwest,Technology,378,"$20,373,000",0,"$19,980,874",2022-monthly_metrics_-_vc.pdf,3,JobsOhio Revitalization Grant,"$1,500,000"
2022-Mar,"Buckeye Elm Contracting, LLC",Franklin,Central,Other,3,"$120,000",26,"$95,227",2022-monthly_metrics_-_vc.pdf,3,JobsOhio Inclusion Grant,"$25,000"
2022-Mar,Color 3 Embroidery Inc.,Trumbull,Northeast,Advanced Manufacturing,24,"$673,000",30,"$3,128,000",2022-monthly_metrics_-_vc.pdf,3,JobsOhio Inclusion Grant,"$50,000"
2022-Mar,"Gabriel Brothers, Inc.",Clark,Western,Logistics and Distribution,833,"$27,756,148",0,"$35,850,000",2022-monthly_metrics_-_vc.pdf,3,JobsOhio Workforce Grant,"$400,000"
2022-Mar,"Graminex, L.L.C.",Henry,Northwest,Food and Agribusiness,4,"$158,080",22,"$930,000",2022-monthly_metrics_-_vc.pdf,3,JobsOhio Inclusion Grant,"$25,000"
2022-Mar,Lima Vibrant Community,Allen,Northwest,TBD,48,"$1,067,800",42,"$4,293,084",2022-monthly_metrics_-_vc.pdf,3,JobsOhio Vibrant Community Grant,"$1,265,000"
2022-Mar,"Machine Works Unlimited, LLC",Seneca,Northwest,Advanced Manufacturing,6,"$260,000",3,"$65,000",2022-monthly_metrics_-_vc.pdf,3,JobsOhio Inclusion Grant,"$25,000"
2022-Mar,"Mix Talent, LLC",Franklin,Central,Other,50,"$5,170,000",20,$0,2022-monthly_metrics_-_vc.pdf,3,JobsOhio Workforce Grant,"$100,000"
2022-Mar,"Monitored Therapeutics, Inc.",Franklin,Central,Healthcare,35,"$2,620,800",6,$0,2022-monthly_metrics_-_vc.pdf,3,JobsOhio Workforce Grant,"$125,000"
2022-Mar,NAI Harmon Group,Defiance,Northwest,TBD,0,$0,0,"$6,497,934",2022-monthly_metrics_-_vc.pdf,3,JobsOhio Spec Development Loan - OSIP*,"$2,500,000"
2022-Mar,"Plibrico Company, LLC",Jackson,Southeast,Advanced Manufacturing,4,"$229,535",16,"$1,000,000",2022-monthly_metrics_-_vc.pdf,3,JobsOhio Economic Development Grant,"$125,000"
2022-Mar,"Ploger Transportation, LLC",Huron,Northeast,Logistics and Distribution,4,"$215,000",33,"$620,000",2022-monthly_metrics_-_vc.pdf,3,JobsOhio Inclusion Grant,"$50,000"
2022-Mar,"R&L Carriers, Inc.",Hancock,Northwest,Logistics and Distribution,199,"$9,900,000",0,"$43,850,000",2022-monthly_metrics_-_vc.pdf,3,JobsOhio Economic Development Grant,"$100,000"
2022-Mar,"R & R Tool, Inc.","Adams, Clinton",Southeast,Healthcare,40,"$1,867,008",92,"$985,000",2022-monthly_metrics_-_vc.pdf,3,JobsOhio Economic Development Grant,"$100,000"
2022-Mar,Rev LNG LLC,Allen,Northwest,Energy and Chemicals,13,"$1,006,699",0,"$5,380,000",2022-monthly_metrics_-_vc.pdf,3,JobsOhio Economic Development Grant,"$100,000"
2022-Mar,"Rocket Mortgage, LLC",Cuyahoga,Northeast,Financial Services,630,"$47,250,000",757,"$500,000",2022-monthly_metrics_-_vc.pdf,3,JobsOhio Workforce Grant,"$1,376,000"
2022-Mar,"Rose City Manufacturing, Inc.",Clark,Western,Automotive,72,"$2,871,000",238,"$3,000,000",2022-monthly_metrics_-_vc.pdf,3,JobsOhio Growth Fund Loan,"$2,100,000"
2022-Mar,Seven Lakeway Refractories LLC,Erie,Northeast,Advanced Manufacturing,30,"$1,670,000",14,"$9,380,000",2022-monthly_metrics_-_vc.pdf,3,JobsOhio Economic Development Grant,"$150,000"
2022-Mar,The Palmer-Donavin Manufacturing Company,Licking,Central,Advanced Manufacturing,20,"$705,000",116,"$800,000",2022-monthly_metrics_-_vc.pdf,3,JobsOhio Economic Development Grant,"$50,000"
2022-Mar,Uprys LLC,Franklin,Central,Technology,3,"$195,000",6,$0,2022-monthly_metrics_-_vc.pdf,3,JobsOhio Inclusion Grant,"$50,000"
2022-Mar,"W.C. FELTON AGENCY, INC.",Seneca,Northwest,Financial Services,3,"$120,000",28,$0,2022-monthly_metrics_-_vc.pdf,3,JobsOhio Inclusion Grant,"$25,000"
2022-Apr,"American Technical Coatings, Inc.",Cuyahoga,Northeast,Advanced Manufacturing,29,"$2,454,832",3,"$1,319,500",2022-monthly_metrics_-_vc.pdf,4,JobsOhio Economic Development Grant,"$150,000"
2022-Apr,"Aurora Plastics, LLC",Portage,Northeast,Energy and Chemicals,29,"$1,447,680",68,"$21,600,000",2022-monthly_metrics_-_vc.pdf,4,JobsOhio Economic Development Grant,"$400,000"
2022-Apr,"Balboa Real Estate Partners, LLC",Montgomery,Western,TBD,0,$0,0,"$19,238,462",2022-monthly_metrics_-_vc.pdf,4,JobsOhio Spec Development Grant - OSIP*,"$1,000,000"
2022-Apr,Ball Metal Beverage Container Corp.,Hancock,Northwest,Advanced Manufacturing,18,"$1,100,000",392,"$83,800,000",2022-monthly_metrics_-_vc.pdf,4,JobsOhio Workforce Grant,"$300,000"
2022-Apr,"Boxout, LLC",Summit,Northeast,Logistics and Distribution,25,"$1,250,000",166,"$175,000",2022-monthly_metrics_-_vc.pdf,4,JobsOhio Economic Development Grant,"$50,000"
2022-Apr,"Charles River Laboratories, Inc.",Allen,Northwest,Healthcare,105,"$6,565,607",224,"$38,964,150",2022-monthly_metrics_-_vc.pdf,4,JobsOhio Economic Development Grant,"$300,000"
2022-Apr,"Comet Processing, Inc",Madison,Central,Food and Agribusiness,204,"$11,500,000",0,"$86,000,000",2022-monthly_metrics_-_vc.pdf,4,JobsOhio Economic Development Grant,"$1,500,000"
2022-Apr,"Divisions, Inc. (Divisions Maintenance Group)",Hamilton,Southwest,Other,256,"$25,600,000",393,"$4,800,000",2022-monthly_metrics_-_vc.pdf,4,JobsOhio Economic Development Grant,"$1,000,000"
2022-Apr,"Earthquaker Devices, LLC",Summit,Northeast,Advanced Manufacturing,13,"$405,600",45,"$131,000",2022-monthly_metrics_-_vc.pdf,4,JobsOhio Inclusion Grant,"$50,000"
2022-Apr,"Evolve Solutions, LLC",Lake,Northeast,Automotive,30,"$1,996,800",25,"$2,082,000",2022-monthly_metrics_-_vc.pdf,4,JobsOhio Economic Development Grant,"$125,000"
2022-Apr,"First Choice Packaging, Inc.",Sandusky,Northwest,Advanced Manufacturing,10,"$333,000",100,"$1,047,100",2022-monthly_metrics_-_vc.pdf,4,JobsOhio Inclusion Grant,"$25,000"
2022-Apr,"GetWorkerFit Partners, LLC DBA FuturePlans.com",Scioto,Southeast,TBD,0,$0,0,"$1,092,000",2022-monthly_metrics_-_vc.pdf,4,JobsOhio Spec Development Grant - OSIP*,"$520,000"
2022-Apr,Hamilton Safe Co.,Clermont,Southwest,Advanced Manufacturing,38,"$1,710,000",204,"$17,384,000",2022-monthly_metrics_-_vc.pdf,4,JobsOhio Growth Fund Loan,"$2,600,000"
2022-Apr,INNOMOTIVE Solutions Group LLC,Clark,Western,Automotive,27,"$1,300,000",60,"$587,000",2022-monthly_metrics_-_vc.pdf,4,JobsOhio Economic Development Grant,"$100,000"
2022-Apr,INNOMOTIVE Solutions Group LLC,Clark,Western,Automotive,27,"$1,300,000",60,"$587,000",2022-monthly_metrics_-_vc.pdf,4,JobsOhio Workforce Grant,"$50,000"
2022-Apr,"Polaris Sales, Inc.",Clinton,Western,Logistics and Distribution,20,"$825,000",79,"$31,800,000",2022-monthly_metrics_-_vc.pdf,4,JobsOhio Economic Development Grant,"$75,000"
2022-Apr,"Principle Business Enterprises, Inc.",Wood,Northwest,Advanced Manufacturing,34,"$2,040,000",337,"$21,000,000",2022-monthly_metrics_-_vc.pdf,4,JobsOhio Workforce Grant,"$225,000"
2022-Apr,"Sam Dong Ohio, Inc.",Delaware,Central,Automotive,20,"$832,000",112,"$8,600,000",2022-monthly_metrics_-_vc.pdf,4,JobsOhio Economic Development Grant,"$100,000"
2022-Apr,"Schaeffer Metal Products, Inc",Portage,Northeast,Advanced Manufacturing,2,"$100,000",7,"$120,000",2022-monthly_metrics_-_vc.pdf,4,JobsOhio Inclusion Grant,"$50,000"
2022-Apr,"Smartland, LLC",Lake,Northeast,Other,15,"$750,000",19,"$2,967,740",2022-monthly_metrics_-_vc.pdf,4,JobsOhio Revitalization Grant,"$75,000"
2022-Apr,Youngstown Vibrant Community,Mahoning,Northeast,TBD,23,"$1,295,000",43,"$2,428,974",2022-monthly_metrics_-_vc.pdf,4,JobsOhio Vibrant Community Grant,"$475,000"
2022-Apr,"Zin Technologies, Inc.",Cuyahoga,Northeast,Aerospace and Aviation,125,"$11,750,000",191,"$740,000",2022-monthly_metrics_-_vc.pdf,4,JobsOhio Economic Development Grant,"$100,000"
2022-May,"Atlantic Emergency Solutions, Inc.",Morgan,Southeast,Automotive,17,"$1,202,078",18,"$4,700,000",2022-monthly_metrics_-_vc.pdf,5,JobsOhio Economic Development Grant,"$125,000"
2022-May,"Axuall, Inc.",Cuyahoga,Northeast,Technology,75,"$7,030,920",13,"$1,500,000",2022-monthly_metrics_-_vc.pdf,5,JobsOhio Economic Development Grant,"$200,000"
2022-May,"B. & L. Transport, Inc.",Holmes,Southeast,Logistics and Distribution,12,"$725,000",33,"$4,514,110",2022-monthly_metrics_-_vc.pdf,5,JobsOhio Economic Development Grant,"$50,000"
2022-May,Cell-O-Core Co.,Medina,Northeast,Advanced Manufacturing,30,"$1,089,440",65,"$4,800,000",2022-monthly_metrics_-_vc.pdf,5,JobsOhio Economic Development Grant,"$100,000"
2022-May,City of Trenton,Butler,Southwest,TBD,0,$0,0,"$712,460",2022-monthly_metrics_-_vc.pdf,5,JobsOhio Spec Development Grant - OSIP*,"$356,230"
2022-May,ConnectE Technology LLC,Warren,Southwest,Technology,4,"$340,000",0,$0,2022-monthly_metrics_-_vc.pdf,5,JobsOhio Inclusion Grant,"$25,000"
2022-May,Dana Limited,Henry,Northwest,Automotive,175,"$7,428,000",0,"$10,000,000",2022-monthly_metrics_-_vc.pdf,5,JobsOhio Economic Development Grant,"$700,000"
2022-May,Devil Wind Brewing LLC,Greene,Western,Food and Agribusiness,6,"$224,640",1,"$169,500",2022-monthly_metrics_-_vc.pdf,5,JobsOhio Inclusion Grant,"$25,000"
2022-May,"ECS Tuning, LLC",Medina,Northeast,Logistics and Distribution,98,"$4,079,560",308,"$9,800,000",2022-monthly_metrics_-_vc.pdf,5,JobsOhio Economic Development Grant,"$100,000"
2022-May,"Ohio Logistics, Ltd.",Wood,Northwest,TBD,0,$0,0,"$11,700,000",2022-monthly_metrics_-_vc.pdf,5,JobsOhio Spec Development Grant - OSIP*,"$1,000,000"
2022-May,Protiviti Inc.,Hamilton,Southwest,Technology,450,"$25,637,000",0,"$1,500,000",2022-monthly_metrics_-_vc.pdf,5,JobsOhio Economic Development Grant,"$400,000"
2022-May,Protiviti Inc.,Hamilton,Southwest,Technology,450,"$25,637,000",0,"$1,500,000",2022-monthly_metrics_-_vc.pdf,5,JobsOhio Workforce Grant,"$400,000"
2022-May,"Quality 1 Welding & Fab, Inc.",Lorain,Northeast,Advanced Manufacturing,1,"$33,280",4,"$77,787",2022-monthly_metrics_-_vc.pdf,5,JobsOhio Inclusion Grant,"$40,000"
2022-May,Reliability Inspections LLC,Meigs,Southeast,Energy and Chemicals,3,"$106,080",10,"$110,000",2022-monthly_metrics_-_vc.pdf,5,JobsOhio Inclusion Grant,"$50,000"
2022-May,"Robinson Investments, LTD.",Van Wert,Northwest,TBD,0,$0,0,"$6,100,000",2022-monthly_metrics_-_vc.pdf,5,JobsOhio Spec Development Grant - OSIP*,"$450,000"
2022-May,ROInsights LLC,Hamilton,Southwest,Technology,6,"$390,000",3,$0,2022-monthly_metrics_-_vc.pdf,5,JobsOhio Inclusion Grant,"$25,000"
2022-May,"Sequoia Financial Group, LLC",Summit,Northeast,Financial Services,19,"$1,870,000",75,"$1,500,000",2022-monthly_metrics_-_vc.pdf,5,JobsOhio Economic Development Grant,"$75,000"
2022-May,"Solutions Vending International, Inc.",Franklin,Central,Technology,2,"$400,000",2,$0,2022-monthly_metrics_-_vc.pdf,5,JobsOhio Inclusion Grant,"$50,000"
2022-May,SupplySideUSA Inc.,Cuyahoga,Northeast,Logistics and Distribution,50,"$2,000,000",37,"$4,826,752",2022-monthly_metrics_-_vc.pdf,5,JobsOhio Revitalization Grant,"$250,000"
2022-May,"Textum OPCO, LLC",Montgomery,Western,Advanced Manufacturing,22,"$1,540,000",3,"$4,722,000",2022-monthly_metrics_-_vc.pdf,5,JobsOhio Economic Development Grant,"$145,000"
2022-May,"The Metz Dental Laboratory, Inc.",Coshocton,Southeast,Healthcare,10,"$532,000",0,"$157,000",2022-monthly_metrics_-_vc.pdf,5,JobsOhio Inclusion Grant,"$50,000"
2022-May,"ThyssenKrupp Bilstein of America, Inc.",Butler,Southwest,Automotive,75,"$6,000,000",586,"$20,000,000",2022-monthly_metrics_-_vc.pdf,5,JobsOhio Economic Development Grant,"$500,000"
2022-May,"Wagner Machine, Inc.",Summit,Northeast,Advanced Manufacturing,4,"$225,000",36,"$58,373",2022-monthly_metrics_-_vc.pdf,5,JobsOhio Inclusion Grant,"$25,000"
2022-Jun,"A&M Green Properties, LLC",Summit,Northeast,Other,TBD,TBD,TBD,"$9,123,129",2022-monthly_metrics_-_vc.pdf,6,JobsOhio Spec Development Grant - OSIP*,"$300,000"
2022-Jun,Acme Lock Company LLC,Hamilton,Southwest,Other,9,"$738,206",13,"$2,797,000",2022-monthly_metrics_-_vc.pdf,6,JobsOhio Inclusion Grant,"$50,000"
2022-Jun,"Brennan-Eberly Team Sports, Inc.",Lucas,Northwest,Advanced Manufacturing,86,"$4,143,626",89,"$1,500,000",2022-monthly_metrics_-_vc.pdf,6,JobsOhio Economic Development Grant,"$130,000"
2022-Jun,BRP Manufacturing Company,Allen,Northwest,Advanced Manufacturing,5,"$221,415",41,"$42,500",2022-monthly_metrics_-_vc.pdf,6,JobsOhio Inclusion Grant,"$25,000"
2022-Jun,College@Elm Innovation and Workforce Development Center,Butler,Southwest,TBD,36,"$1,688,680",4,"$10,400,000",2022-monthly_metrics_-_vc.pdf,6,JobsOhio Vibrant Community Grant,"$1,500,000"
2022-Jun,CertainTeed Ceilings Corporation,Cuyahoga,Northeast,Advanced Manufacturing,38,"$2,626,270",28,"$2,400,000",2022-monthly_metrics_-_vc.pdf,6,JobsOhio Economic Development Grant,"$150,000"
2022-Jun,"Display Dynamics, Inc.",Montgomery,Western,Advanced Manufacturing,3,"$135,000",6,$0,2022-monthly_metrics_-_vc.pdf,6,JobsOhio Inclusion Grant,"$25,000"
2022-Jun,"Driverge Vehicle Innovations, LLC",Summit,Northeast,Advanced Manufacturing,67,"$2,924,751",165,"$2,012,500",2022-monthly_metrics_-_vc.pdf,6,JobsOhio Economic Development Grant,"$300,000"
2022-Jun,"Gemini Industrial Machine Group, LLC",Tuscarawas,Northeast,Advanced Manufacturing,7,"$470,000",9,"$314,000",2022-monthly_metrics_-_vc.pdf,6,JobsOhio Inclusion Grant,"$50,000"
2022-Jun,"Global Medical Foam, Inc",Richland,Northeast,Healthcare,3,"$203,000",4,"$42,715",2022-monthly_metrics_-_vc.pdf,6,JobsOhio Inclusion Grant,"$25,000"
2022-Jun,Herr Foods Incorporated,Jackson & Ross,Southeast,Food and Agribusiness,150,"$5,341,440",48,"$54,000,000",2022-monthly_metrics_-_vc.pdf,6,JobsOhio Economic Development Grant,"$750,000"
2022-Jun,"Ice Industries Bowling Green, LLC",Wood,Northwest,Advanced Manufacturing,71,"$3,800,000",0,"$5,067,570",2022-monthly_metrics_-_vc.pdf,6,JobsOhio Economic Development Grant,"$400,000"
2022-Jun,"JOMAC, LTD.",Carroll,Southeast,Advanced Manufacturing,6,"$225,000",28,"$285,296",2022-monthly_metrics_-_vc.pdf,6,JobsOhio Inclusion Grant,"$25,000"
2022-Jun,"Keller Logistics Group, Inc.",Henry,Northwest,Other,TBD,TBD,TBD,"$6,500,000",2022-monthly_metrics_-_vc.pdf,6,JobsOhio Spec Development Grant - OSIP*,"$500,000"
2022-Jun,"Lake City Plating, LLC",Ashtabula,Northeast,Advanced Manufacturing,60,"$1,900,000",121,"$14,300,000",2022-monthly_metrics_-_vc.pdf,6,JobsOhio Growth Fund Loan,"$2,200,000"
2022-Jun,"Loc Performance Products, LLC",Auglaize,Western,Advanced Manufacturing,250,"$13,000,000",450,"$40,000,000",2022-monthly_metrics_-_vc.pdf,6,JobsOhio Workforce Grant,"$700,000"
2022-Jun,"Loc Performance Products, LLC",Auglaize,Western,Advanced Manufacturing,250,"$13,000,000",450,"$40,000,000",2022-monthly_metrics_-_vc.pdf,6,JobsOhio Economic Development Grant,"$1,500,000"
2022-Jun,Luke Manufacturing Co. Inc.,Wayne,Northeast,Energy and Chemicals,3,"$94,000",21,"$70,000",2022-monthly_metrics_-_vc.pdf,6,JobsOhio Inclusion Grant,"$25,000"
2022-Jun,"New Day Creative, LLC",Richland,Northeast,Technology,10,"$500,000",6,"$505,000",2022-monthly_metrics_-_vc.pdf,6,JobsOhio Inclusion Grant,"$50,000"
2022-Jun,"Ohio Valley Stamping-Assemblies, Inc.",Richland,Northeast,Advanced Manufacturing,18,"$640,000",18,"$690,000",2022-monthly_metrics_-_vc.pdf,6,JobsOhio Inclusion Grant,"$50,000"
2022-Jun,Propel Pharmacy Ohio LLC,Franklin,Central,Healthcare,35,"$2,630,264",0,"$123,000",2022-monthly_metrics_-_vc.pdf,6,JobsOhio Workforce Grant,"$200,000"
2022-Jun,"R. K. Industries, Inc.",Putnam,Northwest,Advanced Manufacturing,11,"$400,000",60,"$102,450",2022-monthly_metrics_-_vc.pdf,6,JobsOhio Inclusion Grant,"$25,000"
2022-Jun,Star Dynamics Corporation,Franklin,Central,Aerospace and Aviation,10,"$800,000",15,"$750,000",2022-monthly_metrics_-_vc.pdf,6,JobsOhio Inclusion Grant,"$50,000"
2022-Jun,"Starr Manufacturing, Inc.",Trumbull,Northeast,Advanced Manufacturing,40,"$2,800,000",26,"$5,245,000",2022-monthly_metrics_-_vc.pdf,6,JobsOhio Economic Development Grant,"$100,000"
2022-Jun,"Tarpstop, LLC",Lucas & Wood,Northwest,Automotive,33,"$1,625,000",96,"$1,700,000",2022-monthly_metrics_-_vc.pdf,6,JobsOhio Economic Development Grant,"$100,000"
2022-Jun,"Tenby Partners, LLC",Franklin,Central,Other,TBD,TBD,TBD,"$12,718,875",2022-monthly_metrics_-_vc.pdf,6,JobsOhio Spec Development Grant - OSIP*,"$900,000"
2022-Jun,"The Boot Life, LLC",Richland,Northeast,Logistics and Distribution,5,"$164,050",0,"$29,747",2022-monthly_metrics_-_vc.pdf,6,JobsOhio Inclusion Grant,"$25,000"
2022-Jun,"Unverferth Manufacturing Company, Inc.",Van Wert & Putnam,Northwest,Advanced Manufacturing,20,"$998,400",484,"$3,300,000",2022-monthly_metrics_-_vc.pdf,6,JobsOhio Economic Development Grant,"$50,000"
2022-Jun,Walgreen Co.,Franklin,Central,Healthcare,200,"$8,546,193",0,"$18,500,000",2022-monthly_metrics_-_vc.pdf,6,JobsOhio Economic Development Grant,"$400,000"
2022-Jun,"Wieland Chase, LLC",Williams,Northwest,Advanced Manufacturing,19,"$1,112,560",285,"$5,000,000",2022-monthly_metrics_-_vc.pdf,6,JobsOhio Economic Development Grant,"$100,000"
2022-Jul,"Action Group, Inc.",Franklin,Central,Advanced Manufacturing,4,"$180,000",31,"$2,000,000",2022-monthly_metrics_-_vc.pdf,7,JobsOhio Inclusion Grant,"$25,000"
2022-Jul,Allied Tube & Conduit Corporation,Licking,Central,Advanced Manufacturing,14,"$687,980",27,"$400,000",2022-monthly_metrics_-_vc.pdf,7,JobsOhio Economic Development Grant,"$40,000"
2022-Jul,"Bunker Hill Cheese Co., Inc.",Holmes,Southeast,Food and Agribusiness,10,"$374,000",63,"$103,000",2022-monthly_metrics_-_vc.pdf,7,JobsOhio Inclusion Grant,"$50,000"
2022-Jul,"CIC Group of Ohio, INC. (CIC GROUP, INC)",Wood,Northwest,TBD,TBD,TBD,TBD,"$6,900,000",2022-monthly_metrics_-_vc.pdf,7,JobsOhio Spec Development Grant - OSIP*,"$690,000"
2022-Jul,Dewesoft LLC,Lucas,Northwest,Technology,17,"$946,100",19,"$5,933,505",2022-monthly_metrics_-_vc.pdf,7,JobsOhio Economic Development Grant,"$50,000"
2022-Jul,"EPC - Columbia, Inc.",Warren,Southwest,Advanced Manufacturing,50,"$1,924,000",28,"$2,500,000",2022-monthly_metrics_-_vc.pdf,7,JobsOhio Economic Development Grant,"$150,000"
2022-Jul,"Guided By Mushrooms, LLC",Montgomery,Western,Food and Agribusiness,4,"$124,800",2,"$77,891",2022-monthly_metrics_-_vc.pdf,7,JobsOhio Inclusion Grant,"$30,000"
2022-Jul,"Highlights for Children, Inc.",Franklin,Central,Other,20,"$1,600,000",204,$0,2022-monthly_metrics_-_vc.pdf,7,JobsOhio Workforce Grant,"$60,000"
2022-Jul,Intel Corporation,Licking,Central,Technology,3000,"$405,000,000",0,"$20,000,000,000",2022-monthly_metrics_-_vc.pdf,7,JobsOhio Economic Development Grant,"$125,000,000"
2022-Jul,"JamAdmin, Inc.",Lucas,Northwest,Automotive,45,"$1,746,000",28,"$3,555,000",2022-monthly_metrics_-_vc.pdf,7,JobsOhio Revitalization Loan,"$1,000,000"
2022-Jul,"Pristine Marine, LLC",Ottawa,Northwest,Advanced Manufacturing,4,"$99,840",0,"$114,900",2022-monthly_metrics_-_vc.pdf,7,JobsOhio Inclusion Grant,"$25,000"
2022-Jul,Reserve Premier LLC,Cuyahoga,Northeast,Other,TBD,TBD,TBD,"$19,990,000",2022-monthly_metrics_-_vc.pdf,7,JobsOhio Spec Development Grant - OSIP*,"$1,900,000"
2022-Jul,"RetireMED iQ, LLC",Hamilton& Montgomery,Southwest,Healthcare,20,"$1,156,000",82,$0,2022-monthly_metrics_-_vc.pdf,7,JobsOhio Economic Development Grant,"$25,000"
2022-Jul,"Stadco, Inc.",Greene,Western,Advanced Manufacturing,8,"$332,800",26,"$1,100,000",2022-monthly_metrics_-_vc.pdf,7,JobsOhio Inclusion Grant,"$25,000"
2022-Jul,"Tessenderlo Kerley, Inc.",Defiance,Northwest,Energy and Chemicals,17,"$1,006,320",0,"$40,000,000",2022-monthly_metrics_-_vc.pdf,7,JobsOhio Economic Development Grant,"$100,000"
2022-Jul,The Ericson Manufacturing Co.,Lake,Northeast,Advanced Manufacturing,15,"$600,000",68,"$3,300,000",2022-monthly_metrics_-_vc.pdf,7,JobsOhio Economic Development Grant,"$50,000"
2022-Jul,The Glockner Chevrolet Company,Scioto,Southeast,Other,2,"$90,000",35,"$1,315,500",2022-monthly_metrics_-_vc.pdf,7,JobsOhio Revitalization Grant,"$150,000"
2022-Jul,Trans Cycle Industries of Ohio LLC,Union,Central,Other,15,"$483,600",43,"$2,100,000",2022-monthly_metrics_-_vc.pdf,7,JobsOhio Workforce Grant,"$40,000"
2022-Jul,University of Cincinnati,Hamilton,Southwest,TBD,TBD,TBD,TBD,"$3,202,592",2022-monthly_metrics_-_vc.pdf,7,JobsOhio Spec Development Grant - OSIP*,"$1,000,000"
2022-Jul,Wellston Aerosol Manufacturing Co.,Jackson,Southeast,Advanced Manufacturing,4,"$166,400",10,"$120,000",2022-monthly_metrics_-_vc.pdf,7,JobsOhio Inclusion Grant,"$50,000"
2022-Aug,"ACI Services, Inc.",Guernsey,Southeast,Advanced Manufacturing,3,"$165,000",46,"$291,500",2022-monthly_metrics_-_vc.pdf,8,JobsOhio Inclusion Grant,"$50,000"
2022-Aug,"Alphamicron, Incorporated",Portage,Northeast,Advanced Manufacturing,20,"$1,000,000",34,"$2,700,000",2022-monthly_metrics_-_vc.pdf,8,JobsOhio Growth Fund Loan,"$1,250,000"
2022-Aug,BBI Logistics LLC,Franklin,Central,Logistics and Distribution,240,"$15,000,000",202,"$37,250,000",2022-monthly_metrics_-_vc.pdf,8,JobsOhio Workforce Grant,"$1,000,000"
2022-Aug,"D T B Distributors, Inc.",Ross,Southeast,Logistics and Distribution,3,"$122,000",8,"$700,000",2022-monthly_metrics_-_vc.pdf,8,JobsOhio Inclusion Grant,"$50,000"
2022-Aug,Ever-Roll Specialties Co.,Clark,Western,Advanced Manufacturing,5,"$290,000",25,"$160,000",2022-monthly_metrics_-_vc.pdf,8,JobsOhio Inclusion Grant,"$25,000"
2022-Aug,"First Turn Trucking, LLC",Adams,Southeast,Logistics and Distribution,5,"$208,000",25,"$155,000",2022-monthly_metrics_-_vc.pdf,8,JobsOhio Inclusion Grant,"$25,000"
2022-Aug,"Foundation Systems and Anchors, Inc.",Stark,Northeast,Advanced Manufacturing,4,"$125,000",23,"$300,000",2022-monthly_metrics_-_vc.pdf,8,JobsOhio Inclusion Grant,"$25,000"
2022-Aug,"J.V.C. Metals Company, LLC",Jackson,Southeast,Automotive,6,"$199,680",25,"$433,000",2022-monthly_metrics_-_vc.pdf,8,JobsOhio Inclusion Grant,"$50,000"
2022-Aug,Keim Lumber Company,Holmes,Southeast,Logistics and Distribution,21,"$1,153,000",633,"$4,604,700",2022-monthly_metrics_-_vc.pdf,8,JobsOhio Economic Development Grant,"$60,000"
2022-Aug,Kroger Fulfillment Network LLC,Cuyahoga,Northeast,Food and Agribusiness,400,"$18,000,000",0,"$70,000,000",2022-monthly_metrics_-_vc.pdf,8,JobsOhio Economic Development Grant,"$400,000"
2022-Aug,"Legacy Properties Group, Inc.",Cuyahoga,Northeast,Food and Agribusiness,TBD,TBD,TBD,"$31,626,617",2022-monthly_metrics_-_vc.pdf,8,JobsOhio Spec Development Grant - OSIP*,"$2,000,000"
2022-Aug,Monroe County Port Authority,Monroe,Southeast,TBD,TBD,TBD,TBD,"$25,000,000",2022-monthly_metrics_-_vc.pdf,8,JobsOhio Spec Development Grant -OSIP*,"$1,000,000"
2022-Aug,"Nature's Beauty Tree Service, LLC",Cuyahoga,Northeast,Advanced Manufacturing,3,"$112,200",4,"$413,490",2022-monthly_metrics_-_vc.pdf,8,JobsOhio Inclusion Grant,"$50,000"
2022-Aug,Picobarn LLC,Cuyahoga,Northeast,Logistics and Distribution,2,"$135,000",0,"$315,000",2022-monthly_metrics_-_vc.pdf,8,JobsOhio Inclusion Grant,"$25,000"
2022-Aug,Pixelle Specialty Solutions LLC,Ross,Southeast,Advanced Manufacturing,52,"$2,877,056",993,"$11,847,833",2022-monthly_metrics_-_vc.pdf,8,JobsOhio Workforce Grant,"$250,000"
2022-Aug,"Stat Industries, Inc.",Ross,Southeast,Advanced Manufacturing,2,"$58,240",2,"$84,000",2022-monthly_metrics_-_vc.pdf,8,JobsOhio Inclusion Grant,"$50,000"
2022-Aug,Steven Douglas Corp.,Lake,Northeast,Advanced Manufacturing,20,"$1,600,000",48,"$8,600,000",2022-monthly_metrics_-_vc.pdf,8,JobsOhio Economic Development Grant,"$150,000"
2022-Aug,Vinylmax LLC,Butler,Southwest,Advanced Manufacturing,150,"$5,616,000",274,"$4,000,000",2022-monthly_metrics_-_vc.pdf,8,JobsOhio Economic Development Grant,"$225,000"
2022-Sep,"American Colors, Inc.",Erie,Northeast,Energy and Chemicals,22,"$1,415,000",53,"$4,279,000",2022-monthly_metrics_-_vc.pdf,9,JobsOhio Economic Development Grant,"$75,000"
2022-Sep,"Augustwenty, LLC",Franklin,Central,Technology,20,"$2,142,711",29,$0,2022-monthly_metrics_-_vc.pdf,9,JobsOhio Workforce Grant,"$100,000"
2022-Sep,"BW PARTNERS, LTD.",Montgomery,Western,TBD,TBD,TBD,TBD,"$3,272,000",2022-monthly_metrics_-_vc.pdf,9,JobsOhio Spec Development Grant -OSIP*,"$200,000"
2022-Sep,Formlabs Ohio Inc.,Lucas & Wood,Northwest,Advanced Manufacturing,35,"$1,800,000",45,"$500,000",2022-monthly_metrics_-_vc.pdf,9,JobsOhio Economic Development Grant,"$100,000"
2022-Sep,"GATED Properties Global I, LLC",Montgomery,Western,TBD,TBD,TBD,TBD,"$15,431,077",2022-monthly_metrics_-_vc.pdf,9,JobsOhio Spec Development Grant - OSIP*,"$925,000"
2022-Sep,Glidepath Holdings Inc.,Hamilton,Southwest,Financial Services,150,"$12,751,440",633,"$8,000,000",2022-monthly_metrics_-_vc.pdf,9,JobsOhio Economic Development Grant,"$1,500,000"
2022-Sep,"H&H Industries, Inc.",Jackson,Southeast,Energy and Chemicals,5,"$187,200",73,"$233,000",2022-monthly_metrics_-_vc.pdf,9,JobsOhio Inclusion Grant,"$25,000"
2022-Sep,"HumanIT Solutions, LLC",Greene,Western,Technology,30,"$3,000,000",28,"$750,000",2022-monthly_metrics_-_vc.pdf,9,JobsOhio Workforce Grant,"$100,000"
2022-Sep,"LightSpeed Hosting, LLC",Portage,Northeast,Technology,8,"$408,000",5,"$280,000",2022-monthly_metrics_-_vc.pdf,9,JobsOhio Inclusion Grant,"$50,000"
2022-Sep,P&THE Manufacturing Acquisition LLC,Shelby,Western,Advanced Manufacturing,175,"$6,939,428",49,"$5,034,000",2022-monthly_metrics_-_vc.pdf,9,JobsOhio Revitalization Grant,"$900,000"
2022-Sep,"PACE Converting Equipment Co., LLC.",Cuyahoga,Northeast,Advanced Manufacturing,4,"$211,993",8,"$843,238",2022-monthly_metrics_-_vc.pdf,9,JobsOhio Inclusion Grant,"$25,000"
2022-Sep,Progressive Casualty Insurance Company,Cuyahoga,Northeast,Financial Services,35,"$1,750,000",0,"$19,000,000",2022-monthly_metrics_-_vc.pdf,9,JobsOhio Economic Development Grant,"$200,000"
2022-Sep,"Quikstir, Inc.",Ottawa,Northwest,Advanced Manufacturing,2,"$66,560",9,"$60,000",2022-monthly_metrics_-_vc.pdf,9,JobsOhio Inclusion Grant,"$25,000"
2022-Sep,Sierra Nevada Corporation,Montgomery,Western,Aerospace and Aviation,TBD,TBD,TBD,"$38,160,192",2022-monthly_metrics_-_vc.pdf,9,JobsOhio Spec Development Grant - OSIP*,"$2,500,000"
2022-Sep,"Staub Laser Cutting, Inc.",Montgomery,Western,Advanced Manufacturing,5,"$239,200",35,"$116,108",2022-monthly_metrics_-_vc.pdf,9,JobsOhio Inclusion Grant,"$25,000"
2022-Sep,"The AKA Team, Inc.",Cuyahoga,Northeast,Other,20,"$1,171,456",21,"$500,000",2022-monthly_metrics_-_vc.pdf,9,JobsOhio Inclusion Grant,"$50,000"
2022-Sep,"Total Quality Logistics, LLC",Clermont & Butler,Southwest,Logistics and Distribution,1000,"$60,000,000",2623,"$18,000,000",2022-monthly_metrics_-_vc.pdf,9,JobsOhio Economic Development Grant,"$4,000,000"
2022-Sep,"Tri-Tech Laboratories, LLC",Franklin,Central,Advanced Manufacturing,200,"$7,000,000",666,"$30,000,000",2022-monthly_metrics_-_vc.pdf,9,JobsOhio Economic Development Grant,"$250,000"
2022-Sep,"Uptown Consortium, Inc.",Hamilton,Southwest,TBD,TBD,TBD,TBD,"$778,151",2022-monthly_metrics_-_vc.pdf,9,JobsOhio Spec Development Grant -OSIP*,"$778,151"
2022-Sep,"Velocys, Inc.",Union,Central,Energy and Chemicals,19,"$1,565,000",14,"$8,500,000",2022-monthly_metrics_-_vc.pdf,9,JobsOhio Economic Development Grant,"$200,000"
2022-Sep,Vispiri Inc.,Cuyahoga,Northeast,Food and Agribusiness,25,"$1,145,000",16,"$7,893,031",2022-monthly_metrics_-_vc.pdf,9,JobsOhio Inclusion Grant,"$50,000"
2022-Oct,3251 Westerville Rd LLC,Franklin,Central,Advanced Manufacturing,150,"$7,803,120",0,"$10,076,088",2022-monthly_metrics_-_vc.pdf,10,JobsOhio Revitalization Loan,"$2,000,000"
2022-Oct,Abbott Laboratories,Miami,Western,Healthcare,123,"$7,571,000",328,"$245,500,000",2022-monthly_metrics_-_vc.pdf,10,JobsOhio Economic Development Grant,"$1,500,000"
2022-Oct,"American Quality Stripping, Inc",Erie,Northeast,Advanced Manufacturing,10,"$786,194",44,"$2,420,970",2022-monthly_metrics_-_vc.pdf,10,JobsOhio Revitalization Grant,"$100,000"
2022-Oct,City of Springfield,Clark,Western,TBD,TBD,TBD,TBD,"$9,350,000",2022-monthly_metrics_-_vc.pdf,10,JobsOhio Spec Development Grant - OSIP*,"$2,900,000"
2022-Oct,Evans Food Group Ltd.,Scioto,Southeast,Food and Agribusiness,40,"$1,500,000",126,"$2,500,000",2022-monthly_metrics_-_vc.pdf,10,JobsOhio Economic Development Grant,"$100,000"
2022-Oct,"EXXCEL Project Management, LLC",Delaware,Central,TBD,TBD,TBD,TBD,"$27,990,000",2022-monthly_metrics_-_vc.pdf,10,JobsOhio Spec Development Grant - OSIP*,"$900,000"
2022-Oct,"Fabricated Packaging Materials, Inc.",Fairfield,Central,Advanced Manufacturing,85,"$2,845,880",44,"$900,000",2022-monthly_metrics_-_vc.pdf,10,JobsOhio Economic Development Grant,"$175,000"
2022-Oct,"Fleet Team, Inc.",Cuyahoga,Northeast,Logistics and Distribution,91,"$6,670,000",55,"$8,675,000",2022-monthly_metrics_-_vc.pdf,10,JobsOhio Revitalization Grant,"$500,000"
2022-Oct,"Forge Biologics, Inc.",Franklin,Central,Healthcare,150,"$12,000,000",26,"$45,000,000",2022-monthly_metrics_-_vc.pdf,10,JobsOhio Workforce Grant,"$1,500,000"
2022-Oct,FRAM Group Operations LLC,Darke,Western,Advanced Manufacturing,22,"$990,500",342,"$7,650,000",2022-monthly_metrics_-_vc.pdf,10,JobsOhio Workforce Grant,"$40,000"
2022-Oct,"Great Lakes Smoked Meats, LLC",Lorain,Northeast,Food and Agribusiness,20,"$990,000",14,"$1,925,000",2022-monthly_metrics_-_vc.pdf,10,JobsOhio Revitalization Grant,"$175,000"
2022-Oct,"Green Fox Plastics, LLC",Holmes,Southeast,Advanced Manufacturing,12,"$675,000",11,"$6,298,429",2022-monthly_metrics_-_vc.pdf,10,JobsOhio Inclusion Grant,"$40,000"
2022-Oct,"JTM Provisions Company, Inc.",Hamilton,Southwest,Food and Agribusiness,22,"$1,000,000",539,"$60,000,000",2022-monthly_metrics_-_vc.pdf,10,JobsOhio Economic Development Grant,"$125,000"
2022-Oct,"LG Chem America, Inc.",Portage,Northeast,Automotive,72,"$4,735,474",0,"$85,800,100",2022-monthly_metrics_-_vc.pdf,10,JobsOhio Economic Development Grant,"$1,000,000"
2022-Oct,Marietta Memorial Hospital,Washington,Southeast,Healthcare,5,"$186,400",22,"$1,359,406",2022-monthly_metrics_-_vc.pdf,10,JobsOhio Revitalization Grant,"$100,000"
2022-Oct,"Renewable Lubricants, Inc.",Portage & Stark,Northeast,Energy and Chemicals,5,"$425,000",10,"$825,000",2022-monthly_metrics_-_vc.pdf,10,JobsOhio Inclusion Grant,"$25,000"
2022-Oct,Robinson Fin Machines Inc,Hardin,Northwest,Advanced Manufacturing,5,"$188,552",44,"$50,000",2022-monthly_metrics_-_vc.pdf,10,JobsOhio Inclusion Grant,"$25,000"
2022-Oct,Salem-Republic Rubber Company,Mahoning,Northeast,Advanced Manufacturing,28,"$1,456,000",53,"$3,400,000",2022-monthly_metrics_-_vc.pdf,10,JobsOhio Growth Fund Loan,"$1,375,000"
2022-Oct,"Skylight Partners, Inc.",Hamilton,Southwest,Other,25,"$1,375,000",24,$0,2022-monthly_metrics_-_vc.pdf,10,JobsOhio Inclusion Grant,"$50,000"
2022-Oct,"Star Turbine, Inc.",Marion,Central,Advanced Manufacturing,19,"$858,629",45,"$1,000,000",2022-monthly_metrics_-_vc.pdf,10,JobsOhio Economic Development Grant,"$50,000"
2022-Oct,"The Hillman Group, Inc.",Hamilton,Southwest,Advanced Manufacturing,60,"$6,000,000",210,"$3,800,000",2022-monthly_metrics_-_vc.pdf,10,JobsOhio Economic Development Grant,"$500,000"
2022-Oct,The Kendall Group,Montgomery,Western,Advanced Manufacturing,20,"$1,215,100",38,"$16,919,039",2022-monthly_metrics_-_vc.pdf,10,JobsOhio Economic Development Grant,"$75,000"
2022-Oct,"TJX Digital, Inc.",Montgomery,Western,Logistics and Distribution,820,"$51,688,000",0,"$40,000,000",2022-monthly_metrics_-_vc.pdf,10,JobsOhio Workforce Grant,"$250,000"
2022-Oct,"TJX Digital, Inc.",Montgomery,Western,Logistics and Distribution,820,"$51,688,000",0,"$40,000,000",2022-monthly_metrics_-_vc.pdf,10,JobsOhio Economic Development Grant,"$250,000"
2022-Oct,Trucent Renewable Chemicals LLC,Van Wert,Northwest,Energy and Chemicals,21,"$1,020,000",0,"$11,090,000",2022-monthly_metrics_-_vc.pdf,10,JobsOhio Growth Fund Loan,"$1,000,000"
2022-Nov,3251 Westerville Rd LLC,Franklin,Central,Advanced Manufacturing,150,"$7,803,120",0,"$10,076,088",2022-monthly_metrics_-_vc.pdf,11,JobsOhio Revitalization Grant,"$2,000,000"
2022-Nov,ADB Safegate Americas LLC,Franklin,Central,Advanced Manufacturing,24,"$2,200,000",202,"$1,500,000",2022-monthly_metrics_-_vc.pdf,11,JobsOhio Economic Development Grant,"$200,000"
2022-Nov,"Arc Healthcare, LLC",Franklin,Central,Healthcare,5,"$390,000",7,$0,2022-monthly_metrics_-_vc.pdf,11,JobsOhio Inclusion Grant,"$25,000"
2022-Nov,Automated Converting Solutions Inc,Stark,Northeast,Advanced Manufacturing,7,"$350,000",7,"$550,000",2022-monthly_metrics_-_vc.pdf,11,JobsOhio Inclusion Grant,"$25,000"
2022-Nov,"Church & Dwight Co., Inc.",Seneca,Northwest,Energy and Chemicals,80,"$4,160,000",309,"$50,000,000",2022-monthly_metrics_-_vc.pdf,11,JobsOhio Economic Development Grant,"$300,000"
2022-Nov,"Cozzini Bros., Inc.",Mahoning,Northeast,Other,35,"$1,456,000",0,"$1,150,000",2022-monthly_metrics_-_vc.pdf,11,JobsOhio Economic Development Grant,"$50,000"
2022-Nov,"Cold Jet, LLC",Clermont,Southwest,Advanced Manufacturing,67,"$5,025,000",120,"$4,912,797",2022-monthly_metrics_-_vc.pdf,11,JobsOhio Economic Development Grant,"$425,000"
2022-Nov,Eve Energy North America Corporation,Delaware,Central,Automotive,12,"$1,320,000",8,"$5,710,000",2022-monthly_metrics_-_vc.pdf,11,JobsOhio Research & Development Grant,"$1,000,000"
2022-Nov,"Fresh Bloom Bins, Inc.",Franklin,Central,Other,3,"$106,080",1,$0,2022-monthly_metrics_-_vc.pdf,11,JobsOhio Inclusion Grant,"$50,000"
2022-Nov,"GA Telesis Engine Services, LLC",Clinton,Western,Aerospace and Aviation,50,"$3,000,000",0,$0,2022-monthly_metrics_-_vc.pdf,11,JobsOhio Revitalization Grant,"$200,000"
2022-Nov,"Geis Construction, Inc.",Portage,Northeast,TBD,TBD,TBD,TBD,"$86,647,522",2022-monthly_metrics_-_vc.pdf,11,JobsOhio Spec Development Grant - OSIP*,"$2,000,000"
2022-Nov,Hearth Products Controls Co.,Montgomery,Western,Advanced Manufacturing,20,"$873,000",48,"$417,000",2022-monthly_metrics_-_vc.pdf,11,JobsOhio Workforce Grant,"$50,000"
2022-Nov,Howmet Aerospace Inc.,Ross,Southeast,Automotive,4,"$150,000",26,"$1,539,453",2022-monthly_metrics_-_vc.pdf,11,JobsOhio Revitalization Grant,"$100,000"
2022-Nov,IMCO Carbide Tool Inc.,Wood,Northwest,Advanced Manufacturing,92,"$4,693,831",98,"$38,963,327",2022-monthly_metrics_-_vc.pdf,11,JobsOhio Economic Development Grant,"$500,000"
2022-Nov,,,,,,,,,2022-monthly_metrics_-_vc.pdf,11,JobsOhio Workforce Grant,"$300,000"
2022-Nov,"Industrial Recyclers, LLC",Shelby,Western,Advanced Manufacturing,20,"$1,040,000",18,"$9,235,622",2022-monthly_metrics_-_vc.pdf,11,JobsOhio Workforce Grant,"$50,000"
2022-Nov,"JTW, Inc.",Richland,Northeast,Advanced Manufacturing,7,"$316,880",23,"$1,617,581",2022-monthly_metrics_-_vc.pdf,11,JobsOhio Inclusion Grant,"$50,000"
2022-Nov,"MAK Engineering, LLC",Franklin,Central,Advanced Manufacturing,0,$0,2,"$25,000",2022-monthly_metrics_-_vc.pdf,11,JobsOhio Inclusion Grant,"$25,000"
2022-Nov,"ORBCC Production, LLC",Cuyahoga,Northeast,Food and Agribusiness,8,"$281,725",4,"$1,200,000",2022-monthly_metrics_-_vc.pdf,11,JobsOhio Inclusion Grant,"$25,000"
2022-Nov,Orveon Global US LLC,Franklin,Central,Other,150,"$15,000,000",0,$0,2022-monthly_metrics_-_vc.pdf,11,JobsOhio Workforce Grant,"$500,000"
2022-Nov,"Smith Brothers Creamery, LLC",Morgan,Southeast,Food and Agribusiness,2,"$62,400",0,"$168,996",2022-monthly_metrics_-_vc.pdf,11,JobsOhio Inclusion Grant,"$50,000"
2022-Nov,"Smucker Innovation, Inc.",Wayne,Northeast,Food and Agribusiness,35,"$2,000,000",1795,"$13,000,000",2022-monthly_metrics_-_vc.pdf,11,JobsOhio Research & Development Grant,"$1,000,000"
2022-Nov,"Swihart Industries, Inc.",Montgomery,Western,Advanced Manufacturing,3,"$141,440",21,"$103,992",2022-monthly_metrics_-_vc.pdf,11,JobsOhio Inclusion Grant,"$50,000"
2022-Nov,The Kroger Co.,Licking,Central,Food and Agribusiness,7,"$350,000",145,"$70,000,000",2022-monthly_metrics_-_vc.pdf,11,JobsOhio Workforce Grant,"$105,000"
2022-Dec,"1865, LLC",Franklin,Central,Financial Services,13,"$1,215,200",5,"$439,807",2022-monthly_metrics_-_vc.pdf,12,JobsOhio Inclusion Grant,"$150,000"
2022-Dec,"AssureCare, LLC",Hamilton,Southwest,Healthcare,100,"$10,000,000",45,"$8,100,000",2022-monthly_metrics_-_vc.pdf,12,JobsOhio Economic Development Grant,"$750,000"
2022-Dec,Behr Process Corporation,Licking,Central,Energy and Chemicals,90,"$4,390,000",0,"$80,000,000",2022-monthly_metrics_-_vc.pdf,12,JobsOhio Economic Development Grant,"$1,000,000"
2022-Dec,"Bellisio Foods, Inc.",Jackson,Southeast,Food and Agribusiness,177,"$13,264,200",1663,"$40,000,000",2022-monthly_metrics_-_vc.pdf,12,JobsOhio Economic Development Grant,"$200,000"
2022-Dec,"Berkshire Refrigerated Warehousing, LLC",Lorain,Northeast,Food and Agribusiness,90,"$5,040,000",0,"$24,340,000",2022-monthly_metrics_-_vc.pdf,12,JobsOhio Economic Development Grant,"$500,000"
2022-Dec,"Bullen Ultrasonics, Inc.",Preble,Western,Advanced Manufacturing,55,"$3,245,000",120,"$14,780,000",2022-monthly_metrics_-_vc.pdf,12,JobsOhio Research & Development Grant,"$1,000,000"
2022-Dec,Decked LLC,Defiance,Northwest,Automotive,36,"$2,445,000",36,"$15,823,000",2022-monthly_metrics_-_vc.pdf,12,JobsOhio Economic Development Grant,"$100,000"
2022-Dec,"Edgar Joseph Group, LLC",Trumbull,Northeast,Food and Agribusiness,15,"$561,600",2,"$245,000",2022-monthly_metrics_-_vc.pdf,12,JobsOhio Inclusion Grant,"$50,000"
2022-Dec,"Erie Bone Broth, LLC",Cuyahoga,Northeast,Food and Agribusiness,10,"$340,340",8,"$370,000",2022-monthly_metrics_-_vc.pdf,12,JobsOhio Inclusion Grant,"$50,000"
2022-Dec,"Exor Electronic Research and Development, Inc.",Butler,Southwest,Advanced Manufacturing,9,"$540,000",7,"$2,500,000",2022-monthly_metrics_-_vc.pdf,12,JobsOhio Growth Fund Loan,"$500,000"
2022-Dec,"General Mills Operations, LLC",Jackson,Southeast,Food and Agribusiness,30,"$1,500,000",974,"$100,000,000",2022-monthly_metrics_-_vc.pdf,12,JobsOhio Economic Development Grant,"$400,000"
2022-Dec,"Greenpoint Metals, Inc.",Preble,Western,Advanced Manufacturing,30,"$1,372,800",30,"$17,000,000",2022-monthly_metrics_-_vc.pdf,12,JobsOhio Economic Development Grant,"$60,000"
2022-Dec,"Hanlon Composites, LLC",Cuyahoga,Northeast,Advanced Manufacturing,9,"$318,200",16,"$25,000",2022-monthly_metrics_-_vc.pdf,12,JobsOhio Inclusion Grant,"$50,000"
2022-Dec,"Harris Battery Company, Inc.",Tuscarawas,Northeast,Advanced Manufacturing,15,"$811,200",25,"$644,000",2022-monthly_metrics_-_vc.pdf,12,JobsOhio Economic Development Grant,"$50,000"
2022-Dec,Intel Corporation,Licking,Central,Technology,3000,"$405,000,000",0,"$20,000,000,000",2022-monthly_metrics_-_vc.pdf,12,JobsOhio Workforce Grant,"$25,000,000"
2022-Dec,"Livi Steel, Inc.",Trumbull,Northeast,Advanced Manufacturing,3,"$114,878",27,"$70,000",2022-monthly_metrics_-_vc.pdf,12,JobsOhio Inclusion Grant,"$25,000"
2022-Dec,"Magna Seating of America, Inc.",Fairfield,Central,Automotive,224,"$9,842,144",390,"$5,977,700",2022-monthly_metrics_-_vc.pdf,12,JobsOhio Economic Development Grant,"$850,000"
2022-Dec,"Mullet Cabinets, Inc.",Holmes,Southeast,Advanced Manufacturing,20,"$832,000",204,"$3,270,208",2022-monthly_metrics_-_vc.pdf,12,JobsOhio Economic Development Grant,"$65,000"
2022-Dec,Mum Industries Inc.,Lake,Northeast,Advanced Manufacturing,45,"$2,106,000",92,"$16,125,000",2022-monthly_metrics_-_vc.pdf,12,JobsOhio Economic Development Grant,"$100,000"
2022-Dec,"North Jackson Specialty Steel, LLC",Mahoning,Northeast,Advanced Manufacturing,10,"$440,000",99,"$11,800,000",2022-monthly_metrics_-_vc.pdf,12,JobsOhio Economic Development Grant,"$50,000"
2022-Dec,ORBIS Corporation Of Wisconsin (ORBIS Corporation),Champaign,Western,Advanced Manufacturing,46,"$2,600,000",324,"$38,200,000",2022-monthly_metrics_-_vc.pdf,12,JobsOhio Economic Development Grant,"$100,000"
2022-Dec,"R. K. Administrative Services, LLC",Pike,Southeast,Logistics and Distribution,200,"$7,712,931",515,"$33,275,000",2022-monthly_metrics_-_vc.pdf,12,JobsOhio Revitalization Grant,"$800,000"
2022-Dec,"Scott Steel, LLC",Miami,Western,Advanced Manufacturing,0,TBD,0,$0,2022-monthly_metrics_-_vc.pdf,12,JobsOhio Revitalization Phase II Grant,"$111,445"
2022-Dec,Sierra Nevada Corporation,Montgomery,Western,Aerospace and Aviation,147,"$10,830,000",0,$0,2022-monthly_metrics_-_vc.pdf,12,JobsOhio Economic Development Grant,"$500,000"
2022-Dec,"Timberlane Finish Solutions, LLC",Richland,Northeast,Logistics and Distribution,5,"$225,000",9,"$93,000",2022-monthly_metrics_-_vc.pdf,12,JobsOhio Inclusion Grant,"$25,000"
2022-Dec,Viscus Biologics LLC,Cuyahoga,Northeast,Healthcare,21,"$1,575,000",13,"$2,300,000",2022-monthly_metrics_-_vc.pdf,12,JobsOhio Economic Development Grant,"$100,000"
2022-Dec,"Yellowstone Industrial, LLC",Trumbull,Northeast,Advanced Manufacturing,25,"$1,097,850",0,3526250,2022-monthly_metrics_-_vc.pdf,12,JobsOhio Revitalization Grant,"$200,000"
2022-Dec,,,,,,,,,2022-monthly_metrics_-_vc.pdf,12,,"$404,312"
2023-Jan,"Alliance Automation, LLC",Van Wert,Northwest,Advanced Manufacturing,60,"$4,000,000",83,"$7,665,302",2023_monthly_metrics-vc.pdf,1,JOL-JobsOhio Loan,"$2,500,000"
2023-Jan,"American Heavy Plate Solutions, LLC",Monroe,Southeast,Advanced Manufacturing,15,"$756,151",130,"$10,000,000",2023_monthly_metrics-vc.pdf,1,JORG-JobsOhio Revitalization Grant,"$100,000"
2023-Jan,"Art Technologies, LLC",Butler,Southwest,Automotive,15,"$750,000",37,"$4,782,864",2023_monthly_metrics-vc.pdf,1,JOL-JobsOhio Loan,"$800,000"
2023-Jan,"Becker Equipment, LLC",Butler,Southwest,Advanced Manufacturing,7,"$380,000",8,"$170,000",2023_monthly_metrics-vc.pdf,1,JOIG-JobsOhio Inclusion Grant,"$50,000"
2023-Jan,Biery Cheese Co.,Stark,Northeast,Food and Agribusiness,51,"$2,272,733",449,"$2,500,000",2023_monthly_metrics-vc.pdf,1,JOG-JobsOhio Grant,"$250,000"
2023-Jan,"Brighton TruEdge Heads & Fabricated Products, Inc.",Hamilton,Southwest,Advanced Manufacturing,21,"$1,243,320",79,"$2,032,640",2023_monthly_metrics-vc.pdf,1,JOG-JobsOhio Grant,"$50,000"
2023-Jan,Certifiably Incorporated,Hamilton,Southwest,Technology,2,"$150,000",0,$0,2023_monthly_metrics-vc.pdf,1,JOIG-JobsOhio Inclusion Grant,"$25,000"
2023-Jan,Clouse Construction Corp,Seneca,Northwest,TBD,TBD,TBD,TBD,"$4,338,130",2023_monthly_metrics-vc.pdf,1,JOSDGO-JobsOhio Spec Development Grant-OSIP*,"$140,580"
2023-Jan,Counts Remodel & Design LLC,Lucas,Northwest,Advanced Manufacturing,0,$0,0,$0,2023_monthly_metrics-vc.pdf,1,JORG-Phase II,"$14,091"
2023-Jan,Discover Products Inc.,Franklin,Central,Financial Services,20,"$845,000",2074,"$16,000,000",2023_monthly_metrics-vc.pdf,1,JORG-JobsOhio Revitalization Grant,"$400,000"
2023-Jan,"Honda Development & Manufacturing of America, LLC",Fayette,Western,Automotive,2200,"$117,603,200",0,"$3,500,000,000",2023_monthly_metrics-vc.pdf,1,JOG-JobsOhio Grant,"$140,000,000"
2023-Jan,,,,,,,,,2023_monthly_metrics-vc.pdf,1,JOW-JobsOhio Workforce,"$10,000,000"
2023-Jan,"Honda Development & Manufacturing of America, LLC","Union, Logan, Shelby",Multi-Regional,Automotive,327,"$22,663,493",8023,"$710,000,000",2023_monthly_metrics-vc.pdf,1,JOG-JobsOhio Grant,"$87,000,000"
2023-Jan,"Innovision Automation, LTD",Richland,Northeast,Advanced Manufacturing,8,"$455,000",22,"$800,000",2023_monthly_metrics-vc.pdf,1,JOIG-JobsOhio Inclusion Grant,"$40,000"
2023-Jan,"KARSS Group, LLC",Shelby,Western,TBD,TBD,TBD,TBD,"$3,862,593",2023_monthly_metrics-vc.pdf,1,JOSDGO-JobsOhio Spec Development Grant-OSIP*,"$450,000"
2023-Jan,Knight Material Technologies LLC,Stark,Northeast,Energy and Chemicals,45,"$2,565,000",117,"$10,500,000",2023_monthly_metrics-vc.pdf,1,JOG-JobsOhio Grant,"$100,000"
2023-Jan,"M & W Electric Manufacturing Co., LLC",Columbiana,Northeast,Advanced Manufacturing,2,"$76,000",7,"$105,000",2023_monthly_metrics-vc.pdf,1,JOIG-JobsOhio Inclusion Grant,"$25,000"
2023-Jan,"Micro Machine Works, Inc.",Washington,Southeast,Advanced Manufacturing,6,"$235,000",15,"$650,000",2023_monthly_metrics-vc.pdf,1,JOIG-JobsOhio Inclusion Grant,"$40,000"
2023-Jan,NetJets Inc.,Franklin,Central,Aerospace and Aviation,154,"$12,782,000",1516,$0,2023_monthly_metrics-vc.pdf,1,JOW-JobsOhio Workforce,"$700,000"
2023-Jan,Pharmavite LLC,Licking,Central,Healthcare,225,"$14,700,000",0,"$200,000,000",2023_monthly_metrics-vc.pdf,1,JOG-JobsOhio Grant,"$1,800,000"
2023-Jan,,,,,,,,,2023_monthly_metrics-vc.pdf,1,JOW-JobsOhio Workforce,"$125,000"
2023-Jan,"Phoenix Technologies International, LLC",Wood,Northwest,Advanced Manufacturing,26,"$1,135,680",104,"$20,000,000",2023_monthly_metrics-vc.pdf,1,JOW-JobsOhio Workforce,"$75,000"
2023-Jan,Port of Greater Cincinnati Development Authority,Hamilton,Southwest,TBD,TBD,TBD,TBD,"$32,650,000",2023_monthly_metrics-vc.pdf,1,JOSDGO-JobsOhio Spec Development Grant-OSIP*,"$1,300,000"
2023-Jan,Products Chemical Company LLC,Cuyahoga,Northeast,Energy and Chemicals,3,"$170,000",6,"$800,000",2023_monthly_metrics-vc.pdf,1,JOIG-JobsOhio Inclusion Grant,"$25,000"
2023-Jan,"Randall, Richard and Moore, LLC",Stark,Northeast,Food and Agribusiness,6,"$300,000",4,"$591,000",2023_monthly_metrics-vc.pdf,1,JOIG-JobsOhio Inclusion Grant,"$25,000"
2023-Jan,Rotary Seamer Specialist Group LLC,Summit,Northeast,Food and Agribusiness,5,"$344,000",0,"$280,000",2023_monthly_metrics-vc.pdf,1,JOIG-JobsOhio Inclusion Grant,"$25,000"
2023-Jan,"Safecor Health, LLC",Franklin,Central,Healthcare,100,"$5,500,000",129,"$2,700,000",2023_monthly_metrics-vc.pdf,1,JOW-JobsOhio Workforce,"$150,000"
2023-Jan,"SFG Industrial Investments, LLC",Franklin,Central,TBD,TBD,TBD,TBD,"$67,724,553",2023_monthly_metrics-vc.pdf,1,JOSDGO-JobsOhio Spec Development Grant-OSIP*,"$1,950,000"
2023-Jan,Southeastern Ohio Port Authority,Washington,Southeast,TBD,TBD,TBD,TBD,"$370,100",2023_monthly_metrics-vc.pdf,1,JOSDGO-JobsOhio Spec Development Grant-OSIP*,"$182,200"
2023-Jan,Sugaright LLC,Hamilton,Southwest,Food and Agribusiness,39,"$2,085,203",0,"$5,499,082",2023_monthly_metrics-vc.pdf,1,JOG-JobsOhio Grant,"$100,000"
2023-Jan,"Tower Automotive Operations USA I, LLC",Sandusky,Northwest,Automotive,150,"$8,500,000",290,"$15,000,000",2023_monthly_metrics-vc.pdf,1,JOG-JobsOhio Grant,"$300,000"
2023-Jan,"Trew, LLC",Butler,Southwest,Advanced Manufacturing,75,"$8,832,000",145,"$32,129,000",2023_monthly_metrics-vc.pdf,1,JORDG-JobsOhio R&D Grant,"$4,000,000"
2023-Jan,"Zebco Industries, Inc.",Fairfield,Central,Advanced Manufacturing,3,"$124,800",20,"$185,000",2023_monthly_metrics-vc.pdf,1,JOIG-JobsOhio Inclusion Grant,"$50,000"
2023-Feb,Akron Honey Company Ltd,Summit,Northeast,Food and Agribusiness,2,"$83,200",0,"$100,000",2023_monthly_metrics-vc.pdf,2,JobsOhio Inclusion Grant,"$50,000"
2023-Feb,"BMW Financial Services NA, LLC",Franklin,Central,Financial Services,0,TBD,760,$0,2023_monthly_metrics-vc.pdf,2,JobsOhio Workforce Grant,"$1,000,000"
2023-Feb,"Brownie Points, LLC",Franklin,Central,Food and Agribusiness,5,"$187,500",27,"$48,000",2023_monthly_metrics-vc.pdf,2,JobsOhio Inclusion Grant,"$50,000"
2023-Feb,"Carpe Diem Industries, LLC",Allen,Northwest,Advanced Manufacturing,5,"$208,000",31,"$798,693",2023_monthly_metrics-vc.pdf,2,JobsOhio Inclusion Grant,"$25,000"
2023-Feb,Cover-Pools Incorporated,Mahoning,Northeast,Advanced Manufacturing,25,"$1,050,000",0,"$485,000",2023_monthly_metrics-vc.pdf,2,JobsOhio Economic Development Grant,"$75,000"
2023-Feb,Custom Control Technologies LLC,Richland,Northeast,Advanced Manufacturing,9,"$450,000",15,"$800,000",2023_monthly_metrics-vc.pdf,2,JobsOhio Economic Development Grant,"$100,000"
2023-Feb,"Dove Die & Stamping, LLC",Cuyahoga,Northeast,Advanced Manufacturing,12,"$536,640",31,"$553,000",2023_monthly_metrics-vc.pdf,2,JobsOhio Economic Development Grant,"$33,000"
2023-Feb,"ECP OAKRIDGE LAU PARKWAY HOLDINGS, LLC",Montgomery,Western,TBD,TBD,TBD,TBD,"$17,577,753",2023_monthly_metrics-vc.pdf,2,JobsOhio Spec Development Grant*,"$1,000,000"
2023-Feb,"Enable Injections, Inc.",Hamilton and Warren,Southwest,Healthcare,257,"$19,865,376",193,"$124,000,000",2023_monthly_metrics-vc.pdf,2,JobsOhio Economic Development Grant,"$2,000,000"
2023-Feb,"Epsilon C5I, Inc.",Greene,Western,Technology,200,"$25,001,600",3,"$1,500,000",2023_monthly_metrics-vc.pdf,2,JobsOhio Economic Development Grant,"$500,000"
2023-Feb,FABA Machine Services LLC,Franklin,Central,Advanced Manufacturing,0,$0,3,"$30,000",2023_monthly_metrics-vc.pdf,2,JobsOhio Inclusion Grant,"$50,000"
2023-Feb,Holland Waverly LLC,Richland,Northeast,TBD,TBD,TBD,TBD,"$14,845,999",2023_monthly_metrics-vc.pdf,2,JobsOhio Spec Development Grant*,"$1,000,000"
2023-Feb,"Industrial Reliability and Repair, LLC",Ross,Southeast,Advanced Manufacturing,20,"$900,000",35,"$250,000",2023_monthly_metrics-vc.pdf,2,JobsOhio Economic Development Grant,"$50,000"
2023-Feb,"King's Command Foods (2022), LLC",Darke,Western,Food and Agribusiness,60,"$3,494,400",150,"$20,400,000",2023_monthly_metrics-vc.pdf,2,JobsOhio Economic Development Grant,"$425,000"
2023-Feb,"Logan Glass Technologies, LLC",Hocking,Southeast,Advanced Manufacturing,18,"$1,350,332",0,"$2,250,000",2023_monthly_metrics-vc.pdf,2,JobsOhio Economic Development Grant,"$65,000"
2023-Feb,Martin Materials Solutions LLC,Summit,Northeast,Advanced Manufacturing,3,"$240,000",0,"$170,000",2023_monthly_metrics-vc.pdf,2,JobsOhio Inclusion Grant,"$25,000"
2023-Feb,"Mills Barnett Sirris Holdings II, LLC",Greene,Western,TBD,TBD,TBD,TBD,"$13,274,200",2023_monthly_metrics-vc.pdf,2,JobsOhio Spec Development Grant*,"$1,000,000"
2023-Feb,"Oxyrase, Inc.",Richland,Northeast,Healthcare,3,"$147,680",15,"$155,500",2023_monthly_metrics-vc.pdf,2,JobsOhio Inclusion Grant,"$25,000"
2023-Feb,"R.L. Cole Enterprise, Inc.",Cuyahoga,Northeast,Logistics and Distribution,3,"$128,960",8,"$100,000",2023_monthly_metrics-vc.pdf,2,JobsOhio Inclusion Grant,"$50,000"
2023-Feb,"Rust Belt Riders Composting, LLC",Cuyahoga,Northeast,Food and Agribusiness,5,"$218,400",23,$0,2023_monthly_metrics-vc.pdf,2,JobsOhio Inclusion Grant,"$25,000"
2023-Feb,"Schlatter's, LLC",Paulding,Northwest,Other,4,"$180,000",17,"$156,750",2023_monthly_metrics-vc.pdf,2,JobsOhio Inclusion Grant,"$25,000"
2023-Feb,Steelite International U.S.A. Inc.,Mahoning,Northeast,Advanced Manufacturing,15,"$1,250,000",14,"$850,000",2023_monthly_metrics-vc.pdf,2,JobsOhio Economic Development Grant,"$400,000"
2023-Feb,Tekion Corp.,Butler,Southwest,Technology,103,"$7,519,000",2,$0,2023_monthly_metrics-vc.pdf,2,JobsOhio Economic Development Grant,"$100,000"
2023-Feb,"The JonesZylon Company, LLC",Coshocton,Southeast,Logistics and Distribution,1,"$55,000",9,"$90,000",2023_monthly_metrics-vc.pdf,2,JobsOhio Inclusion Grant,"$50,000"
2023-Feb,The Scotts Miracle-Gro Company,Union,Central,Energy and Chemicals,35,"$1,872,000",70,"$373,600",2023_monthly_metrics-vc.pdf,2,JobsOhio Economic Development Grant,"$160,000"
2023-Feb,Vertiv Corporation,Delaware,Central,Technology,100,"$8,000,000",706,"$2,160,000",2023_monthly_metrics-vc.pdf,2,JobsOhio Economic Development Grant,"$500,000"
2023-Feb,Whirlpool Corporation,Putnam,Northwest,Advanced Manufacturing,100,"$3,731,520",459,"$67,620,000",2023_monthly_metrics-vc.pdf,2,JobsOhio Economic Development Grant,"$1,000,000"
2023-Mar,1 Global Service LLC,Adams,Southeast,Automotive,30,"$1,200,000",7,"$1,500,000 JobsOhio",2023_monthly_metrics-vc.pdf,3,Economic Development Grant,"$75,000"
2023-Mar,"Angry Irishman, LLC",Ottawa,Northwest,Food and Agribusiness,4,"$200,000",1,"$400,000 JobsOhio",2023_monthly_metrics-vc.pdf,3,Inclusion Grant,"$25,000"
2023-Mar,Apogee Engineering LLC,Greene,Western,Technology,150,"$15,000,000",97,"$1,236,000 JobsOhio",2023_monthly_metrics-vc.pdf,3,Economic Development Grant,"$350,000"
2023-Mar,"Bernard Laboratories, Inc.",Hamilton,Southwest,Energy and Chemicals,15,"$913,120",21,"$122,500 JobsOhio",2023_monthly_metrics-vc.pdf,3,Inclusion Grant,"$50,000"
2023-Mar,"Coffman Corvette, LLC",Richland,Northeast,Automotive,6,"$320,000",8,"$210,000 JobsOhio",2023_monthly_metrics-vc.pdf,3,Inclusion Grant,"$25,000"
2023-Mar,"Hometown Apparel & Screen Printing, LLC",Ross,Southeast,Advanced Manufacturing,6,"$279,240",4,"$305,000 JobsOhio",2023_monthly_metrics-vc.pdf,3,Inclusion Grant,"$25,000"
2023-Mar,"IRG Moraine, LLC",Montgomery,Western,TBD,TBD,TBD,TBD,"$8,172,401 JobsOhio",2023_monthly_metrics-vc.pdf,3,Spec Development Grant -OSIP*,"$820,000"
2023-Mar,"J & B Feed Company, LLC",Fulton,Northwest,Food and Agribusiness,2,"$75,000",3,"$80,000 JobsOhio",2023_monthly_metrics-vc.pdf,3,Inclusion Grant,"$25,000"
2023-Mar,Lateral Gig LLC,Ottawa,Northwest,Advanced Manufacturing,6,"$249,600",3,"$60,000 JobsOhio",2023_monthly_metrics-vc.pdf,3,Inclusion Grant,"$25,000"
2023-Mar,"Lopaus Point, LLC",Franklin,Central,Food and Agribusiness,2,"$125,000",5,"$250,000 JobsOhio",2023_monthly_metrics-vc.pdf,3,Inclusion Grant,"$50,000"
2023-Mar,"Midwest Industrial Supply, Inc.",Stark,Northeast,Energy and Chemicals,15,"$1,200,000",52,"$1,145,000 JobsOhio",2023_monthly_metrics-vc.pdf,3,Economic Development Grant,"$75,000"
2023-Mar,"MJM Logistics, LLC",Ross,Southeast,Automotive,120,"$6,244,485",20,"$999,000 JobsOhio",2023_monthly_metrics-vc.pdf,3,Revitalization Grant,"$400,000"
2023-Mar,"MPR Supply Chain Solutions (Mountaineer Products, Inc.)",Belmont,Southeast,Energy and Chemicals,0,$0,0,"$8,760,000 JobsOhio",2023_monthly_metrics-vc.pdf,3,Spec Development Loan - OSIP*,"$2,000,000"
2023-Mar,"P & L Metalcrafts, LLC",Mahoning,Northeast,Advanced Manufacturing,8,"$387,840",16,"$2,010,000 JobsOhio",2023_monthly_metrics-vc.pdf,3,Inclusion Grant,"$50,000"
2023-Mar,"Pegasus Industries, LLC",Ross,Southeast,Automotive,121,"$5,033,600",154,"$2,000,000 JobsOhio",2023_monthly_metrics-vc.pdf,3,Economic Development Grant,"$200,000"
2023-Mar,"Prescription Bliss, LLC",Logan,Central,Healthcare,2,"$80,000",6,,2023_monthly_metrics-vc.pdf,3,$0 JobsOhio Inclusion Grant,"$50,000"
2023-Mar,Resonant Sciences LLC,Greene,Western,Aerospace and Aviation,225,"$18,000,000",113,"$7,650,000",2023_monthly_metrics-vc.pdf,3,JobsOhio Economic Development Grant,"$1,300,000"
2023-Mar,River City Leather Inc,Gallia,Southeast,Advanced Manufacturing,3,"$99,045",11,"$157,800 JobsOhioInclusionGrant",2023_monthly_metrics-vc.pdf,3,,"$50,000"
2023-Mar,SR 29 West Jeff LLC,Madison,Central,TBD,TBD,TBD,TBD,"$26,130,189 JobsOhio",2023_monthly_metrics-vc.pdf,3,Spec Development Grant - OSIP*,"$1,000,000"
2023-Mar,"Starr's Auto Body, LLC",Ross,Southeast,Automotive,150,"$7,488,000",0,"$2,200,000 JobsOhio",2023_monthly_metrics-vc.pdf,3,Economic Development Grant,"$200,000"
2023-Mar,The Woodhill Plating Works Company,Cuyahoga,Northeast,Advanced Manufacturing,2,"$76,960",5,"$42,500 JobsOhio",2023_monthly_metrics-vc.pdf,3,Inclusion Grant,"$25,000"
2023-Mar,Trivium Aluminum Packaging USA,Mahoning,Northeast,Advanced Manufacturing,93,"$6,159,386",394,"$51,000,000 JobsOhio",2023_monthly_metrics-vc.pdf,3,Workforce Grant,"$400,000"
2023-Mar,,,Western,,15,"$624,000",,,2023_monthly_metrics-vc.pdf,3,,"$45,000"
2023-Mar,Van Wert Forward,Van Wert,Northwest,Other,,,10,"$19,475000 JobsOhio",2023_monthly_metrics-vc.pdf,3,Vibrant Community Grant,"$1,500,000"
2023-Apr,"CrossCountry Mortgage, LLC",Cuyahoga,Northeast,Financial Services,180,"$9,000,000",446,"$22,808,400",2023_monthly_metrics-vc.pdf,4,JobsOhio Revitalization Loan,"$2,500,000"
2023-Apr,Cuyahoga County Land Reutilization Corporation,Cuyahoga,Northeast,TBD,TBD,TBD,TBD,"$3,049,700",2023_monthly_metrics-vc.pdf,4,JobsOhio Spec Development Grant - OSIP*,"$1,500,000"
2023-Apr,Edw. C. Levy Co. Ohio,Stark,Northeast,Advanced Manufacturing,42,"$2,597,150",52,"$6,500,000",2023_monthly_metrics-vc.pdf,4,JobsOhio Workforce Grant,"$100,000"
2023-Apr,Evanston Investments LLC,Allen,Northwest,Advanced Manufacturing,50,"$2,500,000",23,"$6,050,000",2023_monthly_metrics-vc.pdf,4,JobsOhioEconomic Development Grant,"$100,000"
2023-Apr,Fuyao Glass America Inc.,Montgomery,Western,Automotive,500,"$26,000,000",1589,"$300,000,000",2023_monthly_metrics-vc.pdf,4,JobsOhio Economic Development Grant,"$5,000,000"
2023-Apr,General Motors LLC,Lucas,Northwest,Automotive,0,$0,1482,"$693,000,000",2023_monthly_metrics-vc.pdf,4,JobsOhio Economic Development Grant,"$6,000,000"
2023-Apr,"InnoSource, Inc.",Franklin,Central,Other,50,"$3,375,000",65,$0,2023_monthly_metrics-vc.pdf,4,JobsOhio Workforce Grant,"$100,000"
2023-Apr,Masters Precision Machining Inc.,Portage,Northeast,Advanced Manufacturing,2,"$85,000",18,"$150,000",2023_monthly_metrics-vc.pdf,4,JobsOhio Inclusion Grant,"$50,000"
2023-Apr,Metallurgical Solutions Inc.,Montgomery,Western,Advanced Manufacturing,2,"$100,000",5,"$137,000",2023_monthly_metrics-vc.pdf,4,JobsOhio Inclusion Grant,"$50,000"
2023-Apr,"Paragon Tempered Glass, LLC",Paulding,Northwest,Advanced Manufacturing,12,"$540,176",115,"$15,200,000",2023_monthly_metrics-vc.pdf,4,JobsOhio Economic Development Grant,"$50,000"
2023-Apr,Scragglepop Kettlecorn LLC,Lawrence,Southeast,Food and Agribusiness,5,"$199,992",3,"$500,000",2023_monthly_metrics-vc.pdf,4,JobsOhio Inclusion Grant,"$50,000"
2023-Apr,SKULD LLC,Clark,Western,Advanced Manufacturing,3,"$200,000",1,"$213,000",2023_monthly_metrics-vc.pdf,4,JobsOhio Inclusion Grant,"$50,000"
2023-Apr,Terry Thomsen LLC,Cuyahoga,Northeast,Food and Agribusiness,4,"$149,760",1,"$35,000",2023_monthly_metrics-vc.pdf,4,JobsOhio Inclusion Grant,"$50,000"
2023-Apr,"UMD Automated Systems, Inc.",Knox,Central,Advanced Manufacturing,7,"$263,000",68,"$2,200,000",2023_monthly_metrics-vc.pdf,4,JobsOhio Economic Development Grant,"$25,000"
2023-Apr,Victoriaville & Co USA Mfg Inc.,Cuyahoga,Northeast,Advanced Manufacturing,100,"$5,000,000",0,"$1,162,000",2023_monthly_metrics-vc.pdf,4,JobsOhio Economic Development Grant,"$200,000"
2023-Apr,"Vinyl Kraft Acquisition, LLC",Scioto,Southeast,Advanced Manufacturing,73,"$2,666,310",165,"$2,250,000",2023_monthly_metrics-vc.pdf,4,JobsOhio Workforce Grant,"$50,000"
2023-May,"Advanced Drainage Systems, Inc.",Franklin,Central,Advanced Manufacturing,200,"$20,000,000",322,"$10,800,000",2023_monthly_metrics-vc.pdf,5,JobsOhio Workforce Grant,"$800,000"
2023-May,"Alpha Tire Group, LLC",Belmont,Southeast,Logistics and Distribution,6,"$237,952",4,"$391,500",2023_monthly_metrics-vc.pdf,5,JobsOhio Inclusion Grant,"$25,000"
2023-May,Baru Inc.,Cuyahoga & Lorain,Northeast,Technology,8,"$530,000",0,$0,2023_monthly_metrics-vc.pdf,5,JobsOhio Inclusion Grant,"$25,000"
2023-May,CrazeWeld LLC,Huron,Northeast,Advanced Manufacturing,2,"$100,000",1,"$200,000",2023_monthly_metrics-vc.pdf,5,JobsOhio Inclusion Grant,"$50,000"
2023-May,Eurostampa North America Inc.,Hamilton,Southwest,Advanced Manufacturing,35,"$2,325,953",200,"$17,937,000",2023_monthly_metrics-vc.pdf,5,JobsOhio Growth Fund Loan,"$2,400,000"
2023-May,"Gerber & Sons, Inc.",Holmes,Southeast,Food and Agribusiness,9,"$495,000",47,"$26,398,480",2023_monthly_metrics-vc.pdf,5,JobsOhio Revitalization Grant,"$100,000"
2023-May,"K. & M. International, Inc.",Cuyahoga,Northeast,Logistics and Distribution,45,"$2,232,360",87,"$1,460,000",2023_monthly_metrics-vc.pdf,5,JobsOhio Economic Development Grant,"$200,000"
2023-May,Kaiker Development LLC,Hamilton,Southwest,Other,3,"$235,000",4,$0,2023_monthly_metrics-vc.pdf,5,JobsOhio Inclusion Grant,"$40,000"
2023-May,"Legacy Canvas Unlimited, LLC",Ottawa,Northwest,Advanced Manufacturing,2,"$62,400",2,"$98,884",2023_monthly_metrics-vc.pdf,5,JobsOhio Inclusion Grant,"$25,000"
2023-May,Loris Printing Inc,Erie,Northeast,Other,2,"$106,000",10,"$150,000",2023_monthly_metrics-vc.pdf,5,JobsOhio Inclusion Grant,"$50,000"
2023-May,"MAC Trailer Enterprises, Inc",Mahoning,Northeast,Automotive,80,"$4,000,000",85,"$11,500,000",2023_monthly_metrics-vc.pdf,5,JobsOhio Workforce Grant,"$165,000"
2023-May,"Mane, Inc.",Hamilton,Southwest,Food and Agribusiness,16,"$800,000",98,"$89,250,000",2023_monthly_metrics-vc.pdf,5,JobsOhio Economic Development Grant,"$100,000"
2023-May,Marysville Flex LLC,Union,Central,TBD,TBD,TBD,TBD,"$7,980,761",2023_monthly_metrics-vc.pdf,5,JobsOhio Spec Development Grant - OSIP*,"$750,000"
2023-May,McKesson Medical-Surgical Inc.,Pickaway,Central,Healthcare,35,"$1,516,000",307,"$115,350,000",2023_monthly_metrics-vc.pdf,5,JobsOhio Workforce Grant,"$100,000"
2023-May,National Logistics Service LLC,Hamilton,Southwest,Logistics and Distribution,50,"$2,900,000",23,$0,2023_monthly_metrics-vc.pdf,5,JobsOhio Workforce Grant,"$100,000"
2023-May,"Pilkington North America, Inc",Wood,Northwest,Advanced Manufacturing,19,"$1,000,000",350,"$160,000,000",2023_monthly_metrics-vc.pdf,5,JobsOhio Economic Development Grant,"$800,000"
2023-May,"Pinnacle Press, Inc.",Stark,Northeast,Advanced Manufacturing,2,"$100,000",6,$0,2023_monthly_metrics-vc.pdf,5,JobsOhio Inclusion Grant,"$50,000"
2023-May,"Polychem, LLC",Cuyahoga,Northeast,Advanced Manufacturing,94,"$4,393,000",26,"$8,320,000",2023_monthly_metrics-vc.pdf,5,JobsOhio Workforce Grant,"$100,000"
2023-May,"Quality IP, LLC",Portage,Northeast,Technology,24,"$2,400,000",50,"$200,000",2023_monthly_metrics-vc.pdf,5,JobsOhio Workforce Grant,"$75,000"
2023-May,"RGH Enterprises, LLC",Franklin,Central,Healthcare,75,"$3,116,400",0,"$2,800,000",2023_monthly_metrics-vc.pdf,5,JobsOhio Economic Development Grant,"$200,000"
2023-May,"The Spot on Main, LLC",Jackson,Southeast,Food and Agribusiness,1,"$41,600",8,"$58,000",2023_monthly_metrics-vc.pdf,5,JobsOhio Inclusion Grant,"$50,000"
2023-May,Western Alliance Bank,Delaware,Central,Financial Services,150,"$18,750,000",0,"$750,000",2023_monthly_metrics-vc.pdf,5,JobsOhio Workforce Grant,"$250,000"
2023-Jun,700 Liverpool Drive Ohio LLC,Medina,Northeast,TBD,TBD,TBD,TBD,"$11,333,703",2023_monthly_metrics-vc.pdf,6,JobsOhio Spec Development Grant -OSIP*,"$500,000"
2023-Jun,"AABA Trucking & Hauling, LLC American",Lucas,Northwest,Logistics and Distribution,2,"$87,360",2,"$350,000",2023_monthly_metrics-vc.pdf,6,JobsOhio Inclusion Grant,"$50,000"
2023-Jun,"Hydraulic Services, Inc. APA Solar, LLC",Lawrence & Scioto,Southeast,Advanced Manufacturing,58,"$2,774,720",60,"$5,584,000",2023_monthly_metrics-vc.pdf,6,JobsOhio Revitalization Grant,"$200,000"
2023-Jun,Central Mutual Insurance Company Chillicothe,Henry,Northwest,Advanced Manufacturing,110,"$5,932,160",90,"$10,507,000",2023_monthly_metrics-vc.pdf,6,JobsOhio Economic Development Grant,"$250,000"
2023-Jun,"Fire & Security, Inc",Franklin &Van Wert,Northwest,Financial Services,160,"$14,830,000",399,$0,2023_monthly_metrics-vc.pdf,6,JobsOhio Workforce Grant,"$300,000"
2023-Jun,"City Apparel, Inc",Ross,Southeast,Other,8,"$457,000",10,"$37,800",2023_monthly_metrics-vc.pdf,6,JobsOhio Inclusion Grant,"$50,000"
2023-Jun,"Cousco Brown, Inc.",Hancock,Northwest,Advanced Manufacturing,4,"$175,000",8,"$10,000",2023_monthly_metrics-vc.pdf,6,JobsOhio Inclusion Grant,"$25,000"
2023-Jun,"ELKO Aggregate, LLC",Lucas,Northwest,Energy and Chemicals,8,"$356,000",6,"$180,000",2023_monthly_metrics-vc.pdf,6,JobsOhio Inclusion Grant,"$50,000"
2023-Jun,Forsee Power Inc.,"Adams, Athens & Jackson",Southeast,Advanced Manufacturing,7,"$400,000",26,"$13,700",2023_monthly_metrics-vc.pdf,6,JobsOhio Inclusion Grant,"$25,000"
2023-Jun,Forsee Power Inc.,Franklin,Central,Automotive,150,"$8,259,313",0,"$17,800,000",2023_monthly_metrics-vc.pdf,6,JobsOhio Economic Development Grant,"$500,000"
2023-Jun,GVS Filtration Inc.,Franklin,Central,Automotive,150,"$8,259,313",0,"$17,800,000",2023_monthly_metrics-vc.pdf,6,JobsOhio Revitalization Grant,"$500,000"
2023-Jun,"Middle West Spirits, LLC",Hancock,Northwest,Advanced Manufacturing,74,"$4,520,000",166,"$10,068,000",2023_monthly_metrics-vc.pdf,6,JobsOhio Economic Development Grant,"$150,000"
2023-Jun,"NBN Powder Packaging, LLC NorthPoint",Franklin,Central,Food and Agribusiness,80,"$4,715,776",46,"$38,700,000",2023_monthly_metrics-vc.pdf,6,JobsOhio Revitalization Grant,"$1,000,000"
2023-Jun,"Holdings, LLC",Lorain,Northeast,Energy and Chemicals,24,"$1,248,000",36,"$1,000,000",2023_monthly_metrics-vc.pdf,6,JobsOhio Workforce Grant,"$75,000"
2023-Jun,"Regency Seating, Inc.",Montgomery,Western,TBD,TBD,TBD,TBD,"$22,641,678",2023_monthly_metrics-vc.pdf,6,JobsOhio Spec Development Grant -OSIP*,"$1,000,000"
2023-Jun,"Speyside Bourbon Cooperage, Inc. Straight",Summit,Northeast,Other,9,"$433,646",29,"$52,633",2023_monthly_metrics-vc.pdf,6,JobsOhio Inclusion Grant,"$25,000"
2023-Jun,Street LLC,Jackson & Pike,Southeast,Food and Agribusiness,42,"$2,018,636",191,"$7,500,000",2023_monthly_metrics-vc.pdf,6,JobsOhio Economic Development Grant,"$125,000"
2023-Jun,The Sew Shack LLC,Portage,Northeast,Advanced Manufacturing,2,"$160,000",12,"$115,000",2023_monthly_metrics-vc.pdf,6,JobsOhio Inclusion Grant,"$25,000"
2023-Jun,Universal Design and Fabrication LLC Wika,Stark,Northeast,Advanced Manufacturing,5,"$210,000",1,"$320,000",2023_monthly_metrics-vc.pdf,6,JobsOhio Inclusion Grant,"$50,000"
2023-Jun,"Sensor Technology, LP",Erie,Northeast,Advanced Manufacturing,2,"$100,000",9,"$80,000",2023_monthly_metrics-vc.pdf,6,JobsOhio Inclusion Grant,"$25,000"
2023-Jun,"Wodin, Inc.",Delaware,Central,Advanced Manufacturing,15,"$750,000",32,"$3,100,000",2023_monthly_metrics-vc.pdf,6,JobsOhio Economic Development Grant,"$75,000"
2023-Jun,"Zeda, Inc.",Cuyahoga,Northeast,Advanced Manufacturing,6,"$240,000",20,"$450,900",2023_monthly_metrics-vc.pdf,6,JobsOhio Inclusion Grant,"$50,000"
2023-Jun,,Hamilton,Southwest,Advanced Manufacturing,1155,"$1,435,000",,"$15,000,000",2023_monthly_metrics-vc.pdf,6,JobsOhio Economic Development Grant,"$100,000"
2023-Jun,,,,,,,,,2023_monthly_metrics-vc.pdf,6,,"$750,000"
2023-Jun,,,,,,,,,2023_monthly_metrics-vc.pdf,6,JobsOhio Vibrant Community Grant,"$500,000"
2023-Jun,,,,,,,,,2023_monthly_metrics-vc.pdf,6,JobsOhio Vibrant Community Grant,"$500,000"
2023-Jun,,,,,,,,,2023_monthly_metrics-vc.pdf,6,,"$415,200"
2023-Jul,"A and A Vending, Inc",Summit,Northeast,Advanced Manufacturing,4,"$149,760",21,"$225,000",2023_monthly_metrics-vc.pdf,7,JobsOhio Inclusion Grant,"$50,000"
2023-Jul,Acorn Stairlifts Inc.,Lorain,Northeast,Advanced Manufacturing,125,"$5,469,200",0,"$3,400,000",2023_monthly_metrics-vc.pdf,7,JobsOhio Economic Development Grant,"$100,000"
2023-Jul,"Antek Madison Ohio, LLC",Williams,Northwest,Advanced Manufacturing,20,"$1,000,000",0,"$1,595,000",2023_monthly_metrics-vc.pdf,7,JobsOhio Economic Development Grant,"$50,000"
2023-Jul,Aunt Flow Corp,Franklin,Central,Other,19,"$1,900,000",6,$0,2023_monthly_metrics-vc.pdf,7,JobsOhio Workforce Grant,"$100,000"
2023-Jul,"Bake Me Happy, LLC",Franklin,Central,Food and Agribusiness,2,"$100,000",2,"$75,000",2023_monthly_metrics-vc.pdf,7,JobsOhio Inclusion Grant,"$50,000"
2023-Jul,"Brock Air Products, Inc.",Miami & Montgomery,Western,Advanced Manufacturing,120,"$6,240,000",78,"$10,500,000",2023_monthly_metrics-vc.pdf,7,JobsOhio Economic Development Grant,"$150,000"
2023-Jul,CFD Research Corporation,Greene,Western,Aerospace and Aviation,78,"$9,375,000",12,"$7,420,352",2023_monthly_metrics-vc.pdf,7,JobsOhio Economic Development Grant,"$200,000"
2023-Jul,Chillicothe Kenworth LLC,Ross,Southeast,Advanced Manufacturing,119,"$7,474,720",76,"$1,400,500",2023_monthly_metrics-vc.pdf,7,JobsOhio Economic Development Grant,"$250,000"
2023-Jul,"Cincinnati Test Systems, Inc",Hamilton,Southwest,Advanced Manufacturing,20,"$1,700,000",202,"$4,482,000",2023_monthly_metrics-vc.pdf,7,JobsOhio Economic Development Grant,"$50,000"
2023-Jul,Ease Logistics Services LLC,Franklin,Central,Logistics and Distribution,20,"$1,300,000",71,"$1,900,000",2023_monthly_metrics-vc.pdf,7,JobsOhio Workforce Grant,"$50,000"
2023-Jul,Ease Logistics Services LLC,Franklin,Central,Logistics and Distribution,140,"$7,000,000",145,"$14,750,000",2023_monthly_metrics-vc.pdf,7,JobsOhio Revitalization Grant,"$400,000"
2023-Jul,"Emerge Manufacturing, LLC",Hamilton,Southwest,Advanced Manufacturing,100,"$6,000,000",0,"$6,800,000",2023_monthly_metrics-vc.pdf,7,JobsOhio Economic Development Grant,"$100,000"
2023-Jul,General Fabrications Corporation,Erie,Northeast,Advanced Manufacturing,4,"$170,000",10,"$57,000",2023_monthly_metrics-vc.pdf,7,JobsOhio Inclusion Grant,"$50,000"
2023-Jul,Gotara LLC,Hamilton,Southwest,Technology,5,"$250,000",0,$0,2023_monthly_metrics-vc.pdf,7,JobsOhio Inclusion Grant,"$50,000"
2023-Jul,Kameron Anthony Construction LLC,Lorain,Northeast,Advanced Manufacturing,9,"$540,000",3,"$125,000",2023_monthly_metrics-vc.pdf,7,JobsOhio Inclusion Grant,"$50,000"
2023-Jul,"Kohart Surplus & Salvage, Inc.",Paulding,Northwest,Advanced Manufacturing,4,"$137,280",6,"$808,278",2023_monthly_metrics-vc.pdf,7,JobsOhio Inclusion Grant,"$25,000"
2023-Jul,"Liquid Manufacturing Solutions, LLC",Warren,Southwest,Food and Agribusiness,29,"$1,881,672",36,"$1,524,300",2023_monthly_metrics-vc.pdf,7,JobsOhio Economic Development Grant,"$150,000"
2023-Jul,Lululemon USA Inc.,Franklin,Central,Logistics and Distribution,150,"$6,900,000",209,"$17,500,000",2023_monthly_metrics-vc.pdf,7,JobsOhio Workforce Grant,"$825,000"
2023-Jul,"Maverick Label, LLC",Putnam,Northwest,Advanced Manufacturing,1,"$45,000",2,"$45,000",2023_monthly_metrics-vc.pdf,7,JobsOhio Inclusion Grant,"$25,000"
2023-Jul,"Momentive Performance Materials Quartz, Inc.","Cuyahoga, Lake & Licking",Northeast,Advanced Manufacturing,97,"$7,050,570",445,"$37,970,000",2023_monthly_metrics-vc.pdf,7,JobsOhio Economic Development Grant,"$150,000"
2023-Jul,"Oprona, Inc.",Franklin,Central,Energy and Chemicals,35,"$2,946,525",41,"$16,000,000",2023_monthly_metrics-vc.pdf,7,JobsOhio Economic Development Grant,"$200,000"
2023-Jul,Pandora S9 Inc.,Hamilton,Southwest,Healthcare,17,"$1,080,000",0,"$1,555,000",2023_monthly_metrics-vc.pdf,7,JobsOhio Economic Development Grant,"$75,000"
2023-Jul,Precision Welding & Installation LLC,Muskingum,Southeast,Advanced Manufacturing,10,"$438,256",6,"$600,000",2023_monthly_metrics-vc.pdf,7,JobsOhio Inclusion Grant,"$25,000"
2023-Jul,"Realeflow, LLC",Medina,Northeast,Technology,15,"$1,275,000",30,"$1,000,000",2023_monthly_metrics-vc.pdf,7,JobsOhio Economic Development Grant,"$100,000"
2023-Jul,Remote Vans LLC,Hamilton,Southwest,Automotive,10,"$503,800",7,"$225,000",2023_monthly_metrics-vc.pdf,7,JobsOhio Inclusion Grant,"$50,000"
2023-Jul,"Riffle Machine Works, Inc.",Ross,Southeast,Automotive,20,"$880,000",293,"$2,500,000",2023_monthly_metrics-vc.pdf,7,JobsOhio Inclusion Grant,"$25,000"
2023-Jul,"RXO Corporate Solutions, LLC",Franklin,Central,Logistics and Distribution,75,"$3,750,000",112,"$2,000,000",2023_monthly_metrics-vc.pdf,7,JobsOhio Economic Development Grant,"$200,000"
2023-Jul,Sign Solutions of Ohio,Allen,Northwest,Advanced Manufacturing,2,"$74,880",2,"$48,980",2023_monthly_metrics-vc.pdf,7,JobsOhio Inclusion Grant,"$25,000"
2023-Jul,"Sunstar Engineering Americas, Inc.",Warren,Southwest,Energy and Chemicals,60,"$5,000,000",137,"$18,150,000",2023_monthly_metrics-vc.pdf,7,JobsOhio Economic Development Grant,"$300,000"
2023-Jul,"Tekni-Plex, Inc.",Van Wert,Northwest,Advanced Manufacturing,100,"$4,816,000",0,"$40,000,000",2023_monthly_metrics-vc.pdf,7,JobsOhio Economic Development Grant,"$400,000"
2023-Jul,Wilson Sporting Goods Co.,Hardin,Northwest,Advanced Manufacturing,30,"$1,628,000",142,"$9,000,000",2023_monthly_metrics-vc.pdf,7,JobsOhio Economic Development Grant,"$150,000"
2023-Jul,"Yaskawa America, Inc.",Montgomery,Western,Advanced Manufacturing,70,"$5,700,000",333,"$21,000,000",2023_monthly_metrics-vc.pdf,7,JobsOhio Economic Development Grant,"$300,000"
2023-Aug,Anu Sushi LLC,Lucas,Northwest,Food and Agribusiness,2,"$81,036",0,"$28,700",2023_monthly_metrics-vc.pdf,8,JobsOhio Inclusion Grant,"$25,000"
2023-Aug,"Automated Machine Systems, Inc.",Hamilton,Southwest,Advanced Manufacturing,4,"$244,000",12,"$85,000",2023_monthly_metrics-vc.pdf,8,JobsOhio Inclusion Grant,"$25,000"
2023-Aug,Autotec Corporation,Lucas,Northwest,Advanced Manufacturing,9,"$540,000",62,"$99,854",2023_monthly_metrics-vc.pdf,8,JobsOhio Inclusion Grant,"$25,000"
2023-Aug,"Aviation Manufacturing Company, Inc.",Seneca,Northwest,Aerospace and Aviation,3,"$112,320",28,"$2,000,000",2023_monthly_metrics-vc.pdf,8,JobsOhio Inclusion Grant,"$25,000"
2023-Aug,Bollin Label Systems,Lucas,Northwest,Advanced Manufacturing,5,"$197,600",50,$0,2023_monthly_metrics-vc.pdf,8,JobsOhio Inclusion Grant,"$50,000"
2023-Aug,"Callies Performance Products, Inc.",Seneca,Northwest,Automotive,10,"$374,400",100,"$100,000",2023_monthly_metrics-vc.pdf,8,JobsOhio Inclusion Grant,"$25,000"
2023-Aug,Ganymede Technologies Corp,Crawford,Northwest,Technology,4,"$248,200",10,"$6,000",2023_monthly_metrics-vc.pdf,8,JobsOhio Inclusion Grant,"$50,000"
2023-Aug,Glazing Systems Inc,Portage,Northeast,Advanced Manufacturing,3,"$130,000",12,"$330,000",2023_monthly_metrics-vc.pdf,8,JobsOhio Inclusion Grant,"$50,000"
2023-Aug,"Gregory Industries, Inc.",Stark,Northeast,Advanced Manufacturing,36,"$3,221,503",161,"$10,500,000",2023_monthly_metrics-vc.pdf,8,JobsOhio Economic Development Grant,"$250,000"
2023-Aug,"INEOS Composites US, LLC",Franklin,Central,Energy and Chemicals,48,"$5,850,851",114,"$19,000,000",2023_monthly_metrics-vc.pdf,8,JobsOhio Economic Development Grant,"$500,000"
2023-Aug,"Markt, LLC",Knox,Central,Other,1,"$37,500",8,"$28,000",2023_monthly_metrics-vc.pdf,8,JobsOhio Inclusion Grant,"$25,000"
2023-Aug,"Medpace, Inc.",Hamilton,Southwest,Healthcare,1500,"$90,000,000",1916,"$150,000,000",2023_monthly_metrics-vc.pdf,8,JobsOhio Economic Development Grant,"$23,000,000"
2023-Aug,"Pratt Retail Specialties, LLC",Montgomery,Western,Advanced Manufacturing,201,"$9,979,167",0,"$32,600,000",2023_monthly_metrics-vc.pdf,8,JobsOhio Economic Development Grant,"$500,000"
2023-Aug,"Ques Industries, Inc.",Cuyahoga,Northeast,Energy and Chemicals,6,"$274,560",33,"$800,000",2023_monthly_metrics-vc.pdf,8,JobsOhio Inclusion Grant,"$50,000"
2023-Aug,"RDP Foodservice, LTD",Franklin,Central,Logistics and Distribution,40,"$3,600,000",113,"$8,000,000",2023_monthly_metrics-vc.pdf,8,JobsOhio Economic Development Grant,"$150,000"
2023-Aug,"Superior Aluminum Products, Inc.",Shelby,Western,Advanced Manufacturing,17,"$810,000",55,"$4,300,000",2023_monthly_metrics-vc.pdf,8,JobsOhio Economic Development Grant,"$100,000"
2023-Aug,The Procter & Gamble Manufacturing Company,Allen,Northwest,Energy and Chemicals,135,"$10,000,000",749,"$501,000,000",2023_monthly_metrics-vc.pdf,8,JobsOhio Economic Development Grant,"$800,000"
2023-Aug,TPAM INC.,Defiance & Lucas,Northwest,Advanced Manufacturing,30,"$1,248,000",35,"$4,650,000",2023_monthly_metrics-vc.pdf,8,JobsOhio Economic Development Grant,"$100,000"
2023-Aug,"TPE Acquisition, LLC",Franklin & Licking,Central,Logistics and Distribution,216,"$9,237,197",75,"$3,000,000",2023_monthly_metrics-vc.pdf,8,JobsOhio Workforce Grant,"$250,000"
2023-Aug,Tri-State Smart Home Solutions LLC,Gallia,Southeast,Other,2,"$99,840",0,$0,2023_monthly_metrics-vc.pdf,8,JobsOhio Inclusion Grant,"$40,000"
2023-Aug,TSG Max LTD,Cuyahoga,Northeast,Other,4,"$255,000",3,"$145,000",2023_monthly_metrics-vc.pdf,8,JobsOhio Inclusion Grant,"$50,000"
2023-Aug,Xaloy LLC,Mahoning,Northeast,Advanced Manufacturing,29,"$3,001,357",249,"$7,470,000",2023_monthly_metrics-vc.pdf,8,JobsOhio Research & Development Grant,"$2,200,000"
2023-Aug,"Zarbana Aluminum Extrusions, LLC",Columbiana,Northeast,Advanced Manufacturing,15,"$675,792",50,"$15,000,000",2023_monthly_metrics-vc.pdf,8,JobsOhio Economic Development Grant,"$50,000"
2023-Sep,"Advanced Innovative Manufacturing, Inc",Portage,Northeast,Advanced Manufacturing,20,"$1,000,000",50,"$9,000,000",2023_monthly_metrics-vc.pdf,9,JobsOhio Revitalization Grant,"$300,000"
2023-Sep,Aropha Inc.,Cuyahoga,Northeast,Energy and Chemicals,16,"$1,575,000",0,"$720,000",2023_monthly_metrics-vc.pdf,9,JobsOhio Inclusion Grant,"$50,000"
2023-Sep,"Artisan Technologies, Inc.",Greene,Western,Technology,3,"$200,000",8,$0,2023_monthly_metrics-vc.pdf,9,JobsOhio Inclusion Grant,"$25,000"
2023-Sep,Automation Systems & Design Inc.,Montgomery,Western,Advanced Manufacturing,6,"$300,000",22,"$1,995,000",2023_monthly_metrics-vc.pdf,9,JobsOhio Inclusion Grant,"$50,000"
2023-Sep,"AVT Beckett Elevators USA, Inc.",Hocking,Southeast,Advanced Manufacturing,20,"$860,880",0,"$250,000",2023_monthly_metrics-vc.pdf,9,JobsOhio Economic Development Grant,"$75,000"
2023-Sep,"B&H Butchery, LLC",Belmont,Southeast,Food and Agribusiness,2,"$79,200",2,"$230,000",2023_monthly_metrics-vc.pdf,9,JobsOhio Inclusion Grant,"$50,000"
2023-Sep,"Boston Retail Products, Inc",Portage,Northeast,Advanced Manufacturing,45,"$2,256,700",35,"$4,775,000",2023_monthly_metrics-vc.pdf,9,JobsOhio Economic Development Grant,"$200,000"
2023-Sep,Brainard Rivet Company,Trumbull,Northeast,Advanced Manufacturing,1,"$148,218",28,"$225,365",2023_monthly_metrics-vc.pdf,9,JobsOhio Inclusion Grant,"$25,000"
2023-Sep,"Celina Tent, Inc.",Mercer,Western,Advanced Manufacturing,43,"$2,150,256",91,"$10,000,000",2023_monthly_metrics-vc.pdf,9,JobsOhio Growth Fund Loan,"$2,000,000"
2023-Sep,Clopay Corporation,Miami,Western,Advanced Manufacturing,54,"$2,525,000",1543,"$30,285,000",2023_monthly_metrics-vc.pdf,9,JobsOhio Workforce Grant,"$100,000"
2023-Sep,"Coyne Graphic Finishing, Inc.",Knox,Central,Advanced Manufacturing,5,"$200,000",30,"$500,000",2023_monthly_metrics-vc.pdf,9,JobsOhio Inclusion Grant,"$50,000"
2023-Sep,"Fortner Upholstering, Inc.",Franklin,Central,Other,0,$0,0,$0,2023_monthly_metrics-vc.pdf,9,JobsOhio Revitalization Phase II Grant,"$100,000"
2023-Sep,Grange Insurance Company,Franklin,Central,Financial Services,16,"$2,553,000",800,"$270,000",2023_monthly_metrics-vc.pdf,9,JobsOhio Research & Development Grant,"$1,000,000"
2023-Sep,Hosanna Revival LLC,Hamilton,Southwest,Other,3,"$120,000",11,"$500,000",2023_monthly_metrics-vc.pdf,9,JobsOhio Inclusion Grant,"$50,000"
2023-Sep,"International Specialty Produce, Inc.",Cuyahoga,Northeast,Food and Agribusiness,3,"$106,400",3,"$30,800",2023_monthly_metrics-vc.pdf,9,JobsOhio Inclusion Grant,"$50,000"
2023-Sep,"JSW Steel USA Ohio, Inc.",Jefferson,Southeast,Advanced Manufacturing,26,"$1,708,310",400,"$118,421,281",2023_monthly_metrics-vc.pdf,9,JobsOhio Revitalization Grant,"$2,000,000"
2023-Sep,LaDarius Enterprise LLC,Hamilton,Southwest,Food and Agribusiness,15,"$568,400",2,"$75,000",2023_monthly_metrics-vc.pdf,9,JobsOhio Inclusion Grant,"$25,000"
2023-Sep,MODLOGIQ Seville LLC.,Medina,Northeast,Advanced Manufacturing,20,"$1,500,000",20,"$3,400,000",2023_monthly_metrics-vc.pdf,9,JobsOhio Economic Development Grant,"$100,000"
2023-Sep,Nuproduce Solutions LLC,Wood,Northwest,Food and Agribusiness,224,"$8,935,911",0,"$41,600,000",2023_monthly_metrics-vc.pdf,9,JobsOhio Economic Development Grant,"$400,000"
2023-Sep,"ODW Logistics, Inc.",Franklin,Central,Logistics and Distribution,94,"$4,108,000",745,"$2,458,000",2023_monthly_metrics-vc.pdf,9,JobsOhio Economic Development Grant,"$150,000"
2023-Sep,Painted Cowgirl Tack LLC,Huron,Northeast,Logistics and Distribution,2,"$83,200",14,"$18,878",2023_monthly_metrics-vc.pdf,9,JobsOhio Inclusion Grant,"$50,000"
2023-Sep,"Patriot Stainless, Inc.",Muskingum,Southeast,Advanced Manufacturing,5,"$268,000",23,"$965,000",2023_monthly_metrics-vc.pdf,9,JobsOhio Inclusion Grant,"$50,000"
2023-Sep,"Radco Industries, Inc.",Lucas,Northwest,Food and Agribusiness,1,"$100,000",6,"$92,589",2023_monthly_metrics-vc.pdf,9,JobsOhio Inclusion Grant,"$50,000"
2023-Sep,"Reserve Squad, LLC",Hamilton,Southwest,Technology,3,"$200,000",3,$0,2023_monthly_metrics-vc.pdf,9,JobsOhio Inclusion Grant,"$25,000"
2023-Sep,"Reynolds Investment Properties, LLC",Franklin,Central,TBD,TBD,TBD,TBD,"$6,267,003",2023_monthly_metrics-vc.pdf,9,JobsOhio Spec Development Grant - OSIP*,"$600,000"
2023-Sep,Ripple Junction Design Co.,Butler,Southwest,Other,15,"$1,125,000",97,$0,2023_monthly_metrics-vc.pdf,9,JobsOhio Workforce Grant,"$75,000"
2023-Sep,"River Ridge Creations, LLC",Ottawa,Northwest,Advanced Manufacturing,3,"$124,800",4,"$130,000",2023_monthly_metrics-vc.pdf,9,JobsOhio Inclusion Grant,"$50,000"
2023-Sep,SK Food Group Inc.,Franklin,Central,Food and Agribusiness,160,"$8,041,000",490,"$32,000,000",2023_monthly_metrics-vc.pdf,9,JobsOhio Workforce Grant,"$250,000"
2023-Sep,SupplyNow Inc.,Cuyahoga,Northeast,Technology,7,"$443,872",3,$0,2023_monthly_metrics-vc.pdf,9,JobsOhio Inclusion Grant,"$25,000"
2023-Sep,"TC Randal Construction, LLC",Carroll,Southeast,Other,6,"$531,496",10,"$381,736",2023_monthly_metrics-vc.pdf,9,JobsOhio Inclusion Grant,"$25,000"
2023-Sep,The Mill Steel Co.,Richland,Northeast,Automotive,17,"$813,280",0,"$5,450,000",2023_monthly_metrics-vc.pdf,9,JobsOhio Revitalization Grant,"$100,000"
2023-Sep,"Thomaslane, Inc.",Summit,Northeast,Food and Agribusiness,40,"$1,681,680",40,"$3,000,000",2023_monthly_metrics-vc.pdf,9,JobsOhio Economic Development Grant,"$100,000"
2023-Sep,U.S. Tsubaki Power Transmission LLC,Erie,Northeast,Advanced Manufacturing,25,"$1,396,000",108,"$3,800,000",2023_monthly_metrics-vc.pdf,9,JobsOhio Workforce Grant,"$100,000"
2023-Sep,"VSS Containers, LLC (VSS Industries, LLC)",Hamilton,Southwest,Advanced Manufacturing,4,"$170,000",1,"$650,000",2023_monthly_metrics-vc.pdf,9,JobsOhio Inclusion Grant,"$25,000"
2023-Sep,"Yates Cylinders-Ohio, LLC",Greene,Western,Advanced Manufacturing,15,"$1,071,400",8,"$3,128,000",2023_monthly_metrics-vc.pdf,9,JobsOhio Economic Development Grant,"$75,000"
2023-Sep,The Coshocton Collaborative,Coshocton,Southeast,Other,4,"$185,525",0,"$4,491,328",2023_monthly_metrics-vc.pdf,9,JobsOhio Vibrant Community Grant,"$690,000"
2023-Oct,"Alexander and Bebout, Inc.",Van Wert,Northwest,Advanced Manufacturing,5,"$261,634",42,$0,2023_monthly_metrics-vc.pdf,10,JobsOhio Inclusion Grant,"$25,000"
2023-Oct,Berlin Industrial LLC,Delaware,Central,TBD,TBD,TBD,TBD,"$31,000,000",2023_monthly_metrics-vc.pdf,10,JobsOhio Spec Development Grant - OSIP*,"$1,000,000"
2023-Oct,C. Nelson Mfg. Co.,Ottawa,Northwest,Advanced Manufacturing,8,"$400,000",52,"$2,200,000",2023_monthly_metrics-vc.pdf,10,JobsOhio Inclusion Grant,"$50,000"
2023-Oct,"Cherry Blend Coffee Roasters, Ltd.",Stark,Northeast,Food and Agribusiness,2,"$81,120",0,"$100,000",2023_monthly_metrics-vc.pdf,10,JobsOhio Inclusion Grant,"$50,000"
2023-Oct,"Clarktel/Tele-communications, Inc.",Summit,Northeast,Technology,3,"$160,374",10,"$15,000",2023_monthly_metrics-vc.pdf,10,JobsOhio Inclusion Grant,"$25,000"
2023-Oct,"Convoy Road Coffee Roasters, LLC",Van Wert,Northwest,Food and Agribusiness,1,"$35,360",1,"$46,500",2023_monthly_metrics-vc.pdf,10,JobsOhio Inclusion Grant,"$25,000"
2023-Oct,"Daisy Brand, LLC",Wayne,Northeast,Food and Agribusiness,89,"$4,402,139",172,"$102,000,000",2023_monthly_metrics-vc.pdf,10,JobsOhio Workforce Grant,"$225,000"
2023-Oct,Dine Development Corporation,Montgomery,Western,Technology,100,"$12,000,000",151,"$6,250,000",2023_monthly_metrics-vc.pdf,10,JobsOhio Revitalization Grant,"$250,000"
2023-Oct,Funai Service Corporation,Franklin,Central,Logistics and Distribution,20,"$1,400,000",34,"$50,000",2023_monthly_metrics-vc.pdf,10,JobsOhio Economic Development Grant,"$75,000"
2023-Oct,Garrett Day LLC,Hamilton,Southwest,Advanced Manufacturing,0,$0,0,$0,2023_monthly_metrics-vc.pdf,10,JobsOhio Revitalization Phase II Grant,"$160,000"
2023-Oct,GoSun Inc,Hamilton,Southwest,Logistics and Distribution,5,"$425,000",10,$0,2023_monthly_metrics-vc.pdf,10,JobsOhio Inclusion Grant,"$25,000"
2023-Oct,Hannecard Roller Coatings Inc.,Summit,Northeast,Advanced Manufacturing,8,"$560,000",51,"$950,000",2023_monthly_metrics-vc.pdf,10,JobsOhio Economic Development Grant,"$50,000"
2023-Oct,Hyphen Innovations LLC,Montgomery,Western,Aerospace and Aviation,1,"$125,000",4,"$20,000",2023_monthly_metrics-vc.pdf,10,JobsOhio Inclusion Grant,"$25,000"
2023-Oct,Illuminate USA LLC,Licking,Central,Advanced Manufacturing,850,"$44,200,000",0,"$220,000,000",2023_monthly_metrics-vc.pdf,10,JobsOhio Economic Development Grant,"$4,000,000"
2023-Oct,"Legacy Properties Group, Inc.",Cuyahoga,Northeast,TBD,TBD,TBD,TBD,"$31,717,102",2023_monthly_metrics-vc.pdf,10,JobsOhio Spec Development Grant - OSIP*,"$1,000,000"
2023-Oct,"Maddox Industrial Transformer, LLC",Clermont,Southwest,Advanced Manufacturing,50,"$3,100,000",0,"$3,025,000",2023_monthly_metrics-vc.pdf,10,JobsOhio Economic Development Grant,"$200,000"
2023-Oct,MFS Supply LLC,Cuyahoga,Northeast,Logistics and Distribution,25,"$1,200,000",108,"$3,189,854",2023_monthly_metrics-vc.pdf,10,JobsOhio Economic Development Grant,"$50,000"
2023-Oct,Miami Valley Metal Investment Group LLC,Montgomery,Western,Advanced Manufacturing,2,"$100,000",7,"$39,000",2023_monthly_metrics-vc.pdf,10,JobsOhio Inclusion Grant,"$25,000"
2023-Oct,Michigan Metal Coatings Company,Shelby,Western,Automotive,60,"$3,575,000",0,"$35,000,000",2023_monthly_metrics-vc.pdf,10,JobsOhio Economic Development Grant,"$100,000"
2023-Oct,Midmark Corporation,Darke,Western,Healthcare,80,"$4,800,000",1082,"$19,000,000",2023_monthly_metrics-vc.pdf,10,JobsOhio Economic Development Grant,"$150,000"
2023-Oct,National Access Design LLC,Hamilton,Southwest,Advanced Manufacturing,2,"$83,200",10,"$786,868",2023_monthly_metrics-vc.pdf,10,JobsOhio Inclusion Grant,"$35,000"
2023-Oct,"New Horizons Baking Company, LLC",Lucas,Northwest,Food and Agribusiness,45,"$2,300,000",51,"$13,500,000",2023_monthly_metrics-vc.pdf,10,JobsOhio Economic Development Grant,"$75,000"
2023-Oct,"Oats Overnight, Inc",Butler,Southwest,Food and Agribusiness,179,"$7,775,251",0,"$5,000,000",2023_monthly_metrics-vc.pdf,10,JobsOhio Economic Development Grant,"$450,000"
2023-Oct,Objective Reality Games LLC,Ross,Southeast,Technology,4,"$272,000",1,"$57,000",2023_monthly_metrics-vc.pdf,10,JobsOhio Inclusion Grant,"$50,000"
2023-Oct,"Ohio Forest By-Products, LLC",Athens,Southeast,Advanced Manufacturing,3,"$143,520",0,"$400,000",2023_monthly_metrics-vc.pdf,10,JobsOhio Inclusion Grant,"$25,000"
2023-Oct,"Ohio Ordnance Works, Inc.",Geauga,Northeast,Advanced Manufacturing,70,"$3,988,370",104,"$14,752,000",2023_monthly_metrics-vc.pdf,10,JobsOhio Economic Development Grant,"$500,000"
2023-Oct,"Ohio Ordnance Works, Inc.",Geauga,Northeast,Advanced Manufacturing,70,"$3,988,370",104,"$14,752,000",2023_monthly_metrics-vc.pdf,10,JobsOhio Growth Fund Loan,"$2,800,000"
2023-Oct,"Phillips Meat Processing, LLC",Muskingum,Southeast,Food and Agribusiness,8,"$301,850",23,"$700,000",2023_monthly_metrics-vc.pdf,10,JobsOhio Inclusion Grant,"$50,000"
2023-Oct,Playhouse Square Foundation,Cuyahoga,Northeast,Technology,TBD,TBD,TBD,"$13,332,980",2023_monthly_metrics-vc.pdf,10,JobsOhio Spec Development Grant - OSIP*,"$800,000"
2023-Oct,"Sarepta Therapeutics, Inc.",Franklin,Central,Healthcare,100,"$11,000,000",138,"$30,000,000",2023_monthly_metrics-vc.pdf,10,JobsOhio Economic Development Grant,"$2,000,000"
2023-Oct,"SFS Group USA, Inc.",Medina,Northeast,Automotive,45,"$2,584,000",145,"$32,930,000",2023_monthly_metrics-vc.pdf,10,JobsOhio Workforce Grant,"$100,000"
2023-Oct,"Society Brands of Ohio, Inc.",Stark,Northeast,Logistics and Distribution,70,"$7,000,000",1,"$352,000",2023_monthly_metrics-vc.pdf,10,JobsOhio Economic Development Grant,"$300,000"
2023-Oct,Sofidel America Corp.,Pickaway,Central,Advanced Manufacturing,100,"$6,540,000",469,"$185,000,000",2023_monthly_metrics-vc.pdf,10,JobsOhio Economic Development Grant,"$2,000,000"
2023-Oct,Summit Design and Technology Inc.,Summit,Northeast,Advanced Manufacturing,4,"$200,000",14,"$125,000",2023_monthly_metrics-vc.pdf,10,JobsOhio Inclusion Grant,"$50,000"
2023-Oct,"Top Craft, Inc.",Summit,Northeast,Advanced Manufacturing,5,"$200,000",18,"$1,325,000",2023_monthly_metrics-vc.pdf,10,JobsOhio Inclusion Grant,"$50,000"
2023-Oct,Willis Machinery and Tools Company,Lucas,Northwest,Advanced Manufacturing,1,"$60,000",8,"$41,525",2023_monthly_metrics-vc.pdf,10,JobsOhio Inclusion Grant,"$25,000"
2023-Oct,Xadite Perceptions LLC,Summit,Northeast,Technology,5,"$281,216",0,"$150,000",2023_monthly_metrics-vc.pdf,10,JobsOhio Inclusion Grant,"$25,000"
2023-Oct,Athens Vibrant Community,Athens,Southeast,Other,4,"$186,800",4,"$4,157,043",2023_monthly_metrics-vc.pdf,10,JobsOhio Vibrant Community Grant,"$976,815"
2023-Oct,Hamilton CoHatch - Vibrant Community,Butler,Southwest,Other,14,"$702,500",0,"$8,487,254",2023_monthly_metrics-vc.pdf,10,JobsOhio Vibrant Community Grant,"$800,000"
2023-Oct,Lima 2.0 Vibrant Community,Allen,Northwest,Other,92,"$3,463,600",42,"$10,608,723",2023_monthly_metrics-vc.pdf,10,JobsOhio Vibrant Community Grant,"$300,000"
2023-Oct,Urbana Vibrant Community,Champaign,Western,Other,3,"$220,000",1,"$2,903,400",2023_monthly_metrics-vc.pdf,10,JobsOhio Vibrant Community Grant,"$800,000"
2023-Nov,A-1 Printing LLC,Crawford,Northwest,Advanced Manufacturing,2,"$76,440",12,"$360,549",2023_monthly_metrics-vc.pdf,11,JobsOhio Inclusion Grant,"$50,000"
2023-Nov,"APA Solar, LLC",Henry,Northwest,Advanced Manufacturing,110,"$5,932,160",90,"$10,507,000",2023_monthly_metrics-vc.pdf,11,JobsOhio Growth Fund Loan,"$2,000,000"
2023-Nov,"Balance Sheet, LLC",Portage,Northeast,Financial Services,3,"$133,120",2,"$13,000",2023_monthly_metrics-vc.pdf,11,JobsOhio Inclusion Grant,"$25,000"
2023-Nov,"Bloc Digital, Inc.",Lake,Northeast,Technology,26,"$1,500,000",0,"$100,000",2023_monthly_metrics-vc.pdf,11,JobsOhio Economic Development Grant,"$50,000"
2023-Nov,Brand Equity Pro LLC,Franklin,Central,Other,1,"$50,000",4,"$25,000",2023_monthly_metrics-vc.pdf,11,JobsOhio Inclusion Grant,"$25,000"
2023-Nov,Cincinnati Radiator LLC,Butler,Southwest,Advanced Manufacturing,27,"$1,300,000",27,"$7,700,000",2023_monthly_metrics-vc.pdf,11,JobsOhio Economic Development Grant,"$75,000"
2023-Nov,Cleveland Kitchen Co.,Cuyahoga,Northeast,Food and Agribusiness,80,"$3,600,000",58,"$1,541,500",2023_monthly_metrics-vc.pdf,11,JobsOhio Economic Development Grant,"$350,000"
2023-Nov,"CloserLook Search Services, Inc.",Franklin,Central,Technology,2,"$110,000",1,$0,2023_monthly_metrics-vc.pdf,11,JobsOhio Inclusion Grant,"$25,000"
2023-Nov,"Core Specialty Insurance Services, Inc.",Hamilton,Southwest,Financial Services,25,"$2,288,000",53,"$2,500,000",2023_monthly_metrics-vc.pdf,11,JobsOhio Economic Development Grant,"$75,000"
2023-Nov,"Costume Specialists, Inc.",Franklin,Central,Advanced Manufacturing,3,"$124,800",26,"$2,375,000",2023_monthly_metrics-vc.pdf,11,JobsOhio Inclusion Grant,"$25,000"
2023-Nov,Creek Technologies Company,Greene,Western,Technology,5,"$325,000",18,$0,2023_monthly_metrics-vc.pdf,11,JobsOhio Inclusion Grant,"$25,000"
2023-Nov,"Curiosity, LLC",Hamilton,Southwest,Other,32,"$3,463,148",68,"$3,318,512",2023_monthly_metrics-vc.pdf,11,JobsOhio Revitalization Grant,"$280,000"
2023-Nov,"Electra Tarp, Inc.",Stark,Northeast,Advanced Manufacturing,2,"$84,000",7,"$98,225",2023_monthly_metrics-vc.pdf,11,JobsOhio Inclusion Grant,"$50,000"
2023-Nov,"Emaxx Northeast Ohio, LLC",Stark,Northeast,Other,7,"$320,000",7,"$3,100,000",2023_monthly_metrics-vc.pdf,11,JobsOhio Inclusion Grant,"$50,000"
2023-Nov,Entegrity Consulting Group LLC,Montgomery,Western,Technology,1,"$135,000",7,$0,2023_monthly_metrics-vc.pdf,11,JobsOhio Inclusion Grant,"$50,000"
2023-Nov,"Envelope Mart of Northeast Ohio, Inc.",Lorain,Northeast,Advanced Manufacturing,8,"$386,800",31,"$750,000",2023_monthly_metrics-vc.pdf,11,JobsOhio Inclusion Grant,"$50,000"
2023-Nov,"Grob Systems, Inc.",Hancock,Northwest,Advanced Manufacturing,200,"$10,400,000",838,"$25,000,000",2023_monthly_metrics-vc.pdf,11,JobsOhio Economic Development Grant,"$500,000"
2023-Nov,"Herbert E. Orr Company, Inc.",Paulding,Northwest,Advanced Manufacturing,7,"$291,200",60,"$75,000",2023_monthly_metrics-vc.pdf,11,JobsOhio Inclusion Grant,"$25,000"
2023-Nov,High Road Towing & Truck Repair LLC,Gallia & Jackson,Southeast,Automotive,6,"$249,600",11,"$580,956",2023_monthly_metrics-vc.pdf,11,JobsOhio Inclusion Grant,"$25,000"
2023-Nov,"IML Containers Ohio, Inc.",Stark,Northeast,Advanced Manufacturing,50,"$2,080,000",12,"$19,090,000",2023_monthly_metrics-vc.pdf,11,JobsOhio Economic Development Grant,"$100,000"
2023-Nov,"Intertek, LLC",Lorain,Northeast,Advanced Manufacturing,3,"$150,000",10,"$50,000",2023_monthly_metrics-vc.pdf,11,JobsOhio Inclusion Grant,"$25,000"
2023-Nov,"J&M INVESTMENTS OF NW OHIO, LLC",Miami,Western,TBD,TBD,TBD,TBD,"$3,475,400",2023_monthly_metrics-vc.pdf,11,JobsOhio Spec Development Grant - OSIP*,"$350,000"
2023-Nov,"JCS Manufacturing, LLC",Portage,Northeast,Advanced Manufacturing,3,"$180,000",1,"$52,000",2023_monthly_metrics-vc.pdf,11,JobsOhio Inclusion Grant,"$25,000"
2023-Nov,"Kaney Aerospace, Inc.",Montgomery,Western,Aerospace and Aviation,15,"$1,800,000",5,"$1,000,000",2023_monthly_metrics-vc.pdf,11,JobsOhio Economic Development Grant,"$150,000"
2023-Nov,"Kirke's Homemade Ice Cream, Inc.",Belmont,Southeast,Food and Agribusiness,1,"$52,000",1,"$75,100",2023_monthly_metrics-vc.pdf,11,JobsOhio Inclusion Grant,"$25,000"
2023-Nov,Kween and Co.,Cuyahoga,Northeast,Food and Agribusiness,25,"$1,100,945",0,"$196,743",2023_monthly_metrics-vc.pdf,11,JobsOhio Economic Development Grant,"$100,000"
2023-Nov,Mattr US Inc.,Butler & Hamilton,Southwest,Advanced Manufacturing,48,"$2,712,935",26,"$8,056,458",2023_monthly_metrics-vc.pdf,11,JobsOhio Economic Development Grant,"$100,000"
2023-Nov,"MCW Certified Welding, Ltd.",Fulton,Northwest,Advanced Manufacturing,1,"$52,000",3,"$55,000",2023_monthly_metrics-vc.pdf,11,JobsOhio Inclusion Grant,"$25,000"
2023-Nov,Micropower Group US Inc.,Miami,Western,Advanced Manufacturing,10,"$710,526",15,"$2,500,000",2023_monthly_metrics-vc.pdf,11,JobsOhio Workforce Grant,"$60,000"
2023-Nov,"Ohio Concrete Crushing & Ag, LLC",Putnam,Northwest,Advanced Manufacturing,1,"$60,000",2,"$267,000",2023_monthly_metrics-vc.pdf,11,JobsOhio Inclusion Grant,"$25,000"
2023-Nov,"Ohio Steel Industries, Inc.","Delaware,Franklin & Licking",Central,Advanced Manufacturing,52,"$2,600,000",198,"$7,200,000",2023_monthly_metrics-vc.pdf,11,JobsOhio Economic Development Grant,"$250,000"
2023-Nov,P.M. Electro Auto Inc.,Lucas,Northwest,Advanced Manufacturing,100,"$5,200,000",0,"$5,437,500",2023_monthly_metrics-vc.pdf,11,JobsOhio Economic Development Grant,"$250,000"
2023-Nov,"Premium Metals, Inc.",Cuyahoga,Northeast,Advanced Manufacturing,25,"$1,250,000",21,"$1,521,714",2023_monthly_metrics-vc.pdf,11,JobsOhio Revitalization Grant,"$100,000"
2023-Nov,PVS Plastics Technology Corp.,Montgomery,Western,Automotive,26,"$1,100,000",48,"$8,500,000",2023_monthly_metrics-vc.pdf,11,JobsOhio Growth Fund Loan,"$3,150,000"
2023-Nov,Quidel Corporation,Athens,Southeast,Healthcare,19,"$845,028",183,"$34,605,000",2023_monthly_metrics-vc.pdf,11,JobsOhio Revitalization Grant,"$750,000"
2023-Nov,"Ray Hamilton Logistics, LLC",Hamilton,Southwest,Logistics and Distribution,15,"$936,000",15,"$200,000",2023_monthly_metrics-vc.pdf,11,JobsOhio Economic Development Grant,"$50,000"
2023-Nov,"Ron-Al Mold & Machine, Inc.",Portage,Northeast,Advanced Manufacturing,1,"$40,000",8,"$100,000",2023_monthly_metrics-vc.pdf,11,JobsOhio Inclusion Grant,"$25,000"
2023-Nov,"RTeam Management, Inc.",Franklin,Central,Other,17,"$1,470,000",41,"$1,250,000",2023_monthly_metrics-vc.pdf,11,JobsOhio Economic Development Grant,"$125,000"
2023-Nov,"Sewah Studios, Inc.",Washington,Southeast,Advanced Manufacturing,5,"$197,600",25,"$497,849",2023_monthly_metrics-vc.pdf,11,JobsOhio Inclusion Grant,"$25,000"
2023-Nov,"Sheetz Distribution Services, LLC",Hancock,Northwest,Food and Agribusiness,750,"$43,500,000",0,"$150,000,000",2023_monthly_metrics-vc.pdf,11,JobsOhio Economic Development Grant,"$3,500,000"
2023-Nov,"Sportsguard Laboratories, Inc.",Portage,Northeast,Advanced Manufacturing,1,"$39,000",3,"$50,800",2023_monthly_metrics-vc.pdf,11,JobsOhio Inclusion Grant,"$25,000"
2023-Nov,"Stoneage, Inc.",Stark,Northeast,Advanced Manufacturing,10,"$513,000",11,"$680,000",2023_monthly_metrics-vc.pdf,11,JobsOhio Revitalization Grant,"$75,000"
2023-Nov,"The Garage Group, Inc.",Hamilton,Southwest,Other,2,"$212,326",5,$0,2023_monthly_metrics-vc.pdf,11,JobsOhio Inclusion Grant,"$50,000"
2023-Nov,"Therm-O-Disc, Incorporated",Franklin & Richland,Central,Advanced Manufacturing,20,"$2,000,000",73,"$495,000",2023_monthly_metrics-vc.pdf,11,JobsOhio Economic Development Grant,"$150,000"
2023-Nov,"Troy Innovative Instruments, Inc.",Geauga,Northeast,Advanced Manufacturing,4,"$200,000",34,"$180,000",2023_monthly_metrics-vc.pdf,11,JobsOhio Inclusion Grant,"$50,000"
2023-Nov,"Unique Services Logistics Transportation, Inc.",Franklin,Central,Logistics and Distribution,2,"$74,880",2,$0,2023_monthly_metrics-vc.pdf,11,JobsOhio Inclusion Grant,"$25,000"
2023-Nov,Winston Products LLC,Cuyahoga,Northeast,Logistics and Distribution,30,"$1,500,000",96,"$300,000",2023_monthly_metrics-vc.pdf,11,JobsOhio Economic Development Grant,"$50,000"
2023-Nov,"Wisco Products, Incorporated",Montgomery,Western,Advanced Manufacturing,2,"$85,000",13,"$55,100",2023_monthly_metrics-vc.pdf,11,JobsOhio Inclusion Grant,"$25,000"
2023-Nov,Defiance Vibrant Community,Defiance,Northwest,Other,13,"$900,000",12,"$3,373,180",2023_monthly_metrics-vc.pdf,11,JobsOhio Vibrant Community Grant,"$650,000"
2023-Dec,AC Green LLC,Athens,Southeast,Advanced Manufacturing,9,"$520,000",9,"$810,000",2023_monthly_metrics-vc.pdf,12,JobsOhio Inclusion Grant,"$50,000"
2023-Dec,"Battle Sight Technologies, LLC",Montgomery,Western,Advanced Manufacturing,1,"$145,000",5,"$100,327",2023_monthly_metrics-vc.pdf,12,JobsOhio Inclusion Grant,"$50,000"
2023-Dec,"Beringer Plating, Inc.",Summit,Northeast,Other,4,"$211,111",12,"$2,160,000",2023_monthly_metrics-vc.pdf,12,JobsOhio Inclusion Grant,"$50,000"
2023-Dec,"Black Tip, LLC",Lorain,Northeast,Advanced Manufacturing,40,"$2,220,000",5,"$800,000",2023_monthly_metrics-vc.pdf,12,JobsOhio Workforce Grant,"$100,000"
2023-Dec,"Castek, Inc.",Lorain & Medina,Northeast,Advanced Manufacturing,20,"$1,000,000",28,"$1,500,000",2023_monthly_metrics-vc.pdf,12,JobsOhio Revitalization Grant,"$100,000"
2023-Dec,City of Fremont,Sandusky,Northwest,TBD,TBD,TBD,TBD,"$3,462,479",2023_monthly_metrics-vc.pdf,12,JobsOhio Spec Development Grant - OSIP*,"$500,000"
2023-Dec,"Designetics, Inc.",Lucas,Northwest,Advanced Manufacturing,6,"$342,540",61,$0,2023_monthly_metrics-vc.pdf,12,JobsOhio Inclusion Grant,"$25,000"
2023-Dec,"Engineered Products of Ohio, LLC",Mahoning & Trumbull,Northeast,Advanced Manufacturing,5,"$380,000",3,"$250,000",2023_monthly_metrics-vc.pdf,12,JobsOhio Inclusion Grant,"$25,000"
2023-Dec,"Facil North America, Inc.",Clark & Summit,Multi-Regional,Automotive,25,"$1,800,000",62,"$3,250,000",2023_monthly_metrics-vc.pdf,12,JobsOhio Economic Development Grant,"$200,000"
2023-Dec,"G & J Pepsi-Cola Bottlers, Inc.",Franklin,Central,Food and Agribusiness,44,"$2,232,000",603,"$22,425,000",2023_monthly_metrics-vc.pdf,12,JobsOhio Economic Development Grant,"$125,000"
2023-Dec,Graphite Design + Build Limited,Lucas,Northwest,Advanced Manufacturing,1,"$45,000",2,"$460,000",2023_monthly_metrics-vc.pdf,12,JobsOhio Inclusion Grant,"$25,000"
2023-Dec,Green Bay Packaging Inc.,Warren,Southwest,Advanced Manufacturing,30,"$1,772,600",105,"$47,200,000",2023_monthly_metrics-vc.pdf,12,JobsOhio Workforce Grant,"$60,000"
2023-Dec,"HEAVY Brewing Company, LLC",Lucas,Northwest,Food and Agribusiness,6,"$270,000",5,"$83,000",2023_monthly_metrics-vc.pdf,12,JobsOhio Inclusion Grant,"$25,000"
2023-Dec,"Keller Logistics Group, Inc.",Defiance,Northwest,Logistics and Distribution,194,"$19,086,000",126,"$5,000,000",2023_monthly_metrics-vc.pdf,12,JobsOhio Economic Development Grant,"$250,000"
2023-Dec,"Labconnect, LLC",Cuyahoga,Northeast,Healthcare,167,"$8,096,563",5,"$3,000,000",2023_monthly_metrics-vc.pdf,12,JobsOhio Economic Development Grant,"$500,000"
2023-Dec,Midlake Products & Manufacturing Company,Stark,Northeast,Advanced Manufacturing,20,"$880,000",45,"$1,700,000",2023_monthly_metrics-vc.pdf,12,JobsOhio Economic Development Grant,"$75,000"
2023-Dec,"Nemco Food Equipment, Ltd.",Defiance,Northwest,Advanced Manufacturing,22,"$846,560",100,"$4,564,022",2023_monthly_metrics-vc.pdf,12,JobsOhio Economic Development Grant,"$75,000"
2023-Dec,"NorthPoint Holdings, LLC",Butler,Southwest,TBD,TBD,TBD,TBD,"$36,213,000",2023_monthly_metrics-vc.pdf,12,JobsOhio Spec Development Grant - OSIP*,"$1,000,000"
2023-Dec,"Novis Works, LLC",Stark,Northeast,Energy and Chemicals,3,"$212,000",9,"$171,900",2023_monthly_metrics-vc.pdf,12,JobsOhio Inclusion Grant,"$25,000"
2023-Dec,Polaris Logistics Group Inc.,Lucas,Northwest,Logistics and Distribution,6,"$240,000",14,"$1,000,000",2023_monthly_metrics-vc.pdf,12,JobsOhio Inclusion Grant,"$25,000"
2023-Dec,"Sanders Development Group, LLC",Hamilton,Southwest,Other,2,"$150,000",2,$0,2023_monthly_metrics-vc.pdf,12,JobsOhio Inclusion Grant,"$50,000"
2023-Dec,"Standard Machine, LLC",Cuyahoga,Northeast,Advanced Manufacturing,4,"$187,200",15,"$490,000",2023_monthly_metrics-vc.pdf,12,JobsOhio Inclusion Grant,"$25,000"
2023-Dec,"TAC Industries, Inc.",Clark,Western,Advanced Manufacturing,10,"$260,000",91,$0,2023_monthly_metrics-vc.pdf,12,JobsOhio Inclusion Grant,"$25,000"
2023-Dec,"Technicote, Inc.",Montgomery,Western,Advanced Manufacturing,163,"$9,300,000",70,"$58,900,000",2023_monthly_metrics-vc.pdf,12,JobsOhio Economic Development Grant,"$700,000"
2023-Dec,"Utility Solutions Group, LLC",Franklin,Central,Energy and Chemicals,32,"$1,724,160",17,"$744,064",2023_monthly_metrics-vc.pdf,12,JobsOhio Economic Development Grant,"$100,000"
2023-Dec,Wendigo Tea LLC,Hamilton,Southwest,Logistics and Distribution,2,"$83,200",0,"$159,631",2023_monthly_metrics-vc.pdf,12,JobsOhio Inclusion Grant,"$25,000"
2023-Dec,Wine House OTR LLC,Hamilton,Southwest,Food and Agribusiness,1,"$48,000",3,"$55,246",2023_monthly_metrics-vc.pdf,12,JobsOhio Inclusion Grant,"$40,000"
2023-Dec,Marion Vibrant Community,Marion,Central,Other,1,"$50,000",13,"$841,104",2023_monthly_metrics-vc.pdf,12,JobsOhio Vibrant Community Grant,"$167,500"
2024-Jan,"808 Rhoades, LLC",Pickaway,Central,TBD,123,"$4,112,349",TBD,"$1,323,000",2024_annual_monthly_metrics.pdf,1,JobsOhio Vibrant Community Grant,"$600,000"
2024-Jan,"AI Services, LLC",Stark,Northeast,Technology,2,"$100,000",1,"$35,000",2024_annual_monthly_metrics.pdf,1,JobsOhio Inclusion Grant,"$25,000"
2024-Jan,"Alternalite Electric, Inc.",Cuyahoga,Northeast,Other,2,"$155,000",7,$0,2024_annual_monthly_metrics.pdf,1,JobsOhio Inclusion Grant,"$25,000"
2024-Jan,BIGORANGEMARKETING LLC,Hamilton,Southwest,Other,6,"$318,000",9,"$27,800",2024_annual_monthly_metrics.pdf,1,JobsOhio Inclusion Grant,"$50,000"
2024-Jan,City of Galion,Crawford,Northwest,TBD,5,"$200,000",TBD,"$2,232,120.0",2024_annual_monthly_metrics.pdf,1,JobsOhio Vibrant Community Grant,"$800,000"
2024-Jan,"Cleveland Specialty Products, Inc.",Cuyahoga,Northeast,Advanced Manufacturing,3,"$150,000",15,"$75,000",2024_annual_monthly_metrics.pdf,1,JobsOhio Inclusion Grant,"$25,000"
2024-Jan,Dawn Incorporated,Trumbull,Northeast,Other,5,"$373,568",33,"$1,053,000",2024_annual_monthly_metrics.pdf,1,JobsOhio Inclusion Grant,"$50,000"
2024-Jan,"Ditsch USA, LLC",Hamilton,Southwest,Food and Agribusiness,150,"$7,300,000",160,"$51,978,370",2024_annual_monthly_metrics.pdf,1,JobsOhio Revitalization Grant,"$500,000"
2024-Jan,"Everlast Roofing, Inc.",Preble,Western,Advanced Manufacturing,50,"$2,600,000",0,"$23,500,000",2024_annual_monthly_metrics.pdf,1,JobsOhio Revitalization Grant,"$250,000"
2024-Jan,"Expert Crane, Inc.",Lorain,Northeast,Advanced Manufacturing,18,"$1,202,000",67,"$8,835,000",2024_annual_monthly_metrics.pdf,1,JobsOhio Economic Development Grant,"$100,000"
2024-Jan,E Z Grout Corporation,Morgan,Southeast,Advanced Manufacturing,36,"$1,797,120",114,"$425,895",2024_annual_monthly_metrics.pdf,1,JobsOhio Revitalization Grant,"$200,000"
2024-Jan,"Grammer Americas, LLC",Van Wert,Northwest,Automotive,70,"$2,781,818",225,"$10,000,000",2024_annual_monthly_metrics.pdf,1,JobsOhio Economic Development Grant,"$150,000"
2024-Jan,Londell Smith & Associates LLC,Allen,Northwest,Other,2,"$83,200",2,"$16,092",2024_annual_monthly_metrics.pdf,1,JobsOhio Inclusion Grant,"$25,000"
2024-Jan,Materion Corporation,Cuyahoga,Northeast,Advanced Manufacturing,0,$0,204,"$3,000,000",2024_annual_monthly_metrics.pdf,1,JobsOhio Economic Development Grant,"$750,000"
2024-Jan,"MC Coating, Inc.",Montgomery,Western,Advanced Manufacturing,30,"$1,600,000",10,"$4,150,000",2024_annual_monthly_metrics.pdf,1,JobsOhio Economic Development Grant,"$150,000"
2024-Jan,"New Horizons Baking Company, LLC",Franklin,Central,Food and Agribusiness,40,"$1,882,075",0,"$25,000,000",2024_annual_monthly_metrics.pdf,1,JobsOhio Economic Development Grant,"$100,000"
2024-Jan,"NorthPoint Holdings, LLC",Lucas,Northwest,TBD,TBD,TBD,TBD,"$55,871,559",2024_annual_monthly_metrics.pdf,1,JobsOhio Spec Development Grant - OSIP*,"$1,500,000"
2024-Jan,"Owens Corning Science And Technology, LLC",Licking,Central,Advanced Manufacturing,8,"$599,200",412,"$18,100,000",2024_annual_monthly_metrics.pdf,1,JobsOhio Research & Development Grant,"$1,000,000"
2024-Jan,Pap's Hilltop Distillery LLC,Ross,Southeast,Advanced Manufacturing,3,"$106,080",0,"$494,000",2024_annual_monthly_metrics.pdf,1,JobsOhio Inclusion Grant,"$50,000"
2024-Jan,ProVia Payroll LLC,Tuscarawas,Northeast,Advanced Manufacturing,17,"$1,050,000",19,"$1,060,000",2024_annual_monthly_metrics.pdf,1,JobsOhio Revitalization Grant,"$100,000"
2024-Jan,Pure Beauty & Extension Bar LLC,Hamilton,Southwest,Logistics and Distribution,2,"$83,200",2,"$60,000",2024_annual_monthly_metrics.pdf,1,JobsOhio Inclusion Grant,"$35,000"
2024-Jan,Red Wolf Engineering Solutions LLC,Wood,Northwest,Other,1,"$41,600",1,"$10,000",2024_annual_monthly_metrics.pdf,1,JobsOhio Inclusion Grant,"$25,000"
2024-Jan,Rise Doughjo LLC,Miami,Western,Food and Agribusiness,9,"$398,100",2,"$292,000",2024_annual_monthly_metrics.pdf,1,JobsOhio Inclusion Grant,"$50,000"
2024-Jan,"Salem Welding & Supply Co., Inc.",Columbiana,Northeast,Advanced Manufacturing,5,"$312,000",21,"$2,950,000",2024_annual_monthly_metrics.pdf,1,JobsOhio Inclusion Grant,"$50,000"
2024-Jan,"Seventeen Services, LLC",Muskingum,Southeast,Advanced Manufacturing,2,"$72,800",7,"$942,455",2024_annual_monthly_metrics.pdf,1,JobsOhio Inclusion Grant,"$25,000"
2024-Jan,Spartech LLC,Paulding,Northwest,Advanced Manufacturing,20,"$920,000",100,"$1,600,000",2024_annual_monthly_metrics.pdf,1,JobsOhio Economic Development Grant,"$100,000"
2024-Jan,"TCC Delaware II, LLC",Delaware,Central,TBD,TBD,TBD,TBD,"$19,447,500",2024_annual_monthly_metrics.pdf,1,JobsOhio Spec Development Grant - OSIP*,"$750,000"
2024-Jan,"TER-WAL TOOL & MFG., INC.",Cuyahoga,Northeast,Advanced Manufacturing,1,"$50,000",8,"$75,000",2024_annual_monthly_metrics.pdf,1,JobsOhio Inclusion Grant,"$25,000"
2024-Jan,"The Beemer Machine Company, Inc.",Portage,Northeast,Advanced Manufacturing,1,"$70,000",4,"$65,000",2024_annual_monthly_metrics.pdf,1,JobsOhio Inclusion Grant,"$25,000"
2024-Jan,"Two Six Labs, LLC",Montgomery,Western,Technology,80,"$10,000,000",2,"$2,100,000",2024_annual_monthly_metrics.pdf,1,JobsOhio Economic Development Grant,"$250,000"
2024-Jan,"VEGA Americas, Inc.",Warren,Southwest,Advanced Manufacturing,31,"$1,338,640",388,"$10,500,000",2024_annual_monthly_metrics.pdf,1,JobsOhio Economic Development Grant,"$75,000"
2024-Jan,"Wells Fargo Bank, National Association",Franklin,Central,Financial Services,350,"$43,752,800",36,$0,2024_annual_monthly_metrics.pdf,1,JobsOhio Workforce Grant,"$1,000,000"
2024-Feb,"Advancing Eco Agriculture, Inc.",Geauga,Northeast,Food and Agribusiness,20,"$900,000",16,"$550,000",2024_annual_monthly_metrics.pdf,2,JobsOhio Economic Development Grant,"$100,000"
2024-Feb,Black Diamond Development LLC,Perry,Southeast,TBD,TBD,TBD,TBD,"$1,361,900",2024_annual_monthly_metrics.pdf,2,JobsOhio Vibrant Community Grant,"$400,000"
2024-Feb,C.I.X. Direct LLC,Wayne,Northeast,Advanced Manufacturing,3,"$150,000",5,"$260,000",2024_annual_monthly_metrics.pdf,2,JobsOhio Inclusion Grant,"$25,000"
2024-Feb,Celina Aluminum Precision Technology Inc.,Mercer,Western,Automotive,0,$0,400,"$59,100,000",2024_annual_monthly_metrics.pdf,2,JobsOhio Workforce Grant,"$400,000"
2024-Feb,"DPC Fabrication, LLC",Meigs,Southeast,Advanced Manufacturing,45,"$3,744,000",10,"$1,935,000",2024_annual_monthly_metrics.pdf,2,JobsOhio Economic Development Grant,"$100,000"
2024-Feb,Dynamp LLC,Franklin,Central,Advanced Manufacturing,22,"$1,100,000",13,"$350,000",2024_annual_monthly_metrics.pdf,2,JobsOhio Economic Development Grant,"$100,000"
2024-Feb,"First Solar, Inc.",Wood,Northwest,Advanced Manufacturing,180,"$16,050,000",2250,"$488,500,000",2024_annual_monthly_metrics.pdf,2,JobsOhio Research & Development Grant,"$4,000,000"
2024-Feb,"GFFC Holdings, LLC.",Fulton,Northwest,Advanced Manufacturing,22,"$1,200,000",0,"$285,500",2024_annual_monthly_metrics.pdf,2,JobsOhio Economic Development Grant,"$75,000"
2024-Feb,GXO Logistics Supply Chain Inc.,Madison,Central,Logistics and Distribution,200,"$8,730,000",0,"$35,600,000",2024_annual_monthly_metrics.pdf,2,JobsOhio Economic Development Grant,"$500,000"
2024-Feb,Lagersmith LLC,Sandusky,Northwest,Advanced Manufacturing,20,"$1,200,000",0,"$6,370,000",2024_annual_monthly_metrics.pdf,2,JobsOhio Growth Fund Loan,"$2,000,000"
2024-Feb,"Lake Shore Cryotronics, Inc.",Delaware,Central,Advanced Manufacturing,36,"$2,863,000",168,"$9,000,000",2024_annual_monthly_metrics.pdf,2,JobsOhio Economic Development Grant,"$600,000"
2024-Feb,Park Avenue Muffin Inc.,Cuyahoga,Northeast,Food and Agribusiness,8,"$332,800",3,"$114,535",2024_annual_monthly_metrics.pdf,2,JobsOhio Inclusion Grant,"$50,000"
2024-Feb,Pantomath Inc.,Hamilton,Southwest,Technology,22,"$3,520,000",10,$0,2024_annual_monthly_metrics.pdf,2,JobsOhio Inclusion Grant,"$50,000"
2024-Feb,"Schmelzer Industries, Inc.",Perry,Southeast,Advanced Manufacturing,4,"$187,000",22,"$776,300",2024_annual_monthly_metrics.pdf,2,JobsOhio Inclusion Grant,"$50,000"
2024-Feb,SKULD LLC,Miami,Western,Advanced Manufacturing,50,"$3,254,000",4,"$727,940",2024_annual_monthly_metrics.pdf,2,JobsOhio Revitalization Grant,"$200,000"
2024-Feb,"United Protective Technologies, LLC",Trumbull,Northeast,Advanced Manufacturing,21,"$1,123,200",0,"$2,736,000",2024_annual_monthly_metrics.pdf,2,JobsOhio Revitalization Grant,"$150,000"
2024-Feb,Western Reserve Port Authority,Trumbull,Northeast,TBD,TBD,TBD,TBD,"$1,900,000",2024_annual_monthly_metrics.pdf,2,JobsOhio Spec Development Grant -OSIP,"$1,900,000"
2024-Mar,"ACE Products & Consulting, LLC",Portage,Northeast,Advanced Manufacturing,5,"$325,000",19,"$200,000",2024_annual_monthly_metrics.pdf,3,JobsOhio Inclusion Grant,"$25,000"
2024-Mar,"Agracel, Inc.",Mercer,Western,TBD,TBD,TBD,TBD,"$5,060,000",2024_annual_monthly_metrics.pdf,3,JobsOhio Spec Development Grant - OSIP*,"$450,000"
2024-Mar,"Akron Plating Company, LLC",Summit,Northeast,Advanced Manufacturing,2,"$80,000",9,"$200,000",2024_annual_monthly_metrics.pdf,3,JobsOhio Inclusion Grant,"$25,000"
2024-Mar,"Allergy Unlimited, LLC",Hancock,Northwest,Healthcare,1,"$40,000",1,"$20,000",2024_annual_monthly_metrics.pdf,3,JobsOhio Inclusion Grant,"$25,000"
2024-Mar,"AndHealth, LLC",Franklin,Central,Healthcare,65,"$6,100,000",24,"$330,000",2024_annual_monthly_metrics.pdf,3,JobsOhio Workforce Grant,"$450,000"
2024-Mar,"Ark Transportation, Ltd.",Cuyahoga,Northeast,Logistics and Distribution,103,"$8,800,000",36,"$1,149,960",2024_annual_monthly_metrics.pdf,3,JobsOhio Economic Development Grant,"$400,000"
2024-Mar,"CentraComm Communications, Ltd.",Hancock & Seneca,Northwest,Technology,10,"$675,000",31,"$4,300",2024_annual_monthly_metrics.pdf,3,JobsOhio Inclusion Grant,"$25,000"
2024-Mar,"Clapp & Haney Brazed Tool Company, Inc.",Tuscarawas,Northeast,Advanced Manufacturing,4,"$170,000",10,"$366,000",2024_annual_monthly_metrics.pdf,3,JobsOhio Inclusion Grant,"$50,000"
2024-Mar,COFFEE REAL ESTATE LLC,Columbiana,Northeast,TBD,TBD,TBD,TBD,"$2,750,000",2024_annual_monthly_metrics.pdf,3,JobsOhio Vibrant Community Grant,"$500,000"
2024-Mar,"Criterion Tool & Die, Inc.",Cuyahoga,Northeast,Advanced Manufacturing,3,"$197,760",27,"$143,000",2024_annual_monthly_metrics.pdf,3,JobsOhio Inclusion Grant,"$50,000"
2024-Mar,Delano Industrial LLC,Ross,Southeast,TBD,TBD,TBD,TBD,"$4,445,400",2024_annual_monthly_metrics.pdf,3,JobsOhio Spec Development Grant -OSIP*,"$910,000"
2024-Mar,"Geiger Brothers, Inc.",Jackson,Southeast,Advanced Manufacturing,20,"$1,600,000",260,"$517,660",2024_annual_monthly_metrics.pdf,3,JobsOhio Economic Development Grant,"$80,000"
2024-Mar,Global Body & Equipment Co.,Wayne,Northeast,Advanced Manufacturing,15,"$675,000",33,"$580,000",2024_annual_monthly_metrics.pdf,3,JobsOhio Economic Development Grant,"$50,000"
2024-Mar,"Holmes Siding Contractors, LTD.",Holmes & Licking,Southeast,Advanced Manufacturing,60,"$5,900,000",154,"$10,834,000",2024_annual_monthly_metrics.pdf,3,JobsOhio Economic Development Grant,"$100,000"
2024-Mar,"J.E. Grote Company, Inc.",Franklin,Central,Food and Agribusiness,12,"$972,880",107,"$6,000,000",2024_annual_monthly_metrics.pdf,3,JobsOhio Economic Development Grant,"$75,000"
2024-Mar,"Kalmbach Feeds, Inc.",Wyandot,Northwest,Food and Agribusiness,40,"$2,697,500",482,"$12,000,000",2024_annual_monthly_metrics.pdf,3,JobsOhio Economic Development Grant,"$125,000"
2024-Mar,"KB Machine Tool Fab, LLC",Crawford,Northwest,Advanced Manufacturing,2,"$84,240",18,"$181,500",2024_annual_monthly_metrics.pdf,3,JobsOhio Inclusion Grant,"$50,000"
2024-Mar,"Luvata Ohio, Inc.",Delaware,Central,Advanced Manufacturing,40,"$2,969,653",111,"$12,000,000",2024_annual_monthly_metrics.pdf,3,JobsOhio Economic Development Grant,"$300,000"
2024-Mar,"MasterBrand, Inc.",Cuyahoga,Northeast,Advanced Manufacturing,2,"$750,000",9,"$2,000,000",2024_annual_monthly_metrics.pdf,3,JobsOhio Economic Development Grant,"$50,000"
2024-Mar,"McDonald Brothers Food Service, LLC",Stark,Northeast,Food and Agribusiness,2,"$100,000",2,"$150,000",2024_annual_monthly_metrics.pdf,3,JobsOhio Inclusion Grant,"$50,000"
2024-Mar,"Myers Tin Shop & Fabrication, LLC",Carroll,Southeast,Advanced Manufacturing,2,"$100,000",2,"$100,000",2024_annual_monthly_metrics.pdf,3,JobsOhio Inclusion Grant,"$25,000"
2024-Mar,"National Spinning Co., Inc.",Seneca,Northwest,Advanced Manufacturing,28,"$1,200,000",0,"$3,500,000",2024_annual_monthly_metrics.pdf,3,JobsOhio Economic Development Grant,"$100,000"
2024-Mar,"NEF, LTD",Fulton,Northwest,Advanced Manufacturing,1,"$42,500",7,"$190,000",2024_annual_monthly_metrics.pdf,3,JobsOhio Inclusion Grant,"$25,000"
2024-Mar,"OnQ Solutions, Inc.",Summit,Northeast,Other,27,"$1,665,000",40,"$2,239,163",2024_annual_monthly_metrics.pdf,3,JobsOhio Revitalization Grant,"$100,000"
2024-Mar,"PCS Nitrogen Ohio, L.P.",Allen,Northwest,Energy and Chemicals,20,"$2,000,000",177,"$969,000,000",2024_annual_monthly_metrics.pdf,3,JobsOhio Economic Development Grant,"$1,200,000"
2024-Mar,"Philomena Bakery, LLC",Cuyahoga,Northeast,Food and Agribusiness,3,"$124,800",2,"$85,000",2024_annual_monthly_metrics.pdf,3,JobsOhio Inclusion Grant,"$50,000"
2024-Mar,"Polymerics, Inc.",Summit,Northeast,Energy and Chemicals,30,"$1,235,520",49,"$1,385,000",2024_annual_monthly_metrics.pdf,3,JobsOhio Workforce Grant,"$75,000"
2024-Mar,"Streetpops, Inc.",Hamilton,Southwest,Food and Agribusiness,1,"$42,000",1,"$48,000",2024_annual_monthly_metrics.pdf,3,JobsOhio Inclusion Grant,"$25,000"
2024-Mar,The James B Oswald Company,Cuyahoga,Northeast,Financial Services,88,"$10,918,233",320,"$6,000,000",2024_annual_monthly_metrics.pdf,3,JobsOhio Revitalization Grant,"$500,000"
2024-Mar,"W.W. Cross Industries, Inc",Stark,Northeast,Advanced Manufacturing,2,"$79,040",17,"$112,000",2024_annual_monthly_metrics.pdf,3,JobsOhio Inclusion Grant,"$50,000"
2024-Mar,"Warabeya North America, Inc.",Franklin,Central,Food and Agribusiness,60,"$3,600,000",0,"$60,000,000",2024_annual_monthly_metrics.pdf,3,JobsOhio Economic Development Grant,"$200,000"
2024-Mar,Welch Packaging Group,Wayne,Northeast,Advanced Manufacturing,50,"$3,208,394",0,"$18,000,000",2024_annual_monthly_metrics.pdf,3,JobsOhio Economic Development Grant,"$150,000"
2024-Apr,"American Heavy Plate Solutions, LLC",Monroe,Southeast,Advanced Manufacturing,15,"$795,603",153,"$10,904,089",2024_annual_monthly_metrics.pdf,4,JobsOhio Economic Development Grant,"$75,000"
2024-Apr,"Charter Manufacturing Company, Inc.",Wood,Northwest,Advanced Manufacturing,15,"$874,848",134,"$18,600,000",2024_annual_monthly_metrics.pdf,4,JobsOhio Economic Development Grant,"$120,000"
2024-Apr,"CMC STEEL US, LLC",Summit,Northeast,Advanced Manufacturing,52,"$2,362,000",0,"$1,737,283",2024_annual_monthly_metrics.pdf,4,JobsOhio Revitalization Grant,"$175,000"
2024-Apr,"Dominion Liquid Technologies, LLC",Hamilton,Southwest,Food and Agribusiness,25,"$1,187,000",47,"$2,188,000",2024_annual_monthly_metrics.pdf,4,JobsOhio Economic Development Grant,"$50,000"
2024-Apr,"Driven Excavating, LLC",Crawford,Northwest,Other,2,"$90,000",20,"$120,000",2024_annual_monthly_metrics.pdf,4,JobsOhio Small Business Grant,"$25,000"
2024-Apr,"Elliott Machine Works, Inc.",Crawford,Northwest,Advanced Manufacturing,15,"$624,000",66,"$3,163,000",2024_annual_monthly_metrics.pdf,4,JobsOhio Small Business Grant,"$50,000"
2024-Apr,"Flohr Machine Company, Incorporated.",Summit,Northeast,Advanced Manufacturing,8,"$474,503",15,"$602,439",2024_annual_monthly_metrics.pdf,4,JobsOhio Small Business Grant,"$25,000"
2024-Apr,ForeverLawn Inc.,Stark,Northeast,Other,15,"$900,000",73,"$750,000",2024_annual_monthly_metrics.pdf,4,JobsOhio Economic Development Grant,"$50,000"
2024-Apr,"Gyalog Aluminum Foundry, LLC",Stark,Northeast,Advanced Manufacturing,4,"$149,760",2,"$67,389",2024_annual_monthly_metrics.pdf,4,JobsOhio Small Business Grant,"$25,000"
2024-Apr,"Infoverity U.S., Inc.",Franklin,Central,Technology,65,"$7,000,000",132,$0,2024_annual_monthly_metrics.pdf,4,JobsOhio Workforce Grant,"$200,000"
2024-Apr,"KD Healthcare Solutions, LLC",Montgomery,Western,Logistics and Distribution,1,"$41,600",1,$0,2024_annual_monthly_metrics.pdf,4,JobsOhio Small Business Grant,"$25,000"
2024-Apr,Liberty Development Company,Lorain,Northeast,TBD,TBD,TBD,TBD,"$270,000",2024_annual_monthly_metrics.pdf,4,JobsOhio Spec Development Grant - OSIP*,"$270,000"
2024-Apr,Maggies Farm and Aromatics LLC,Ross,Southeast,Advanced Manufacturing,2,"$66,976",2,"$150,000",2024_annual_monthly_metrics.pdf,4,JobsOhio Small Business Grant,"$50,000"
2024-Apr,"Milton Industries, Inc.",Montgomery,Western,Advanced Manufacturing,28,"$1,223,040",11,"$800,000",2024_annual_monthly_metrics.pdf,4,JobsOhio Economic Development Grant,"$65,000"
2024-Apr,"MMI Textiles, Inc.",Cuyahoga,Northeast,Advanced Manufacturing,4,"$370,000",25,"$34,000",2024_annual_monthly_metrics.pdf,4,JobsOhio Small Business Grant,"$50,000"
2024-Apr,"Mytee, Inc.",Cuyahoga,Northeast,Logistics and Distribution,35,"$1,750,000",53,"$13,271,772",2024_annual_monthly_metrics.pdf,4,JobsOhio Revitalization Grant,"$150,000"
2024-Apr,"Nuvo Packaging, LLC",Franklin,Central,Advanced Manufacturing,100,"$5,000,000",0,"$10,000,000",2024_annual_monthly_metrics.pdf,4,JobsOhio Economic Development Grant,"$200,000"
2024-Apr,"Port Clinton Manufacturing, LLC",Ottawa,Northwest,Advanced Manufacturing,2,"$100,000",19,"$120,000",2024_annual_monthly_metrics.pdf,4,JobsOhio Small Business Grant,"$25,000"
2024-Apr,"Premier Global Transportation, LLC",Clermont,Southwest,Logistics and Distribution,42,"$3,931,200",25,"$125,000",2024_annual_monthly_metrics.pdf,4,JobsOhio Workforce Grant,"$150,000"
2024-Apr,Quality Logistics LLC,Franklin,Central,Logistics and Distribution,50,"$3,570,000",0,"$200,000",2024_annual_monthly_metrics.pdf,4,JobsOhio Workforce Grant,"$100,000"
2024-Apr,"Queen City Pallets, Inc.",Hamilton,Southwest,Advanced Manufacturing,14,"$1,000,000",32,"$200,000",2024_annual_monthly_metrics.pdf,4,JobsOhio Small Business Grant,"$25,000"
2024-Apr,"Resilience US, Inc.",Butler,Southwest,Healthcare,440,"$28,976,340",476,"$228,945,335",2024_annual_monthly_metrics.pdf,4,JobsOhio Economic Development Grant,"$5,000,000"
2024-Apr,"Stephanie's Spices, LLC",Cuyahoga,Northeast,Food and Agribusiness,2,"$83,200",0,"$52,000",2024_annual_monthly_metrics.pdf,4,JobsOhio Small Business Grant,"$25,000"
2024-Apr,"Sweet Mae's Cookie Co., LLC",Hamilton,Southwest,Food and Agribusiness,2,"$83,200",0,"$100,000",2024_annual_monthly_metrics.pdf,4,JobsOhio Small Business Grant,"$50,000"
2024-Apr,The Wise Edge LLC,Summit,Northeast,Advanced Manufacturing,3,"$123,000",4,"$54,000",2024_annual_monthly_metrics.pdf,4,JobsOhio Small Business Grant,"$50,000"
2024-Apr,"Top Property Holdings, LLC",Mahoning,Northeast,TBD,TBD,TBD,TBD,"$7,476,000",2024_annual_monthly_metrics.pdf,4,JobsOhio Spec Development Grant - OSIP*,"$740,000"
2024-Apr,"Vendors Exchange International, LLC",Cuyahoga,Northeast,Advanced Manufacturing,26,"$1,516,403",179,"$500,000",2024_annual_monthly_metrics.pdf,4,JobsOhio Revitalization Grant,"$100,000"
2024-Apr,Viega LLC,Portage,Northeast,Advanced Manufacturing,68,"$3,684,376",0,"$178,000,000",2024_annual_monthly_metrics.pdf,4,JobsOhio Economic Development Grant,"$150,000"
2024-May,740 Storage & Container Rental LLC,Muskingum,Southeast,Advanced Manufacturing,4,"$150,000",0,"$902,200",2024_annual_monthly_metrics.pdf,5,JobsOhio Small Business Grant,"$25,000"
2024-May,"AGarvey, LLC",Greene,Western,Advanced Manufacturing,2,"$200,000",0,"$106,650",2024_annual_monthly_metrics.pdf,5,JobsOhio Small Business Grant,"$50,000"
2024-May,"Airborne Outfitters, LLC",Hancock,Northwest,Other,2,"$150,000",2,$0,2024_annual_monthly_metrics.pdf,5,JobsOhio Small Business Grant,"$25,000"
2024-May,"Darana Hybrid, Inc.",Butler,Southwest,Advanced Manufacturing,55,"$2,750,000",61,"$31,000,000",2024_annual_monthly_metrics.pdf,5,JobsOhio Revitalization Grant,"$250,000"
2024-May,Diamond America Corporation,Portage,Northeast,Advanced Manufacturing,0,$0,0,$0,2024_annual_monthly_metrics.pdf,5,JobsOhio Revitalization Phase II Grant,"$11,916"
2024-May,"First Solar, Inc.",Wood,Northwest,Advanced Manufacturing,80,"$3,827,200",2430,"$70,000,000",2024_annual_monthly_metrics.pdf,5,JobsOhio Economic Development Grant,"$350,000"
2024-May,"HLU Consultants, Inc.",Hamilton,Southwest,Financial Services,1,"$45,000",3,"$25,000",2024_annual_monthly_metrics.pdf,5,JobsOhio Small Business Grant,"$25,000"
2024-May,M&D Machine LLC,Lucas,Northwest,Advanced Manufacturing,1,"$41,600",7,"$97,000",2024_annual_monthly_metrics.pdf,5,JobsOhio Small Business Grant,"$25,000"
2024-May,Mechanical Finishers Inc LLC,Hamilton,Southwest,Advanced Manufacturing,5,"$202,800",24,"$90,000",2024_annual_monthly_metrics.pdf,5,JobsOhio Small Business Grant,"$25,000"
2024-May,Mobis US Electrified Powertrain LLC,Lucas,Northwest,Automotive,185,"$9,523,800",0,"$13,800,000",2024_annual_monthly_metrics.pdf,5,JobsOhio Economic Development Grant,"$700,000"
2024-May,"Modern Avionics & Maintenance, Inc",Richland,Northeast,Aerospace and Aviation,6,"$225,264",3,"$8,000",2024_annual_monthly_metrics.pdf,5,JobsOhio Small Business Grant,"$25,000"
2024-May,"Pallet Distributors, Inc.",Guernsey,Southeast,Advanced Manufacturing,18,"$771,429",17,"$5,950,000",2024_annual_monthly_metrics.pdf,5,JobsOhio Economic Development Grant,"$50,000"
2024-May,"Premier Aerospace Group, LLC",Montgomery,Western,Advanced Manufacturing,15,"$1,055,000",32,"$241,744",2024_annual_monthly_metrics.pdf,5,JobsOhio Economic Development Grant,"$75,000"
2024-May,Quality Tool Company,Lucas,Northwest,Advanced Manufacturing,3,"$131,040",23,"$150,000",2024_annual_monthly_metrics.pdf,5,JobsOhio Small Business Grant,"$25,000"
2024-May,Swift Manufacturing Co Inc,Lawrence,Southeast,Advanced Manufacturing,2,"$74,880",11,"$425,000",2024_annual_monthly_metrics.pdf,5,JobsOhio Small Business Grant,"$25,000"
2024-May,Toagosei America Inc.,Madison,Central,Energy and Chemicals,50,"$3,000,000",47,"$105,000,000",2024_annual_monthly_metrics.pdf,5,JobsOhio Economic Development Grant,"$600,000"
2024-May,"Trew, LLC",Butler,Southwest,Advanced Manufacturing,190,"$13,000,000",220,"$1,000,000",2024_annual_monthly_metrics.pdf,5,JobsOhio Economic Development Grant,"$1,000,000"
2024-May,"Triad Governmental Systems, Inc.",Greene,Western,Technology,2,"$107,668",12,"$30,000",2024_annual_monthly_metrics.pdf,5,JobsOhio Small Business Grant,"$25,000"
2024-May,True North ELO LLC,Columbiana,Northeast,TBD,TBD,TBD,TBD,"$1,981,828",2024_annual_monthly_metrics.pdf,5,JobsOhio Vibrant Community Grant,"$700,000"
2024-May,"TTM Technologies North America, LLC",Mahoning,Northeast,Technology,50,"$2,296,268",200,"$4,960,000",2024_annual_monthly_metrics.pdf,5,JobsOhio Workforce Grant,"$350,000"
2024-May,Vienna Beef Ltd.,Tuscarawas,Northeast,Food and Agribusiness,51,"$2,770,000",0,"$18,500,000",2024_annual_monthly_metrics.pdf,5,JobsOhio Revitalization Grant,"$500,000"
2024-May,"Waygate Technologies USA, LP",Hamilton,Southwest,Advanced Manufacturing,12,"$1,140,000",18,"$5,550,000",2024_annual_monthly_metrics.pdf,5,JobsOhio Economic Development Grant,"$100,000"
2024-May,"Wohlwend Engineering Group, Ltd.",Portage,Northeast,Other,3,"$255,000",5,$0,2024_annual_monthly_metrics.pdf,5,JobsOhio Small Business Grant,"$25,000"
2024-May,"Worldpay, LLC",Hamilton,Southwest,Financial Services,529,"$56,285,200",971,$0,2024_annual_monthly_metrics.pdf,5,JobsOhio Economic Development Grant,"$10,000,000"
2024-Jun,"4Walls.com, Ltd.",Cuyahoga,Northeast,Advanced Manufacturing,4,"$155,000",36,"$106,000",2024_annual_monthly_metrics.pdf,6,JobsOhio Small Business Grant,"$50,000"
2024-Jun,A-roc Entertainment LTD.,Athens,Southeast,Other,1,"$42,000",1,"$18,663",2024_annual_monthly_metrics.pdf,6,JobsOhio Small Business Grant,"$15,000"
2024-Jun,"Beagle Hill Services, LLC",Muskingum,Southeast,Advanced Manufacturing,2,"$80,000",9,"$116,757",2024_annual_monthly_metrics.pdf,6,JobsOhio Small Business Grant,"$50,000"
2024-Jun,Budde Precision Machining Corp.,Montgomery,Western,Advanced Manufacturing,2,"$120,000",14,"$200,445",2024_annual_monthly_metrics.pdf,6,JobsOhio Small Business Grant,"$25,000"
2024-Jun,Cintas Corporation No. 2,Warren,Southwest,Other,125,"$12,500,000",1293,"$10,000,000",2024_annual_monthly_metrics.pdf,6,JobsOhio Economic Development Grant,"$2,000,000"
2024-Jun,City of Middletown (Butler Technology and Career Development Schools),Butler,Southwest,TBD,TBD,TBD,TBD,"$10,500,000",2024_annual_monthly_metrics.pdf,6,JobsOhio Spec Development Grant - OSIP*,"$1,000,000"
2024-Jun,"Combined Technologies Group, Inc.",Montgomery,Western,Advanced Manufacturing,4,"$300,000",23,"$121,335",2024_annual_monthly_metrics.pdf,6,JobsOhio Small Business Grant,"$50,000"
2024-Jun,Detroit Diesel Remanufacturing LLC,Guernsey,Southeast,Automotive,22,"$993,243",277,"$8,000,000",2024_annual_monthly_metrics.pdf,6,JobsOhio Economic Development Grant,"$100,000"
2024-Jun,GE Precision Healthcare LLC,Hamilton & Portage & Cuyahoga,Southwest & Northeast,Healthcare,45,"$5,788,620",321,"$23,750,000",2024_annual_monthly_metrics.pdf,6,JobsOhio Research and Development Grant,"$2,000,000"
2024-Jun,"Grieshaber Precision America, Inc.",Hamilton,Southwest,Advanced Manufacturing,17,"$1,210,000",0,"$6,280,000",2024_annual_monthly_metrics.pdf,6,JobsOhio Economic Development Grant,"$100,000"
2024-Jun,"Lasting Legacy Memorials, LLC",Darke,Western,Advanced Manufacturing,1,"$41,600",2,"$220,000",2024_annual_monthly_metrics.pdf,6,JobsOhio Small Business Grant,"$50,000"
2024-Jun,Mansfield Welding Service LLC,Paulding,Northwest,Advanced Manufacturing,2,"$75,360",11,"$27,000",2024_annual_monthly_metrics.pdf,6,JobsOhio Small Business Grant,"$25,000"
2024-Jun,"MVA Diagnostics, Inc.",Stark,Northeast,Energy and Chemicals,25,"$1,900,000",18,"$2,650,000",2024_annual_monthly_metrics.pdf,6,JobsOhio Economic Development Grant,"$100,000"
2024-Jun,New Signs Ohio LLC,Allen,Northwest,Advanced Manufacturing,1,"$47,160",10,"$26,400",2024_annual_monthly_metrics.pdf,6,JobsOhio Small Business Grant,"$25,000"
2024-Jun,"Ott Plumbing & Heating, LLC",Lucas,Northwest,Other,1,"$60,000",5,"$177,000",2024_annual_monthly_metrics.pdf,6,JobsOhio Small Business Grant,"$50,000"
2024-Jun,"P.J. Bush Associates, Inc.",Cuyahoga,Northeast,Advanced Manufacturing,2,"$79,040",15,"$68,364",2024_annual_monthly_metrics.pdf,6,JobsOhio Small Business Grant,"$50,000"
2024-Jun,"Perrysburg Energy Solutions, LLC",Wood,Northwest,Energy and Chemicals,1,"$50,000",2,$0,2024_annual_monthly_metrics.pdf,6,JobsOhio Small Business Grant,"$25,000"
2024-Jun,"Phillips Fuel & Oil, LLC",Putnam,Northwest,Logistics and Distribution,1,"$50,000",3,"$168,000",2024_annual_monthly_metrics.pdf,6,JobsOhio Small Business Grant,"$25,000"
2024-Jun,"Powell Electrical Systems, Inc.",Stark,Northeast,Advanced Manufacturing,30,"$1,440,000",122,"$455,000",2024_annual_monthly_metrics.pdf,6,JobsOhio Economic Development Grant,"$75,000"
2024-Jun,"Scott Steel, LLC",Miami,Western,Advanced Manufacturing,18,"$900,000",45,"$4,140,000",2024_annual_monthly_metrics.pdf,6,JobsOhio Revitalization Grant,"$200,000"
2024-Jun,"Simpson Manufacturing Co., Inc.",Franklin,Central,Advanced Manufacturing,125,"$5,535,375",380,"$25,000,000",2024_annual_monthly_metrics.pdf,6,JobsOhio Workforce Grant,"$200,000"
2024-Jun,"Sunpower, Inc.",Athens,Southeast,Advanced Manufacturing,8,"$438,000",53,"$447,000",2024_annual_monthly_metrics.pdf,6,JobsOhio Economic Development Grant,"$75,000"
2024-Jun,"Tark, LLC",Montgomery,Western,Advanced Manufacturing,12,"$565,000",41,"$25,000",2024_annual_monthly_metrics.pdf,6,JobsOhio Workforce Grant,"$40,000"
2024-Jun,"The Chef's Garden, Inc.",Erie,Northeast,Food and Agribusiness,15,"$651,144",134,$0,2024_annual_monthly_metrics.pdf,6,JobsOhio Small Business Grant,"$50,000"
2024-Jun,The Gem City Engineering Co.,Montgomery,Western,Technology,31,"$2,384,488",130,"$1,831,000",2024_annual_monthly_metrics.pdf,6,JobsOhio Economic Development Grant,"$150,000"
2024-Jun,The Mack Iron Works Company,Erie,Northeast,Advanced Manufacturing,3,"$150,000",29,"$300,000",2024_annual_monthly_metrics.pdf,6,JobsOhio Small Business Grant,"$25,000"
2024-Jun,Thermocolor LLC,Erie,Northeast,Energy and Chemicals,18,"$748,800",43,"$3,000,000",2024_annual_monthly_metrics.pdf,6,JobsOhio Economic Development Grant,"$100,000"
2024-Jun,Thermocolor LLC,Erie,Northeast,Energy and Chemicals,18,"$748,800",43,"$3,000,000",2024_annual_monthly_metrics.pdf,6,JobsOhio Workforce Grant,"$100,000"
2024-Jul,"A.R.E. Accessories, LLC",Stark,Northeast,Automotive,111,"$5,624,500",783,"$4,900,000",2024_annual_monthly_metrics.pdf,7,JobsOhio Economic Development Grant,"$650,000"
2024-Jul,Accelevation LLC,Montgomery,Western,Technology,100,"$5,960,000",122,"$13,500,000",2024_annual_monthly_metrics.pdf,7,JobsOhio Economic Development Grant,"$400,000"
2024-Jul,"ACHI, LLC",Lucas,Northwest,Healthcare,1,"$40,000",3,$0,2024_annual_monthly_metrics.pdf,7,JobsOhio Small Business Grant,"$25,000"
2024-Jul,"Betco Corporation, Ltd.",Wood,Northwest,Energy and Chemicals,20,"$1,599,000",225,"$20,000,000",2024_annual_monthly_metrics.pdf,7,JobsOhio Economic Development Grant,"$150,000"
2024-Jul,Clovernook Center for the Blind and Visually Impaired,Hamilton,Southwest,Advanced Manufacturing,5,"$225,000",52,"$150,000",2024_annual_monthly_metrics.pdf,7,JobsOhio Small Business Grant,"$25,000"
2024-Jul,"Compliance Insight, Inc.",Butler,Southwest,Other,5,"$490,000",10,$0,2024_annual_monthly_metrics.pdf,7,JobsOhio Small Business Grant,"$25,000"
2024-Jul,Consolidus LLC,Summit,Northeast,Technology,10,"$460,000",33,"$15,000",2024_annual_monthly_metrics.pdf,7,JobsOhio Small Business Grant,"$25,000"
2024-Jul,"Dayton-Phoenix Group, Inc",Montgomery,Western,Advanced Manufacturing,115,"$5,500,000",223,"$5,850,000",2024_annual_monthly_metrics.pdf,7,JobsOhio Workforce Grant,"$250,000"
2024-Jul,"DB Rediheat, Inc.",Cuyahoga,Northeast,Advanced Manufacturing,3,"$120,000",16,"$104,000",2024_annual_monthly_metrics.pdf,7,JobsOhio Small Business Grant,"$25,000"
2024-Jul,"Doc's Diesel, LLC",Williams,Northwest,Logistics and Distribution,39,"$1,743,680",10,"$4,075,000",2024_annual_monthly_metrics.pdf,7,JobsOhio Economic Development Grant,"$75,000"
2024-Jul,"Dory Power, LLC",Cuyahoga,Northeast,Advanced Manufacturing,7,"$375,000",0,"$725,000",2024_annual_monthly_metrics.pdf,7,JobsOhio Small Business Grant,"$50,000"
2024-Jul,FLEXRACK by Qcells LLC,Mahoning,Northeast,Advanced Manufacturing,27,"$1,498,760",23,"$10,097,800",2024_annual_monthly_metrics.pdf,7,JobsOhio Revitalization Grant,"$200,000"
2024-Jul,"Frankart Electric, L.L.C.",Seneca,Northwest,Advanced Manufacturing,4,"$208,000",31,"$120,000",2024_annual_monthly_metrics.pdf,7,JobsOhio Small Business Grant,"$25,000"
2024-Jul,GBS Corp.,Stark,Northeast,Logistics and Distribution,20,"$1,075,000",75,"$4,200,000",2024_annual_monthly_metrics.pdf,7,JobsOhio Economic Development Grant,"$50,000"
2024-Jul,"Grove City Flex, LLC",Franklin,Central,TBD,TBD,TBD,TBD,"$16,553,673",2024_annual_monthly_metrics.pdf,7,JobsOhio Spec Development Grant - OSIP*,"$1,000,000"
2024-Jul,Humtown Pattern Company,Mahoning,Northeast,Advanced Manufacturing,6,"$245,000",55,"$4,000,000",2024_annual_monthly_metrics.pdf,7,JobsOhio Growth Fund Loan,"$1,200,000"
2024-Jul,Husky Marketing and Supply Company,"Allen, Franklin and Lucas",Central and Northwest,Energy and Chemicals,115,"$14,375,000",942,"$1,441,000,000",2024_annual_monthly_metrics.pdf,7,JobsOhio Workforce Grant,"$4,000,000"
2024-Jul,"Intermountain Electronics, Inc. of Price, Utah",Lawrence,Southeast,Advanced Manufacturing,25,"$1,451,320",62,"$12,000,000",2024_annual_monthly_metrics.pdf,7,JobsOhio Economic Development Grant,"$75,000"
2024-Jul,"Joby Aero, Inc.",Montgomery,Western,Aerospace and Aviation,2000,"$140,566,400",0,"$477,500,000",2024_annual_monthly_metrics.pdf,7,JobsOhio Economic Development Grant,"$110,000,000"
2024-Jul,Kisha & Tabellion Company LLC.,Stark,Northeast,Other,2,"$84,000",5,"$71,608",2024_annual_monthly_metrics.pdf,7,JobsOhio Small Business Grant,"$25,000"
2024-Jul,"McKee Materials, LLC",Washington,Southeast,Energy and Chemicals,5,"$300,000",0,"$717,000",2024_annual_monthly_metrics.pdf,7,JobsOhio Small Business Grant,"$50,000"
2024-Jul,Metallus Inc.,Stark,Northeast,Automotive,10,"$1,500,000",1602,"$112,700,000",2024_annual_monthly_metrics.pdf,7,JobsOhio Economic Development Grant,"$3,000,000"
2024-Jul,Metallus Inc.,Stark,Northeast,Automotive,10,"$1,500,000",1602,"$112,700,000",2024_annual_monthly_metrics.pdf,7,JobsOhio Workforce Grant,"$500,000"
2024-Jul,"Millwood, Inc.",Trumbull,Northeast,Advanced Manufacturing,40,"$3,500,000",115,"$5,000,000",2024_annual_monthly_metrics.pdf,7,JobsOhio Growth Fund Loan,"$4,000,000"
2024-Jul,"Mira Precision Health, Inc.",Warren,Southwest,Healthcare,29,"$2,790,000",12,"$810,500",2024_annual_monthly_metrics.pdf,7,JobsOhio Economic Development Grant,"$100,000"
2024-Jul,Nationwide Belting Sales and Service LLC,Ottawa,Northwest,Other,8,"$364,000",28,"$165,000",2024_annual_monthly_metrics.pdf,7,JobsOhio Small Business Grant,"$25,000"
2024-Jul,Ohio Workroom LLC,Stark,Northeast,Advanced Manufacturing,5,"$185,000",7,"$530,000",2024_annual_monthly_metrics.pdf,7,JobsOhio Small Business Grant,"$25,000"
2024-Jul,"Parsons Concrete Contractors, Inc.",Portage,Northeast,Other,10,"$550,000",30,$0,2024_annual_monthly_metrics.pdf,7,JobsOhio Small Business Grant,"$25,000"
2024-Jul,PB Management Group LLC,Cuyahoga,Northeast,Logistics and Distribution,2,"$80,000",4,"$2,200,000",2024_annual_monthly_metrics.pdf,7,JobsOhio Small Business Grant,"$50,000"
2024-Jul,"Phoenix Steel Service, Inc.",Cuyahoga,Northeast,Advanced Manufacturing,23,"$1,290,200",65,"$5,340,000",2024_annual_monthly_metrics.pdf,7,JobsOhio Revitalization Grant,"$125,000"
2024-Jul,Queerencia LLC,Franklin,Central,Other,3,"$155,000",2,"$5,500",2024_annual_monthly_metrics.pdf,7,JobsOhio Small Business Grant,"$25,000"
2024-Jul,"Solutions Plus, Inc.",Clermont,Southwest,Energy and Chemicals,2,"$83,200",15,"$1,600,000",2024_annual_monthly_metrics.pdf,7,JobsOhio Small Business Grant,"$25,000"
2024-Jul,"Systems Advantage, Inc.",Allen,Northwest,Other,3,"$132,000",10,"$295,137",2024_annual_monthly_metrics.pdf,7,JobsOhio Small Business Grant,"$25,000"
2024-Jul,"Team Wendy, LLC",Cuyahoga,Northeast,Advanced Manufacturing,200,"$15,000,000",200,"$15,000,000",2024_annual_monthly_metrics.pdf,7,JobsOhio Economic Development Grant,"$1,500,000"
2024-Jul,"Team Wendy, LLC",Cuyahoga,Northeast,Advanced Manufacturing,200,"$15,000,000",200,"$15,000,000",2024_annual_monthly_metrics.pdf,7,JobsOhio Workforce Grant,"$500,000"
2024-Jul,"Tempest, Inc.",Cuyahoga,Northeast,Advanced Manufacturing,3,"$240,000",29,$0,2024_annual_monthly_metrics.pdf,7,JobsOhio Small Business Grant,"$25,000"
2024-Jul,"Ursa Major Technologies, Inc.",Mahoning,Northeast,Aerospace and Aviation,15,"$1,125,000",3,"$14,500,000",2024_annual_monthly_metrics.pdf,7,JobsOhio Research & Development Grant,"$4,000,000"
2024-Jul,West Warren Property 1 LLC,Trumbull,Northeast,TBD,TBD,TBD,TBD,"$13,201,044",2024_annual_monthly_metrics.pdf,7,JobsOhio Spec Development Loan - OSIP*,"$2,000,000"
2024-Aug,"ACS Industries, Inc.",Portage,Northeast,Advanced Manufacturing,20,"$1,224,760",80,"$400,000",2024_annual_monthly_metrics.pdf,8,JobsOhio Revitalization Grant,"$100,000"
2024-Aug,"American Regent, Inc.",Franklin,Central,Healthcare,70,"$7,200,000",447,"$265,000,000",2024_annual_monthly_metrics.pdf,8,JobsOhio Economic Development Grant,"$500,000"
2024-Aug,"American Regent, Inc.",Franklin,Central,Healthcare,70,"$7,200,000",447,"$265,000,000",2024_annual_monthly_metrics.pdf,8,JobsOhio Workforce Grant,"$300,000"
2024-Aug,Associated Hygienic Products LLC,Delaware,Central,Healthcare,50,"$2,363,587",230,"$26,000,000",2024_annual_monthly_metrics.pdf,8,JobsOhio Economic Development Grant,"$200,000"
2024-Aug,Blue Label Packaging Company,Fairfield,Central,Advanced Manufacturing,20,"$1,100,000",146,"$8,500,000",2024_annual_monthly_metrics.pdf,8,JobsOhio Growth Fund Loan,"$1,600,000"
2024-Aug,Brackin Metalworks LLC,Stark,Northeast,Advanced Manufacturing,14,"$885,000",19,"$1,525,000",2024_annual_monthly_metrics.pdf,8,JobsOhio Economic Development Grant,"$50,000"
2024-Aug,"Cyfah, LLC",Clark,Western,Advanced Manufacturing,3,"$120,000",26,"$50,000",2024_annual_monthly_metrics.pdf,8,JobsOhio Small Business Grant,"$25,000"
2024-Aug,"Defifoods Group International, Inc.",Defiance,Northwest,Food and Agribusiness,2,"$80,000",3,"$125,000",2024_annual_monthly_metrics.pdf,8,JobsOhio Small Business Grant,"$25,000"
2024-Aug,"Divert, Inc.",Hamilton,Southwest,Energy and Chemicals,50,"$3,630,000",0,"$88,500,000",2024_annual_monthly_metrics.pdf,8,JobsOhio Economic Development Grant,"$500,000"
2024-Aug,"Dmax, Ltd.",Montgomery,Western,Automotive,0,$0,814,"$839,000,000",2024_annual_monthly_metrics.pdf,8,JobsOhio Economic Development Grant,"$7,000,000"
2024-Aug,"Enerfab Power & Industrial, LLC",Hamilton,Southwest,Advanced Manufacturing,44,"$4,118,400",316,"$206,640",2024_annual_monthly_metrics.pdf,8,JobsOhio Economic Development Grant,"$100,000"
2024-Aug,"EXCEL Management Systems, Inc.",Delaware,Central,Technology,15,"$800,000",9,$0,2024_annual_monthly_metrics.pdf,8,JobsOhio Small Business Grant,"$50,000"
2024-Aug,"Flower Manufacturing, LLC",Sandusky,Northwest,Advanced Manufacturing,4,"$160,000",29,$0,2024_annual_monthly_metrics.pdf,8,JobsOhio Small Business Grant,"$25,000"
2024-Aug,"Haag-Streit USA, Inc.",Warren,Southwest,Healthcare,15,"$1,410,000",114,"$4,942,000",2024_annual_monthly_metrics.pdf,8,JobsOhio Economic Development Grant,"$200,000"
2024-Aug,"Honda Development & Manufacturing of America, LLC",Franklin,Central,Automotive,9,"$603,000",0,"$15,000,000",2024_annual_monthly_metrics.pdf,8,JobsOhio Research & Development Grant,"$5,000,000"
2024-Aug,"HR MACHINE ""LLC""",Montgomery,Western,Advanced Manufacturing,2,"$76,960",8,"$505,000",2024_annual_monthly_metrics.pdf,8,JobsOhio Small Business Grant,"$50,000"
2024-Aug,Ice Barrel Inc.,Ashland and Holmes,Northeast and Southeast,Advanced Manufacturing,2,"$125,000",4,"$70,000",2024_annual_monthly_metrics.pdf,8,JobsOhio Small Business Grant,"$25,000"
2024-Aug,"Infinite Management Solutions, LLC",Montgomery,Western,Other,3,"$300,000",23,$0,2024_annual_monthly_metrics.pdf,8,JobsOhio Small Business Grant,"$50,000"
2024-Aug,Integra Mission Critical LLC,Summit,Northeast,Advanced Manufacturing,150,"$10,400,000",44,"$5,000,000",2024_annual_monthly_metrics.pdf,8,JobsOhio Economic Development Grant,"$400,000"
2024-Aug,"International Food Solutions, Inc.",Cuyahoga,Northeast,Food and Agribusiness,220,"$10,400,000",0,"$65,300,000",2024_annual_monthly_metrics.pdf,8,JobsOhio Revitalization Grant,"$1,000,000"
2024-Aug,"Jackson - Grandview Builders, Inc.",Jackson,Southeast,TBD,TBD,TBD,TBD,"$3,600,000",2024_annual_monthly_metrics.pdf,8,JobsOhio Spec Development Grant - OSIP*,"$360,000"
2024-Aug,"KCK PROPERTIES, LTD.",Tuscarawas,Northeast,TBD,TBD,TBD,TBD,"$1,989,221",2024_annual_monthly_metrics.pdf,8,JobsOhio Vibrant Community Grant,"$700,000"
2024-Aug,"Keene, Inc.",Cuyahoga,Northeast,Advanced Manufacturing,10,"$516,795",126,"$1,660,000",2024_annual_monthly_metrics.pdf,8,JobsOhio Growth Fund Loan,"$664,000"
2024-Aug,"MAHLE Behr Mt Sterling, Inc.",Madison,Central,Automotive,0,$0,160,"$5,200,000",2024_annual_monthly_metrics.pdf,8,JobsOhio Economic Development Grant,"$1,000,000"
2024-Aug,Mertz Design Inc.,Hamilton,Southwest,Other,2,"$200,000",11,$0,2024_annual_monthly_metrics.pdf,8,JobsOhio Small Business Grant,"$25,000"
2024-Aug,"Millennium Control Systems, LLC",Cuyahoga,Northeast,Technology,40,"$4,000,000",69,"$3,200,000",2024_annual_monthly_metrics.pdf,8,JobsOhio Economic Development Grant,"$200,000"
2024-Aug,"Moore Consulting Group, LLC",Cuyahoga,Northeast,Healthcare,1,"$62,000",1,$0,2024_annual_monthly_metrics.pdf,8,JobsOhio Small Business Grant,"$25,000"
2024-Aug,Nelson Manufacturing Company,Putnam,Northwest,Advanced Manufacturing,18,"$1,085,760",73,"$18,213,212",2024_annual_monthly_metrics.pdf,8,JobsOhio Growth Fund Loan,"$4,000,000"
2024-Aug,"Neotek Solutions, Inc.",Franklin,Central,Technology,30,"$5,000,000",15,$0,2024_annual_monthly_metrics.pdf,8,JobsOhio Workforce Grant,"$125,000"
2024-Aug,"Persys Engineering, Inc.",Huron,Northeast,Advanced Manufacturing,24,"$1,017,120",0,"$250,000",2024_annual_monthly_metrics.pdf,8,JobsOhio Workforce Grant,"$75,000"
2024-Aug,Pinnacle Warehousing Solutions LLC,Noble,Southeast,Logistics and Distribution,13,"$541,424",21,"$1,320,325",2024_annual_monthly_metrics.pdf,8,JobsOhio Revitalization Grant,"$160,000"
2024-Aug,"Plastic Compounders, Inc.",Guernsey,Southeast,Energy and Chemicals,5,"$174,000",22,"$500,000",2024_annual_monthly_metrics.pdf,8,JobsOhio Small Business Grant,"$25,000"
2024-Aug,Schwab Builders LLC,Putnam,Northwest,Advanced Manufacturing,1,"$48,880",1,"$50,690",2024_annual_monthly_metrics.pdf,8,JobsOhio Small Business Grant,"$25,000"
2024-Aug,Sweet Butter Bakery LLC,Hamilton,Southwest,Food and Agribusiness,1,"$36,400",1,"$30,000",2024_annual_monthly_metrics.pdf,8,JobsOhio Small Business Grant,"$25,000"
2024-Aug,The City of East Liverpool Community Improvement Corporation,Columbiana,Northeast,TBD,TBD,TBD,TBD,"$2,179,500",2024_annual_monthly_metrics.pdf,8,JobsOhio Vibrant Community Grant,"$600,000"
2024-Aug,Titanium Metals Corporation,Jefferson,Southeast,Aerospace and Aviation,50,"$3,262,480",575,"$25,000,000",2024_annual_monthly_metrics.pdf,8,JobsOhio Workforce Grant,"$160,000"
2024-Aug,Topre America Corporation,Clark,Western,Automotive,157,"$6,913,275",580,"$102,000,000",2024_annual_monthly_metrics.pdf,8,JobsOhio Economic Development Grant,"$500,000"
2024-Aug,"Transglobal, Inc.",Trumbull,Northeast,Automotive,40,"$1,497,600",35,"$11,926,055",2024_annual_monthly_metrics.pdf,8,JobsOhio Growth Fund Loan,"$3,000,000"
2024-Aug,"Troy Chemical Industries, Inc.",Geauga,Northeast,Energy and Chemicals,5,"$233,000",15,"$1,965,000",2024_annual_monthly_metrics.pdf,8,JobsOhio Small Business Grant,"$50,000"
2024-Aug,West Warren Property 1 LLC,Trumbull,Northeast,TBD,TBD,TBD,TBD,"$13,201,044",2024_annual_monthly_metrics.pdf,8,JobsOhio Spec Development Grant - OSIP*,"$1,000,000"
2024-Sep,"American Manufacturing, Inc.",Lucas,Northwest,Advanced Manufacturing,3,"$112,320",23,$0,2024_annual_monthly_metrics.pdf,9,JobsOhio Small Business Grant,"$25,000"
2024-Sep,"AmplifyBio, LLC",Licking and Madison,Central,Healthcare,263,"$24,100,000",155,"$132,750,000",2024_annual_monthly_metrics.pdf,9,JobsOhio Economic Development Grant,"$2,250,000"
2024-Sep,"Camaco, LLC. A Delaware Limited Liability Company",Lorain,Northeast,Automotive,104,"$5,270,674",272,"$3,100,000",2024_annual_monthly_metrics.pdf,9,JobsOhio Workforce Grant,"$250,000"
2024-Sep,Cincinnati Children's Hospital Medical Center,Hamilton,Southwest,Healthcare,TBD,TBD,TBD,"$40,000,000",2024_annual_monthly_metrics.pdf,9,JobsOhio Other Loan,"$32,000,000"
2024-Sep,"Core Specialty Insurance Services, Inc.",Hamilton,Southwest,Financial Services,45,"$4,275,000",78,"$2,000,000",2024_annual_monthly_metrics.pdf,9,JobsOhio Economic Development Grant,"$75,000"
2024-Sep,"Flatrock Butcher Block, LLC",Gallia,Southeast,Food and Agribusiness,2,"$68,640",2,"$130,000",2024_annual_monthly_metrics.pdf,9,JobsOhio Small Business Grant,"$25,000"
2024-Sep,"NCF CIM Fabricators, LLC",Richland,Northeast,Advanced Manufacturing,15,"$750,000",19,"$3,600,000",2024_annual_monthly_metrics.pdf,9,JobsOhio Economic Development Grant,"$50,000"
2024-Sep,North Star Bluescope Steel LLC,Fulton,Northwest,Advanced Manufacturing,25,"$2,750,000",577,"$130,000,000",2024_annual_monthly_metrics.pdf,9,JobsOhio Economic Development Grant,"$450,000"
2024-Sep,"Schaeffler Transmission, LLC",Tuscarawas and Wayne,Northeast,Automotive,650,"$54,000,080",1622,"$234,350,000",2024_annual_monthly_metrics.pdf,9,JobsOhio Economic Development Grant,"$10,000,000"
2024-Sep,Speedway LLC,Clark,Western,Energy and Chemicals,0,$0,1175,$0,2024_annual_monthly_metrics.pdf,9,JobsOhio Workforce Grant,"$750,000"
2024-Sep,Spirit Avionics LTD,Franklin,Central,Aerospace and Aviation,2,"$160,000",17,$0,2024_annual_monthly_metrics.pdf,9,JobsOhio Small Business Grant,"$50,000"
2024-Sep,"The Safety Company, LLC",Cuyahoga,Northeast,Other,20,"$1,300,000",21,"$925,000",2024_annual_monthly_metrics.pdf,9,JobsOhio Revitalization Grant,"$100,000"
2024-Sep,"Top Property Holdings, LLC",Mahoning,Northeast,TBD,TBD,TBD,TBD,"$7,476,000",2024_annual_monthly_metrics.pdf,9,JobsOhio Spec Development Loan - OSIP*,"$1,986,000"
2024-Oct,"ACI Services, Inc.",Guernsey,Southeast,Advanced Manufacturing,5,"$360,000",51,"$135,000",2024_annual_monthly_metrics.pdf,10,JobsOhio Economic Development Grant,"$30,000"
2024-Oct,"Ameriseal & Restoration, LLC",Portage,Northeast,Other,4,"$240,000",33,$0,2024_annual_monthly_metrics.pdf,10,JobsOhio Small Business Grant,"$25,000"
2024-Oct,"AMfgLabs, LLC",Belmont,Southeast,Advanced Manufacturing,15,"$1,500,000",3,"$1,001,479",2024_annual_monthly_metrics.pdf,10,JobsOhio Revitalization Grant,"$350,000"
2024-Oct,"AMG Products, LLC",Knox,Central,Advanced Manufacturing,5,"$294,000",15,"$635,000",2024_annual_monthly_metrics.pdf,10,JobsOhio Small Business Grant,"$50,000"
2024-Oct,"Annarino Foods, LTD.",Montgomery,Western,Food and Agribusiness,3,"$150,000",20,$0,2024_annual_monthly_metrics.pdf,10,JobsOhio Small Business Grant,"$25,000"
2024-Oct,"Aptiv Services US, LLC",Trumbull,Northeast,Automotive,0,$0,225,"$53,000,000",2024_annual_monthly_metrics.pdf,10,JobsOhio Economic Development Grant,"$400,000"
2024-Oct,"Autogate, Inc.",Erie,Northeast,Advanced Manufacturing,15,"$777,400",67,"$1,650,000",2024_annual_monthly_metrics.pdf,10,JobsOhio Economic Development Grant,"$50,000"
2024-Oct,"Buffalo Wings & Rings, LLC",Clermont,Southwest,Food and Agribusiness,6,"$420,362",32,"$4,876,520",2024_annual_monthly_metrics.pdf,10,JobsOhio Growth Fund Loan,"$1,700,000"
2024-Oct,"Bula Forge & Machine, Inc.",Cuyahoga,Northeast,Advanced Manufacturing,8,"$465,920",38,"$40,948",2024_annual_monthly_metrics.pdf,10,JobsOhio Small Business Grant,"$25,000"
2024-Oct,Carborundum Grinding Wheel Company,Hocking,Southeast,Advanced Manufacturing,3,"$116,064",23,"$441,804",2024_annual_monthly_metrics.pdf,10,JobsOhio Small Business Grant,"$50,000"
2024-Oct,"Carolina Stair Company, Inc.",Tuscarawas,Northeast,Advanced Manufacturing,8,"$400,000",32,"$1,700,000",2024_annual_monthly_metrics.pdf,10,JobsOhio Small Business Grant,"$25,000"
2024-Oct,Clark Fixture Technologies Inc.,Wood,Northwest,Aerospace and Aviation,5,"$301,600",28,$0,2024_annual_monthly_metrics.pdf,10,JobsOhio Small Business Grant,"$50,000"
2024-Oct,Cole's Coatings LLC,Highland,Southeast,Advanced Manufacturing,1,"$39,520",0,"$73,800",2024_annual_monthly_metrics.pdf,10,JobsOhio Small Business Grant,"$25,000"
2024-Oct,Denissoff Enterprises LLC,Stark,Northeast,Energy and Chemicals,15,"$1,000,000",15,"$1,500,000",2024_annual_monthly_metrics.pdf,10,JobsOhio Economic Development Grant,"$50,000"
2024-Oct,Escott & Company LLC,Portage,Northeast,Financial Services,1,"$52,000",8,$0,2024_annual_monthly_metrics.pdf,10,JobsOhio Small Business Grant,"$25,000"
2024-Oct,"Famous Distribution, Inc.",Cuyahoga,Northeast,Logistics and Distribution,83,"$4,211,000",0,"$30,900,000",2024_annual_monthly_metrics.pdf,10,JobsOhio Revitalization Grant,"$350,000"
2024-Oct,Foremost Seafood LTD.,Montgomery,Western,Logistics and Distribution,1,"$65,000",6,"$30,500",2024_annual_monthly_metrics.pdf,10,JobsOhio Small Business Grant,"$50,000"
2024-Oct,"H. Gerstner & Sons, Inc.",Montgomery,Western,Advanced Manufacturing,2,"$100,000",12,"$56,611",2024_annual_monthly_metrics.pdf,10,JobsOhio Small Business Grant,"$50,000"
2024-Oct,"Harmoni Solutions, Inc.",Summit,Northeast,Technology,10,"$1,060,000",6,$0,2024_annual_monthly_metrics.pdf,10,JobsOhio Small Business Grant,"$20,000"
2024-Oct,KAT Logistics LLC,Franklin,Central,Logistics and Distribution,1,"$45,000",4,$0,2024_annual_monthly_metrics.pdf,10,JobsOhio Small Business Grant,"$25,000"
2024-Oct,Kuns Northcoast Security Center LLC,Sandusky,Northwest,Technology,2,"$104,000",13,$0,2024_annual_monthly_metrics.pdf,10,JobsOhio Small Business Grant,"$50,000"
2024-Oct,LSC Communications Book LLC,Huron,Northeast,Advanced Manufacturing,100,"$4,400,000",470,"$18,000,000",2024_annual_monthly_metrics.pdf,10,JobsOhio Economic Development Grant,"$200,000"
2024-Oct,"Marker, Inc.",Muskingum,Southeast,TBD,TBD,TBD,TBD,"$16,437,998",2024_annual_monthly_metrics.pdf,10,JobsOhio Spec Development Grant - OSIP*,"$2,000,000"
2024-Oct,MLC Inc.,Montgomery,Western,Advanced Manufacturing,10,"$550,000",25,"$4,500,000",2024_annual_monthly_metrics.pdf,10,JobsOhio Small Business Grant,"$50,000"
2024-Oct,Modula Inc,Warren,Southwest,Advanced Manufacturing,60,"$3,900,000",110,"$31,310,000",2024_annual_monthly_metrics.pdf,10,JobsOhio Economic Development Grant,"$400,000"
2024-Oct,"Peoples Services, Inc.",Stark,Northeast,Logistics and Distribution,8,"$393,000",157,"$13,311,985",2024_annual_monthly_metrics.pdf,10,JobsOhio Growth Fund Loan,"$3,200,000"
2024-Oct,"Phoenix AG, LTD.",Champaign,Western,TBD,TBD,TBD,TBD,"$21,240,501",2024_annual_monthly_metrics.pdf,10,JobsOhio Spec Development Loan - OSIP*,"$3,000,000"
2024-Oct,"Premier Industrial Machine, LLC","Sandusky, Seneca and Wood",Northwest,Advanced Manufacturing,11,"$605,000",35,"$1,375,000",2024_annual_monthly_metrics.pdf,10,JobsOhio Small Business Grant,"$50,000"
2024-Oct,Progressive Automations USA Inc.,Hamilton,Southwest,Logistics and Distribution,16,"$730,000",0,"$3,000,000",2024_annual_monthly_metrics.pdf,10,JobsOhio Economic Development Grant,"$50,000"
2024-Oct,Seaman Corporation,Wayne,Northeast,Advanced Manufacturing,53,"$2,917,163",194,"$8,500,000",2024_annual_monthly_metrics.pdf,10,JobsOhio Economic Development Grant,"$100,000"
2024-Oct,"Shearer's Foods, LLC",Montgomery,Western,Food and Agribusiness,250,"$11,961,930",0,"$92,275,000",2024_annual_monthly_metrics.pdf,10,JobsOhio Economic Development Grant,"$500,000"
2024-Oct,Storetek Engineering Inc.,Portage,Northeast,Advanced Manufacturing,8,"$516,000",15,"$375,000",2024_annual_monthly_metrics.pdf,10,JobsOhio Small Business Grant,"$25,000"
2024-Oct,UNIQUE REI LLC,Summit,Northeast,Technology,4,"$280,000",2,"$7,000",2024_annual_monthly_metrics.pdf,10,JobsOhio Small Business Grant,"$40,000"
2024-Oct,"Veterans Electrical Group, LLC",Cuyahoga,Northeast,Other,5,"$250,000",16,"$28,544",2024_annual_monthly_metrics.pdf,10,JobsOhio Small Business Grant,"$40,000"
2024-Oct,"Warren Printing & Office Products, Inc.",Putnam,Northwest,Advanced Manufacturing,1,"$41,600",2,"$75,406",2024_annual_monthly_metrics.pdf,10,JobsOhio Small Business Grant,"$25,000"
2024-Oct,"Wedgewood Connect Ohio, LLC",Athens,Southeast,Healthcare,51,"$5,068,577",17,"$5,500,000",2024_annual_monthly_metrics.pdf,10,JobsOhio Revitalization Grant,"$750,000"
2024-Oct,Westrafo America LLC,Montgomery,Western,Advanced Manufacturing,230,"$12,058,912",0,"$12,020,000",2024_annual_monthly_metrics.pdf,10,JobsOhio Economic Development Grant,"$1,000,000"
2024-Oct,Willis Advantage Property Solutions LLC,Jackson,Southeast,Other,2,"$89,440",0,"$100,000",2024_annual_monthly_metrics.pdf,10,JobsOhio Small Business Grant,"$50,000"
2024-Oct,ZEN Industries Inc.,Cuyahoga,Northeast,Advanced Manufacturing,4,"$230,000",11,"$300,000",2024_annual_monthly_metrics.pdf,10,JobsOhio Small Business Grant,"$50,000"
2024-Nov,"A. O. Smith Water Treatment (North America), Inc.",Franklin,Central,Advanced Manufacturing,50,"$2,563,746",187,"$8,400,000",2024_annual_monthly_metrics.pdf,11,JobsOhio Economic Development Grant,"$150,000"
2024-Nov,"AJ Enterprise, LLC",Muskingum,Southeast,Advanced Manufacturing,4,"$183,600",15,"$190,000",2024_annual_monthly_metrics.pdf,11,JobsOhio Small Business Grant,"$50,000"
2024-Nov,"Armbruster Moving & Storage, Inc.",Cuyahoga and Medina,Northeast,Logistics and Distribution,10,"$400,000",43,"$4,000,000",2024_annual_monthly_metrics.pdf,11,JobsOhio Small Business Grant,"$25,000"
2024-Nov,"ASI Visual Display Products, Inc.",Tuscarawas,Northeast,Advanced Manufacturing,0,$0,30,"$750,000",2024_annual_monthly_metrics.pdf,11,JobsOhio Economic Development Grant,"$50,000"
2024-Nov,"Central Columbus Commerce 71 Development, LLC",Franklin,Central,TBD,TBD,TBD,TBD,"$75,000,000",2024_annual_monthly_metrics.pdf,11,JobsOhio Spec Development Grant - OSIP*,"$2,000,000"
2024-Nov,Cerelia USA Bakery Inc.,Franklin,Central,Food and Agribusiness,50,"$2,500,000",120,"$12,000,000",2024_annual_monthly_metrics.pdf,11,JobsOhio Economic Development Grant,"$200,000"
2024-Nov,"Charlie's Inventory, Inc.",Franklin,Central,Logistics and Distribution,1,"$45,000",10,$0,2024_annual_monthly_metrics.pdf,11,JobsOhio Small Business Grant,"$25,000"
2024-Nov,Cincinnati Center City Development Corporation,Hamilton,Southwest,TBD,TBD,TBD,TBD,"$20,115,328",2024_annual_monthly_metrics.pdf,11,JobsOhio Spec Development Grant - OSIP*,"$1,500,000"
2024-Nov,"Culp-Myers Awning Co., LLC",Stark,Northeast,Advanced Manufacturing,1,"$58,240",2,"$25,560",2024_annual_monthly_metrics.pdf,11,JobsOhio Small Business Grant,"$20,000"
2024-Nov,CV Hardware LLC,Lucas,Northwest,Logistics and Distribution,20,"$1,302,406",8,"$3,260,000",2024_annual_monthly_metrics.pdf,11,JobsOhio Economic Development Grant,"$75,000"
2024-Nov,Flairsoft Ltd.,Franklin,Central,Technology,3,"$265,000",27,$0,2024_annual_monthly_metrics.pdf,11,JobsOhio Small Business Grant,"$25,000"
2024-Nov,"Forrest Enterprises, Inc.",Miami,Western,Advanced Manufacturing,2,"$83,200",11,"$190,000",2024_annual_monthly_metrics.pdf,11,JobsOhio Small Business Grant,"$25,000"
2024-Nov,Harris Welding and Machine Company,Ashland,Northeast,Advanced Manufacturing,3,"$160,000",23,"$1,590,000",2024_annual_monthly_metrics.pdf,11,JobsOhio Small Business Grant,"$25,000"
2024-Nov,"Hocking Hills Garment Center, LLC",Athens,Southeast,Advanced Manufacturing,20,"$748,800",0,"$99,090",2024_annual_monthly_metrics.pdf,11,JobsOhio Small Business Grant,"$50,000"
2024-Nov,Kuzma Industries LLC,Seneca,Northwest,Advanced Manufacturing,2,"$150,000",9,"$95,000",2024_annual_monthly_metrics.pdf,11,JobsOhio Small Business Grant,"$25,000"
2024-Nov,MARICHAELS LTD,Cuyahoga,Northeast,TBD,TBD,TBD,TBD,"$10,385,234",2024_annual_monthly_metrics.pdf,11,JobsOhio Spec Development Loan - OSIP*,"$1,096,711"
2024-Nov,"Marvelish, LLC",Cuyahoga,Northeast,Food and Agribusiness,2,"$90,000",1,"$65,000",2024_annual_monthly_metrics.pdf,11,JobsOhio Small Business Grant,"$50,000"
2024-Nov,"Ohio Gratings, Inc.",Stark,Northeast,Advanced Manufacturing,60,"$3,960,000",528,"$2,570,900",2024_annual_monthly_metrics.pdf,11,JobsOhio Economic Development Grant,"$100,000"
2024-Nov,"Plastpro 2000, Inc.",Ashtabula,Northeast,Advanced Manufacturing,145,"$7,923,032",153,"$52,750,000",2024_annual_monthly_metrics.pdf,11,JobsOhio Economic Development Grant,"$225,000"
2024-Nov,"R. L. Waller Construction, Inc.",Ross,Southeast,Advanced Manufacturing,4,"$224,640",9,"$170,000",2024_annual_monthly_metrics.pdf,11,JobsOhio Small Business Grant,"$25,000"
2024-Nov,"Schaad and Sons, Inc.",Morgan,Southeast,Advanced Manufacturing,15,"$750,000",23,"$2,011,000",2024_annual_monthly_metrics.pdf,11,JobsOhio Revitalization Grant,"$200,000"
2024-Nov,"TCG Corrina Owner I, LLC",Franklin,Central,TBD,TBD,TBD,TBD,"$24,505,890",2024_annual_monthly_metrics.pdf,11,JobsOhio Spec Development Grant - OSIP*,"$1,000,000"
2024-Nov,Team Green Recycling LLC,Henry,Northwest,Advanced Manufacturing,2,"$93,500",9,"$100,000",2024_annual_monthly_metrics.pdf,11,JobsOhio Small Business Grant,"$25,000"
2024-Nov,"The Meal Prep Life, LLC",Miami,Western,Food and Agribusiness,5,"$166,400",3,"$54,500",2024_annual_monthly_metrics.pdf,11,JobsOhio Small Business Grant,"$50,000"
2024-Nov,TPAM INC.,Defiance and Wood,Northwest,Automotive,86,"$4,137,976",65,"$38,330,000",2024_annual_monthly_metrics.pdf,11,JobsOhio Economic Development Grant,"$400,000"
2024-Nov,Veteran Hardened Steel LLC,Cuyahoga,Northeast,Advanced Manufacturing,2,"$109,090",11,"$57,850",2024_annual_monthly_metrics.pdf,11,JobsOhio Small Business Grant,"$50,000"
2024-Dec,4 Friends LLC,Guernsey,Southeast,TBD,TBD,TBD,TBD,"$1,477,400",2024_annual_monthly_metrics.pdf,12,JobsOhio Vibrant Community Grant,"$450,000"
2024-Dec,AMECO USA Metal Fabrication Solutions LLC,Cuyahoga,Northeast,Advanced Manufacturing,3,"$175,000",24,"$750,000",2024_annual_monthly_metrics.pdf,12,JobsOhio Small Business Grant,"$50,000"
2024-Dec,Clean Age Inc.,Hamilton,Southwest,Logistics and Distribution,2,"$125,000",2,"$67,200",2024_annual_monthly_metrics.pdf,12,JobsOhio Small Business Grant,"$50,000"
2024-Dec,Clinton County Port Authority,Clinton,Western,TBD,TBD,TBD,TBD,"$10,852,266",2024_annual_monthly_metrics.pdf,12,JobsOhio Spec Development Grant - OSIP*,"$2,000,000"
2024-Dec,Coolants Plus Inc.,Butler,Southwest,Logistics and Distribution,6,"$315,000",41,"$10,000,000",2024_annual_monthly_metrics.pdf,12,JobsOhio Economic Development Grant,"$50,000"
2024-Dec,"Critical Ops, LLC",Cuyahoga,Northeast,Technology,2,"$100,000",3,"$275,000",2024_annual_monthly_metrics.pdf,12,JobsOhio Small Business Grant,"$25,000"
2024-Dec,General Electric Company,"Adams, Hamilton and Montgomery",Multi-Regional,Aerospace and Aviation,200,"$16,000,000",6450,"$8,000,000",2024_annual_monthly_metrics.pdf,12,JobsOhio Research & Development Grant,"$9,000,000"
2024-Dec,"General Mills Operations, LLC",Jackson,Southeast,Food and Agribusiness,0,$0,1004,"$100,000,000",2024_annual_monthly_metrics.pdf,12,JobsOhio Economic Development Grant,"$500,000"
2024-Dec,Givaudan Flavors Corporation,Hamilton,Southwest,Food and Agribusiness,220,"$15,890,036",882,"$127,250,000",2024_annual_monthly_metrics.pdf,12,JobsOhio Economic Development Grant,"$3,000,000"
2024-Dec,"Goyette Mechanical Company, Inc.",Franklin,Central,Advanced Manufacturing,90,"$7,200,000",69,"$1,200,000",2024_annual_monthly_metrics.pdf,12,JobsOhio Workforce Grant,"$225,000"
2024-Dec,"Hit Promotional Products, Inc.",Butler,Southwest,Logistics and Distribution,100,"$4,800,000",237,"$10,000,000",2024_annual_monthly_metrics.pdf,12,JobsOhio Economic Development Grant,"$1,000,000"
2024-Dec,Hurdwell LLC,Hancock,Northwest,Advanced Manufacturing,3,"$124,800",7,"$27,825",2024_annual_monthly_metrics.pdf,12,JobsOhio Small Business Grant,"$25,000"
2024-Dec,"Indie-Peasant Enterprises, Ltd",Athens,Southeast,Food and Agribusiness,3,"$180,000",3,"$93,936",2024_annual_monthly_metrics.pdf,12,JobsOhio Small Business Grant,"$50,000"
2024-Dec,"Key-4 Supply, Inc.",Franklin,Central,Logistics and Distribution,3,"$165,000",4,"$52,764",2024_annual_monthly_metrics.pdf,12,JobsOhio Small Business Grant,"$50,000"
2024-Dec,"Kolar Design, Inc.",Hamilton,Southwest,Other,3,"$225,000",20,"$100,000",2024_annual_monthly_metrics.pdf,12,JobsOhio Small Business Grant,"$50,000"
2024-Dec,Louis Dreyfus Company Upper Sandusky LLC,Wyandot,Northwest,Food and Agribusiness,114,"$9,195,550",0,"$541,000,000",2024_annual_monthly_metrics.pdf,12,JobsOhio Economic Development Grant,"$1,000,000"
2024-Dec,Lovisa USA LLC,Franklin,Central,Logistics and Distribution,40,"$2,671,000",0,"$620,000",2024_annual_monthly_metrics.pdf,12,JobsOhio Workforce Grant,"$100,000"
2024-Dec,Marion Professional Building LLC,Marion,Central,TBD,TBD,TBD,TBD,"$639,827",2024_annual_monthly_metrics.pdf,12,JobsOhio Vibrant Community Grant,"$250,000"
2024-Dec,"Mirac, LLC",Adams and Highland,Southeast,Technology,40,"$1,497,600",85,"$2,692,827",2024_annual_monthly_metrics.pdf,12,JobsOhio Revitalization Grant,"$591,000"
2024-Dec,"National Electrical Carbon Products, Inc.",Seneca,Northwest,Advanced Manufacturing,124,"$11,452,000",234,"$93,283,974",2024_annual_monthly_metrics.pdf,12,JobsOhio Economic Development Grant,"$500,000"
2024-Dec,Norplas Industries Inc.,Wood,Northwest,Automotive,140,"$6,392,256",0,"$74,000,000",2024_annual_monthly_metrics.pdf,12,JobsOhio Economic Development Grant,"$750,000"
2024-Dec,Novacel Inc.,Miami,Western,Advanced Manufacturing,42,"$2,849,683",94,"$2,900,000",2024_annual_monthly_metrics.pdf,12,JobsOhio Economic Development Grant,"$400,000"
2024-Dec,"Oberlin Food Hub, Inc.",Cuyahoga,Northeast,Food and Agribusiness,2,"$100,000",4,$0,2024_annual_monthly_metrics.pdf,12,JobsOhio Small Business Grant,"$25,000"
2024-Dec,"Pahl Ready Mix Concrete, Inc.",Williams,Northwest,Advanced Manufacturing,7,"$466,648",47,"$150,200",2024_annual_monthly_metrics.pdf,12,JobsOhio Small Business Grant,"$50,000"
2024-Dec,Piston Automotive LLC,Lorain,Northeast,Automotive,79,"$4,679,073",0,"$9,730,535",2024_annual_monthly_metrics.pdf,12,JobsOhio Economic Development Grant,"$250,000"
2024-Dec,Porter Industries LLC,Lawrence,Southeast,Advanced Manufacturing,2,"$76,960",8,"$264,500",2024_annual_monthly_metrics.pdf,12,JobsOhio Small Business Grant,"$50,000"
2024-Dec,"Qualico, Inc.",Cuyahoga,Northeast,Energy and Chemicals,2,"$108,537",3,"$75,000",2024_annual_monthly_metrics.pdf,12,JobsOhio Small Business Grant,"$50,000"
2024-Dec,"Sarnova HC, LLC",Franklin,Central,Healthcare,19,"$2,900,000",286,"$15,800,000",2024_annual_monthly_metrics.pdf,12,JobsOhio Economic Development Grant,"$150,000"
2024-Dec,Savkon Construction LLC,Franklin,Central,Other,2,"$100,000",2,"$68,000",2024_annual_monthly_metrics.pdf,12,JobsOhio Small Business Grant,"$50,000"
2024-Dec,"Scherer, Inc.",Wayne,Northeast,Food and Agribusiness,12,"$793,920",0,"$1,415,000",2024_annual_monthly_metrics.pdf,12,JobsOhio Economic Development Grant,"$50,000"
2024-Dec,Shark&Minnow Inc.,Cuyahoga,Northeast,Other,2,"$90,000",12,$0,2024_annual_monthly_metrics.pdf,12,JobsOhio Small Business Grant,"$50,000"
2024-Dec,"Sierra Nevada Company, LLC",Greene and Montgomery,Western,Aerospace and Aviation,200,"$21,734,705",147,"$7,800,000",2024_annual_monthly_metrics.pdf,12,JobsOhio Economic Development Grant,"$1,000,000"
2024-Dec,"SJN Data Center, LLC",Hamilton,Southwest,Technology,170,"$18,000,000",273,$0,2024_annual_monthly_metrics.pdf,12,JobsOhio Workforce Grant,"$1,000,000"
2024-Dec,Tallmadge Spinning & Metal Company,Summit,Northeast,Advanced Manufacturing,2,"$100,000",13,"$29,000",2024_annual_monthly_metrics.pdf,12,JobsOhio Small Business Grant,"$25,000"
2024-Dec,"Team CCI HVAC, LLC",Lucas,Northwest,Other,9,"$540,072",22,"$124,000",2024_annual_monthly_metrics.pdf,12,JobsOhio Small Business Grant,"$50,000"
2024-Dec,Teltron Design Group Inc,Franklin,Central,Technology,4,"$153,600",6,"$88,730",2024_annual_monthly_metrics.pdf,12,JobsOhio Small Business Grant,"$50,000"
2024-Dec,The Mennel Milling Company,Hancock,Northwest,Food and Agribusiness,10,"$1,267,921",340,"$9,484,779",2024_annual_monthly_metrics.pdf,12,JobsOhio Research & Development Grant,"$1,200,000"
2024-Dec,The Ohio Bell Telephone Company,Cuyahoga,Northeast,TBD,TBD,TBD,TBD,$0,2024_annual_monthly_metrics.pdf,12,JobsOhio Spec Development Grant - OSIP*,"$1,965,747"
2024-Dec,"U.S. Millwright Service, Inc.",Allen,Northwest,Advanced Manufacturing,3,"$113,000",25,"$94,000",2024_annual_monthly_metrics.pdf,12,JobsOhio Small Business Grant,"$25,000"
2024-Dec,Victress Health and Wellness LLC,Shelby,Western,Healthcare,1,"$55,411",2,"$115,000",2024_annual_monthly_metrics.pdf,12,JobsOhio Small Business Grant,"$50,000"
2024-Dec,"W2 Investments Enterprise, Inc",Franklin,Central,Logistics and Distribution,2,"$82,000",4,"$5,000",2024_annual_monthly_metrics.pdf,12,JobsOhio Small Business Grant,"$25,000"
2024-Dec,Wellman Services LLC,Allen,Northwest,Advanced Manufacturing,5,"$350,000",30,"$240,000",2024_annual_monthly_metrics.pdf,12,JobsOhio Small Business Grant,"$25,000"
2024-Dec,"Welspun USA, Inc",Franklin,Central,Advanced Manufacturing,70,"$5,120,000",21,"$5,055,000",2024_annual_monthly_metrics.pdf,12,JobsOhio Economic Development Grant,"$150,000"
2024-Dec,WESCO Distribution Inc.,Franklin,Central,Logistics and Distribution,21,"$1,680,000",17,"$3,000,000",2024_annual_monthly_metrics.pdf,12,JobsOhio Economic Development Grant,"$100,000"
2024-Dec,"Wulco, Inc.",Butler and Hamilton,Southwest,Advanced Manufacturing,55,"$2,780,000",174,"$25,000,000",2024_annual_monthly_metrics.pdf,12,JobsOhio Economic Development Grant,"$300,000"
2025-Jan,"Batter Up Bakery, LLC",Highland,Southeast,Food and Agribusiness,2,"$66,560",0,"$45,000",2025-annual-monthly-metrics.pdf,1,JobsOhio Small Business Grant,"$25,000"
2025-Jan,"Bay Pointe Tech Services, LLC",Medina,Northeast,Technology,5,"$260,000",9,"$15,500",2025-annual-monthly-metrics.pdf,1,JobsOhio Small Business Grant,"$25,000"
2025-Jan,"Columbus Apparel Studio, LLC",Franklin,Central,Advanced Manufacturing,2,"$97,000",5,"$97,000",2025-annual-monthly-metrics.pdf,1,JobsOhio Small Business Grant,"$25,000"
2025-Jan,"Corradino Industries, Inc.",Cuyahoga,Northeast,Other,1,"$41,600",3,$0,2025-annual-monthly-metrics.pdf,1,JobsOhio Small Business Grant,"$25,000"
2025-Jan,Covestro LLC,Licking,Central,Energy and Chemicals,24,"$2,361,078",145,"$70,240,000",2025-annual-monthly-metrics.pdf,1,JobsOhio Workforce Grant,"$150,000"
2025-Jan,Covestro LLC,Licking,Central,Energy and Chemicals,24,"$2,361,078",145,"$70,240,000",2025-annual-monthly-metrics.pdf,1,JobsOhio Economic Development Grant,"$500,000"
2025-Jan,"DSWDWK, LLC",Hamilton,Southwest,Food and Agribusiness,65,"$4,615,341",60,"$13,900,000",2025-annual-monthly-metrics.pdf,1,JobsOhio Economic Development Grant,"$200,000"
2025-Jan,"EPC-Columbia, Inc.",Huron,Northwest,Advanced Manufacturing,77,"$3,948,350",180,"$9,000,000",2025-annual-monthly-metrics.pdf,1,JobsOhio Economic Development Grant,"$350,000"
2025-Jan,FlightSafety International Inc.,Franklin,Central,Aerospace and Aviation,35,"$3,290,000",287,"$40,076,667",2025-annual-monthly-metrics.pdf,1,JobsOhio Economic Development Grant,"$200,000"
2025-Jan,Fortuna Bank,Franklin,Central,Financial Services,11,"$1,463,000",0,$0,2025-annual-monthly-metrics.pdf,1,JobsOhio Small Business Grant,"$50,000"
2025-Jan,"Graminex, L.L.C.",Henry,Northwest,Food and Agribusiness,3,"$125,000",26,"$100,000",2025-annual-monthly-metrics.pdf,1,JobsOhio Small Business Grant,"$50,000"
2025-Jan,"Intraplas Packaging Solutions, Inc.",Van Wert,Northwest,Advanced Manufacturing,54,"$2,734,388",0,"$37,205,105",2025-annual-monthly-metrics.pdf,1,JobsOhio Economic Development Grant,"$275,000"
2025-Jan,Knox County Land Reutilization Corporation,Knox,Central,TBD,TBD,TBD,TBD,"$4,424,231",2025-annual-monthly-metrics.pdf,1,JobsOhio Vibrant Community Grant,"$1,000,000"
2025-Jan,"Lithko Contracting, LLC",Butler,Southwest,Other,50,"$4,560,000",90,$0,2025-annual-monthly-metrics.pdf,1,JobsOhio Workforce Grant,"$400,000"
2025-Jan,"North Coast Seal, Incorporated",Cuyahoga,Northeast,Logistics and Distribution,3,"$180,000",12,"$57,574",2025-annual-monthly-metrics.pdf,1,JobsOhio Small Business Grant,"$50,000"
2025-Jan,"Pacific Manufacturing Ohio, Inc.",Butler,Southwest,Automotive,96,"$4,737,668",890,"$59,649,000",2025-annual-monthly-metrics.pdf,1,JobsOhio Economic Development Grant,"$600,000"
2025-Jan,Pig of the Month LLC,Montgomery,Western,Food and Agribusiness,1,"$41,600",3,"$11,000",2025-annual-monthly-metrics.pdf,1,JobsOhio Small Business Grant,"$50,000"
2025-Jan,"Plaskolite, LLC",Muskingum,Southeast,Advanced Manufacturing,38,"$2,200,000",123,"$8,800,000",2025-annual-monthly-metrics.pdf,1,JobsOhio Economic Development Grant,"$100,000"
2025-Jan,Red Horizon Engineering LLC,Wood,Northwest,Advanced Manufacturing,2,"$93,600",2,"$60,500",2025-annual-monthly-metrics.pdf,1,JobsOhio Small Business Grant,"$25,000"
2025-Jan,"Resilience US, Inc.",Butler and Hamilton,Southwest,Healthcare,200,"$17,200,000",916,"$100,000,000",2025-annual-monthly-metrics.pdf,1,JobsOhio Economic Development Grant,"$2,000,000"
2025-Jan,Rost Coffee LLC,Ross,Southeast,Food and Agribusiness,2,"$79,040",2,"$105,000",2025-annual-monthly-metrics.pdf,1,JobsOhio Small Business Grant,"$25,000"
2025-Jan,"Schneider Electric USA, Inc.",Butler,Southwest,Advanced Manufacturing,250,"$15,002,000",718,"$38,700,000",2025-annual-monthly-metrics.pdf,1,JobsOhio Economic Development Grant,"$2,000,000"
2025-Jan,State Industrial Products Corporation,Licking,Central,Energy and Chemicals,0,$0,104,"$4,500,000",2025-annual-monthly-metrics.pdf,1,JobsOhio Economic Development Grant,"$100,000"
2025-Jan,"TCG Corrina Owner I, LLC",Franklin,Central,TBD,TBD,TBD,TBD,"$24,505,890",2025-annual-monthly-metrics.pdf,1,JobsOhio Spec Development Loan - OSIP*,"$2,500,000"
2025-Jan,"The Rucks Group, LLC",Montgomery,Western,Technology,3,"$232,000",8,$0,2025-annual-monthly-metrics.pdf,1,JobsOhio Small Business Grant,"$25,000"
2025-Jan,Trustpar LLC,Montgomery,Western,Technology,2,"$201,000",13,"$490,000",2025-annual-monthly-metrics.pdf,1,JobsOhio Small Business Grant,"$25,000"
2025-Jan,Vehtek Systems Inc.,Wood,Northwest,Automotive,120,"$5,900,000",0,"$63,700,000",2025-annual-monthly-metrics.pdf,1,JobsOhio Economic Development Grant,"$500,000"
2025-Jan,"Your Bottled Water, LLC",Jackson,Southeast,Advanced Manufacturing,3,"$106,080",8,"$117,414",2025-annual-monthly-metrics.pdf,1,JobsOhio Small Business Grant,"$50,000"
2025-Feb,"Alliance Innovations, LLC",Richland,Northeast,Advanced Manufacturing,21,"$1,219,280",20,"$1,540,000",2025-annual-monthly-metrics.pdf,2,JobsOhio Revitalization Grant,"$80,000"
2025-Feb,"Battle Motors, Inc.",Tuscarawas,Northeast,Automotive,309,"$13,778,203",591,"$21,900,000",2025-annual-monthly-metrics.pdf,2,JobsOhio Economic Development Grant,"$1,000,000"
2025-Feb,"Beckett Air, Incorporated",Lorain,Northeast,Advanced Manufacturing,20,"$892,994",120,"$500,000",2025-annual-monthly-metrics.pdf,2,JobsOhio Economic Development Grant,"$50,000"
2025-Feb,"Corsetti Motors, Inc.",Clermont,Southwest,Automotive,30,"$1,612,000",0,"$1,010,000",2025-annual-monthly-metrics.pdf,2,JobsOhio Economic Development Grant,"$50,000"
2025-Feb,Eaton Aerospace LLC,Cuyahoga,Northeast,Aerospace and Aviation,5,"$605,000",310,"$2,500,000",2025-annual-monthly-metrics.pdf,2,JobsOhio Economic Development Grant,"$500,000"
2025-Feb,GEALAN Window Systems Inc.,Licking,Central,Logistics and Distribution,27,"$2,166,000",0,"$720,000",2025-annual-monthly-metrics.pdf,2,JobsOhio Economic Development Grant,"$100,000"
2025-Feb,"Graphic Detail, Inc.",Portage,Northeast,Advanced Manufacturing,2,"$82,000",15,$0,2025-annual-monthly-metrics.pdf,2,JobsOhio Small Business Grant,"$25,000"
2025-Feb,"Hinkle Fine Foods, Inc.",Montgomery,Western,Food and Agribusiness,2,"$83,200",19,$0,2025-annual-monthly-metrics.pdf,2,JobsOhio Small Business Grant,"$25,000"
2025-Feb,Kessler Sign Company,Muskingum,Southeast,Advanced Manufacturing,4,"$173,333",40,"$350,000",2025-annual-monthly-metrics.pdf,2,JobsOhio Small Business Grant,"$25,000"
2025-Feb,"L.J. Irving, Jr. & Sons, Inc.",Henry,Northwest,Other,1,"$47,000",9,"$50,000",2025-annual-monthly-metrics.pdf,2,JobsOhio Small Business Grant,"$25,000"
2025-Feb,"Lorad, LLC",Cuyahoga,Northeast,Advanced Manufacturing,50,"$3,161,313",68,"$2,200,000",2025-annual-monthly-metrics.pdf,2,JobsOhio Economic Development Grant,"$150,000"
2025-Feb,"Luxy Homz, LLC",Portage,Northeast,Advanced Manufacturing,5,"$250,000",3,"$57,000",2025-annual-monthly-metrics.pdf,2,JobsOhio Small Business Grant,"$50,000"
2025-Feb,"Marussia Beverages USA, Inc.",Franklin,Central,Food and Agribusiness,35,"$2,500,000",26,"$6,000,000",2025-annual-monthly-metrics.pdf,2,JobsOhio Economic Development Grant,"$100,000"
2025-Feb,"Mater Dei Industries, LLC",Allen,Northwest,Advanced Manufacturing,3,"$180,000",0,"$40,500",2025-annual-monthly-metrics.pdf,2,JobsOhio Small Business Grant,"$25,000"
2025-Feb,Mixt Solutions LLC,Union,Central,Logistics and Distribution,20,"$1,000,000",22,"$6,938,173",2025-annual-monthly-metrics.pdf,2,JobsOhio Growth Fund Loan,"$3,000,000"
2025-Feb,"New American Reel Company, LLC",Paulding,Northwest,Advanced Manufacturing,1,"$54,000",5,"$65,000",2025-annual-monthly-metrics.pdf,2,JobsOhio Small Business Grant,"$25,000"
2025-Feb,"Paarlo Plastics, Inc.",Stark,Northeast,Advanced Manufacturing,20,"$875,000",63,"$300,000",2025-annual-monthly-metrics.pdf,2,JobsOhio Economic Development Grant,"$50,000"
2025-Feb,"R.S. Imprints, LLC",Trumbull,Eastern,Advanced Manufacturing,3,"$120,000",11,"$321,846",2025-annual-monthly-metrics.pdf,2,JobsOhio Small Business Grant,"$25,000"
2025-Feb,"REM Electronics Supply Company, Inc.",Trumbull,Eastern,Advanced Manufacturing,3,"$163,737",27,"$270,488",2025-annual-monthly-metrics.pdf,2,JobsOhio Small Business Grant,"$50,000"
2025-Feb,"Roberts Manufacturing Co., Inc.",Paulding,Northwest,Advanced Manufacturing,4,"$183,040",32,"$135,000",2025-annual-monthly-metrics.pdf,2,JobsOhio Small Business Grant,"$25,000"
2025-Feb,"Synergy Building Systems, Inc.",Greene,Western,TBD,TBD,TBD,TBD,"$30,000,000",2025-annual-monthly-metrics.pdf,2,JobsOhio Spec Development Grant - OSIP*,"$2,000,000"
2025-Feb,Tecnocap LLC,Belmont,Southeast,Advanced Manufacturing,29,"$1,357,200",0,"$4,522,198",2025-annual-monthly-metrics.pdf,2,JobsOhio Revitalization Grant,"$200,000"
2025-Feb,Tempcraft Corporation,Cuyahoga,Northeast,Aerospace and Aviation,60,"$3,993,600",240,"$17,000,000",2025-annual-monthly-metrics.pdf,2,JobsOhio Economic Development Grant,"$150,000"
2025-Feb,"The JonesZylon Company, LLC",Coshocton,Southeast,Logistics and Distribution,1,"$80,000",10,"$200,000",2025-annual-monthly-metrics.pdf,2,JobsOhio Small Business Grant,"$50,000"
2025-Feb,Tidewater Logistics Operating LLC,Guernsey and Jefferson,Southeast,Logistics and Distribution,16,"$950,000",39,"$1,843,240",2025-annual-monthly-metrics.pdf,2,JobsOhio Economic Development Grant,"$75,000"
2025-Feb,USA Precast Concrete Limited,Stark,Northeast,Advanced Manufacturing,10,"$445,000",49,"$1,500,000",2025-annual-monthly-metrics.pdf,2,JobsOhio Small Business Grant,"$50,000"
2025-Feb,Western Reserve Port Authority,Trumbull,Eastern,TBD,TBD,TBD,TBD,"$5,500,000",2025-annual-monthly-metrics.pdf,2,JobsOhio Spec Development Grant - OSIP*,"$1,000,000"
2025-Feb,Willy's Inc.,Lucas,Northwest,Food and Agribusiness,25,"$1,040,000",29,"$1,370,000",2025-annual-monthly-metrics.pdf,2,JobsOhio Revitalization Grant,"$150,000"
2025-Feb,"WKCGRG HOLDINGS, INC.",Franklin,Central,Advanced Manufacturing,1,"$41,600",4,"$30,000",2025-annual-monthly-metrics.pdf,2,JobsOhio Small Business Grant,"$25,000"
2025-Feb,"Wurtec, Incorporated",Lucas,Northwest,Advanced Manufacturing,36,"$2,816,600",94,"$340,000",2025-annual-monthly-metrics.pdf,2,JobsOhio Economic Development Grant,"$150,000"
2025-Mar,Ashland County Airport Authority,Ashland,Northeast,N/A,N/A,N/A,N/A,"$1,950,000",2025-annual-monthly-metrics.pdf,3,JobsOhio Spec Development Grant - OSIP*,"$300,000"
2025-Mar,Beca House Coffee LLC,Wyandot,Northwest,Food and Agribusiness,2,"$83,200",6,"$100,000",2025-annual-monthly-metrics.pdf,3,JobsOhio Small Business Grant,"$50,000"
2025-Mar,"BJ's Wholesale Club, Inc.",Pickaway,Central,Logistics and Distribution,250,"$13,029,920",0,"$126,000,000",2025-annual-monthly-metrics.pdf,3,JobsOhio Economic Development Grant,"$250,000"
2025-Mar,Buckeye Precision Threads Inc.,Trumbull,Eastern,Advanced Manufacturing,6,"$312,000",0,"$52,649",2025-annual-monthly-metrics.pdf,3,JobsOhio Small Business Grant,"$25,000"
2025-Mar,"Charter Next Generation, Inc.",Richland,Northeast,Advanced Manufacturing,125,"$7,600,000",1236,"$106,375,000",2025-annual-monthly-metrics.pdf,3,JobsOhio Workforce Grant,"$200,000"
2025-Mar,Control Concepts of Ohio LLC,Summit,Northeast,Technology,4,"$400,000",15,"$45,000",2025-annual-monthly-metrics.pdf,3,JobsOhio Small Business Grant,"$50,000"
2025-Mar,"Cosmic Bobbins, LLC",Cuyahoga,Northeast,Advanced Manufacturing,3,"$125,000",0,"$55,000",2025-annual-monthly-metrics.pdf,3,JobsOhio Small Business Grant,"$50,000"
2025-Mar,"D. L. Page, LLC",Lorain,Northeast,Advanced Manufacturing,4,"$260,000",6,"$60,000",2025-annual-monthly-metrics.pdf,3,JobsOhio Small Business Grant,"$50,000"
2025-Mar,"DASD Brands, LLC",Hamilton,Southwest,Food and Agribusiness,1,"$42,000",2,"$452,500",2025-annual-monthly-metrics.pdf,3,JobsOhio Small Business Grant,"$50,000"
2025-Mar,"Digital Watchman, LLC",Greene,Western,Technology,1,"$55,000",10,"$20,000",2025-annual-monthly-metrics.pdf,3,JobsOhio Small Business Grant,"$25,000"
2025-Mar,"Emerald Environmental Services, Inc.",Portage,Northeast,Energy and Chemicals,6,"$450,000",43,$0,2025-annual-monthly-metrics.pdf,3,JobsOhio Small Business Grant,"$25,000"
2025-Mar,"Interscope Manufacturing, Inc.",Butler,Southwest,Advanced Manufacturing,2,"$95,000",12,"$69,000",2025-annual-monthly-metrics.pdf,3,JobsOhio Small Business Grant,"$50,000"
2025-Mar,"J Money, LLC",Fayette,Western,TBD,4,"$155,000",0,"$644,020",2025-annual-monthly-metrics.pdf,3,JobsOhio Vibrant Community Grant,"$300,000"
2025-Mar,"KBR Wyle Services, LLC",Greene,Western,Technology,85,"$8,500,000",403,"$6,500,000",2025-annual-monthly-metrics.pdf,3,JobsOhio Economic Development Grant,"$250,000"
2025-Mar,Midwest Air LLC,Adams,Southeast,Logistics and Distribution,2,"$83,200",0,"$430,000",2025-annual-monthly-metrics.pdf,3,JobsOhio Small Business Grant,"$25,000"
2025-Mar,"Milo's Whole World Gourmet, LLC",Athens,Southeast,Food and Agribusiness,4,"$160,000",14,"$130,000",2025-annual-monthly-metrics.pdf,3,JobsOhio Small Business Grant,"$50,000"
2025-Mar,"Ohio Valley Stamping-Assemblies, Inc.",Richland,Northeast,Advanced Manufacturing,12,"$500,000",60,"$70,000",2025-annual-monthly-metrics.pdf,3,JobsOhio Small Business Grant,"$50,000"
2025-Mar,"Queen City Certified, Inc.",Hamilton,Southwest,Technology,2,"$144,000",0,$0,2025-annual-monthly-metrics.pdf,3,JobsOhio Small Business Grant,"$25,000"
2025-Mar,RHS Healthcare Solutions Inc,Franklin,Central,Healthcare,106,"$7,750,095",0,"$1,500,000",2025-annual-monthly-metrics.pdf,3,JobsOhio Economic Development Grant,"$200,000"
2025-Mar,Seldom Seen Farm LLC,Geauga,Northeast,Food and Agribusiness,1,"$41,600",1,"$50,000",2025-annual-monthly-metrics.pdf,3,JobsOhio Small Business Grant,"$25,000"
2025-Mar,Service Steel Aerospace Corp.,Stark,Northeast,Aerospace and Aviation,15,"$975,000",30,"$11,700,000",2025-annual-monthly-metrics.pdf,3,JobsOhio Economic Development Grant,"$75,000"
2025-Mar,"Sierra Nevada Company, LLC",Montgomery,Western,N/A,N/A,N/A,N/A,"$96,500,000",2025-annual-monthly-metrics.pdf,3,JobsOhio Spec Development Grant - OSIP*,"$2,500,000"
2025-Mar,"Southeastern Container, Inc.",Wood,Northwest,Advanced Manufacturing,16,"$972,600",82,"$37,900,000",2025-annual-monthly-metrics.pdf,3,JobsOhio Economic Development Grant,"$75,000"
2025-Mar,"The Kriterion Group, LLC",Greene,Western,Technology,2,"$130,000",5,$0,2025-annual-monthly-metrics.pdf,3,JobsOhio Small Business Grant,"$25,000"
2025-Mar,"The Mod Pros, LLC",Cuyahoga,Northeast,Other,1,"$60,000",2,$0,2025-annual-monthly-metrics.pdf,3,JobsOhio Small Business Grant,"$25,000"
2025-Mar,Wyandot USA LLC,Marion,Central,Food and Agribusiness,67,"$3,925,000",260,"$7,715,000",2025-annual-monthly-metrics.pdf,3,JobsOhio Economic Development Grant,"$650,000"
2025-Apr,Amgen Inc.,Franklin and Licking,Central,Healthcare,350,"$36,000,000",400,"$822,000,000",2025-annual-monthly-metrics.pdf,4,JobsOhio Economic Development Grant,"$5,000,000"
2025-Apr,"Ben Kauser Excavating, LLC",Paulding,Northwest,Other,1,"$60,000",5,"$123,000",2025-annual-monthly-metrics.pdf,4,JobsOhio Small Business Grant,"$25,000"
2025-Apr,"B-K Tool & Design, Inc.",Putnam,Northwest,Advanced Manufacturing,37,"$2,819,509",117,"$5,390,000",2025-annual-monthly-metrics.pdf,4,JobsOhio Economic Development Grant,"$100,000"
2025-Apr,"Canon Healthcare USA, Inc.",Cuyahoga,Northeast,Healthcare,50,"$7,500,000",0,"$30,000,000",2025-annual-monthly-metrics.pdf,4,JobsOhio Economic Development Grant,"$2,000,000"
2025-Apr,Cipted Corp,Fairfield,Central,Automotive,18,"$1,285,000",0,"$80,000",2025-annual-monthly-metrics.pdf,4,JobsOhio Economic Development Grant,"$75,000"
2025-Apr,"Community Storage and Properties, ltd.",Logan,Central,TBD,8,"$500,000",0,"$2,171,000",2025-annual-monthly-metrics.pdf,4,JobsOhio Vibrant Community Grant,"$800,000"
2025-Apr,"Flohr Machine Company, Incorporated.",Summit,Northeast,Advanced Manufacturing,0,$0,0,$0,2025-annual-monthly-metrics.pdf,4,JobsOhio Revitalization Phase II Grant,"$14,000"
2025-Apr,"I.B.C., Inc.",Lucas,Northwest,N/A,N/A,N/A,N/A,"$10,248,767",2025-annual-monthly-metrics.pdf,4,JobsOhio Spec Development Grant - OSIP*,"$500,000"
2025-Apr,Pyrotek Incorporated,Portage,Northeast,Advanced Manufacturing,32,"$1,600,000",88,"$1,025,000",2025-annual-monthly-metrics.pdf,4,JobsOhio Economic Development Grant,"$200,000"
2025-Apr,Queen City Farms LLC,Clermont,Southwest,Food and Agribusiness,2,"$114,400",0,"$11,200",2025-annual-monthly-metrics.pdf,4,JobsOhio Small Business Grant,"$25,000"
2025-Apr,R. S. Hanline and Co. Inc.,Richland,Northeast,Food and Agribusiness,45,"$2,200,000",221,"$30,900,000",2025-annual-monthly-metrics.pdf,4,JobsOhio Revitalization Grant,"$500,000"
2025-Apr,"Safelite Group, Inc.",Franklin,Central,Automotive,0,$0,818,"$7,000,000",2025-annual-monthly-metrics.pdf,4,JobsOhio Economic Development Grant,"$2,000,000"
2025-Apr,The Goodyear Tire & Rubber Company,Summit,Northeast,Energy and Chemicals,3,"$135,000",61,"$26,100,000",2025-annual-monthly-metrics.pdf,4,JobsOhio Economic Development Grant,"$300,000"
2025-May,22 Market Street Ohio LLC,Mahoning,Eastern,TBD,64,"$5,888,000",0,"$10,075,098",2025-annual-monthly-metrics.pdf,5,JobsOhio Vibrant Community Grant,"$1,000,000"
2025-May,937 Designs LLC,Shelby,Western,Advanced Manufacturing,1,"$41,600",2,"$141,942",2025-annual-monthly-metrics.pdf,5,JobsOhio Small Business Grant,"$25,000"
2025-May,Allison Structural Group LTD,Franklin,Central,Other,1,"$50,000",2,"$10,000",2025-annual-monthly-metrics.pdf,5,JobsOhio Small Business Grant,"$50,000"
2025-May,"Anna Mary's Fried Pies, L.L.C.",Vinton,Southeast,Food and Agribusiness,4,"$124,800",0,"$250,000",2025-annual-monthly-metrics.pdf,5,JobsOhio Small Business Grant,"$25,000"
2025-May,Arch Polymers Inc.,Logan,Central,Advanced Manufacturing,4,"$209,280",9,"$150,000",2025-annual-monthly-metrics.pdf,5,JobsOhio Small Business Grant,"$50,000"
2025-May,BIOVERDE TECH LLC,Summit,Northeast,Energy and Chemicals,TBD,TBD,TBD,"$10,358,207",2025-annual-monthly-metrics.pdf,5,JobsOhio Other Grant,"$485,000"
2025-May,"Canal Dover Furniture, LLC",Holmes,Southeast,Advanced Manufacturing,20,"$932,240",58,"$92,069",2025-annual-monthly-metrics.pdf,5,JobsOhio Small Business Grant,"$25,000"
2025-May,"101 West Fifth, LLC",Hamilton,Southwest,N/A,N/A,N/A,N/A,"$20,115,328",2025-annual-monthly-metrics.pdf,5,JobsOhio Spec Development Loan - OSIP*,"$3,500,000"
2025-May,Columbus Produce & Provisions LLC,Franklin,Central,Logistics and Distribution,2,"$100,000",0,"$5,000",2025-annual-monthly-metrics.pdf,5,JobsOhio Small Business Grant,"$25,000"
2025-May,Creative Liquid Coatings Inc.,Williams,Northwest,Automotive,50,"$3,000,000",279,"$9,000,000",2025-annual-monthly-metrics.pdf,5,JobsOhio Economic Development Grant,"$150,000"
2025-May,"Document Management Group, Inc.",Lucas,Northwest,Other,1,"$41,600",4,$0,2025-annual-monthly-metrics.pdf,5,JobsOhio Small Business Grant,"$50,000"
2025-May,"Elite Supply, Inc.",Columbiana,Eastern,Advanced Manufacturing,2,"$90,000",5,"$1,045,000",2025-annual-monthly-metrics.pdf,5,JobsOhio Small Business Grant,"$25,000"
2025-May,"Gear Star American Performance Transmissions, Inc.",Summit,Northeast,Automotive,3,"$175,000",14,"$130,600",2025-annual-monthly-metrics.pdf,5,JobsOhio Small Business Grant,"$50,000"
2025-May,"Geopro Imaging, LLC",Fairfield,Central,Technology,1,"$40,000",6,"$33,000",2025-annual-monthly-metrics.pdf,5,JobsOhio Small Business Grant,"$25,000"
2025-May,"Good Buy Gear, Inc.",Pickaway,Central,Logistics and Distribution,30,"$1,500,000",0,"$275,000",2025-annual-monthly-metrics.pdf,5,JobsOhio Small Business Grant,"$50,000"
2025-May,"I.B.C., Inc.",Lucas,Northwest,N/A,N/A,N/A,N/A,"$10,248,767",2025-annual-monthly-metrics.pdf,5,JobsOhio Spec Development Loan - OSIP*,"$2,000,000"
2025-May,Integrity Propane LLC,Coshocton,Southeast,Logistics and Distribution,1,"$55,000",0,"$97,000",2025-annual-monthly-metrics.pdf,5,JobsOhio Small Business Grant,"$50,000"
2025-May,JK Recycling LLC,Franklin,Central,Advanced Manufacturing,2,"$83,200",2,$0,2025-annual-monthly-metrics.pdf,5,JobsOhio Small Business Grant,"$25,000"
2025-May,Lake Development Authority,Lake,Northeast,N/A,N/A,N/A,N/A,"$4,276,403",2025-annual-monthly-metrics.pdf,5,JobsOhio Spec Development Grant - OSIP*,"$138,090"
2025-May,"Maple Manufacturing, LLC",Jefferson,Southeast,Advanced Manufacturing,35,"$1,800,000",0,"$200,000",2025-annual-monthly-metrics.pdf,5,JobsOhio Economic Development Grant,"$100,000"
2025-May,MedShip LLC,Preble,Western,Logistics and Distribution,75,"$3,750,240",109,"$1,784,000",2025-annual-monthly-metrics.pdf,5,JobsOhio Revitalization Grant,"$250,000"
2025-May,"Northern Safety Co., Inc.",Franklin,Central,Logistics and Distribution,160,"$8,100,000",0,"$35,500,000",2025-annual-monthly-metrics.pdf,5,JobsOhio Workforce Grant,"$350,000"
2025-May,NRI Industrial Sales LLC,Fulton,Northwest,Logistics and Distribution,15,"$650,000",30,"$4,700,000",2025-annual-monthly-metrics.pdf,5,JobsOhio Economic Development Grant,"$50,000"
2025-May,Ohashi Technica U.S.A. Manufacturing Inc.,Delaware,Central,Automotive,20,"$1,000,000",103,"$11,000,000",2025-annual-monthly-metrics.pdf,5,JobsOhio Economic Development Grant,"$100,000"
2025-May,"Prospiant, Inc.",Hamilton,Southwest,Advanced Manufacturing,10,"$917,000",110,"$14,350,000",2025-annual-monthly-metrics.pdf,5,JobsOhio Workforce Grant,"$100,000"
2025-May,"RMF Nooter, LLC",Wood,Northwest,Advanced Manufacturing,28,"$2,600,000",85,"$1,786,750",2025-annual-monthly-metrics.pdf,5,JobsOhio Economic Development Grant,"$200,000"
2025-May,Science and Technology Campus Corporation,Franklin,Central,TBD,TBD,TBD,TBD,$0,2025-annual-monthly-metrics.pdf,5,JobsOhio Other Loan,"$2,000,000"
2025-May,"Sign Source U.S.A., Inc.",Allen,Northwest,Advanced Manufacturing,10,"$520,000",92,"$750,000",2025-annual-monthly-metrics.pdf,5,JobsOhio Small Business Grant,"$25,000"
2025-May,The University of Akron,Summit,Northeast,Advanced Manufacturing,TBD,TBD,TBD,"$8,049,915",2025-annual-monthly-metrics.pdf,5,JobsOhio Other Grant,"$485,000"
2025-May,"Titan Mechanical, Inc",Defiance,Northwest,Advanced Manufacturing,24,"$2,222,423",79,"$3,056,000",2025-annual-monthly-metrics.pdf,5,JobsOhio Economic Development Grant,"$75,000"
2025-May,"Tom Richards, LLC",Cuyahoga,Northeast,Technology,66,"$3,826,658",0,"$6,700,000",2025-annual-monthly-metrics.pdf,5,JobsOhio Workforce Grant,"$200,000"
2025-May,Triton Stamping Inc.,Williams,Northwest,Advanced Manufacturing,25,"$1,210,000",0,"$105,188",2025-annual-monthly-metrics.pdf,5,JobsOhio Revitalization Grant,"$100,000"
2025-Jun,"United Dairy, Inc.",Belmont,Southeast,Food and Agribusiness,7,"$476,000",193,"$2,323,307",2025-annual-monthly-metrics.pdf,6,JobsOhio Economic Development Grant,"$200,000"
2025-Jun,"Oats Overnight, Inc",Butler,Southwest,Food and Agribusiness,180,"$9,422,400",179,"$9,170,000",2025-annual-monthly-metrics.pdf,6,JobsOhio Economic Development Grant,"$400,000"
2025-Jun,"LetsGetChecked, Inc.",Butler,Southwest,Healthcare,74,"$4,559,810",0,"18,800,000",2025-annual-monthly-metrics.pdf,6,JobsOhio Economic Development Grant,"$400,000"
2025-Jun,Fox Tank Company,Coshocton,Southeast,Advanced Manufacturing,89,"$7,380,000",4,"$7,998,900",2025-annual-monthly-metrics.pdf,6,JobsOhio Economic Development Grant,"$450,000"
2025-Jun,Dri-Design Inc.,Franklin,Central,Advanced Manufacturing,29,"$2,205,000",0,"$6,720,000",2025-annual-monthly-metrics.pdf,6,JobsOhio Economic Development Grant,"$50,000"
2025-Jun,United Alloy Ohio LLC,Montgomery,Western,Advanced Manufacturing,60,"$3,800,000",0,"$10,000,000",2025-annual-monthly-metrics.pdf,6,JobsOhio Economic Development Grant,"$150,000"
2025-Jun,"Anduril Industries, Inc.",Franklin & Pickaway,Central,Aerospace and Aviation,4008,"$530,319,233",0,"$910,492,000",2025-annual-monthly-metrics.pdf,6,JobsOhio Economic Development Grant,"$310,000,000"
2025-Jun,"MMC Transport, Inc.",Seneca,Northwest,Food and Agribusiness,15,"$748,000",26,"$13,669,157",2025-annual-monthly-metrics.pdf,6,JobsOhio Economic Development Grant,"$50,000"
2025-Jun,"Vaughn Industries, LLC",Wyandot,Northwest,Advanced Manufacturing,126,"$8,820,000",563,"$18,500,000",2025-annual-monthly-metrics.pdf,6,JobsOhio Economic Development Grant,"$500,000"
2025-Jun,Greater Akron Chamber,Summit,Northeast,Advanced Manufacturing,TBD,TBD,TBD,"$3,462,755",2025-annual-monthly-metrics.pdf,6,JobsOhio Other Grant,"$485,000"
2025-Jun,The Goodyear Tire & Rubber Company,Summit,Northeast,Advanced Manufacturing,TBD,TBD,TBD,"$10,461,825",2025-annual-monthly-metrics.pdf,6,JobsOhio Other Grant,"$485,000"
2025-Jun,Sterling Teal International Inc,Muskingum & Perry,Southeast,Advanced Manufacturing,30,"$1,200,000",30,"$400,000",2025-annual-monthly-metrics.pdf,6,JobsOhio Revitalization Grant,"$75,000"
2025-Jun,Choice One Engineering Corporation,Shelby,Western,TBD,12,"$780,000",55,"$3,420,000",2025-annual-monthly-metrics.pdf,6,JobsOhio Revitalization Grant,"$100,000"
2025-Jun,"Dulci Sweets, Co.",Ashland,Northeast,Food and Agribusiness,2,"$95,000",0,"$450,000",2025-annual-monthly-metrics.pdf,6,JobsOhio Small Business Grant,"$25,000"
2025-Jun,Good Boy Bakery LLC,Coshocton,Southeast,Food and Agribusiness,1,"$38,584",1,"$46,740",2025-annual-monthly-metrics.pdf,6,JobsOhio Small Business Grant,"$40,000"
2025-Jun,"Heinlein Commercial Investments, Inc.",Hamilton,Southwest,Advanced Manufacturing,1,"$48,000",8,"$70,000",2025-annual-monthly-metrics.pdf,6,JobsOhio Small Business Grant,"$25,000"
2025-Jun,"Horn Machining Services, LLC",Huron,Northeast,Advanced Manufacturing,2,"$125,000",0,"$67,000",2025-annual-monthly-metrics.pdf,6,JobsOhio Small Business Grant,"$50,000"
2025-Jun,West Ohio Tool Co.,Logan,Central,Advanced Manufacturing,2,"$90,000",13,"$264,000",2025-annual-monthly-metrics.pdf,6,JobsOhio Small Business Grant,"$50,000"
2025-Jun,Creadio LLC,Lucas,Northwest,Technology,2,"$80,000",1,0,2025-annual-monthly-metrics.pdf,6,JobsOhio Small Business Grant,"$25,000"
2025-Jun,"Aware Innovations, LLC",Montgomery,Western,Technology,2,"$200,000",4,0,2025-annual-monthly-metrics.pdf,6,JobsOhio Small Business Grant,"$50,000"
2025-Jun,AsterTech LLC,Montgomery,Western,Technology,2,"$150,000",1,"$50,000",2025-annual-monthly-metrics.pdf,6,JobsOhio Small Business Grant,"$25,000"
2025-Jun,"Bent Tree Coffee Roasters, LLC",Portage,Northeast,Food and Agribusiness,1,"$44,651",3,"$30,000",2025-annual-monthly-metrics.pdf,6,JobsOhio Small Business Grant,"$25,000"
2025-Jun,"Cline Fire, LLC",Richland,Northeast,Other,3,"$136,000",14,"$300,000",2025-annual-monthly-metrics.pdf,6,JobsOhio Small Business Grant,"$50,000"
2025-Jun,"Frankart Power Line Services, LLC",Seneca,Northwest,Energy and Chemicals,15,"$1,218,261",56,"$5,000,000",2025-annual-monthly-metrics.pdf,6,JobsOhio Small Business Grant,"$25,000"
2025-Jun,Archer Corporation,Stark,Northeast,Advanced Manufacturing,5,"$265,000",23,"$250,000",2025-annual-monthly-metrics.pdf,6,JobsOhio Small Business Grant,"$25,000"
2025-Jun,"AWM Acquisition, Inc.",Summit,Northeast,Advanced Manufacturing,2,"$83,200",16,"$50,000",2025-annual-monthly-metrics.pdf,6,JobsOhio Small Business Grant,"$25,000"
2025-Jun,"Universal Lettering, Inc.",Van Wert,Northwest,Advanced Manufacturing,5,"$208,000",35,"$170,000",2025-annual-monthly-metrics.pdf,6,JobsOhio Small Business Grant,"$25,000"
2025-Jun,"Ohio Logistics, Ltd.",Allen,Northwest,N/A,N/A,N/A,N/A,"$21,497,176",2025-annual-monthly-metrics.pdf,6,JobsOhio Spec Development Grant - OSIP*,"$1,000,000"
2025-Jun,"TCC Delaware II, LLC",Delaware,Central,N/A,N/A,N/A,N/A,"$19,477,500",2025-annual-monthly-metrics.pdf,6,JobsOhio Spec Development Loan - OSIP*,"$3,000,000"
2025-Jun,"JEFBA, LLC",Belmont,Southeast,TBD,15,"$1,500,000",0,"$3,575,000",2025-annual-monthly-metrics.pdf,6,JobsOhio Vibrant Community Grant,"$1,000,000"
2025-Jun,Trivium Development LLC,Fairfield,Central,TBD,28,"$975,000",0,"$3,985,789",2025-annual-monthly-metrics.pdf,6,JobsOhio Vibrant Community Grant,"$700,000"
2025-Jun,"PLK Communities, LLC",Hamilton,Southwest,TBD,51,"$4,000,000",0,"$5,088,050",2025-annual-monthly-metrics.pdf,6,JobsOhio Vibrant Community Grant,"$300,000"
2025-Jun,Elyria Block Development LLC,Lorain,Northeast,TBD,62,"$2,815,020",0,"$19,573,079",2025-annual-monthly-metrics.pdf,6,JobsOhio Vibrant Community Grant,"$1,000,000"
2025-Jun,Levenger Holdings LLC,Portage,Northeast,TBD,10,"$675,000",0,"$224,160",2025-annual-monthly-metrics.pdf,6,JobsOhio Vibrant Community Grant,"$100,000"
2025-Jun,"Maurer Rentals, LLC",Wood,Northwest,Other,23,"$920,000",0,"$4,372,950",2025-annual-monthly-metrics.pdf,6,JobsOhio Vibrant Community Grant,"$900,000"
2025-Jun,"TPE Acquisition, LLC",Franklin& Licking,Central,Logistics and Distribution,150,"$7,778,160",312,0,2025-annual-monthly-metrics.pdf,6,JobsOhio Workforce Grant,"$150,000"
2025-Jul,29801 Euclid Ave LLC,Lake,Northeast,N/A,N/A,N/A,N/A,"$20,270,746",2025-annual-monthly-metrics.pdf,7,JobsOhio Spec Development Grant - OSIP*,"$1,500,000"
2025-Jul,"Daisy Makes, LLC",Portage,Northeast,Advanced Manufacturing,2,"$90,000",1,"$375,000",2025-annual-monthly-metrics.pdf,7,JobsOhio Small Business Grant,"$50,000"
2025-Jul,Dante Solutions Inc.,Cuyahoga,Northeast,Technology,1,"$75,000",5,$0,2025-annual-monthly-metrics.pdf,7,JobsOhio Small Business Grant,"$25,000"
2025-Jul,"Integrated Automation Systems, LLC",Cuyahoga,Northeast,Advanced Manufacturing,3,"$156,000",17,"$62,100",2025-annual-monthly-metrics.pdf,7,JobsOhio Small Business Grant,"$50,000"
2025-Jul,"Narrative Digital Media, LLC",Summit,Northeast,Technology,1,"$60,000",1,$0,2025-annual-monthly-metrics.pdf,7,JobsOhio Small Business Grant,"$25,000"
2025-Jul,"PLASTIC SAFETY SYSTEMS, INC.",Cuyahoga,Northeast,Logistics and Distribution,3,"$195,000",21,"$65,000",2025-annual-monthly-metrics.pdf,7,JobsOhio Small Business Grant,"$50,000"
2025-Jul,"R.P. Gatta, Inc.",Portage,Northeast,Advanced Manufacturing,8,"$600,000",68,"$4,000,000",2025-annual-monthly-metrics.pdf,7,JobsOhio Small Business Grant,"$25,000"
2025-Jul,"Repros, Inc.",Summit,Northeast,Advanced Manufacturing,2,"$100,000",11,"$200,000",2025-annual-monthly-metrics.pdf,7,JobsOhio Small Business Grant,"$25,000"
2025-Jul,"Summit e-Waste Recycling Solutions, LLC",Summit,Northeast,Technology,2,"$83,200",1,"$785,428",2025-annual-monthly-metrics.pdf,7,JobsOhio Small Business Grant,"$50,000"
2025-Jul,Cap 360 LLC,Hancock,Northwest,Military and Federal,2,"$100,000",3,$0,2025-annual-monthly-metrics.pdf,7,JobsOhio Small Business Grant,"$25,000"
2025-Jul,"Fort Winchester Investment Partners, LLC",Defiance,Northwest,Automotive,70,"$3,700,000",72,"$10,500,000",2025-annual-monthly-metrics.pdf,7,JobsOhio Growth Fund Loan,"$4,000,000"
2025-Jul,Trench Drain Systems Management Co.,Sandusky,Northwest,Advanced Manufacturing,3,"$156,000",15,"$72,215",2025-annual-monthly-metrics.pdf,7,JobsOhio Small Business Grant,"$25,000"
2025-Jul,"Community Improvement Corporation of Gallia County, Ohio",Gallia,Southeast,N/A,N/A,N/A,N/A,"$6,144,000",2025-annual-monthly-metrics.pdf,7,JobsOhio Spec Development Grant - OSIP*,"$2,000,000"
2025-Jul,Huck Real Estate Holdings. LLC,Noble,Southeast,TBD,5,"$300,000",0,"$235,000",2025-annual-monthly-metrics.pdf,7,JobsOhio Vibrant Community Grant,"$75,000"
2025-Jul,"Grayscale Brewing, LLC",Hamilton,Southwest,Food Sciences and Agribusiness,5,"$290,000",17,"$350,000",2025-annual-monthly-metrics.pdf,7,JobsOhio Small Business Grant,"$25,000"
2025-Jul,"Emerge Commerce Center, LLC",Greene,Western,TBD,302,"$16,654,000",0,"$4,800,000",2025-annual-monthly-metrics.pdf,7,JobsOhio Vibrant Community Grant,"$750,000"
2025-Jul,Spartan Machine LLC,Preble,Western,Advanced Manufacturing,8,"$499,200",6,"$600,000",2025-annual-monthly-metrics.pdf,7,JobsOhio Small Business Grant,"$50,000"
2025-Aug,"AAA Wastewater Services, Inc.",Warren,Southwest,Other,5,"$208,000",19,"$500,000",2025-annual-monthly-metrics.pdf,8,JobsOhio Small Business Grant,"$25,000"
2025-Aug,"Abbott Image Solutions, LLC",Highland,Southeast,Advanced Manufacturing,30,"$1,185,600",21,"$1,315,000",2025-annual-monthly-metrics.pdf,8,JobsOhio Economic Development Grant,"$50,000"
2025-Aug,"Azure Farms, Inc.",Lawrence,Southeast,Food and Agribusiness,150,"$11,000,000",0,"$9,311,200",2025-annual-monthly-metrics.pdf,8,JobsOhio Economic Development Grant,"$500,000"
2025-Aug,"City Apparel, Inc.",Hancock,Northwest,Advanced Manufacturing,2,"$91,520",13,"$350,000",2025-annual-monthly-metrics.pdf,8,JobsOhio Small Business Grant,"$50,000"
2025-Aug,Flexsys America L.P.,Summit,Northeast,Other,TBD,TBD,TBD,"$11,460,286",2025-annual-monthly-metrics.pdf,8,JobsOhio Other Grant,"$485,000"
2025-Aug,"Foundation Steel, LLC",Lucas,Northwest,Advanced Manufacturing,12,"$720,000",27,"$5,000,000",2025-annual-monthly-metrics.pdf,8,JobsOhio Revitalization Grant,"$100,000"
2025-Aug,Freedom Atlantic Inc,Stark,Northeast,Technology,16,"$1,750,000",2,"$700,000",2025-annual-monthly-metrics.pdf,8,JobsOhio Economic Development Grant,"$100,000"
2025-Aug,Gabel Welding Inc.,Ottawa,Northwest,Advanced Manufacturing,3,"$143,520",9,"$37,000",2025-annual-monthly-metrics.pdf,8,JobsOhio Small Business Grant,"$25,000"
2025-Aug,Huntsman International LLC,Summit,Northeast,Energy and Chemicals,TBD,TBD,TBD,"$6,684,955",2025-annual-monthly-metrics.pdf,8,JobsOhio Other Grant,"$485,000"
2025-Aug,"Innovative Solutions Unlimited, L.L.C.",Pike,Southeast,Advanced Manufacturing,7,"$322,400",15,"$225,980",2025-annual-monthly-metrics.pdf,8,JobsOhio Small Business Grant,"$50,000"
2025-Aug,"K & B Metal Recycling, LLC",Hancock,Northwest,Other,1,"$41,600",4,$0,2025-annual-monthly-metrics.pdf,8,JobsOhio Small Business Grant,"$25,000"
2025-Aug,Osmow's US Commissary LTD,Franklin,Central,Food and Agribusiness,22,"$1,268,904",0,"$4,500,000",2025-annual-monthly-metrics.pdf,8,JobsOhio Economic Development Grant,"$100,000"
2025-Aug,"Prostratus, LLC",Clark,Western,Technology,15,"$1,259,856",29,$0,2025-annual-monthly-metrics.pdf,8,JobsOhio Small Business Grant,"$50,000"
2025-Aug,"SkyCell North America, Inc.",Butler,Southwest,Logistics and Distribution,30,"$2,100,000",0,"$2,900,000",2025-annual-monthly-metrics.pdf,8,JobsOhio Economic Development Grant,"$100,000"
2025-Aug,SmartSolve Industries LLC,Wood,Northwest,Advanced Manufacturing,30,"$3,158,000",18,"$3,669,819",2025-annual-monthly-metrics.pdf,8,JobsOhio Research & Development Grant,"$1,000,000"
2025-Aug,"Stradaji, LLC",Franklin,Central,Technology,1,"$65,000",7,$0,2025-annual-monthly-metrics.pdf,8,JobsOhio Small Business Grant,"$25,000"
2025-Aug,"Zuber Welding & Fabrication, LLC",Paulding,Northwest,Advanced Manufacturing,1,"$45,760",2,"$136,000",2025-annual-monthly-metrics.pdf,8,JobsOhio Small Business Grant,"$25,000"
2025-Sep,1730 Washington Ave LLC,Fayette,Western,N/A,N/A,N/A,N/A,"$2,024,543",2025-annual-monthly-metrics.pdf,9,JobsOhio Spec Development Grant - OSIP*,"$200,000"
2025-Sep,"7-Eleven, Inc.",Franklin,Central,Logistics and Distribution,128,"$6,700,000",0,"$20,000,000",2025-annual-monthly-metrics.pdf,9,JobsOhio Economic Development Grant,"$600,000"
2025-Sep,"A&E Powder Coating, Inc.",Clark,Western,Advanced Manufacturing,3,"$124,800",21,"$55,000",2025-annual-monthly-metrics.pdf,9,JobsOhio Small Business Grant,"$25,000"
2025-Sep,Bay Cities Container Corporation,Hamilton,Southwest,Other,10,"$1,800,000",0,"$188,750",2025-annual-monthly-metrics.pdf,9,JobsOhio Economic Development Grant,"$50,000"
2025-Sep,Bowerbags LLC,Montgomery,Western,Advanced Manufacturing,2,"$110,000",1,"$30,000",2025-annual-monthly-metrics.pdf,9,JobsOhio Small Business Grant,"$25,000"
2025-Sep,BRP Manufacturing Company,Allen,Northwest,Military and Federal,5,"$218,000",48,"$31,000",2025-annual-monthly-metrics.pdf,9,JobsOhio Small Business Grant,"$25,000"
2025-Sep,"Burris Company, Inc",Montgomery,Western,Advanced Manufacturing,30,"$1,285,440",85,"$6,660,000",2025-annual-monthly-metrics.pdf,9,JobsOhio Revitalization Grant,"$250,000"
2025-Sep,"CMC Pharmaceuticals, Inc.",Cuyahoga,Northeast,Healthcare,7,"$850,000",10,"$279,000",2025-annual-monthly-metrics.pdf,9,JobsOhio Small Business Grant,"$50,000"
2025-Sep,Crane Consumables Inc.,Butler,Southwest,Advanced Manufacturing,20,"$1,076,363",66,"$1,620,000",2025-annual-monthly-metrics.pdf,9,JobsOhio Economic Development Grant,"$100,000"
2025-Sep,"Dynamic Hydraulic Services Company, LLC",Tuscarawas,Northeast,Advanced Manufacturing,5,"$500,000",30,"$700,000",2025-annual-monthly-metrics.pdf,9,JobsOhio Small Business Grant,"$25,000"
2025-Sep,FBF Limited,Hamilton,Southwest,Advanced Manufacturing,3,"$125,000",9,"$103,028",2025-annual-monthly-metrics.pdf,9,JobsOhio Small Business Grant,"$50,000"
2025-Sep,"Great Day Improvements, LLC",Cuyahoga and Summit,Northeast,Advanced Manufacturing,412,"$22,180,000",410,"$11,130,018",2025-annual-monthly-metrics.pdf,9,JobsOhio Economic Development Grant,"$600,000"
2025-Sep,"Growers Mineral, Corp.",Erie,Northeast,Food and Agribusiness,3,"$199,000",15,"$8,000,000",2025-annual-monthly-metrics.pdf,9,JobsOhio Small Business Grant,"$25,000"
2025-Sep,"Honda Research Institute USA, Inc.",Franklin,Central,Automotive,7,"$1,125,000",0,"$2,600,000",2025-annual-monthly-metrics.pdf,9,JobsOhio Research & Development Grant,"$500,000"
2025-Sep,"Interion, Inc.",Summit,Northeast,Advanced Manufacturing,4,"$221,000",17,"$150,000",2025-annual-monthly-metrics.pdf,9,JobsOhio Small Business Grant,"$25,000"
2025-Sep,"Latanick Equipment, Inc.",Erie,Northeast,Advanced Manufacturing,3,"$150,000",10,"$250,000",2025-annual-monthly-metrics.pdf,9,JobsOhio Small Business Grant,"$50,000"
2025-Sep,Link's Country Meats Inc.,Crawford,Northwest,Food and Agribusiness,2,"$83,200",13,$0,2025-annual-monthly-metrics.pdf,9,JobsOhio Small Business Grant,"$25,000"
2025-Sep,"Myers Machining, Inc.",Tuscarawas,Northeast,Advanced Manufacturing,2,"$84,000",7,"$75,000",2025-annual-monthly-metrics.pdf,9,JobsOhio Small Business Grant,"$25,000"
2025-Sep,"NorthPoint Holdings, LLC",Montgomery,Western,N/A,N/A,N/A,N/A,"$46,297,413",2025-annual-monthly-metrics.pdf,9,JobsOhio Spec Development Grant - OSIP*,"$250,000"
2025-Sep,Packaging Corporation of America,Licking,Central,Advanced Manufacturing,0,$0,138,"$225,000,000",2025-annual-monthly-metrics.pdf,9,JobsOhio Economic Development Grant,"$1,000,000"
2025-Sep,Panel Shop Inc.,Portage,Northeast,Energy and Chemicals,2,"$83,200",8,"$50,000",2025-annual-monthly-metrics.pdf,9,JobsOhio Small Business Grant,"$25,000"
2025-Sep,"Park 275 Development, LLC",Butler and Hamilton,Southwest,N/A,N/A,N/A,N/A,"$64,249,213",2025-annual-monthly-metrics.pdf,9,JobsOhio Spec Development Grant - OSIP*,"$2,000,000"
2025-Sep,"Re-Cre8 Recycling, Inc.",Lucas,Northwest,Advanced Manufacturing,1,"$50,000",3,"$60,000",2025-annual-monthly-metrics.pdf,9,JobsOhio Small Business Grant,"$25,000"
2025-Sep,"Sawmill-Delaware Investments, LLC",Delaware,Central,N/A,N/A,N/A,N/A,"$10,351,542",2025-annual-monthly-metrics.pdf,9,JobsOhio Spec Development Grant - OSIP*,"$500,000"
2025-Sep,"Schroder's I.T., Inc.",Lucas,Northwest,Technology,4,"$407,500",10,"$36,750",2025-annual-monthly-metrics.pdf,9,JobsOhio Small Business Grant,"$25,000"
2025-Sep,"Shapes Unlimited, Inc.",Mahoning,Northeast,Advanced Manufacturing,15,"$1,019,000",34,"$320,000",2025-annual-monthly-metrics.pdf,9,JobsOhio Economic Development Grant,"$50,000"
2025-Sep,"Stillwater Metal, LLC",Hardin,Northwest,Advanced Manufacturing,2,"$104,000",11,"$130,000",2025-annual-monthly-metrics.pdf,9,JobsOhio Small Business Grant,"$25,000"
2025-Sep,"Tekni-Plex, Inc.",Van Wert,Northwest,Advanced Manufacturing,40,"$2,064,192",100,"$35,800,000",2025-annual-monthly-metrics.pdf,9,JobsOhio Economic Development Grant,"$400,000"
2025-Sep,"Trilogy Management Services, LLC",Franklin,Central,Healthcare,20,"$1,250,000",100,"$250,000",2025-annual-monthly-metrics.pdf,9,JobsOhio Workforce Grant,"$75,000"
2025-Sep,VERDYNT FUND I LLC,Cuyahoga,Northeast,TBD,20,"$1,000,000",0,"$7,722,366",2025-annual-monthly-metrics.pdf,9,JobsOhio Vibrant Community Grant,"$500,000"
2025-Sep,"Warwick Communications, Inc.",Cuyahoga,Northeast,Technology,2,"$150,000",17,$0,2025-annual-monthly-metrics.pdf,9,JobsOhio Small Business Grant,"$25,000"
2025-Sep,Weiss Industries Inc.,Richland,Northeast,Advanced Manufacturing,3,"$135,000",25,"$900,000",2025-annual-monthly-metrics.pdf,9,JobsOhio Small Business Grant,"$50,000"
2025-Oct,"All Ohio Welding, Inc.",Champaign,Western,Advanced Manufacturing,5,"$260,000",9,"$1,423,000",2025-annual-monthly-metrics.pdf,10,JobsOhio Small Business Grant,"$50,000"
2025-Oct,AmerisourceBergen Drug Corporation,Hamilton,Southwest,Healthcare,140,"$14,000,000",0,"$106,000,000",2025-annual-monthly-metrics.pdf,10,JobsOhio Economic Development Grant,"$500,000"
2025-Oct,Bain Machine LLC,Cuyahoga,Northeast,Advanced Manufacturing,1,"$65,000",4,"$153,434",2025-annual-monthly-metrics.pdf,10,JobsOhio Small Business Grant,"$25,000"
2025-Oct,Buckeye Trailer & Fab Company LLC,Columbiana,Eastern,Automotive,37,"$2,130,000",30,"$2,233,000",2025-annual-monthly-metrics.pdf,10,JobsOhio Economic Development Grant,"$100,000"
2025-Oct,"Cook Carriers, LLC",Seneca,Northwest,Logistics and Distribution,3,"$185,000",1,$0,2025-annual-monthly-metrics.pdf,10,JobsOhio Small Business Grant,"$25,000"
2025-Oct,"D'Angelo Technologies, LLC",Greene,Western,Advanced Manufacturing,1,"$50,000",5,"$100,000",2025-annual-monthly-metrics.pdf,10,JobsOhio Small Business Grant,"$50,000"
2025-Oct,Forever Beyond LLC,Summit,Northeast,Food and Agribusiness,3,"$131,040",5,"$49,000",2025-annual-monthly-metrics.pdf,10,JobsOhio Small Business Grant,"$49,000"
2025-Oct,"Fuse Tech, Inc.",Harrison,Southeast,Energy and Chemicals,3,"$200,000",7,"$99,980",2025-annual-monthly-metrics.pdf,10,JobsOhio Small Business Grant,"$50,000"
2025-Oct,"GSP Land Holdings, LLC",Mahoning,Eastern,N/A,N/A,N/A,N/A,"$3,000,000",2025-annual-monthly-metrics.pdf,10,JobsOhio Spec Development Grant - OSIP*,"$500,000"
2025-Oct,Hexion Inc.,Franklin,Central,Energy and Chemicals,100,"$11,700,000",0,"$3,302,757",2025-annual-monthly-metrics.pdf,10,JobsOhio Economic Development Grant,"$1,250,000"
2025-Oct,"Kard Welding, Inc.",Auglaize,Western,Advanced Manufacturing,5,"$279,000",45,"$2,854,686",2025-annual-monthly-metrics.pdf,10,JobsOhio Small Business Grant,"$50,000"
2025-Oct,Magnificent Morsels Catering LLC,Hamilton,Southwest,Food and Agribusiness,3,"$124,800",1,"$38,693",2025-annual-monthly-metrics.pdf,10,JobsOhio Small Business Grant,"$50,000"
2025-Oct,Ontario Stumbo II LLC,Richland,Northeast,N/A,N/A,N/A,N/A,"$23,920,000",2025-annual-monthly-metrics.pdf,10,JobsOhio Spec Development Grant - OSIP*,"$1,800,000"
2025-Oct,"Pease Enterprises, Inc.",Hamilton,Southwest,Advanced Manufacturing,4,"$200,000",14,"$100,000",2025-annual-monthly-metrics.pdf,10,JobsOhio Small Business Grant,"$25,000"
2025-Oct,Picanova Inc.,Franklin,Central,Technology,246,"$13,088,311",0,"$2,750,000",2025-annual-monthly-metrics.pdf,10,JobsOhio Economic Development Grant,"$400,000"
2025-Oct,"Ralston Instruments, LLC",Geauga,Northeast,Advanced Manufacturing,4,"$250,000",13,"$1,700,000",2025-annual-monthly-metrics.pdf,10,JobsOhio Small Business Grant,"$25,000"
2025-Oct,River East Custom Cabinets Inc.,Lucas,Northwest,Advanced Manufacturing,3,"$124,800",21,"$800,000",2025-annual-monthly-metrics.pdf,10,JobsOhio Small Business Grant,"$25,000"
2025-Oct,"Roemer Industries, LLC",Trumbull,Eastern,Advanced Manufacturing,3,"$129,200",41,"$751,000",2025-annual-monthly-metrics.pdf,10,JobsOhio Small Business Grant,"$25,000"
2025-Oct,Simply Sweet Bakery & Buckeye Cookie & Candy Co. LLC,Knox,Central,Food and Agribusiness,3,"$133,120",11,"$82,143",2025-annual-monthly-metrics.pdf,10,JobsOhio Small Business Grant,"$50,000"
2025-Oct,Six Custom Aviation LLC,Portage,Northeast,Aerospace and Aviation,3,"$150,000",3,"$60,000",2025-annual-monthly-metrics.pdf,10,JobsOhio Small Business Grant,"$25,000"
2025-Oct,Southwest Ohio Regional Development Authority,Brown,Southwest,N/A,N/A,N/A,N/A,"$54,500",2025-annual-monthly-metrics.pdf,10,JobsOhio Spec Development Grant - OSIP*,"$22,000"
2025-Oct,"The Hillman Group, Inc.",Butler and Hamilton,Southwest,Other,0,TBD,650,"$70,000,000",2025-annual-monthly-metrics.pdf,10,JobsOhio Revitalization Grant,"$2,000,000"
2025-Oct,"VCC Industries, LTD",Hancock,Northwest,Advanced Manufacturing,10,"$520,000",13,"$2,000,000",2025-annual-monthly-metrics.pdf,10,JobsOhio Small Business Grant,"$25,000"
2025-Nov,"Absolute Machine Tools, Inc.",Lorain,Northeast,Advanced Manufacturing,11,"$1,080,000",50,"$3,900,000",2025-annual-monthly-metrics.pdf,11,JobsOhio Growth Fund Loan,"$1,560,000"
2025-Nov,"Air Transport Services Group, Inc.",Clinton,Western,Aerospace and Aviation,48,"$3,594,240",653,"$246,000",2025-annual-monthly-metrics.pdf,11,JobsOhio Workforce Grant,"$150,000"
2025-Nov,"Buckeye Construction & Restoration, LTD.",Jackson,Southeast,Other,40,"$3,328,000",81,"$928,000",2025-annual-monthly-metrics.pdf,11,JobsOhio Revitalization Grant,"$500,000"
2025-Nov,"Catalysis Additive Tooling, LLC",Franklin,Central,Advanced Manufacturing,1,"$52,000",8,"$48,000",2025-annual-monthly-metrics.pdf,11,JobsOhio Small Business Grant,"$25,000"
2025-Nov,"Church & Dwight Co., Inc.",Seneca,Northwest,Energy and Chemicals,40,"$3,000,000",342,"$28,000,000",2025-annual-monthly-metrics.pdf,11,JobsOhio Economic Development Grant,"$300,000"
2025-Nov,Cornerstone Manufacturing Group LLC,Lake,Northeast,Aerospace and Aviation,3,"$200,000",12,$0,2025-annual-monthly-metrics.pdf,11,JobsOhio Small Business Grant,"$25,000"
2025-Nov,"Engineered Coating Solutions, LLC",Hamilton,Southwest,Aerospace and Aviation,2,"$112,000",3,"$1,000,000",2025-annual-monthly-metrics.pdf,11,JobsOhio Small Business Grant,"$50,000"
2025-Nov,Floco Process LLC,Hamilton,Southwest,Advanced Manufacturing,9,"$925,000",10,"$225,000",2025-annual-monthly-metrics.pdf,11,JobsOhio Small Business Grant,"$50,000"
2025-Nov,"Forge Fire & Company, LLC",Crawford,Northwest,Advanced Manufacturing,30,"$2,250,000",10,"$1,050,000",2025-annual-monthly-metrics.pdf,11,JobsOhio Small Business Grant,"$50,000"
2025-Nov,Maumee Pattern Company,Lucas,Northwest,Advanced Manufacturing,3,"$156,000",20,"$91,325",2025-annual-monthly-metrics.pdf,11,JobsOhio Small Business Grant,"$25,000"
2025-Nov,"Millcreek Millworks, Inc.",Mahoning,Eastern,Advanced Manufacturing,4,"$208,000",9,"$302,000",2025-annual-monthly-metrics.pdf,11,JobsOhio Small Business Grant,"$50,000"
2025-Nov,MRL Materials Resources LLC,Greene,Western,Advanced Manufacturing,15,"$1,650,000",50,"$10,549,740",2025-annual-monthly-metrics.pdf,11,JobsOhio Revitalization Grant,"$250,000"
2025-Nov,Porterfield Fabrication Services LLC,Belmont,Southeast,Advanced Manufacturing,2,"$123,838",3,"$185,000",2025-annual-monthly-metrics.pdf,11,JobsOhio Small Business Grant,"$25,000"
2025-Nov,"Shearer's Foods, LLC",Montgomery,Western,Food and Agribusiness,61,"$2,918,240",250,"$35,640,000",2025-annual-monthly-metrics.pdf,11,JobsOhio Economic Development Grant,"$200,000"
2025-Nov,SICCET USA INC,Franklin,Central,Advanced Manufacturing,15,"$904,800",0,"$2,000,000",2025-annual-monthly-metrics.pdf,11,JobsOhio Economic Development Grant,"$75,000"
2025-Nov,Spazzolplastica North America LLC,Lake,Northeast,Advanced Manufacturing,11,"$600,000",0,"$2,700,000",2025-annual-monthly-metrics.pdf,11,JobsOhio Economic Development Grant,"$50,000"
2025-Nov,The Ohio Art Company,Williams,Northwest,Advanced Manufacturing,53,"$2,712,000",58,"$9,850,000",2025-annual-monthly-metrics.pdf,11,JobsOhio Economic Development Grant,"$275,000"
2025-Nov,"U-CO, Industries, Inc.",Union,Central,Advanced Manufacturing,10,"$272,740",66,"$150,000",2025-annual-monthly-metrics.pdf,11,JobsOhio Small Business Grant,"$25,000"
2025-Nov,"Vallourec Star, LP",Mahoning,Eastern,Energy and Chemicals,40,"$2,329,600",823,"$39,000,000",2025-annual-monthly-metrics.pdf,11,JobsOhio Workforce Grant,"$100,000"
2025-Dec,2550 Gilchrist LLC,Summit,Northeast,Advanced Manufacturing,0,$0,0,$0,2025-annual-monthly-metrics.pdf,12,JobsOhio Revitalization Phase II Grant,"$8,925"
2025-Dec,"AAVII, LLC",Franklin,Central,N/A,N/A,N/A,N/A,"$12,880,692",2025-annual-monthly-metrics.pdf,12,JobsOhio Spec Development Loan - OSIP*,"$2,500,000"
2025-Dec,"AAVII, LLC",Franklin,Central,N/A,N/A,N/A,N/A,"$12,880,692",2025-annual-monthly-metrics.pdf,12,JobsOhio Spec Development Grant - OSIP*,"$750,000"
2025-Dec,"AtriCure, Inc.",Warren,Southwest,Healthcare,400,"$54,960,000",602,"$45,000,000",2025-annual-monthly-metrics.pdf,12,JobsOhio Economic Development Grant,"$6,000,000"
2025-Dec,BB DENTAL LABS LLC,Franklin,Central,Advanced Manufacturing,12,"$797,000",2,"$70,000",2025-annual-monthly-metrics.pdf,12,JobsOhio Small Business Grant,"$25,000"
2025-Dec,"BSI Engineering, LLC",Warren,Southwest,Other,29,"$4,713,208",140,$0,2025-annual-monthly-metrics.pdf,12,JobsOhio Workforce Grant,"$150,000"
2025-Dec,"Cooper-Standard Industrial and Specialty Group, LLC",Tuscarawas,Northeast,Automotive,54,"$2,570,719",239,"$198,500",2025-annual-monthly-metrics.pdf,12,JobsOhio Workforce Grant,"$150,000"
2025-Dec,Crucible Industries Alliance LLC,Stark,Northeast,Advanced Manufacturing,20,"$1,000,000",5,"$1,700,000",2025-annual-monthly-metrics.pdf,12,JobsOhio Revitalization Grant,"$100,000"
2025-Dec,"EPC - Columbia, Inc.",Sandusky,Northwest,Advanced Manufacturing,150,"$6,552,000",0,"$13,500,000",2025-annual-monthly-metrics.pdf,12,JobsOhio Workforce Grant,"$150,000"
2025-Dec,"First Quality Tissue Midwest, LLC",Defiance,Northwest,Advanced Manufacturing,407,"$22,500,000",0,"$984,000,000",2025-annual-monthly-metrics.pdf,12,JobsOhio Economic Development Grant,"$7,000,000"
2025-Dec,"Fresh Local Produce of Ohio, LLC",Summit,Northeast,Food and Agribusiness,7,"$320,320",24,"$11,500,000",2025-annual-monthly-metrics.pdf,12,JobsOhio Small Business Grant,"$50,000"
2025-Dec,"Hims, Inc.",Licking,Central,Healthcare,400,"$30,000,000",286,"$217,756,495",2025-annual-monthly-metrics.pdf,12,JobsOhio Economic Development Grant,"$1,750,000"
2025-Dec,"IDentiphoto, LLC",Lake,Northeast,Logistics and Distribution,3,"$165,000",8,$0,2025-annual-monthly-metrics.pdf,12,JobsOhio Small Business Grant,"$25,000"
2025-Dec,"JB Custom Concepts, LLC",Putnam,Northwest,Advanced Manufacturing,1,"$40,000",7,"$35,000",2025-annual-monthly-metrics.pdf,12,JobsOhio Small Business Grant,"$25,000"
2025-Dec,"Kimberly-Clark USA, LLC",Trumbull,Eastern,Advanced Manufacturing,491,"$49,100,000",0,"$800,000,000",2025-annual-monthly-metrics.pdf,12,JobsOhio Economic Development Grant,"$8,000,000"
2025-Dec,KitChem LLC,Franklin,Central,Food and Agribusiness,3,"$200,000",2,"$71,000",2025-annual-monthly-metrics.pdf,12,JobsOhio Small Business Grant,"$50,000"
2025-Dec,"Kurz-Kasch, Inc.",Tuscarawas,Northeast,Automotive,12,"$615,000",72,"$820,000",2025-annual-monthly-metrics.pdf,12,JobsOhio Economic Development Grant,"$50,000"
2025-Dec,LLW Holdings LLC,Franklin,Central,Advanced Manufacturing,4,"$170,560",10,"$120,000",2025-annual-monthly-metrics.pdf,12,JobsOhio Small Business Grant,"$50,000"
2025-Dec,"Marengo Fabricated Steel, LTD",Morrow,Central,Advanced Manufacturing,5,"$294,000",25,"$54,000",2025-annual-monthly-metrics.pdf,12,JobsOhio Small Business Grant,"$25,000"
2025-Dec,"Marsha's Buckeyes, LLC",Wood,Northwest,Food and Agribusiness,7,"$291,200",18,"$150,000",2025-annual-monthly-metrics.pdf,12,JobsOhio Small Business Grant,"$50,000"
2025-Dec,"Minerva Welding and Fabricating, Inc.",Columbiana,Eastern,Advanced Manufacturing,5,"$292,500",40,"$3,700,000",2025-annual-monthly-metrics.pdf,12,JobsOhio Small Business Grant,"$25,000"
2025-Dec,"Morgan Engineering Systems, Inc.",Stark,Northeast,Advanced Manufacturing,43,"$3,671,000",238,"$2,500,000",2025-annual-monthly-metrics.pdf,12,JobsOhio Economic Development Grant,"$250,000"
2025-Dec,Ruf US Inc.,Lorain,Northeast,Advanced Manufacturing,19,"$1,170,000",11,"$8,700,000",2025-annual-monthly-metrics.pdf,12,JobsOhio Growth Fund Loan,"$1,000,000"
2025-Dec,"Sierra Lobo, Inc.","Cuyahoga, Erie and Sandusky",Northeast,Aerospace and Aviation,27,"$3,201,120",116,"$50,600,000",2025-annual-monthly-metrics.pdf,12,JobsOhio Economic Development Grant,"$250,000"
2025-Dec,"Skylift, Inc.",Lorain,Northeast,Advanced Manufacturing,10,"$449,904",81,"$250,000",2025-annual-monthly-metrics.pdf,12,JobsOhio Small Business Grant,"$50,000"
2025-Dec,Sorbster Inc.,Cuyahoga,Northeast,Advanced Manufacturing,2,"$109,000",2,"$115,000",2025-annual-monthly-metrics.pdf,12,JobsOhio Small Business Grant,"$50,000"
2025-Dec,VILPE USA LLC,Warren,Southwest,Advanced Manufacturing,30,"$2,787,917",0,$0,2025-annual-monthly-metrics.pdf,12,JobsOhio Workforce Grant,"$75,000"
2025-Dec,voestalpine Precision Strip LLC,Medina,Northeast,Advanced Manufacturing,15,"$1,160,000",37,"$250,000",2025-annual-monthly-metrics.pdf,12,JobsOhio Economic Development Grant,"$75,000"
2025-Dec,"Wiers Farm, Incorporated",Huron,Northeast,Food and Agribusiness,23,"$1,168,916",78,"$2,200,000",2025-annual-monthly-metrics.pdf,12,JobsOhio Economic Development Grant,"$150,000"
2015-Jan,Co Inc.,Madison,Central,Automotive,150,"$5,304,000",972,"$81,300,000",jo_monthly_metrics_2015.pdf,1,Economic Dev. Grant,"$750,000"
2015-Jan,ADS Alliance Data System Inc.,Franklin,Central,Financial Services,700,"$52,500,000","1,300","$24,380,000",jo_monthly_metrics_2015.pdf,1,Economic Dev. Grant,"$1,500,000"
2015-Jan,ADS Alliance Data System Inc.,Franklin,Central,Financial Services,700,"$52,500,000","1,300","$24,380,000",jo_monthly_metrics_2015.pdf,1,Workforce Grant,"$500,000"
2015-Jan,Proctor & Gamble Distributing LLC,Montgomery,Western,Other,801,"$31,829,000",N/A,"$8.876,281",jo_monthly_metrics_2015.pdf,1,Economic Dev. Grant,"$1,000,000"
2015-Jan,Fuyao Glass America Inc.,Montgomery,Western,Automotive,750,"$30,466,800",N/A,"$130,000,000",jo_monthly_metrics_2015.pdf,1,Economic Dev. Grant,"$3,000,000"
2015-Jan,Fuyao Glass America Inc.,Montgomery,Western,Automotive,750,"$30,466,800",N/A,"$130,000,000",jo_monthly_metrics_2015.pdf,1,Workforce Grant,"$1,000,000"
2015-Jan,Honda of America Mfg Inc.,Shelby,Western,Automotive,150,"$6,105,840","2,520","$179,000,000",jo_monthly_metrics_2015.pdf,1,Economic Dev. Grant,"$4,000,000"
2015-Jan,Lubrizol Advanced Materials Inc.,Cuyahoga,Northeast,Polymers & Chemicals,73,"$6,997,350",525,"$25,000,000",jo_monthly_metrics_2015.pdf,1,Economic Dev. Grant,"$250,000"
2015-Jan,Thyssen Krupp Bilstein of America,Butler,Southwest,Automotive,214,"$6,196,070",381,"$25,550,000",jo_monthly_metrics_2015.pdf,1,Economic Dev. Grant,"$150,000"
2015-Jan,Thyssen Krupp Bilstein of America,Butler,Southwest,Automotive,214,"$6,196,070",381,"$25,550,000",jo_monthly_metrics_2015.pdf,1,Workforce Grant,"$50,000"
2015-Jan,Umicore Specialty Materials Recycling LLC,Lake,Northeast,Polymers & Chemicals,15,"$700,000",44,"$20,000,000",jo_monthly_metrics_2015.pdf,1,Revitalization Grant,"$598,000"
2015-Jan,Umicore Specialty Materials Recycling LLC,Lake,Northeast,Polymers & Chemicals,15,"$700,000",44,"$20,000,000",jo_monthly_metrics_2015.pdf,1,Revitalization Grant-Phase 2,"$190,000"
2015-Jan,CoverMyMeds LLC,Franklin,Central,Information Services,116,"$7,400,000",57,"$1,120,000",jo_monthly_metrics_2015.pdf,1,Workforce Grant,"$150,000"
2015-Jan,Discount Drug Mart Inc.,Medina,Northeast,Other,20,"$1,235,000",276,"$800,000",jo_monthly_metrics_2015.pdf,1,Workforce Grant,"$20,000"
2015-Jan,Contingent Network Services LLC,Butler,Southwest,Information Services,75,"$3,400,000",120,"$5,260,000",jo_monthly_metrics_2015.pdf,1,Workforce Grant,"$50,000"
2015-Jan,Tekni-Plex Inc.,Lucas,Northwest,Polymers & Chemicals,12,"$680,000",16,"$2,437,000",jo_monthly_metrics_2015.pdf,1,Workforce Grant,"$40,000"
2015-Feb,Co. LLC,Stark,Northeast,Advanced Mfg.,42,"$2,051,259",80,"$6,382,800",jo_monthly_metrics_2015.pdf,2,Economic Dev. Grant,"$350,000"
2015-Feb,"Webster Industries, Inc.",Seneca,Northwest,Advanced Mfg.,65,"$2,470,000",294,"$7,925,000",jo_monthly_metrics_2015.pdf,2,Economic Dev. Grant,"$100,000"
2015-Feb,"VAM USA, LLC",Mahoning,Northeast,Advanced Mfg.,71,"$3,194,318",12,"$69,064,500",jo_monthly_metrics_2015.pdf,2,Revitalization Grant,"$300,000"
2015-Feb,"R.K. Administrative Services, LLC",Pike,Southeast,Other,120,"$3,224,832",N/A,"$12,853,000",jo_monthly_metrics_2015.pdf,2,Revitalization Grant,"$400,000"
2015-Feb,Garrett Day LLC.,Montgomery,Western,Advanced Mfg.,N/A,-,N/A,-,jo_monthly_metrics_2015.pdf,2,Revitalization Grant-Phase 2,"$196,000"
2015-Feb,Garrett Day LLC.,Montgomery,Western,Other,N/A,-,N/A,-,jo_monthly_metrics_2015.pdf,2,Revitalization Grant-Phase 2,"$198,000"
2015-Feb,Sage Sustainable Electronics LLC,Franklin,Central,Other,52,"$3,200,000",8,"$300,000",jo_monthly_metrics_2015.pdf,2,Workforce Grant,"$35,000"
2015-Feb,The Laserflex Corp.,Franklin,Central,Advanced Mfg.,30,"$1,200,000",71,"$2,625,000",jo_monthly_metrics_2015.pdf,2,Workforce Grant,"$40,000"
2015-Feb,"JAFE Decorating, Inc.",Darke,Western,Advanced Mfg.,20,"$530,000",44,"$2,100,000",jo_monthly_metrics_2015.pdf,2,Workforce Grant,"$21,684"
2015-Feb,Core-Mark Midcontinent Inc.,Cuyahoga,Northeast,Other,150,"$6,000,000",N/A,"$10,459,241",jo_monthly_metrics_2015.pdf,2,Workforce Grant,"$50,000"
2015-Mar,Castings Co.,Franklin,Central,Advanced Mfg.,550,"$15,244,520",550,"$16,000,000",jo_monthly_metrics_2015.pdf,3,Economic Dev. Grant,"$500,000"
2015-Mar,The Medina Plating Corp.,Medina,Northeast,Advanced Mfg.,30,"$748,800",60,"$2,300,000",jo_monthly_metrics_2015.pdf,3,Economic Dev. Grant,"$50,000"
2015-Mar,Multi-Color Corporation,Clermont,Southwest,Advanced Mfg.,130,"$5,085,000",395,"$17,601,500",jo_monthly_metrics_2015.pdf,3,Economic Dev. Grant,"$200,000"
2015-Mar,"Sekisui Plastics USA, Inc.",Hardin,Northwest,Automotive,50,"$1,664,000",N/A,"$7,800,000",jo_monthly_metrics_2015.pdf,3,Economic Dev. Grant,"$100,000"
2015-Mar,"Triad Communications, Inc.",Summit,Northeast,Other,7,"$250,000",15,"$835,419",jo_monthly_metrics_2015.pdf,3,Revitalization Grant,"$65,000"
2015-Mar,Garrett Day LLC.,Montgomery,Western,Other,N/A,-,N/A,-,jo_monthly_metrics_2015.pdf,3,Revitalization Grant-Phase 2,"$126,289"
2015-Mar,Community Industrial Association,Guernsey,Southeast,Other,N/A,-,N/A,-,jo_monthly_metrics_2015.pdf,3,Revitalization Grant-Phase 2,"$158,600"
2015-Mar,Benchmark Education Company LLC,Franklin,Central,Other,49,"$1,760,820",N/A,"$300,000",jo_monthly_metrics_2015.pdf,3,Workforce Grant,"$50,000"
2015-Mar,"Pratt (Lewisburg Corrugating), LLC",Preble,Western,Advanced Mfg.,140,"$8,000,000",N/A,"$44,000,000",jo_monthly_metrics_2015.pdf,3,Workforce Grant,"$150,000"
2015-Mar,Liqui-Box Corporation,Ashland,Northeast,Polymers & Chemicals,67,"$1,811,680",150,"$175,000",jo_monthly_metrics_2015.pdf,3,Workforce Grant,"$40,000"
2015-Mar,Oldcastle Building Envelope Inc.,Wood,Northwest,Advanced Mfg.,50,"$2,200,000",210,"$3,000,000",jo_monthly_metrics_2015.pdf,3,Workforce Grant,"$75,000"
2015-Mar,McLane Company Inc.,Hancock,Northwest,Food Processing,425,"$24,225,000",N/A,"$119,000,000",jo_monthly_metrics_2015.pdf,3,Workforce Grant,"$250,000"
2015-Apr,& Rubber Company,Summit,Northeast,Shale Energy & Petrochemicals,45,"$9,000,000",N/A,-,jo_monthly_metrics_2015.pdf,4,Economic Dev. Grant,"$450,000"
2015-Apr,"Borgers Ohio, Inc.",Huron,Northeast,Automotive,230,"$8,309,808",N/A,"$20,100,000",jo_monthly_metrics_2015.pdf,4,Economic Dev. Grant,"$150,000"
2015-Apr,"Borgers Ohio, Inc.",Huron,Northeast,Automotive,230,"$8,309,808",N/A,"$20,100,000",jo_monthly_metrics_2015.pdf,4,Workforce Grant,"$150,000"
2015-Apr,"Coblentz Distributing, Inc.",Holmes,Southeast,Food Science & Agriculture,15,"$401,250",40,"$4,000,000",jo_monthly_metrics_2015.pdf,4,Economic Dev. Grant,"$50,000"
2015-Apr,"MLW Squared, Inc.",Hamilton,Southwest,Information Services & Software,113,"$9,605,000",32,"$4,500,000",jo_monthly_metrics_2015.pdf,4,Growth Fund Loan,"$3,000,000"
2015-Apr,Municipal Light Plant LLC,Franklin,Central,Other,N/A,-,N/A,-,jo_monthly_metrics_2015.pdf,4,Revitalization Grant-Phase 2,"$153,012"
2015-Apr,Garrett Day LLC.,Hamilton,Southwest,Other,N/A,-,N/A,-,jo_monthly_metrics_2015.pdf,4,Revitalization Grant-Phase 2,"$200,000"
2015-Apr,Egelhof Controls Corp.,Lucas,Northwest,Automotive,11,"$800,000",40,"$4,150,000",jo_monthly_metrics_2015.pdf,4,Workforce Grant,"$150,000"
2015-Apr,Mancor Ohio Inc.,Ross,Southeast,Advanced Mfg.,21,"$502,320",N/A,"$81,560",jo_monthly_metrics_2015.pdf,4,Workforce Grant,"$25,000"
2015-May,PRIME AE Group Inc.,Delaware,Central,Information Technology,59,"$4,457,680",83,"$250,000",jo_monthly_metrics_2015.pdf,5,Economic Dev. Grant,"$75,000"
2015-May,Pyrotek Incorporated,Portage,Northeast,Advanced Manufacturing,20,"$850,000",81,"$8,756,321",jo_monthly_metrics_2015.pdf,5,Economic Dev. Grant,"$600,000"
2015-May,Valfilm LLC,Hancock,Northwest,Advanced Manufacturing,80,"$2,500,000",55,"$9,500,000",jo_monthly_metrics_2015.pdf,5,Economic Dev. Grant,"$300,000"
2015-May,"Tramec Sloan, LLC",Crawford,Northwest,Advanced Manufacturing,90,"$2,106,000",147,"$2,000,000",jo_monthly_metrics_2015.pdf,5,Economic Dev. Grant,"$200,000"
2015-May,Scranton Development Company,Cuyahoga,Northeast,Other,N/A,-,N/A,-,jo_monthly_metrics_2015.pdf,5,Revitalization Grant-Phase 2,"$200,000"
2015-May,Briskheat Corporation,Franklin,Central,Advanced Manufacturing,103,"$4,893,397",266,"$750,000",jo_monthly_metrics_2015.pdf,5,Workforce Grant,"$45,000"
2015-May,Polyone Corporation,Darke,Western,Shale Energy and Petrochemicals,95,"$3,714,880",112,"$12,000,000",jo_monthly_metrics_2015.pdf,5,Workforce Grant,"$100,000"
2015-Jun,Inc.,Logan,Central,Automotive,85,"$3,900,000",N/A,"$14,000,000",jo_monthly_metrics_2015.pdf,6,Economic Dev. Grant,"$100,000"
2015-Jun,"Alkermes, Inc.",Clinton,Western,BioHealth,51,"$3,164,800",277,"$18,923,000",jo_monthly_metrics_2015.pdf,6,Economic Dev. Grant,"$100,000"
2015-Jun,"Alkermes, Inc.",Clinton,Western,BioHealth,51,"$3,164,800",277,"$18,923,000",jo_monthly_metrics_2015.pdf,6,Workforce Grant,"$200,000"
2015-Jun,"Keystone Tailored Manufacturing, LLC",Cuyahoga,Northeast,Advanced Manufacturing,20,"$600,000",150,"$6,000,000",jo_monthly_metrics_2015.pdf,6,Economic Dev. Grant,"$420,000"
2015-Jun,Sauder Woodworking Co.,Fulton,Northwest,Advanced Manufacturing,100,"$3,167,840","1,976","$6,081,295",jo_monthly_metrics_2015.pdf,6,Economic Dev. Grant,"$100,000"
2015-Jun,Ohio-West Virginia Excavating Co.,Belmont,Southeast,Shale Energy and Petrochemicals,N/A,-,N/A,-,jo_monthly_metrics_2015.pdf,6,Revitalization Grant,"$3,000,000"
2015-Jun,Ohio-West Virginia Excavating Co.,Belmont,Southeast,Shale Energy and Petrochemicals,N/A,-,N/A,-,jo_monthly_metrics_2015.pdf,6,Revitalization Grant-Phase 2,"$277,275"
2015-Jun,McGill Development Corporation,Franklin,Central,Advanced Manufacturing,N/A,-,N/A,-,jo_monthly_metrics_2015.pdf,6,Revitalization Grant-Phase 2,"$47,800"
2015-Jun,Worthington Cylinder Corporation,Delaware,Central,Advanced Manufacturing,52,"$2,173,316",N/A,"$10,159,000",jo_monthly_metrics_2015.pdf,6,Workforce Grant,"$250,000"
2015-Jun,"Pentaflex, Inc.",Clark,Western,Automotive,40,"$1,304,020",106,"$4,109,271",jo_monthly_metrics_2015.pdf,6,Workforce Grant,"$50,000"
2015-Jun,Smithers Information LLC,Summit,Northeast,Other,22,"$1,210,000",N/A,"$50,000",jo_monthly_metrics_2015.pdf,6,Workforce Grant,"$50,000"
2015-Jun,"Precision Products Group, Inc.",Wayne,Northeast,Advanced Manufacturing,25,"$950,000",40,"$1,050,000",jo_monthly_metrics_2015.pdf,6,Workforce Grant,"$100,000"
2015-Jun,"Wurtec, Inc.",Lucas,Northwest,Advanced Manufacturing,20,"$832,000",38,"$1,800,000",jo_monthly_metrics_2015.pdf,6,Workforce Grant,"$20,000"
2015-Jul,"Speyside Bourbon Cooperage, Inc.",Jackson,Southeast,Advanced Manufacturing,35,"$910,000",N/A,"$17,000,000",jo_monthly_metrics_2015.pdf,7,Economic Dev. Grant,"$150,000"
2015-Jul,Toledo Lucas County Port Authority,Lucas,Northwest,Other,50,"$1,248,000",N/A,"$5,100,000",jo_monthly_metrics_2015.pdf,7,Growth Fund Loan,"$2,500,000"
2015-Jul,"Ace Torwel, Inc.",Montgomery,Western,Automotive,20,"$700,000",N/A,"$615,000",jo_monthly_metrics_2015.pdf,7,Revitalization Grant,"$300,000"
2015-Jul,"Barium & Chemicals, Inc.",Jefferson,Southeast,Advanced Manufacturing,5,"$202,810",27,-,jo_monthly_metrics_2015.pdf,7,Revitalization Grant,"$450,000"
2015-Jul,"Geiger Excavating, Inc.",Franklin,Central,Other,N/A,-,N/A,-,jo_monthly_metrics_2015.pdf,7,Revitalization Grant-Phase 2,"$192,393"
2015-Jul,"Central Outpost Partners, LLC",Franklin,Central,Other,N/A,-,N/A,-,jo_monthly_metrics_2015.pdf,7,Revitalization Grant-Phase 2,"$23,695"
2015-Jul,"Dougherty Redevelopment Partners, LLC",Cuyahoga,Northeast,Other,N/A,-,N/A,-,jo_monthly_metrics_2015.pdf,7,Revitalization Grant-Phase 2,"$139,847"
2015-Jul,"Stolle Machinery Company, LLC",Montgomery,Western,Advanced Manufacturing,40,"$2,000,000",40,"$4,000,000",jo_monthly_metrics_2015.pdf,7,Workforce Grant,"$60,000"
2015-Jul,"NPW-USA, Inc.",Hamliton,Southwest,Other,17,"$1,500,000",N/A,-,jo_monthly_metrics_2015.pdf,7,Workforce Grant,"$40,000"
2015-Jul,"West Chester Holdings, Inc.",Hamilton,Southwest,Logistics & Distribution,30,"$997,320",101,"$1,200,000",jo_monthly_metrics_2015.pdf,7,Workforce Grant,"$30,000"
2015-Jul,Alkon Corporation,Sandusky,Northwest,Advanced Manufacturing,20,"$837,200",156,"$5,615,000",jo_monthly_metrics_2015.pdf,7,Workforce Grant,"$30,000"
2015-Jul,"First Solar, Inc.",Wood,Northwest,Advanced Manufacturing,257,"$10,481,514","1,040","$84,676,448",jo_monthly_metrics_2015.pdf,7,Workforce Grant,"$300,000"
2015-Jul,"Nelson Packaging Company, Inc.",Allen,Northwest,Advanced Manufacturing,140,"$3,680,000",211,"$10,318,000",jo_monthly_metrics_2015.pdf,7,Workforce Grant,"$80,000"
2015-Aug,"SRI Ohio, Inc.",Fairfield,Central,Advanced Manufacturing,50,"$2,887,785",73,"$8,200,000",jo_monthly_metrics_2015.pdf,8,Economic Dev. Grant,"$100,000"
2015-Aug,Union Tank Car Company,Marion,Central,Advanced Manufacturing,200,"$8,272,000",117,"$10,000,000",jo_monthly_metrics_2015.pdf,8,Economic Dev. Grant,"$225,000"
2015-Aug,"Clopay Building Products Company, Inc.",Miami,Western,Advanced Manufacturing,205,"$10,530,000",918,"$30,000,000",jo_monthly_metrics_2015.pdf,8,Economic Dev. Grant,"$300,000"
2015-Aug,"Peter Cremer North America, L.P.",Hamilton,Southwest,Shale Energy and Petrochemicals,122,"$4,567,913",167,"$9,000,000",jo_monthly_metrics_2015.pdf,8,Economic Dev. Grant,"$125,000"
2015-Aug,"Peter Cremer North America, L.P.",Hamilton,Southwest,Shale Energy and Petrochemicals,122,"$4,567,913",167,"$9,000,000",jo_monthly_metrics_2015.pdf,8,Workforce Grant,"$125,000"
2015-Aug,AK Steel Corporation,Warren,Southwest,Advanced Manufacturing,15,"$1,275,000",75,"$4,700,000",jo_monthly_metrics_2015.pdf,8,Economic Dev. Grant,"$250,000"
2015-Aug,"Mitsubishi Chemical Performance Polymers, Inc.",Sandusky,Northwest,Shale Energy and Petrochemicals,25,"$832,000",88,"$2,765,000",jo_monthly_metrics_2015.pdf,8,Economic Dev. Grant,"$110,000"
2015-Aug,"20/20 Custom Molded Plastics, LLC",Williams,Northwest,Advanced Manufacturing,53,"$1,543,000",143,"$16,900,000",jo_monthly_metrics_2015.pdf,8,Economic Dev. Grant,"$125,000"
2015-Aug,"Encore Industries, Inc.",Guernsey,Southeast,Advanced Manufacturing,35,"$873,600",189,-,jo_monthly_metrics_2015.pdf,8,Economic Dev. Grant,"$200,000"
2015-Aug,TerraSmart LLC,Franklin,Central,Advanced Manufacturing,31,"$1,301,000",N/A,"$3,460,000",jo_monthly_metrics_2015.pdf,8,Revitalization Grant,"$200,000"
2015-Aug,"Dmax, LTD.",Montgomery,Western,Automotive,N/A,-,522,"$54,502,000",jo_monthly_metrics_2015.pdf,8,Workforce Grant,"$250,000"
2015-Aug,"Winesburg Chair Company, LTD.",Holmes,Southeast,Advanced Manufacturing,25,"$675,000",124,"$2,000,000",jo_monthly_metrics_2015.pdf,8,Workforce Grant,"$50,000"
2015-Sep,"Vadata, Inc.",Franklin,Central,Information Technology,120,"$9,625,000",0,"$1,110,000,000",jo_monthly_metrics_2015.pdf,9,Economic Dev. Grant,"$1,000,000"
2015-Sep,"Vadata, Inc.",Franklin,Central,Information Technology,120,"$9,625,000",0,"$1,110,000,000",jo_monthly_metrics_2015.pdf,9,Workforce Grant,"$400,000"
2015-Sep,"Middle West Spirits, LLC",Franklin,Central,Food Processing,25,"$950,000",5,"$3,100,000",jo_monthly_metrics_2015.pdf,9,Economic Dev. Grant,"$100,000"
2015-Sep,Major Metals Company,Richland,Northeast,Advanced Manufacturing,18,"$850,000",52,"$1,500,000",jo_monthly_metrics_2015.pdf,9,Economic Dev. Grant,"$100,000"
2015-Sep,Mercy Health,Hamilton,Southwest,BioHealth,175,"$8,750,000","1,050","$4,360,000",jo_monthly_metrics_2015.pdf,9,Economic Dev. Grant,"$300,000"
2015-Sep,"Intelligrated Systems, LLC",Warren,Southwest,Advanced Manufacturing,238,"$16,660,000",510,"$12,200,000",jo_monthly_metrics_2015.pdf,9,Economic Dev. Grant,"$1,500,000"
2015-Sep,"Mitsubishi Electric Automotive America, Inc.",Warren,Southwest,Automotive,100,"$4,246,000",452,"$80,800,000",jo_monthly_metrics_2015.pdf,9,Economic Dev. Grant,"$300,000"
2015-Sep,"Pohlman Property 9, LLC / Lakeview Farms, LLC",Allen,Northwest,Food Processing,200,"$6,400,000",250,"$9,700,000",jo_monthly_metrics_2015.pdf,9,Revitalization Loan,"$2,000,000"
2015-Sep,"Al. Neyer, LLC",Hamilton,Southwest,Other,N/A,-,0,-,jo_monthly_metrics_2015.pdf,9,Revitalization Grant-Phase 2,"$101,000"
2015-Sep,Monroe County Commissioners,Monroe,Southeast,Other,N/A,-,0,-,jo_monthly_metrics_2015.pdf,9,Revitalization Grant-Phase 2,"$146,469"
2015-Sep,Hirschvogel Incorporated,Franklin,Central,Automotive,37,"$1,300,000",322,"$50,350,000",jo_monthly_metrics_2015.pdf,9,Workforce Grant,"$75,000"
2015-Sep,"Vee Pak Ohio, LLC",Licking,Central,Advanced Manufacturing,100,"$3,333,333",134,"$8,000,000",jo_monthly_metrics_2015.pdf,9,Workforce Grant,"$100,000"
2015-Sep,"JR Manufacturing, Inc.",Mercer,Western,Automotive,30,"$1,123,300",190,"$2,800,000",jo_monthly_metrics_2015.pdf,9,Workforce Grant,"$50,000"
2015-Sep,SSB Manufacturing Company,Warren,Southwest,Other,106,"$5,852,000",181,"$15,000,000",jo_monthly_metrics_2015.pdf,9,Workforce Grant,"$40,000"
2015-Sep,"Tower Automotive Operations USA I, LLC",Sandusky,Northwest,Automotive,138,"$5,979,000",82,"$32,000,000",jo_monthly_metrics_2015.pdf,9,Workforce Grant,"$250,000"
2015-Sep,"Vitatoe Industries, Inc.",Ross,Southeast,Automotive,25,"$728,000",86,"$1,120,000",jo_monthly_metrics_2015.pdf,9,Workforce Grant,"$25,000"
2015-Oct,AJM Packaging Company,Sandusky,Northwest,Advanced Manufacturing,150,"$4,486,560",N/A,"$16,600,000",jo_monthly_metrics_2015.pdf,10,Economic Dev. Grant,"$75,000"
2015-Oct,"CL Products International, LLC",Highland,Southeast,Advanced Manufacturing,50,"$1,790,000",417,"$10,400,000",jo_monthly_metrics_2015.pdf,10,Economic Dev. Grant,"$100,000"
2015-Oct,"CL Products International, LLC",Highland,Southeast,Advanced Manufacturing,50,"$1,790,000",417,"$10,400,000",jo_monthly_metrics_2015.pdf,10,Workforce Grant,"$150,000"
2015-Oct,EnviroServe J.V. Limited Partnership,Cuyahoga,Northeast,Shale Energy and Petrochemicals,20,"$771,680",65,"$1,128,895",jo_monthly_metrics_2015.pdf,10,Revitalization Grant,"$450,000"
2015-Oct,"Express, Inc.",Franklin,Central,Other,30,"$2,660,000",757,"$1,500,000",jo_monthly_metrics_2015.pdf,10,Workforce Grant,"$100,000"
2015-Oct,"Next Generation Films, Inc.",Richland,Northeast,Advanced Manufacturing,100,"$2,999,360",373,"$31,000,000",jo_monthly_metrics_2015.pdf,10,Workforce Grant,"$100,000"
2015-Oct,"HSNi, LLC",,Northwest,Other,200,"$4,992,000",N/A,-,jo_monthly_metrics_2015.pdf,10,Workforce Grant,"$150,000"
2015-Nov,Milacron LLC,Hamilton,Southwest,Advanced Manufacturing,294,"$13,836,960",933,"$11,000,000",jo_monthly_metrics_2015.pdf,11,Economic Dev. Grant,"$1,000,000"
2015-Nov,Milacron LLC,Hamilton,Southwest,Advanced Manufacturing,294,"$13,836,960",933,"$11,000,000",jo_monthly_metrics_2015.pdf,11,Workforce Grant,"$500,000"
2015-Nov,"iSqFt, Inc.",Hamilton,Southwest,Information Technology,110,"$2,921,000",300,"$15,500,000",jo_monthly_metrics_2015.pdf,11,Economic Dev. Grant,"$500,000"
2015-Nov,Taiho Corporation of America,Seneca,Northwest,Automotive,25,"$872,240",177,"$5,300,000",jo_monthly_metrics_2015.pdf,11,Economic Dev. Grant,"$35,000"
2015-Nov,Freudenberg-NOK General Partnership,Hancock,Northwest,Advanced Manufacturing,25,"$966,000",148,"$8,600,000",jo_monthly_metrics_2015.pdf,11,Economic Dev. Grant,"$250,000"
2015-Nov,"Mac Trailer Enterprises, Inc.",Stark,Northeast,Advanced Manufacturing,150,"$7,500,000",572,"$850,000",jo_monthly_metrics_2015.pdf,11,Workforce Grant,"$150,000"
2015-Nov,"Mid-West Presort Mailing Services, Inc.",Cuyahoga,Northeast,Other,54,"$1,598,497",229,"$850,000",jo_monthly_metrics_2015.pdf,11,Workforce Grant,"$45,000"
2015-Dec,LLC,Stark,Northeast,Advanced Manufacturing,100,"$5,000,000",113,"$28,000,000",jo_monthly_metrics_2015.pdf,12,Economic Dev. Grant,"$150,000"
2015-Dec,"Big Heart Pet, Inc.",Wayne,Northeast,Food Processing,400,"$40,000,000",N/A,"$31,000,000",jo_monthly_metrics_2015.pdf,12,Economic Dev. Grant,"$750,000"
2015-Dec,"Big Heart Pet, Inc.",Wayne,Northeast,Food Processing,400,"$40,000,000",N/A,"$31,000,000",jo_monthly_metrics_2015.pdf,12,Workforce Grant,"$250,000"
2015-Dec,The Lincoln Electric Company,Cuyahoga,Northeast,Advanced Manufacturing,40,"$2,000,000","2,475","$19,000,000",jo_monthly_metrics_2015.pdf,12,Economic Dev. Grant,"$500,000"
2015-Dec,ThinkVine Corporation,Hamilton,Southwest,Information Technology,25,"$2,565,425",19,"$1,818,286",jo_monthly_metrics_2015.pdf,12,Growth Fund Loan,"$1,250,000"
2015-Dec,"Alternate Solutions Healthcare System, Inc.",Montgomery,Western,BioHealth,64,"$3,000,000",114,"$7,000,000",jo_monthly_metrics_2015.pdf,12,Revitalization Grant,"$285,000"
2015-Dec,"Drury Cleveland, LLC",Cuyahoga,Northeast,Other,56,"$1,178,777",N/A,"$36,421,640",jo_monthly_metrics_2015.pdf,12,Revitalization Grant,"$500,000"
2015-Dec,"Ohio Awning, LLC",Cuyahoga,Northeast,Other,15,"$600,000",25,"$9,556,108",jo_monthly_metrics_2015.pdf,12,Revitalization Grant,"$300,000"
2015-Dec,"Altivia Petrochemicals, LLC",Scioto,Southeast,Shale Energy and Petrochemicals,30,"$2,059,200",51,"$2,845,000",jo_monthly_metrics_2015.pdf,12,Revitalization Grant,"$1,250,000"
2015-Dec,"Altivia Petrochemicals, LLC",Scioto,Southeast,Shale Energy and Petrochemicals,30,"$2,059,200",51,"$2,845,000",jo_monthly_metrics_2015.pdf,12,Workforce Grant,"$250,000"
2015-Dec,A. M. Castle & Co.,Cuyahoga,Northeast,Advanced Manufacturing,32,"$1,290,240",125,"$500,000",jo_monthly_metrics_2015.pdf,12,Workforce Grant,"$35,000"
2015-Dec,The Wornick Company,Hamilton,Southwest,Food Processing,90,"$2,850,000",509,"$16,200,000",jo_monthly_metrics_2015.pdf,12,Workforce Grant,"$70,000"
2015-Dec,"BEF Foods, Inc.",Allen,Northwest,Food Processing,50,"$1,250,000",210,"$19,000,000",jo_monthly_metrics_2015.pdf,12,Workforce Grant,"$50,000"
2015-Dec,"Campbell Soup Supply Company, LLC",Henry,Northwest,Food Processing,25,"$1,175,000","1,382","$5,700,000",jo_monthly_metrics_2015.pdf,12,Workforce Grant,"$100,000"
2015-Dec,P.H. Glatfelter Company,Ross,Southeast,Advanced Manufacturing,N/A,-,"1,100","$21,947,466",jo_monthly_metrics_2015.pdf,12,Workforce Grant,"$500,000"
2016-Jan,Inc.,Cuyahoga,Northeast,Advanced Manufacturing,11,"$7,333,636",440,"$2,000,000",jo_monthly_metrics_2016.pdf,1,Economic Dev. Grant,"$750,000"
2016-Jan,"CDK Global, LLC",Hamilton,Southwest,Information Technology,"1,000","$45,000,000",80,"$9,750,000",jo_monthly_metrics_2016.pdf,1,Economic Dev. Grant,"$1,500,000"
2016-Jan,"Enable Injections, LLC",Hamilton,Southwest,BioHealth,150,"$10,500,000",9,"$5,310,000",jo_monthly_metrics_2016.pdf,1,Growth Fund Loan,"$2,000,000"
2016-Jan,"PeerlessYWinsmith, Inc.",Trumbull,Northeast,Advanced Manufacturing,N/A,Y,N/A,Y,jo_monthly_metrics_2016.pdf,1,Revitalization Grant0Phase 2,"$128,966"
2016-Jan,"CCL Label, Inc.",Licking,Central,Advanced Manufacturing,80,"$3,600,000",N/A,"$25,000,000",jo_monthly_metrics_2016.pdf,1,Workforce Grant,"$100,000"
2016-Jan,"Precision Tower Products, LLC",Delaware,Central,Advanced Manufacturing,35,"$2,570,000",N/A,"$3,265,000",jo_monthly_metrics_2016.pdf,1,Workforce Grant,"$40,000"
2016-Jan,"Navistar, Inc.",Clark,Western,Automotive,300,"$10,377,120","1,100","$12,888,583",jo_monthly_metrics_2016.pdf,1,Workforce Grant,"$100,000"
2016-Jan,The Kroger Co.,Hamilton,Southwest,Food Processing,649,"$25,396,620",25,"$46,000,000",jo_monthly_metrics_2016.pdf,1,Workforce Grant,"$150,000"
2016-Feb,"King’s Command Foods, LLC",Darke,Western,Food Processing,160,"$4,653,480",47,"$25,700,000",jo_monthly_metrics_2016.pdf,2,Economic Dev. Grant,"$250,000"
2016-Feb,"Alcoa, Inc.",Cuyahoga,Northeast,Advanced Manufacturing,70,"$3,203,200","1,204","$37,000,000",jo_monthly_metrics_2016.pdf,2,Economic Dev. Grant,"$200,000"
2016-Feb,"Alcoa, Inc.",Cuyahoga,Northeast,Advanced Manufacturing,70,"$3,203,200","1,204","$37,000,000",jo_monthly_metrics_2016.pdf,2,Workforce Grant,"$200,000"
2016-Feb,Midwest Motor Supply Co.,Franklin,Central,Other,50,"$1,875,000",284,"$8,000,000",jo_monthly_metrics_2016.pdf,2,Growth Fund Loan,"$2,500,000"
2016-Feb,"Pressed Paperboard Technologies, LLC",Hancock,Northwest,Advanced Manufacturing,24,"$670,081",133,"$5,400,000",jo_monthly_metrics_2016.pdf,2,Growth Fund Loan,"$750,000"
2016-Feb,CirclevilleYPickaway Community Improvement Corporation,Pickaway,Central,Advanced Manufacturing,N/A,Y,N/A,Y,jo_monthly_metrics_2016.pdf,2,Revitalization Grant0Phase 2,"$12,390"
2016-Feb,"zulily, inc.",Franklin,Central,Other,900,"$28,000,000",N/A,Y,jo_monthly_metrics_2016.pdf,2,Workforce Grant,"$250,000"
2016-Feb,"Repacorp, Inc.",Miami,Western,Advanced Manufacturing,36,"$1,200,000",95,"$3,500,000",jo_monthly_metrics_2016.pdf,2,Workforce Grant,"$40,000"
2016-Mar,Pactiv LLC,Franklin,Central,Advanced Manufacturing,65,"$2,398,080",113,"$700,000",jo_monthly_metrics_2016.pdf,3,Economic4Dev.4 Grant,"$70,000"
2016-Mar,"Masters Pharmaceutical, Inc.",Warren,Southwest,Biohealth,100,"$5,200,000",229,"$17,516,000",jo_monthly_metrics_2016.pdf,3,Economic4Dev.4 Grant,"$200,000"
2016-Mar,"Assurex Health, Inc.",Warren,Southwest,Biohealth,150,"$13,500,000",124,"$10,845,815",jo_monthly_metrics_2016.pdf,3,Economic4Dev.4 Grant,"$1,000,000"
2016-Mar,"Assurex Health, Inc.",Warren,Southwest,Biohealth,150,"$13,500,000",124,"$10,845,815",jo_monthly_metrics_2016.pdf,3,Growth4 Fund4Loan,"$4,000,000"
2016-Mar,Custom Glass Solutions Millbury Corp.,Ottawa,Northwest,Advanced Manufacturing,21,"$663,936",106,"$7,000,000",jo_monthly_metrics_2016.pdf,3,Economic4Dev.4 Grant,"$100,000"
2016-Mar,The Imperial Electric Company,Meigs,Southeast,Advanced Manufacturing,18,"$594,485",27,"$1,961,730",jo_monthly_metrics_2016.pdf,3,Economic4Dev.4 Grant,"$200,000"
2016-Mar,"Bocchi Laboratories Ohio, LLC",Licking,Central,Advanced Manufacturing,300,"$7,488,000",N/A,"$20,000,000",jo_monthly_metrics_2016.pdf,3,Growth4 Fund4Loan,"$4,000,000"
2016-Mar,City of Dayton,Montgomery,Western,Aerospace Aviation,50,"$1,993,943",624,"$11,139,071",jo_monthly_metrics_2016.pdf,3,Growth4 Fund4Loan,"$5,000,000"
2016-Mar,"DecisionDesk, Inc.",Cuyahoga,Northeast,Information Technology,56,"$7,560,000",45,"$2,982,703",jo_monthly_metrics_2016.pdf,3,Growth4 Fund4Loan,"$1,500,000"
2016-Mar,"GOJO Industries, Inc.",Wayne,Northeast,Biohealth,244,"$12,045,000",N/A,"$43,096,000",jo_monthly_metrics_2016.pdf,3,Growth4 Fund4Loan,"$5,000,000"
2016-Mar,"Clarkwestern Dietrich Building Systems, LLC",Trumbull,Northeast,Advanced Manufacturing,12,"$459,552",112,"$6,913,288",jo_monthly_metrics_2016.pdf,3,Revitalization4 Grant,"$300,000"
2016-Mar,"MadTree Brewing, LLC",Hamilton,Southwest,Food Processing,23,"$1,238,000",31,"$17,995,000",jo_monthly_metrics_2016.pdf,3,Revitalization4 Grant,"$500,000"
2016-Mar,Enviroserve J.V. Limited Partnership,Cuyahoga,Northeast,Shale Energy Petrochemicals,20,"$771,680",65,"$1,128,895",jo_monthly_metrics_2016.pdf,3,Revitalization4 Loan,"$675,000"
2016-Mar,City of Canton,Stark,Northeast,Advanced Manufacturing,N/A,0,N/A,0,jo_monthly_metrics_2016.pdf,3,Revitalization4 GrantGPhase42,"$148,215"
2016-Mar,"Shearer's Foods, LLC",Stark,Northeast,Food Processing,130,"$3,901,872",747,"$42,500,000",jo_monthly_metrics_2016.pdf,3,Workforce4 Grant,"$100,000"
2016-Apr,Polychem Corporation,Lake,Northeast,Advanced Manufacturing,31,"$984,900",157,"$505,000",jo_monthly_metrics_2016.pdf,4,Economic Dev. Grant,"$50,000"
2016-Apr,"Athens Mold and Machine, Inc.",Athens,Southeast,Advanced Manufacturing,60,"$2,121,600",N/A,"$3,005,084",jo_monthly_metrics_2016.pdf,4,Revitalization Grant,"$400,000"
2016-Apr,Zanesville Muskingum Authority4 County Port,Muskingum,Southeast,Other,N/A,Y,N/A,"$1,551,952",jo_monthly_metrics_2016.pdf,4,Revitalization Grant,"$775,976"
2016-Apr,"MadTree Brewing, LLC",Hamilton,Southwest,Food Processing,23,"$1,238,000",31,"$17,995,000",jo_monthly_metrics_2016.pdf,4,Revitalization Loan,"$1,500,000"
2016-Apr,The Gent Machine Company,Cuyahoga,Northeast,Automotive,N/A,Y,N/A,"$510,000",jo_monthly_metrics_2016.pdf,4,Revitalization Grant,"$179,795"
2016-Apr,"Alex Products, Inc.",Henry,Northwest,Automotive,115,"$3,348,800",620,"$5,000,000",jo_monthly_metrics_2016.pdf,4,Workforce Grant,"$150,000"
2016-Apr,"ConAgra Foods Packaged Foods, LLC",Fulton,Northwest,Food Processing,107,"$5,421,600",234,"$60,900,000",jo_monthly_metrics_2016.pdf,4,Workforce Grant,"$100,000"
2016-May,"Technologies, LLC",Franklin,Central,Advanced Manufacturing,24,"$698,880",49,"$1,100,000",jo_monthly_metrics_2016.pdf,5,Economic Dev. Grant,"$25,000"
2016-May,International Business Machines Corporation,Cuyahoga,Northeast,Information Technology,125,"$13,250,000",170,"$5,000,000",jo_monthly_metrics_2016.pdf,5,Economic Dev. Grant,"1,000,000"
2016-May,"Appalachian Wood Floors, Inc.",Scioto,Southeast,Advanced Manufacturing,20,"$624,000",108,"$937,049",jo_monthly_metrics_2016.pdf,5,Revitalization Grant,"$150,000"
2016-May,The Malish Corporation,Lake,Northeast,Advanced Manufacturing,N/A,X,N/A,X,jo_monthly_metrics_2016.pdf,5,Revitalization GrantLPhase 2,"$9,640"
2016-May,"Airborne Maintenance and Engineering Services, Inc.",Clinton,Western,Advanced Manufacturing,100,"$2,984,800",644,X,jo_monthly_metrics_2016.pdf,5,Workforce Grant,"$315,000"
2016-May,"Fuserashi International Technology, Inc.",Medina,Northeast,Automotive,20,"$850,000",75,"$8,350,000",jo_monthly_metrics_2016.pdf,5,Workforce Grant,"$78,000"
2016-May,"Rotex Global, LLC",Hamilton,Southwest,Advanced Manufacturing,20,"$867,616",165,"$400,000",jo_monthly_metrics_2016.pdf,5,Workforce Grant,"$25,000"
2016-May,Barclays Services Ohio (Barclays Services LLC),Butler,Southwest,Financial Services,"1,500","$49,863,333",N/A,"$9,300,659",jo_monthly_metrics_2016.pdf,5,Workforce Grant,"$300,000"
2016-Jun,"Coulter Ventures, LLC.",Franklin,Central,Advanced Manufacturing,90,"$3,900,000",337,"$40,000,000",jo_monthly_metrics_2016.pdf,6,Growth Fund Loan,"$4,000,000"
2016-Jun,"Urban Renewables II, LLC*",Wayne,Northeast,Advanced Manufacturing,-,N/A,N/A,N/A,jo_monthly_metrics_2016.pdf,6,Revitalization Grant,"$1,994,151"
2016-Jun,"Corvac Composites, LLC",Highland,Southeast,Automotive,175,"$4,914,000",N/A,"$12,500,000",jo_monthly_metrics_2016.pdf,6,Revitalization Grant,"$450,000"
2016-Jun,"Corvac Composites, LLC",Highland,Southeast,Automotive,175,"$4,914,000",N/A,"$12,500,000",jo_monthly_metrics_2016.pdf,6,Revitalization Grant Phase II,"$40,000"
2016-Jun,"FirstEnergy Generation, LLC",Belmont,Southeast,Shale Energy and Petrochemicals,-,N/A,N/A,N/A,jo_monthly_metrics_2016.pdf,6,Revitalization Grant,"$2,000,000"
2016-Jun,"FirstEnergy Generation, LLC",Belmont,Southeast,Shale Energy and Petrochemicals,-,N/A,N/A,N/A,jo_monthly_metrics_2016.pdf,6,Revitalization Grant Phase II,"$200,000"
2016-Jun,"Bulldog Racks of Toronto, Inc.",Jefferson,Southeast,Advanced Manufacturing,15,"$374,400",7,"$1,200,000",jo_monthly_metrics_2016.pdf,6,Revitalization Grant,"$338,827"
2016-Jun,"Chestnut Commerce Center, LLC",Portage,Northeast,Logistics and Distribution,-,N/A,N/A,N/A,jo_monthly_metrics_2016.pdf,6,Revitalization Grant Phase II,"$167,305"
2016-Jun,Veluscek and Heban Properties,Wood,Northwest,Other,-,N/A,N/A,N/A,jo_monthly_metrics_2016.pdf,6,Revitalization Grant Phase II,"$9,700"
2016-Jun,ATK Space Systems Inc,Greene,Western,Aerospace and Aviation,68,"$4,300,000",93,"$6,500,000",jo_monthly_metrics_2016.pdf,6,Workforce Grant,"$150,000"
2016-Jun,Whirlpool Corporation,Hancock,Northwest,Advanced Manufacturing,50,"$1,568,320","2,044","$32,800,000",jo_monthly_metrics_2016.pdf,6,Workforce Grant,"$185,000"
2016-Jun,Whirlpool Corporation,Putnam,Northwest,Advanced Manufacturing,40,"$1,210,560",375,"$2,500,000",jo_monthly_metrics_2016.pdf,6,Workforce Grant,"$135,000"
2016-Jul,"Amazon.com.dedc, LLC",Licking,Central,Logistics and Distribution,"2,000","$60,000,000",N/A,"$200,000,000",jo_monthly_metrics_2016.pdf,7,Economic Dev. Grant,"$1,000,000"
2016-Jul,"Amazon.com.dedc, LLC",Licking,Central,Logistics and Distribution,"2,000","$60,000,000",N/A,"$200,000,000",jo_monthly_metrics_2016.pdf,7,Workforce Grant,"$500,000"
2016-Jul,"Ball Metal Food Container, LLC",Franklin,Central,Advanced Manufacturing,50,"2,500,000",146,"$15,000,000",jo_monthly_metrics_2016.pdf,7,Economic Dev. Grant,"$75,000"
2016-Jul,Nippon Rika Inc.,Morrow,Central,Automotive,20,"$829,000",3,"$1,900,000",jo_monthly_metrics_2016.pdf,7,Economic Dev. Grant,"$50,000"
2016-Jul,LEL Operating Company,Stark,Northeast,Food Processing,15,"$900,000",298,"$6,000,000",jo_monthly_metrics_2016.pdf,7,Economic Dev. Grant,"$100,000"
2016-Jul,The Malish Corporation,Lake,Northeast,Advanced Manufacturing,15,"$525,000",105,"$6,682,379",jo_monthly_metrics_2016.pdf,7,Revitalization Grant,"$125,000"
2016-Jul,The Sanson Company,Cuyahoga,Northeast,Food Processing,15,"$500,000",153,"$3,000,000",jo_monthly_metrics_2016.pdf,7,Revitalization Grant,"$100,000"
2016-Jul,"Polyfill, LLC",Shelby,Western,Advanced Manufacturing,30,"$1,592,552",53,"$4,119,523",jo_monthly_metrics_2016.pdf,7,Workforce Grant,"$27,000"
2016-Jul,"TP Mechanical Contractors, Inc.",Hamilton,Southwest,Other,100,"$3,300,000",232,"$150,000",jo_monthly_metrics_2016.pdf,7,Workforce Grant,"$40,000"
2016-Jul,"StandardAero Component Services, Inc.",Hamilton,Southwest,Aerospace and Aviation,120,"$5,241,600",465,"$10,500,000",jo_monthly_metrics_2016.pdf,7,Workforce Grant,"$120,000"
2016-Jul,"Mane, Inc.",Warren,Southwest,Food Processing,100,"$3,852,572",435,"$34,000,000",jo_monthly_metrics_2016.pdf,7,Workforce Grant,"$100,000"
2016-Jul,Mountjoy Chilton Medley LLP,Hamilton,Southwest,Financial Services,64,"$4,800,000",28,"$550,000",jo_monthly_metrics_2016.pdf,7,Workforce Grant,"$35,000"
2016-Jul,Western Reserve Port Authority,Trumbull,Northeast,Other,N/A,\,N/A,\,jo_monthly_metrics_2016.pdf,7,Revitalization Grant Phase II,"$199,478"
2016-Aug,Te-Co Manufacturing LLC,Montgomery,Western,Advanced Manufacturing,14,"$700,000",55,"$3,900,000",jo_monthly_metrics_2016.pdf,8,Economic Dev. Grant,"$50,000"
2016-Aug,"Pison Stream Solutions, LLC",Cuyahoga,Northeast,Shale Energy and Petrochemicals,150,"$8,500,000",0,"$13,535,942",jo_monthly_metrics_2016.pdf,8,Economic Dev. Grant,"$337,180"
2016-Aug,"Pacific Manufacturing Ohio, Inc.",Butler,Southwest,Automotive,62,"$1,984,000",540,"$50,100,000",jo_monthly_metrics_2016.pdf,8,Economic Dev. Grant,"$125,000"
2016-Aug,"Alex Products, Inc.",Henry,Northwest,Automotive,100,"$2,912,000",735,"$2,150,000",jo_monthly_metrics_2016.pdf,8,Economic Dev. Grant,"$250,000"
2016-Aug,"Candle-lite Company, LLC",Highland,Southeast,Advanced Manufacturing,12,"$1,320,000",529,"$4,300,000",jo_monthly_metrics_2016.pdf,8,Economic Dev. Grant,"$200,000"
2016-Aug,"Batterii, LLC",Hamilton,Southwest,Information Services and Software,36,"$3,073,804",22,"$2,773,545",jo_monthly_metrics_2016.pdf,8,Growth Fund Loan,"$1,500,000"
2016-Aug,Ernst Metal Technologies LLC,Montgomery,Western,Advanced Manufacturing,21,"$850,200",85,"$1,668,537",jo_monthly_metrics_2016.pdf,8,Revitalization Grant,"$150,000"
2016-Aug,"Talis Clinical, LLC",Portage,Northeast,Information Services and Software,15,"$1,200,000",24,"$475,000",jo_monthly_metrics_2016.pdf,8,Revitalization Grant,"$50,000"
2016-Aug,"W&W Dry Cleaners, Laundry and Linen Services, LLC",Highland,Southeast,Other,14,"$275,000",7,"$707,878",jo_monthly_metrics_2016.pdf,8,Revitalization Grant,"$50,000"
2016-Aug,"Sensor Technology Systems, Inc.",Montgomery,Western,Advanced Manufacturing,99,"$4,275,000",21,"$350,000",jo_monthly_metrics_2016.pdf,8,Workforce Grant,"$25,000"
2016-Aug,"E1 Digital Direct, Inc.",Mahoning,Northeast,Other,176,"$6,200,000",0,"$4,900,000",jo_monthly_metrics_2016.pdf,8,Workforce Grant,"$70,000"
2016-Aug,"Advics Manufacturing Ohio, Inc.",Warren,Southwest,Automotive,260,"$10,952,448",714,"$150,500,000",jo_monthly_metrics_2016.pdf,8,Workforce Grant,"$500,000"
2016-Sep,"Exact Care Pharmacy, LLC",Cuyahoga,Northeast,Biohealth,690,"$36,400,000",185,"$1,930,000",jo_monthly_metrics_2016.pdf,9,Economic Dev. Grant,"$400,000"
2016-Sep,"Exact Care Pharmacy, LLC",Cuyahoga,Northeast,Biohealth,690,"$36,400,000",185,"$1,930,000",jo_monthly_metrics_2016.pdf,9,Workforce Grant,"$600,000"
2016-Sep,"7signal Solutions, Inc.",X,Northeast,Information Technology,31,"$3,500,000",34,"$1,535,749",jo_monthly_metrics_2016.pdf,9,Growth Fund Loan,"$1,200,000"
2016-Sep,"MarXBal, Inc.",Lake,Northeast,Shale Energy and Petrochemicals,107,"$3,092,000",116,"$15,244,000",jo_monthly_metrics_2016.pdf,9,Revitalization Grant,"$500,000"
2016-Sep,CardinalCommerce Corporation,Lake,Northeast,Financial Services,204,"$10,200,000",146,"$1.650,718",jo_monthly_metrics_2016.pdf,9,Revitalization Grant,"$600,000"
2016-Sep,Port of Greater Cincinnati Development Authority*,Hamilton,Southwest,Other,N/A,X,N/A,X,jo_monthly_metrics_2016.pdf,9,Revitalization Grant,"$2,267,000"
2016-Sep,Evanston Investments LLC,Allen,Northwest,Advanced Manufacturing,14,"$429,520",6,"$1,858,200",jo_monthly_metrics_2016.pdf,9,Revitalization Grant,"$180,000"
2016-Sep,Phillips Edison Company Ltd.,Hamilton,Southwest,Other,65,"$5,500,000",181,"$200,000",jo_monthly_metrics_2016.pdf,9,Workforce Grant,"$100,000"
2016-Oct,"R L Carriers, Inc.",Clinton,Western,Logistics and Distribution,200,"$9,500,000","1,456","$11,000,000",jo_monthly_metrics_2016.pdf,10,Economic Dev. Grant,"$500,000"
2016-Oct,"DocHalo, LLC",Hamilton,Southwest,Information Technology,65,"$5,915,000",17,"$2,957,600",jo_monthly_metrics_2016.pdf,10,Growth Fund Loan,"$1,500,000"
2016-Oct,"NuVasive Manufacturing, LLC",Montgomery,Western,Biohealth,195,"$9,200,000",97,"$35,850,000",jo_monthly_metrics_2016.pdf,10,Revitalization Grant,"$250,000"
2016-Oct,"NuVasive Manufacturing, LLC",Montgomery,Western,Biohealth,195,"$9,200,000",97,"$35,850,000",jo_monthly_metrics_2016.pdf,10,Workforce Grant,"$500,000"
2016-Oct,Clinton County Port Authority*,Clinton,Western,^,^,^,^,"$1,922,580",jo_monthly_metrics_2016.pdf,10,Revitalization Grant,"$961,290"
2016-Oct,"P. Graham Dunn, Inc.",Wayne,Northeast,Advanced Manufacturing,75,"$2,650,000",125,"$2,492,500",jo_monthly_metrics_2016.pdf,10,Revitalization Grant,"$190,000"
2016-Oct,"ElectroCraft Ohio, Inc.",Gallia,Southeast,Advanced Manufacturing,30,"$853,132",135,"$290,786",jo_monthly_metrics_2016.pdf,10,Revitalization Grant,"$40,000"
2016-Oct,"ElectroCraft Ohio, Inc.",Gallia,Southeast,Advanced Manufacturing,30,"$853,132",135,"$290,786",jo_monthly_metrics_2016.pdf,10,Workforce Grant,"$50,000"
2016-Oct,"Daniel’s Amish Collection, LLC",Holmes,Southeast,Advanced Manufacturing,25,"$750,000",150,"$1,000,000",jo_monthly_metrics_2016.pdf,10,Revitalization Grant,"$140,000"
2016-Oct,CardioInsight Technologies Inc.,Cuyahoga,Northeast,Biohealth,28,"$2,856,000",28,"$480,000",jo_monthly_metrics_2016.pdf,10,Workforce Grant,"$100,000"
2016-Oct,The Procter Gamble Manufacturing Company,Allen,Northwest,Advanced Manufacturing,51,"$2,500,000",630,"$60,000,000",jo_monthly_metrics_2016.pdf,10,Workforce Grant,"$200,000"
2016-Dec,"GENCO I, Inc.",Franklin,Central,Logistics and Distribution,82,"$2,996,739",0,"$1,200,000",jo_monthly_metrics_2016.pdf,13,Economic Dev. Grant,"$50,000"
2016-Dec,"United Grinding North America, Inc.",Montgomery,Western,Advanced Manufacturing,40,"$3,600,000",100,"$16,400,000",jo_monthly_metrics_2016.pdf,13,Economic Dev. Grant,"$250,000"
2016-Dec,"Tenneco Automotive Operating Company, Inc.",Montgomery,Western,Automotive,483,"$15,758,592",478,"$42,500,000",jo_monthly_metrics_2016.pdf,13,Economic Dev. Grant,"$1,600,000"
2016-Dec,Luk USA LLC,Wayne,Northeast,Automotive,250,"$9,999,600","1,767","$61,500,000",jo_monthly_metrics_2016.pdf,13,Economic Dev. Grant,"$1,500,000"
2016-Dec,"Fireline, Inc.",Mahoning,Northeast,Aerospace and Aviation,21,"$1,116,906",88,"$3,700,000",jo_monthly_metrics_2016.pdf,13,Economic Dev. Grant,"$100,000"
2016-Dec,"MTK, Inc.",Hamilton,Southwest,Biohealth,35,"$1,510,537",95,"$9,250,000",jo_monthly_metrics_2016.pdf,13,Economic Dev. Grant,"$145,000"
2016-Dec,"Hanon Systems USA, LLC",Wyandot,Northwest,Automotive,139,"$5,200,000",0,"$15,999,000",jo_monthly_metrics_2016.pdf,13,Economic Dev. Grant,"$310,000"
2016-Dec,"Speyside Bourbon Cooperage, Inc.",Jackson,Southeast,Advanced Manufacturing,17,"$540,000",51,"$3,200,000",jo_monthly_metrics_2016.pdf,13,Economic Dev. Grant,"$25,000"
2016-Dec,T.N.T. Equipment Company,Perry,Southeast,Advanced Manufacturing,20,"$835,600",0,"$345,000",jo_monthly_metrics_2016.pdf,13,Economic Dev. Grant,"$30,000"
2016-Dec,T.N.T. Equipment Company,Perry,Southeast,Advanced Manufacturing,20,"$835,600",0,"$345,000",jo_monthly_metrics_2016.pdf,13,Revitalization Loan,"$70,000"
2016-Dec,Sofidel America Corp.,Pickaway,Central,Advanced Manufacturing,310,"$12,818,624",0,"$259,700,000",jo_monthly_metrics_2016.pdf,13,Growth Fund Loan,"$6,500,000"
2016-Dec,"Dana Light Axle Manufacturing, LLC",Lucas,Northwest,Automotive,300,"$11,544,000",0,"$65,000,000",jo_monthly_metrics_2016.pdf,13,Growth Fund Loan,"$6,250,000"
2016-Dec,TS Sales LLC,Morrow,Central,Other,20,"$460,208",1,"$1,407,222",jo_monthly_metrics_2016.pdf,14,Revitalization Loan,$
2016-Dec,The Gent Machine Company,Cuyahoga,Northeast,Automotive,12,"$492,410",48,"$885,223",jo_monthly_metrics_2016.pdf,14,Revitalization Loan,"$250,000"
2016-Dec,"Industrial Power Systems, Inc.",Wood,Northwest,Advanced Manufacturing,15,"$1,000,000",145,"$2,660,000",jo_monthly_metrics_2016.pdf,14,Revitalization Loan,"$300,000"
2016-Dec,"Consolidated Storage Solutions, Inc.",Muskingum,Southeast,Logistics and Distribution,5,"$124,800",30,"$7,750,000",jo_monthly_metrics_2016.pdf,14,Revitalization Loan,"$25,000"
2016-Dec,Alcott Holdings LLC,Madison,Central,Logistics and Distribution,0,-,NA,-,jo_monthly_metrics_2016.pdf,14,Revitalization Grant Phase II,"$145,500"
2016-Dec,Ashtabula County Port Authority,Ashtabula,Northeast,Food Processing,0,-,NA,-,jo_monthly_metrics_2016.pdf,14,Revitalization Grant Phase II,"$171,973"
2017-Jan,"Spectra Jet, Inc.",Clark,Western,Aerospace and Aviation,22,"$915,200",23,"$3,850,000",jo_monthly_metrics_2017.pdf,1,Economic Dev. Grant,"$70,000"
2017-Jan,"Fro-Tech-Inc. (Frontier Technology, Inc.)",Greene,Western,Information Services and Software,45,"$4,075,000",22,"$311,000",jo_monthly_metrics_2017.pdf,1,Economic Dev. Grant,"$42,000"
2017-Jan,"Medpace, Inc.",Hamilton,Southwest,Biohealth,650,"$35,746,880","1,156","$7,000,000",jo_monthly_metrics_2017.pdf,1,Economic Dev. Grant,"$2,500,000"
2017-Jan,"Medpace, Inc.",Hamilton,Southwest,Biohealth,650,"$35,746,880","1,156","$7,000,000",jo_monthly_metrics_2017.pdf,1,Workforce Grant,"$500,000"
2017-Jan,"American Manpower Services, Inc.",Butler,Southwest,Advanced Manufacturing,200,"$9,000,000",0,"$46,000,000",jo_monthly_metrics_2017.pdf,1,Economic Dev. Grant,"$200,000"
2017-Jan,"Maumee Assembly & Stamping, LLC",Lucas,Northwest,Automotive,50,"$1,560,000",133,"$2,500,000",jo_monthly_metrics_2017.pdf,1,Economic Dev. Grant,"$120,000"
2017-Jan,"Amcor Rigid Plastics USA, LLC",Sandusky,Northwest,Advanced Manufacturing,23,"$1,014,686",129,"$40,000,000",jo_monthly_metrics_2017.pdf,1,Economic Dev. Grant,"$400,000"
2017-Jan,"Hess Industries, Ltd.",Richland,Northeast,Advanced Manufacturing,2,"$60,334",11,"$723,000",jo_monthly_metrics_2017.pdf,1,Revitalization Grant,"$50,000"
2017-Jan,"SFA Architects, Inc.",Hamilton,Southwest,Other,25,"$1,750,000",62,"$4,386,895",jo_monthly_metrics_2017.pdf,1,Revitalization Grant,"$300,000"
2017-Jan,"Custom Pro Logistics, LLC",Hamilton,Southwest,Logistics and Distribution,40,"$2,500,000",7,"$850,000",jo_monthly_metrics_2017.pdf,1,Revitalization Grant,"$250,000"
2017-Jan,"711, LLC *",Franklin,Central,Other,0,$0,0,"$29,828,308",jo_monthly_metrics_2017.pdf,1,Revitalization Grant,"$1,000,000"
2017-Jan,"711, LLC *",Franklin,Central,Other,0,$0,0,"$29,828,308",jo_monthly_metrics_2017.pdf,1,Revitalization Loan,"$1,000,000"
2017-Jan,"Southside Redevelopment, LLC *",Hamilton,Southwest,Other,0,$0,0,"$1,640,000",jo_monthly_metrics_2017.pdf,1,Revitalization Grant,"$820,000"
2017-Jan,"Tower Partners, LLC",Montgomery,Western,Biohealth,300,"$15,900,000","1,750","$3,395,000",jo_monthly_metrics_2017.pdf,2,Revitalization Loan,"$1,400,000"
2017-Jan,"Fortner Upholstering, Inc.",Franklin,Central,Other,0,$0,0,$0,jo_monthly_metrics_2017.pdf,2,Revitalization Grant Phase II,"$11,500"
2017-Jan,U.S. Bank National Association,Delaware,Central,Financial Services,160,"$10,080,512",9,"$265,000",jo_monthly_metrics_2017.pdf,2,Workforce Grant,"$150,000"
2017-Jan,Xellia Pharmaceuticals USA LLC,Cuyahoga,Northeast,Biohealth,170,"$8,500,000",10,"$51,000,000",jo_monthly_metrics_2017.pdf,2,Workforce Grant,"$1,000,000"
2017-Jan,"Saf-Holland, Inc.",Butler,Southwest,Automotive,30,"$2,100,000",29,"$100,000",jo_monthly_metrics_2017.pdf,2,Workforce Grant,"$45,000"
2017-Feb,"MPW Environmental Services, Inc.",Jefferson,Southeast,Other,25,"$738,941",125,"$1,200,000",jo_monthly_metrics_2017.pdf,3,Economic Dev. Grant,"$250,000"
2017-Feb,Verso Corporation,Montgomery,Western,Advanced Manufacturing,46,"$11,253,000",209,"$100,000",jo_monthly_metrics_2017.pdf,3,Economic Dev. Grant,"$500,000"
2017-Feb,"NanoSperse, LLC",Montgomery,Western,Aerospace and Aviation,6,"$270,000",6,"$450,194",jo_monthly_metrics_2017.pdf,3,Economic Dev. Grant,"$30,000"
2017-Feb,"Hyland Software, Inc.",Cuyahoga,Northeast,Information Services and Software,500,"$25,000,000","1,507","$12,025,000",jo_monthly_metrics_2017.pdf,3,Economic Dev. Grant,"$1,500,000"
2017-Feb,"Hyland Software, Inc.",Cuyahoga,Northeast,Information Services and Software,500,"$25,000,000","1,507","$12,025,000",jo_monthly_metrics_2017.pdf,3,Workforce Grant,"$1,000,000"
2017-Feb,Exel Inc.,Franklin,Central,Logistics and Distribution,400,"$13,312,000",0,"$10,000,000",jo_monthly_metrics_2017.pdf,3,Economic Dev. Grant,"$300,000"
2017-Feb,"BDO USA, LLP",Franklin,Central,Financial Services,400,"$13,603,200",0,"$515,000",jo_monthly_metrics_2017.pdf,3,Economic Dev. Grant,"$250,000"
2017-Feb,"BDO USA, LLP",Franklin,Central,Financial Services,400,"$13,603,200",0,"$515,000",jo_monthly_metrics_2017.pdf,3,Workforce Grant,"$1,500,000"
2017-Feb,"Borgers Ohio, Inc.",Huron,Northeast,Automotive,230,"$8,309,808",0,"$20,100,000",jo_monthly_metrics_2017.pdf,3,Growth Fund Loan,"$5,400,000"
2017-Feb,Ascendum Solutions LLC,Hamilton,Southwest,Information Services and Software,120,"$6,365,400",75,"$2,488,600",jo_monthly_metrics_2017.pdf,3,Revitalization Grant,"$300,000"
2017-Feb,1250 Old River Road LLC,Cuyahoga,Northeast,Other,30,"$1,521,936",18,"$4,415,170",jo_monthly_metrics_2017.pdf,3,Revitalization Grant,"$300,000"
2017-Feb,"Fortner Upholstering, Inc.",Franklin,Central,Other,10,"$420,711",37,"$1,603,000",jo_monthly_metrics_2017.pdf,3,Revitalization Grant,"$120,000"
2017-Feb,Port of Greater Cincinnati Development Authority *,Hamilton,Southwest,Other,0,$0,0,"$2,966,476",jo_monthly_metrics_2017.pdf,3,Revitalization Grant,"$1,498,238"
2017-Feb,Corporation *,Lawrence,Southeast,Other,0,$0,0,"$1,777,354",jo_monthly_metrics_2017.pdf,4,Revitalization Grant,"$888,676"
2017-Feb,True Inspection Services LLC *,Champaign,Western,Other,0,$0,0,"$2,468,235",jo_monthly_metrics_2017.pdf,4,Revitalization Grant,$
2017-Feb,True Inspection Services LLC *,Champaign,Western,Other,0,$0,0,"$2,468,235",jo_monthly_metrics_2017.pdf,4,Revitalization Grant,"883,947"
2017-Feb,"The Gravity Project, LLC *",Franklin,Central,Other,0,$0,0,"$20,593,463",jo_monthly_metrics_2017.pdf,4,Revitalization Grant,"$1,200,000"
2017-Feb,"Round Box Management, LLC",Stark,Northeast,Other,0,$0,0,$0,jo_monthly_metrics_2017.pdf,4,Revitalization Grant Phase II,"$110,832"
2017-Feb,"3D Engineering Solutions, LLC",Hamilton,Southwest,Other,15,"$975,000",18,"$3,900,000",jo_monthly_metrics_2017.pdf,4,Workforce Grant,"$50,000"
2017-Feb,"GBQ Holdings, LLC",Hamilton,Southwest,Financial Services,20,"$1,500,000",16,"$100,000",jo_monthly_metrics_2017.pdf,4,Workforce Grant,"$50,000"
2017-Feb,West-Ward Pharmaceuticals Corp.,Franklin,Central,Biohealth,65,"$2,275,000","1,255","$78,400,000",jo_monthly_metrics_2017.pdf,4,Workforce Grant,"$400,000"
2017-Feb,"ExpressPoint Technology Services, Inc.",Franklin,Central,Other,28,"$955,000",88,"$71,000",jo_monthly_metrics_2017.pdf,4,Workforce Grant,"$30,000"
2017-Feb,"Huckberry, Inc.",Franklin,Central,Logistics and Distribution,158,"$5,226,000",0,"$150,000",jo_monthly_metrics_2017.pdf,4,Workforce Grant,"$25,000"
2017-Mar,CPG - Ohio LLC,Hamilton,Southwest,Advanced Manufacturing,30,"$1,140,000",65,"$8,500,000",jo_monthly_metrics_2017.pdf,5,Economic Dev. Grant,"$300,000"
2017-Mar,"Recker Consulting, LLC",Hamilton,Southwest,Information Technology,150,"$6,750,000",160,"$3,000,000",jo_monthly_metrics_2017.pdf,5,Economic Dev. Grant,"$100,000"
2017-Mar,"SJN Data Center, LLC",Hamilton,Southwest,Information Technology,219,"$16,122,157",29,"$16,300,000",jo_monthly_metrics_2017.pdf,5,Economic Dev. Grant,"$400,000"
2017-Mar,Lubrizol,Lake,Northeast,Shale Energy and Petrochemicals,24,"$1,577,000",309,"$69,821,600",jo_monthly_metrics_2017.pdf,5,Economic Dev. Grant,"$250,000"
2017-Mar,Lubrizol,Lake,Northeast,Shale Energy and Petrochemicals,24,"$1,577,000",309,"$69,821,600",jo_monthly_metrics_2017.pdf,5,Workforce Grant,"$80,000"
2017-Mar,"Carlisle Brake & Friction, Inc",Medina,Northeast,Automotive,70,"$3,000,000",240,"$18,000,000",jo_monthly_metrics_2017.pdf,5,Economic Dev. Grant,"$500,000"
2017-Mar,"Synergy Manufacturing, LLC",Pike,Southeast,Advanced Manufacturing,49,"$1,573,657",11,"$1,265,000",jo_monthly_metrics_2017.pdf,5,Economic Dev. Grant,"$100,000"
2017-Mar,"Daisy Brand, LLC",Wayne,Northeast,Food Processing,81,"$4,779,000",89,"$142,000,000",jo_monthly_metrics_2017.pdf,5,Economic Dev. Grant,"$300,000"
2017-Mar,"Daisy Brand, LLC",Wayne,Northeast,Food Processing,81,"$4,779,000",89,"$142,000,000",jo_monthly_metrics_2017.pdf,5,Workforce Grant,"$200,000"
2017-Mar,"Fat Head's Brewing, L.P.",Cuyahoga,Northeast,Food Processing,25,"$938,077",35,"$8,900,000",jo_monthly_metrics_2017.pdf,5,Economic Dev. Grant,"$50,000"
2017-Mar,"Trumbull Manufacturing, Inc.",Mahoning,Northeast,Advanced Manufacturing,5,"$205,000",22,"$1,904,150",jo_monthly_metrics_2017.pdf,5,Revitalization Grant,"$100,000"
2017-Mar,"Chestnut Commerce Center, LLC",Portage,Northeast,Logistics and Distribution,25,"$938,644",6,"$500,000",jo_monthly_metrics_2017.pdf,5,Revitalization Grant,"$250,000"
2017-Mar,"Tenk Center, LLC",Cuyahoga,Northeast,Food Processing,25,"$966,087",20,"$1,771,000",jo_monthly_metrics_2017.pdf,5,Revitalization Grant,"$250,000"
2017-Mar,"The Gravity Project, LLC *",Franklin,Central,Other,0,$0,0,"$20,593,463",jo_monthly_metrics_2017.pdf,5,Revitalization Loan,"$2,800,000"
2017-Mar,"Silfex, Inc.",Preble,Western,Advanced Manufacturing,109,"$5,000,000",366,"$5,420,000",jo_monthly_metrics_2017.pdf,6,Workforce Grant,"$100,000"
2017-Mar,Federal Supply Services International LLC,Scioto,Southeast,Advanced Manufacturing,31,"$825,600",0,"$2,000,000",jo_monthly_metrics_2017.pdf,6,Workforce Grant,"$50,000"
2017-Mar,Ashta Chemicals Inc.,Ashtabula,Northeast,Shale Energy and Petrochemicals,5,"$336,752",91,"$59,500,000",jo_monthly_metrics_2017.pdf,6,Workforce Grant,"$55,000"
2017-Mar,"RelateCare, LLC",Cuyahoga,Northeast,Biohealth,50,"$2,000,000",10,0,jo_monthly_metrics_2017.pdf,6,Workforce Grant,"$100,000"
2017-Mar,"Wellness IQ, Inc.",Cuyahoga,Northeast,Biohealth,19,"$1,400,000",16,0,jo_monthly_metrics_2017.pdf,6,Workforce Grant,"$30,000"
2017-Apr,Sofidel America Corp.,Pickaway,Central,Advanced Manufacturing,310,"$12,818,624",0,"$259,700,000",jo_monthly_metrics_2017.pdf,7,Economic Dev. Grant,"$1,900,000"
2017-Apr,Sofidel America Corp.,Pickaway,Central,Advanced Manufacturing,310,"$12,818,624",0,"$259,700,000",jo_monthly_metrics_2017.pdf,7,Workforce Grant,"$500,000"
2017-Apr,"Group Management Services, Inc.",Summit,Northeast,Other,68,"$3,400,000",130,"$5,020,000",jo_monthly_metrics_2017.pdf,7,Economic Dev. Grant,"$200,000"
2017-Apr,Uni-Grip Inc.,Wyandot,Northwest,Advanced Manufacturing,13,"$436,040",57,"$1,485,000",jo_monthly_metrics_2017.pdf,7,Economic Dev. Grant,"$100,000"
2017-Apr,"Inogen, Inc.",Cuyahoga,Northeast,Biohealth,240,"$12,000,000",0,"$508,300",jo_monthly_metrics_2017.pdf,7,Economic Dev. Grant,"$250,000"
2017-Apr,Clinical Management Consultants Inc.,Cuyahoga,Northeast,I n f ormation Services and Software,20,"$1,250,000",14,"$322,469",jo_monthly_metrics_2017.pdf,7,Economic Dev. Grant,"$125,000"
2017-Apr,Elyria Community Improvement Corporation,Lorain,Northeast,Advanced Manufacturing,5,"$137,000",60,"$1,300,000",jo_monthly_metrics_2017.pdf,7,Revitalization Grant,"$300,000"
2017-Apr,Woodard Development LLC,Montgomery,Western,Other,18,"$1,080,000",12,"$548,861",jo_monthly_metrics_2017.pdf,7,Revitalization Grant,"$100,000"
2017-Apr,The Huntington National Bank,Franklin,Central,Financial Services,386,"$25,090,000","4,677","$11,642,052",jo_monthly_metrics_2017.pdf,7,Revitalization Grant,"$1,500,000"
2017-Apr,"Mission Critical Wireless, LLC",Hamilton,Southwest,Information Systems and Software,32,"$4,400,000",39,"$400,000",jo_monthly_metrics_2017.pdf,7,Workforce Grant,"$150,000"
2017-Apr,"V.H. Cooper & Co., Inc.",Van Wert,Northwest,Food Services and Agriculture,100,"$2,700,000","1,224","$28,000,000",jo_monthly_metrics_2017.pdf,7,Workforce Grant,"$100,000"
2017-Apr,Ventech Solutions Inc.,Delaware,Central,Information Services and Software,75,"$4,875,000",65,$0,jo_monthly_metrics_2017.pdf,7,Workforce Grant,"$150,000"
2017-May,TechR2 LLC,Licking,Central,Software,22,"$1,200,000",17,"$1,376,962",jo_monthly_metrics_2017.pdf,8,Economic Dev. Grant,"$35,000"
2017-May,"Arnold Machine, Inc.",Seneca,Northwest,Advanced Manufacturing,20,"$748,800",43,"$2,500,000",jo_monthly_metrics_2017.pdf,8,Economic Dev. Grant,"$50,000"
2017-May,"Alkermes, Inc.",Clinton,Western,Biohealth,92,"$5,300,000",427,"$66,000,000",jo_monthly_metrics_2017.pdf,8,Economic Dev. Grant,"$1,000,000"
2017-May,"Alkermes, Inc.",Clinton,Western,Biohealth,92,"$5,300,000",427,"$66,000,000",jo_monthly_metrics_2017.pdf,8,Workforce Grant,"$500,000"
2017-May,ABB Inc.,Cuyahoga,Northeast,Advanced Manufacturing,0,$0,450,"$20,750,000",jo_monthly_metrics_2017.pdf,8,Economic Dev. Grant,"$125,000"
2017-May,"Pleasant Valley Teardrop Trailers, LLC",Tuscarawas,Northeast,Automotive,40,"$1,600,000",113,"$3,650,000",jo_monthly_metrics_2017.pdf,8,Growth Fund Loan,"$1,000,000"
2017-May,Aero Fulfillment Services Corporation,Butler,Southwest,Logistics and Distribution,65,"$2,600,000",199,"$2,750,000",jo_monthly_metrics_2017.pdf,8,Growth Fund Loan,"$1,200,000"
2017-May,Nehemiah Manufacturing Company LLC,Hamilton,Southwest,Advanced Manufacturing,50,"$2,040,000",75,"$12,000,000",jo_monthly_metrics_2017.pdf,8,Revitalization Grant,"$300,000"
2017-May,"Siemens Energy, Inc.",Knox,Central,Advanced Manufacturing,0,$0,276,"$675,850",jo_monthly_metrics_2017.pdf,8,Revitalization Grant,"$700,000"
2017-May,Village of Evendale *,Hamilton,Southwest,Other,0,$0,0,"$3,211,783",jo_monthly_metrics_2017.pdf,8,Revitalization Grant,"$500,000"
2017-May,Information Control Company LLC,Hamilton,Southwest,Information Services and Software,50,"$3,900,000",0,$0,jo_monthly_metrics_2017.pdf,8,Workforce Grant,"$50,000"
2017-May,"Exceptional Innovation, Inc.",Delaware,Central,Information Services and Software,102,"$9,100,000",50,"$300,000",jo_monthly_metrics_2017.pdf,8,Workforce Grant,"$100,000"
2017-May,"United Parcel Service, Inc.",Franklin,Central,Logistics and Distribution,75,"$3,185,000","1,799","$176,585,787",jo_monthly_metrics_2017.pdf,8,Workforce Grant,"$75,000"
2017-May,Morgan Stanley & Co. LLC,Franklin,Central,Financial Services,375,"$16,875,000",426,"$1,000,000",jo_monthly_metrics_2017.pdf,8,Workforce Grant,"$1,500,000"
2017-Jun,"Ohio Logistics, Ltd.",Huron,Northwest,Petrochemicals,15,"$505,440",0,"$12,546,000",jo_monthly_metrics_2017.pdf,9,Economic Dev. Grant,"$110,000"
2017-Jun,"Tronair, Inc.",Lucas,Northwest,Aerospace and Aviation,110,"$7,150,000",104,"$9,500,000",jo_monthly_metrics_2017.pdf,9,Economic Dev. Grant,"$750,000"
2017-Jun,"Dayton Freight Lines, Inc.",Montgomery,Western,Logistics and Distribution,51,"$2,956,000",200,"$11,800,000",jo_monthly_metrics_2017.pdf,9,Economic Dev. Grant,"$100,000"
2017-Jun,"Recleim OH, LLC / Wright Warehousing, Inc.",Allen,Northwest,Other,150,"$5,768,880",0,"$15,000,000",jo_monthly_metrics_2017.pdf,9,Economic Dev. Grant,"$510,000"
2017-Jun,"Recleim OH, LLC / Wright Warehousing, Inc.",Allen,Northwest,Other,150,"$5,768,880",0,"$15,000,000",jo_monthly_metrics_2017.pdf,9,Revitalization Grant,"$290,000"
2017-Jun,PTTGC America LLC,Belmont,Southeast,Shale Energy and Petrochemicals,0,$0,0,"$1,451,980",jo_monthly_metrics_2017.pdf,9,Economic Dev. Grant,"$1,451,980"
2017-Jun,"Chase Industries, Inc.",Butler,Southwest,Advanced Manufacturing,30,"$904,800",137,"$500,000",jo_monthly_metrics_2017.pdf,9,Economic Dev. Grant,"$50,000"
2017-Jun,"Hematite, Inc.",Montgomery,Western,Automotive,100,"$4,000,000",0,"$18,400,000",jo_monthly_metrics_2017.pdf,9,Growth Fund Loan,"$3,500,000"
2017-Jun,"Hematite, Inc.",Montgomery,Western,Automotive,100,"$4,000,000",0,"$18,400,000",jo_monthly_metrics_2017.pdf,9,Workforce Grant,"$100,000"
2017-Jun,Composite Advantage LLC,Montgomery,Western,Advanced Manufacturing,90,"$2,610,000",92,"$2,731,850",jo_monthly_metrics_2017.pdf,9,Revitalization Grant,"$325,000"
2017-Jun,GBX Associates LLC,Cuyahoga,Northeast,Financial Services,15,"$1,275,000",28,"$8,022,302",jo_monthly_metrics_2017.pdf,9,Revitalization Grant,"$250,000"
2017-Jun,GBX Associates LLC,Cuyahoga,Northeast,Financial Services,15,"$1,275,000",28,"$8,022,302",jo_monthly_metrics_2017.pdf,9,Revitalization Loan,"$1,250,000"
2017-Jun,Grady McCauley Inc.,Stark,Northeast,Advanced Manufacturing,95,"$3,390,000",87,$0,jo_monthly_metrics_2017.pdf,9,Workforce Grant,"$50,000"
2017-Jun,"Rogers Industrial Products, Inc.",Summit,Northeast,Advanced Manufacturing,48,"$1,638,000",33,"$2,556,500",jo_monthly_metrics_2017.pdf,9,Workforce Grant,"$100,000"
2017-Jun,The Huntington National Bank,Summit,Northeast,Financial Services,193,"$12,545,000","1,116","$3,000,000",jo_monthly_metrics_2017.pdf,9,Workforce Grant,"$225,000"
2017-Jun,"Anderson and DuBose, Inc.",Trumbull,Northeast,Food Sciences and Agriculture,30,"$1,301,452",194,"$12,415,000",jo_monthly_metrics_2017.pdf,9,Workforce Grant,"$50,000"
2017-Jun,State Industrial Products Corporation,Cuyahoga,Northeast,Shale Energy and Petrochemicals,25,"$1,250,000",91,"$181,000",jo_monthly_metrics_2017.pdf,9,Workforce Grant,"$50,000"
2017-Jul,"Q Labs, LLC",Hamilton,Southwest,Biohealth,90,"$3,432,282",130,"$4,500,000",jo_monthly_metrics_2017.pdf,10,Economic Dev. Grant,"$300,000"
2017-Jul,"Johnson Electric North America Holdings, Inc.",Montgomery,Western,Advanced Manufacturing,76,"$2,885,370",251,"$3,455,952",jo_monthly_metrics_2017.pdf,10,Economic Dev. Grant,"$135,000"
2017-Jul,"Johnson Electric North America Holdings, Inc.",Montgomery,Western,Advanced Manufacturing,76,"$2,885,370",251,"$3,455,952",jo_monthly_metrics_2017.pdf,10,Workforce Grant,"$65,000"
2017-Jul,"Menard, Inc.",Williams,Northwest,Advanced Manufacturing,100,"$3,115,837",963,"$23,747,000",jo_monthly_metrics_2017.pdf,10,Economic Dev. Grant,"$200,000"
2017-Jul,MICC Manufacturing Corporation,Wood,Northwest,Advanced Manufacturing,33,"$1,414,270",0,"$1,512,000",jo_monthly_metrics_2017.pdf,10,Economic Dev. Grant,"$150,000"
2017-Jul,"T&C Rail Holdings, Inc.",Crawford,Northwest,Advanced Manufacturing,40,"$1,900,000",40,"$500,000",jo_monthly_metrics_2017.pdf,10,Economic Dev. Grant,"$125,000"
2017-Jul,The Malish Corporation,Lake,Northeast,Advanced Manufacturing,15,"$525,000",105,"$6,682,379",jo_monthly_metrics_2017.pdf,10,Revitalization Loan,"$1,000,000"
2017-Aug,"International, Inc.",Lawrence,Southeast,Manufacturing,39,"$1,297,920",0,"$21,600,000",jo_monthly_metrics_2017.pdf,11,Economic Dev. Grant,"$150,000"
2017-Aug,Therma-Tru Corp.,Lucas,Northwest,Advanced Manufacturing,38,"$3,250,000",224,"$4,350,000",jo_monthly_metrics_2017.pdf,11,Economic Dev. Grant,"$350,000"
2017-Aug,"Alpont, LLC",Lucas,Northwest,Shale Energy and Petrochemicals,40,"$2,329,600",0,"$61,902,000",jo_monthly_metrics_2017.pdf,11,Economic Dev. Grant,"$450,000"
2017-Aug,FCA US LLC,Lucas,Northwest,Automotive,679,"$29,518,720","4,485","$429,000,000",jo_monthly_metrics_2017.pdf,11,Economic Dev. Grant,"$1,000,000"
2017-Aug,FCA US LLC,Lucas,Northwest,Automotive,679,"$29,518,720","4,485","$429,000,000",jo_monthly_metrics_2017.pdf,11,Workforce Grant,"$3,000,000"
2017-Aug,"Magretech, LLC",Sandusky,Northwest,Advanced Manufacturing,35,"$1,660,568",28,"$9,400,000",jo_monthly_metrics_2017.pdf,11,Economic Dev. Grant,"$100,000"
2017-Aug,"20/20 Custom Molded Plastics, LLC",Williams,Northwest,Advanced Manufacturing,100,"$3,016,000",196,"$15,500,000",jo_monthly_metrics_2017.pdf,11,Economic Dev. Grant,"$200,000"
2017-Aug,"Charter Manufacturing Company, Inc.",Cuyahoga,Northeast,Advanced Manufacturing,25,"$2,236,000",385,"$107,597,391",jo_monthly_metrics_2017.pdf,11,Economic Dev. Grant,"$500,000"
2017-Aug,The Worthington Steel Company,Fulton,Northwest,Advanced Manufacturing,26,"$1,480,836",175,"$11,600,000",jo_monthly_metrics_2017.pdf,11,Economic Dev. Grant,"$75,000"
2017-Aug,"Next Generation Films, Inc.",Richland,Northeast,Advanced Manufacturing,78,"$3,570,000",473,"$31,557,000",jo_monthly_metrics_2017.pdf,11,Growth Fund Loan,"$4,000,000"
2017-Aug,Quality Electrodynamics LLC,Cuyahoga,Northeast,Biohealth,30,"$2,220,000",149,"$1,700,000",jo_monthly_metrics_2017.pdf,11,Development Grant,"$2,100,000"
2017-Aug,Allied Crawford (Cincinnati) Inc.,Warren,Southwest,Logistics and Distribution,50,"$1,456,000",0,"$3,579,200",jo_monthly_metrics_2017.pdf,11,Revitalization Grant,"$85,000"
2017-Aug,"Terrex Harris Ave, LLC *",Hamilton,Southwest,Other,0,$0,0,"$2,436,730",jo_monthly_metrics_2017.pdf,11,Revitalization Grant,"$990,000"
2017-Aug,"Midtown 59th Street Partners, LLC *",Cuyahoga,Northeast,Other,0,$0,0,"$22,033,017",jo_monthly_metrics_2017.pdf,11,Revitalization Grant,"$1,056,318"
2017-Aug,Air South Commerce Center Phase II LLC *,Franklin,Central,Other,0,$0,0,"$12,220,000",jo_monthly_metrics_2017.pdf,11,Revitalization Grant,"$1,000,000"
2017-Aug,LLC *,Franklin,Central,Other,0,$0,0,"$18,805,498",jo_monthly_metrics_2017.pdf,12,Revitalization Grant,"$1,000,000"
2017-Aug,"Mar-Bal, Inc.",Lake,Northeast,Advanced Manufacturing,107,"$3,092,000",116,"$15,244,000",jo_monthly_metrics_2017.pdf,12,Revitalization Grant,"$500,000"
2017-Aug,"Mar-Bal, Inc.",Lake,Northeast,Advanced Manufacturing,107,"$3,092,000",116,"$15,244,000",jo_monthly_metrics_2017.pdf,12,Revitalization Loan,"$1,500,000"
2017-Aug,City of Wauseon,Fulton,Northwest,Automotive,0,$0,0,$0,jo_monthly_metrics_2017.pdf,12,Revitalization Grant Phase II,"$63,937"
2017-Aug,"New Horizons Baking Company, Inc.",Huron,Northeast,Food Processing,0,$0,217,"$4,050,000",jo_monthly_metrics_2017.pdf,12,Workforce Grant,"$100,000"
2017-Aug,"Adare Pharmaceuticals, Inc.",Montgomery,Western,BioHealth,29,"$1,600,000",234,"$14,285,000",jo_monthly_metrics_2017.pdf,12,Workforce Grant,"$100,000"
2017-Aug,"Autotool, Inc.",Union,Central,Automotive,35,"$1,800,000",63,"$2,500,000",jo_monthly_metrics_2017.pdf,12,Workforce Grant,"$175,000"
2017-Sep,"Manufacturing, LLC",Lucas,Northwest,Automotive,300,"$11,544,000",0,"$65,000,000",jo_monthly_metrics_2017.pdf,13,Economic Dev. Grant,"$250,000"
2017-Sep,"Manufacturing, LLC",Lucas,Northwest,Automotive,300,"$11,544,000",0,"$65,000,000",jo_monthly_metrics_2017.pdf,13,Workforce Grant,"$250,000"
2017-Sep,The Armor All/STP Products Company,Montgomery,Western,Logistics and Distribution,242,"$7,533,600",103,"$2,900,000",jo_monthly_metrics_2017.pdf,13,Economic Dev. Grant,"$130,000"
2017-Sep,"Emerson Climate Technologies, Inc.",Shelby,Western,Advanced Manufacturing,0,$0,"1,565","$89,708,000",jo_monthly_metrics_2017.pdf,13,Economic Dev. Grant,"$500,000"
2017-Sep,"Sterigenics U.S., LLC",Cuyahoga,Northeast,Biohealth,30,"$6,000,000",0,$0,jo_monthly_metrics_2017.pdf,13,Economic Dev. Grant,"$500,000"
2017-Sep,"Nestlé USA, Inc.",Cuyahoga,Northeast,Food Sciences and Agriculture,320,"$41,000,000",931,"$16,800,000",jo_monthly_metrics_2017.pdf,13,Economic Dev. Grant,"$1,000,000"
2017-Sep,"Nestlé USA, Inc.",Cuyahoga,Northeast,Food Sciences and Agriculture,320,"$41,000,000",931,"$16,800,000",jo_monthly_metrics_2017.pdf,13,Workforce Grant,"$500,000"
2017-Sep,"Wauseon Machine & Manufacturing, Inc.",Fulton,Northwest,Advanced Manufacturing,25,"$1,500,000",179,"$4,500,000",jo_monthly_metrics_2017.pdf,13,Economic Dev. Grant,"$75,000"
2017-Sep,Campbell Soup Supply Company L.L.C.,Hancock,Northwest,Food Sciences and Agriculture,220,"$7,431,424",0,"$44,300,000",jo_monthly_metrics_2017.pdf,13,Revitalization Grant,"$1,000,000"
2017-Sep,"Universal Windows Direct, Inc.",Cuyahoga,Northeast,Other,40,"$1,500,000",48,"$3,500,000",jo_monthly_metrics_2017.pdf,13,Revitalization Grant,"$615,000"
2017-Sep,"Robinson Investments, LTD. *",Van Wert,Northwest,Other,-,$0,0,"$6,224,966",jo_monthly_metrics_2017.pdf,13,Revitalization Grant,"$1,224,966"
2017-Sep,"Midtown 59th Street Partners, LLC *",Cuyahoga,Northeast,Other,0,$0,0,"$22,033,017",jo_monthly_metrics_2017.pdf,13,Revitalization Loan,"$3,364,922"
2017-Sep,Air South Commerce Center Phase II LLC *,Franklin,Central,Other,-,$0,0,"$12,220,000",jo_monthly_metrics_2017.pdf,13,Revitalization Loan,"$1,000,000"
2017-Sep,Yorkville Intermodal Terminals LLC,Belmont,Southeast,Advanced Manufacturing,0,$0,0,$0,jo_monthly_metrics_2017.pdf,13,Revitalization Grant Phase II,"$200,000"
2017-Sep,General Aluminum Mfg. Company,Portage,Northeast,Advanced Manufacturing,80,"$3,036,670",110,"$4,000,000",jo_monthly_metrics_2017.pdf,13,Workforce Grant,"$80,000"
2017-Sep,Workstream Inc.,Butler,Southwest,Advanced Manufacturing,45,"$1,350,000",105,$0,jo_monthly_metrics_2017.pdf,13,Workforce Grant,"$22,000"
2017-Sep,Inc.,Franklin,Central,Biohealth,100,"$4,906,720",8,$0,jo_monthly_metrics_2017.pdf,14,Workforce Grant,"$100,000"
2017-Sep,"JPMorgan Chase Bank, National Association",Franklin,Central,Financial Services,0,$0,"20,000","$200,000,000",jo_monthly_metrics_2017.pdf,14,Workforce Grant,"$3,000,000"
2017-Oct,Inc.,Franklin,Central,and Software,10,"$850,000",10,"$1,000,000",jo_monthly_metrics_2017.pdf,15,Economic Dev. Grant,"$50,000"
2017-Oct,"Fluvitex USA, Inc.",Franklin,Central,Advanced Manufacturing,80,"$3,700,000",0,"$8,000,000",jo_monthly_metrics_2017.pdf,15,Economic Dev. Grant,"$100,000"
2017-Oct,Topre America Corporation,Clark,Western,Automotive,85,"$3,447,600",0,"$46,550,000",jo_monthly_metrics_2017.pdf,15,Economic Dev. Grant,"$200,000"
2017-Oct,Topre America Corporation,Clark,Western,Automotive,85,"$3,447,600",0,"$46,550,000",jo_monthly_metrics_2017.pdf,15,Workforce Grant,"$300,000"
2017-Oct,"Raymond Storage Concepts, Inc.",Hamilton,Southwest,Logistics and Distribution,30,"$1,800,000",80,"$4,725,000",jo_monthly_metrics_2017.pdf,15,Economic Dev. Grant,"$75,000"
2017-Oct,Pretzel Baron LLC,Hamilton,Southwest,Food and Agribusiness,49,"$1,172,080",10,"$17,000,000",jo_monthly_metrics_2017.pdf,15,Economic Dev. Grant,"$200,000"
2017-Oct,"Cutting Edge Countertops, Inc.",Wood,Northwest,Advanced Manufacturing,40,"$1,500,000",90,"$9,000,000",jo_monthly_metrics_2017.pdf,15,Economic Dev. Grant,"$250,000"
2017-Oct,Northern Stamping Co.,Cuyahoga,Northeast,Automotive,46,"$1,974,000",155,"$19,492,415",jo_monthly_metrics_2017.pdf,15,Growth Fund Loan,"$2,500,000"
2017-Oct,"Integrity Express Logistics, LLC",Hamilton,Southwest,Logistics and Distribution,116,"$8,700,000",125,"$14,098,000",jo_monthly_metrics_2017.pdf,15,Growth Fund Loan,"$1,800,000"
2017-Oct,Midmark Corporation,Darke,Western,Biohealth,97,"$7,480,000",915,"$42,936,000",jo_monthly_metrics_2017.pdf,15,Development Grant,"$5,000,000"
2017-Oct,NRP Investments LLC,Cuyahoga,Northeast,Other,38,"$3,230,000",116,"$500,000",jo_monthly_metrics_2017.pdf,15,Revitalization Grant,"$600,000"
2017-Oct,"ProMedica Health System, Inc.",Lucas,Northwest,Biohealth,600,"$22,765,000",900,"$46,360,000",jo_monthly_metrics_2017.pdf,15,Revitalization Grant,"$2,000,000"
2017-Oct,Humble Robinson Group LLC *,Hancock,Northwest,Other,0,$0,0,"$6,952,500",jo_monthly_metrics_2017.pdf,15,Revitalization Grant,"$1,075,970"
2017-Oct,"Robinson Investments, LTD. *",Van Wert,Northwest,-,-,$0,0,"$6,224,966",jo_monthly_metrics_2017.pdf,15,Revitalization Loan,"$1,775,000"
2017-Oct,"Hamilton Avenue Partners, LLC",Cuyahoga,Northeast,Other,0,$0,0,$0,jo_monthly_metrics_2017.pdf,15,Revitalization Grant Phase II,"$19,835"
2017-Oct,"Company, Inc.",Lucas,Northwest,Agribusiness,50,"$1,790,000",11,"$3,500,000",jo_monthly_metrics_2017.pdf,16,Workforce Grant,"$75,000"
2017-Oct,"FacilitySource, LLC",Franklin,Central,Information Services and Software,272,"$13,549,000",323,"$824,670",jo_monthly_metrics_2017.pdf,16,Workforce Grant,"$400,000"
2017-Oct,"Dmax, Ltd.",Montgomery,Western,Automotive,150,"$4,368,000",524,"$58,100,000",jo_monthly_metrics_2017.pdf,16,Workforce Grant,"$200,000"
2017-Oct,"Lubrizol Advanced Materials, Inc.",Lorain,Northeast,Shale Energy and Petrochemicals,15,"$900,000",204,"$27,000,000",jo_monthly_metrics_2017.pdf,16,Workforce Grant,"$50,000"
2017-Oct,"Continental Structural Plastics, Inc.",Wood,Northwest,Automotive,186,"$6,669,811","1,052","$75,668,000",jo_monthly_metrics_2017.pdf,16,Workforce Grant,"$400,000"
2017-Nov,"Le Tote, Inc.",Franklin,Central,Distribution,400,"$10,500,000",0,"$1,000,000",jo_monthly_metrics_2017.pdf,17,Economic Dev. Grant,"$400,000"
2017-Nov,"BrewDog USA, Inc.",Franklin,Central,Food and Agribusiness,125,"$5,250,000",0,"$30,400,000",jo_monthly_metrics_2017.pdf,17,Economic Dev. Grant,"$300,000"
2017-Nov,"BrewDog USA, Inc.",Franklin,Central,Food and Agribusiness,125,"$5,250,000",0,"$30,400,000",jo_monthly_metrics_2017.pdf,17,Workforce Grant,"$100,000"
2017-Nov,CareSource Management Group Co.,Montgomery,Western,Biohealth,650,"$34,450,000","2,250","$38,826,000",jo_monthly_metrics_2017.pdf,17,Economic Dev. Grant,"$500,000"
2017-Nov,CareSource Management Group Co.,Montgomery,Western,Biohealth,650,"$34,450,000","2,250","$38,826,000",jo_monthly_metrics_2017.pdf,17,Revitalization Grant,"$500,000"
2017-Nov,CareSource Management Group Co.,Montgomery,Western,Biohealth,650,"$34,450,000","2,250","$38,826,000",jo_monthly_metrics_2017.pdf,17,Workforce Grant,"$1,300,000"
2017-Nov,"Wayne Trail Technologies, Inc.",Shelby,Western,Advanced Manufacturing,50,"$3,750,000",170,"$6,800,000",jo_monthly_metrics_2017.pdf,17,Economic Dev. Grant,"$100,000"
2017-Nov,"Coldwater Machine Company, LLC",Mercer,Western,Advanced Manufacturing,12,"$840,000",117,"$2,075,000",jo_monthly_metrics_2017.pdf,17,Economic Dev. Grant,"$50,000"
2017-Nov,Nordson Xaloy Incorporated,Mahoning,Northeast,Advanced Manufacturing,143,"$7,650,500",106,"$22,381,400",jo_monthly_metrics_2017.pdf,17,Economic Dev. Grant,"$1,000,000"
2017-Nov,"Steed Hammond Paul, Inc.",Hamilton,Southwest,Other,30,"$1,860,000",52,"$710,718",jo_monthly_metrics_2017.pdf,17,Economic Dev. Grant,"$125,000"
2017-Nov,"RH Energytrans, LLC",Ashtabula,Northeast,Shale Energy and Petrochemicals,0,$0,0,"$40,220,000",jo_monthly_metrics_2017.pdf,17,Growth Fund Loan,"$4,000,000"
2017-Nov,"Busche Performance Group, Inc.",Williams,Northwest,Automotive,125,"$4,581,200",0,"$16,357,126",jo_monthly_metrics_2017.pdf,17,Revitalization Grant,"$900,000"
2017-Nov,Humble Robinson Group LLC *,Hancock,Northwest,Other,0,$0,0,"$6,952,500",jo_monthly_metrics_2017.pdf,17,Revitalization Loan,"$1,955,030"
2017-Nov,GLBC Scranton LLC,Cuyahoga,Northeast,Other,0,$0,0,$0,jo_monthly_metrics_2017.pdf,17,Revitalization Grant Phase II,"$77,235"
2017-Nov,Defiance County Board of Commissioners,Defiance,Northwest,Logistics and Distribution,0,$0,0,$0,jo_monthly_metrics_2017.pdf,17,Revitalization Grant Phase II,"$53,842"
2017-Nov,Crown Equipment Corporation,Auglaize,Western,Advanced Manufacturing,70,"$3,150,000","3,999","$13,700,000",jo_monthly_metrics_2017.pdf,17,Workforce Grant,"$100,000"
2017-Nov,"FEW Automotive Glass Applications, Inc.",Wayne,Northeast,Automotive,37,"$900,000",43,"$2,530,000",jo_monthly_metrics_2017.pdf,17,Workforce Grant,"$30,000"
2017-Nov,Manufacturing Inc.,Stark,Northeast,Manufacturing,10,"$450,000",37,"$1,659,953",jo_monthly_metrics_2017.pdf,18,Workforce Grant,"$25,000"
2017-Nov,"Fire-Dex, LLC",Medina,Northeast,Advanced Manufacturing,30,"$900,000",133,"$2,445,000",jo_monthly_metrics_2017.pdf,18,Workforce Grant,"$50,000"
2017-Nov,"UPS Supply Chain Solutions, Inc.",Butler,Southwest,Logistics and Distribution,130,"$5,525,000",0,"$2,510,000",jo_monthly_metrics_2017.pdf,18,Workforce Grant,"$50,000"
2017-Nov,"Credit Adjustments, Inc.",Defiance,Northwest,Financial Services,80,"$3,090,240",64,"$3,000,000",jo_monthly_metrics_2017.pdf,18,Workforce Grant,"$50,000"
2017-Nov,"RXQ Compounding, LLC",Athens,Southeast,Biohealth,75,"$2,926,866",17,"$2,430,000",jo_monthly_metrics_2017.pdf,18,Workforce Grant,"$100,000"
2017-Dec,IronUnits LLC,Lucas,Northwest,Other,130,"16,000,000",0,"$567,000,000",jo_monthly_metrics_2017.pdf,19,Economic Dev. Grant,"$2,500,000"
2017-Dec,IronUnits LLC,Lucas,Northwest,Other,130,"16,000,000",0,"$567,000,000",jo_monthly_metrics_2017.pdf,19,Revitalization Grant,"$10,500,000"
2017-Dec,IronUnits LLC,Lucas,Northwest,Other,130,"16,000,000",0,"$567,000,000",jo_monthly_metrics_2017.pdf,19,Workforce Grant,"$1,000,000"
2017-Dec,Decorative Paint Incorporated,Williams,Northwest,Automotive,32,"768,000",103,"$2,097,844",jo_monthly_metrics_2017.pdf,19,Economic Dev. Grant,"$100,000"
2017-Dec,"Apio, Inc.",Wood,Northwest,Food Sciences and Agriculture,150,"10,152,340",176,"$28,050,000",jo_monthly_metrics_2017.pdf,19,Economic Dev. Grant,"$350,000"
2017-Dec,deSter Corporation,Allen,Northwest,Advanced Manufacturing,70,"2,750,000",0,"$5,300,000",jo_monthly_metrics_2017.pdf,19,Economic Dev. Grant,"$150,000"
2017-Dec,deSter Corporation,Allen,Northwest,Advanced Manufacturing,70,"2,750,000",0,"$5,300,000",jo_monthly_metrics_2017.pdf,19,Revitalization Grant,"$150,000"
2017-Dec,The Orlando Baking Company,Franklin,Central,Food Sciences and Agriculture,19,"686,400",7,"$9,750,000",jo_monthly_metrics_2017.pdf,19,Economic Dev. Grant,"$75,000"
2017-Dec,"Georgia TSS, Inc. (Total System Services, Inc.)",Franklin,Central,Financial Services,145,"5,619,544",0,"$21,000,000",jo_monthly_metrics_2017.pdf,19,Economic Dev. Grant,"$200,000"
2017-Dec,Cintas Corporation No. 2,Franklin,Central,Logistics and Distribution,69,"2,304,777",0,"$7,846,000",jo_monthly_metrics_2017.pdf,19,Economic Dev. Grant,"$100,000"
2017-Dec,"Nature Fresh Farms USA, Inc.",Fulton,Northwest,Food Sciences and Agriculture,153,"5,202,000",0,"$63,459,607",jo_monthly_metrics_2017.pdf,19,Economic Dev. Grant,"$100,000"
2017-Dec,"Nature Fresh Farms USA, Inc.",Fulton,Northwest,Food Sciences and Agriculture,153,"5,202,000",0,"$63,459,607",jo_monthly_metrics_2017.pdf,19,Growth Fund Loan,"$2,500,000"
2017-Dec,"Marxent Labs, LLC",Montgomery,Western,Information Services and Software,88,"6,453,000",38,"$2,900,000",jo_monthly_metrics_2017.pdf,19,Growth Fund Loan,"$1,500,000"
2017-Dec,Lawrence Economic Development Corporation *,Lawrence,Southeast,,,0,0,"$6,035,876",jo_monthly_metrics_2017.pdf,19,Revitalization Grant,"$2,000,000"
2017-Dec,"Land-Air, LLC *",Lucas,Northwest,Logistics and Distribution,,0,0,"$7,735,000",jo_monthly_metrics_2017.pdf,19,Revitalization Grant,"$750,000"
2017-Dec,"Global Graphene Group, Inc.",Montgomery,Western,Advanced Manufacturing,0,0,0,$0,jo_monthly_metrics_2017.pdf,19,Revitalization Grant Phase II,"$99,550"
2017-Dec,"Total Quality Logistics, LLC",Montgomery,Western,Logistics and Distribution,37,"1,704,048",68,$0,jo_monthly_metrics_2017.pdf,19,Workforce Grant,"$50,000"
2017-Dec,"Safeway Packaging, Inc.",Auglaize,Western,Advanced Manufacturing,16,"457,600",111,"$2,000,000",jo_monthly_metrics_2017.pdf,19,Workforce Grant,"$20,000"
2017-Dec,"Enterprises, LLC",Cuyahoga,Northeast,Aviation,81,"6,660,209",135,"$300,000",jo_monthly_metrics_2017.pdf,20,Workforce Grant,"$250,000"
2017-Dec,"A & P Tool, Inc.",Defiance,Northwest,Advanced Manufacturing,60,"2,500,000",130,"$1,500,000",jo_monthly_metrics_2017.pdf,20,Workforce Grant,"$100,000"
2017-Dec,"Pillar Technology Group, LLC",Franklin,Central,Information Services and Software,60,"6,400,000",154,"$2,000,000",jo_monthly_metrics_2017.pdf,20,Workforce Grant,"$225,000"
2018-Jan,LLC,Cuyahoga,Northeast,Distribution,"2,000","$55,400,000",0,"$100,000,000",jo_monthly_metrics_2018.pdf,1,Revitalization Grant,"$5,000,000"
2018-Jan,"Amazon.com.dedc, LLC",Cuyahoga,Northeast,Logistics and Distribution,"1,000","$27,700,000",0,"$60,000,000",jo_monthly_metrics_2018.pdf,1,Revitalization Grant,"$3,500,000"
2018-Jan,"Detroit Manufacturing Systems Toledo and Non-Automotive, LLC",Lucas,Northwest,Automotive,120,"$5,932,992",12,"$8,800,000",jo_monthly_metrics_2018.pdf,1,Workforce Grant,"$100,000"
2018-Jan,"Exsurco Medical, Inc.",Erie,Northeast,Biohealth,52,"$5,504,000",199,"$20,006,000",jo_monthly_metrics_2018.pdf,1,Workforce Grant,"$300,000"
2018-Jan,"Keno Kozie Associates, LTD.",Franklin,Central,Information Services and Software,36,"$1,044,420",0,$0,jo_monthly_metrics_2018.pdf,1,Workforce Grant,"$40,000"
2018-Jan,Air Wisconsin Airlines LLC,Montgomery,Western,Aerospace and Aviation,70,"$3,400,000",0,"$999,949",jo_monthly_metrics_2018.pdf,1,Economic Dev. Grant,"$50,000"
2018-Jan,ALPLA Inc.,Allen,Northwest,Advanced Manufacturing,29,"$1,500,000",94,"$14,000,000",jo_monthly_metrics_2018.pdf,1,Economic Dev. Grant,"$50,000"
2018-Jan,Autoliv Nissin Brake Systems America LLC,Hancock,Northwest,Automotive,0,$0,287,"$61,110,000",jo_monthly_metrics_2018.pdf,1,Economic Dev. Grant,"$300,000"
2018-Jan,Autoliv Nissin Brake Systems America LLC,Hancock,Northwest,Automotive,0,$0,287,"$61,110,000",jo_monthly_metrics_2018.pdf,1,Workforce Grant,"$200,000"
2018-Jan,GB Food Inc.,Licking,Central,Food Sciences and Agriculture,29,"$1,233,742",0,"$2,263,000",jo_monthly_metrics_2018.pdf,1,Economic Dev. Grant,"$30,000"
2018-Jan,Machine Tool Design & Fab LLC,Seneca,Northwest,Advanced Manufacturing,19,"$1,004,575",17,"$1,295,000",jo_monthly_metrics_2018.pdf,1,Economic Dev. Grant,"$50,000"
2018-Jan,"MetalX, LLC",Fulton,Northwest,Advanced Manufacturing,75,"$3,900,000",0,"$20,703,000",jo_monthly_metrics_2018.pdf,1,Economic Dev. Grant,"$250,000"
2018-Jan,"Paycor, Inc.",Hamilton,Southwest,Financial Services,"1,064","$76,607,693",731,"$8,000,000",jo_monthly_metrics_2018.pdf,1,Economic Dev. Grant,"$4,000,000"
2018-Jan,"PharmaForce, Inc.",Franklin,Central,Biohealth,78,"$3,081,237",282,"$88,500,000",jo_monthly_metrics_2018.pdf,2,Economic Dev. Grant,"$750,000"
2018-Jan,syncreon America Inc.,Lucas,Northwest,Logistics and Distribution,8,"$296,192",277,"$1,340,000",jo_monthly_metrics_2018.pdf,2,Economic Dev. Grant,"$150,000"
2018-Jan,"Land-Air, LLC *",Lucas,Northwest,Logistics and Distribution,,$0,0,"$7,735,000",jo_monthly_metrics_2018.pdf,2,Revitalization Loan,"$2,000,000"
2018-Jan,Metal Framing Industries LLC,Cuyahoga,Northeast,Advanced Manufacturing,25,"$1,250,000",30,"$642,000",jo_monthly_metrics_2018.pdf,2,Revitalization Grant,"$75,000"
2018-Jan,"Theken Companies, LLC",Summit,Northeast,Biohealth,71,"$5,019,541",33,"$28,804,000",jo_monthly_metrics_2018.pdf,2,Development Grant,"$2,000,000"
2018-Feb,"Sirna & Sons, Inc.",Portage,Northeast,Agriculture,45,"$1,150,000",164,"$7,500,000",jo_monthly_metrics_2018.pdf,3,Growth Fund Loan,"$1,150,000"
2018-Feb,"Rayco Manufacturing, LLC",Wayne,Northeast,Advanced Manufacturing,50,"$1,612,000",155,"$900,000",jo_monthly_metrics_2018.pdf,3,Workforce Grant,"$100,000"
2018-Feb,Kadant Black Clawson LLC,Warren,Southwest,Advanced Manufacturing,62,"$3,546,000",62,"$16,000,000",jo_monthly_metrics_2018.pdf,3,Economic Dev. Grant,"$300,000"
2018-Feb,"National Automotive Experts, LLC",Cuyahoga,Northeast,Financial Services,30,"$1,874,738",146,"$2,687,264",jo_monthly_metrics_2018.pdf,3,Economic Dev. Grant,"$50,000"
2018-Feb,"POET Biorefining - Marion, LLC",Marion,Central,Shale Energy and Petrochemicals,18,"$900,000",41,"$105,000,000",jo_monthly_metrics_2018.pdf,3,Economic Dev. Grant,"$200,000"
2018-Feb,Test-Fuchs Corporation,Cuyahoga,Northeast,Aerospace and Aviation,29,"$2,300,000",6,"$800,000",jo_monthly_metrics_2018.pdf,3,Economic Dev. Grant,"$125,000"
2018-Feb,Cleveland Industrial Innovation Center Ltd.,Cuyahoga,Northeast,Advanced Manufacturing,20,"$793,000",0,"$1,610,000",jo_monthly_metrics_2018.pdf,3,Revitalization Loan,"$1,000,000"
2018-Feb,"Industrial Power Systems, Inc.",Wood,Northwest,Advanced Manufacturing,15,"$1,000,000",145,"$2,660,000",jo_monthly_metrics_2018.pdf,3,Revitalization Loan,"$1,100,000"
2018-Feb,"ProMedica Health System, Inc.",Lucas,Northwest,Biohealth,600,"$22,765,000",900,"$46,360,000",jo_monthly_metrics_2018.pdf,3,Revitalization Loan,"$4,000,000"
2018-Feb,Hillcrest Egg & Cheese Co.,Cuyahoga,Northeast,Food Sciences and Agriculture,25,"$1,697,339",130,"$5,140,548",jo_monthly_metrics_2018.pdf,3,Revitalization Grant,"$400,000"
2018-Feb,"RMG Investment Group, LLC",Summit,Northeast,Advanced Manufacturing,100,"$4,000,000",350,"$12,270,000",jo_monthly_metrics_2018.pdf,3,Revitalization Grant,"$500,000"
2018-Feb,"Wolf's Ridge Brewing, LLC",Franklin,Central,Other,0,$0,0,$0,jo_monthly_metrics_2018.pdf,3,Revitalization Grant Phase II,"$17,300"
2018-Mar,LLC,Franklin,Central,Financial Services,150,"$9,450,000",116,$0,jo_monthly_metrics_2018.pdf,4,Workforce Grant,"$300,000"
2018-Mar,"Koorsen Fire & Security, Inc.",Franklin,Central,Other,25,"$1,000,000",84,"$750,000",jo_monthly_metrics_2018.pdf,4,Workforce Grant,"$50,000"
2018-Mar,"Unilock Ohio, Inc.",Hamilton,Southwest,Advanced Manufacturing,37,"$2,000,000",0,"$20,000,000",jo_monthly_metrics_2018.pdf,4,Workforce Grant,"$65,000"
2018-Mar,"Samuel, Son & Co. (USA) Inc.",Licking,Central,Advanced Manufacturing,20,"$740,000",93,"$4,000,000",jo_monthly_metrics_2018.pdf,4,Economic Dev. Grant,"$50,000"
2018-Mar,Cheryl & Co.,Franklin,Central,Logistics and Distribution,27,"$702,000",149,"$1,550,000",jo_monthly_metrics_2018.pdf,4,Economic Dev. Grant,"$100,000"
2018-Mar,BoxCast Inc.,Cuyahoga,Northeast,Information Services and Software,71,"$4,260,000",25,"$200,000",jo_monthly_metrics_2018.pdf,4,Economic Dev. Grant,"$150,000"
2018-Mar,"Honeymoon Paper Products, Inc.",Butler,Southwest,Advanced Manufacturing,40,"$1,280,000",79,"$444,300",jo_monthly_metrics_2018.pdf,4,Economic Dev. Grant,"$40,000"
2018-Mar,Lawrence Economic Development Corporation *,Lawrence,Southeast,-,-,$0,0,"$6,035,876",jo_monthly_metrics_2018.pdf,4,Revitalization Loan,"$3,000,000"
2018-Mar,CiiC Holdings Ltd.,Cuyahoga,Northeast,Advanced Manufacturing,20,"$793,000",0,"$1,610,000",jo_monthly_metrics_2018.pdf,4,Revitalization Grant,"$250,000"
2018-Mar,"WF Manufacturing, Ltd.",Medina,Northeast,Advanced Manufacturing,30,"$1,248,000",1,"$230,832",jo_monthly_metrics_2018.pdf,4,Revitalization Grant,"$125,000"
2018-Apr,"Contitech Usa, Inc.",Summit,Northeast,Petrochemicals,50,"$4,000,000",164,"$1,436,925",jo_monthly_metrics_2018.pdf,5,Economic Dev. Grant,"$1,000,000"
2018-Apr,"Contitech Usa, Inc.",Summit,Northeast,Petrochemicals,50,"$4,000,000",164,"$1,436,925",jo_monthly_metrics_2018.pdf,5,Workforce Grant,"$700,000"
2018-Apr,"Chard, Snyder & Associates, Inc.",Warren,Southwest,Financial Services,100,"$3,500,000",150,"$8,929,400",jo_monthly_metrics_2018.pdf,5,Workforce Grant,"$45,000"
2018-Apr,"Positrol, Inc.",Hamilton,Southwest,Advanced Manufacturing,10,"$500,000",31,"$1,400,000",jo_monthly_metrics_2018.pdf,5,Workforce Grant,"$25,000"
2018-Apr,"S&P Data Ohio, LLC",Cuyahoga,Northeast,Information Services and Software,180,"$6,000,000",122,$0,jo_monthly_metrics_2018.pdf,5,Workforce Grant,"$150,000"
2018-Apr,"Conagra Foods Packaged Foods, LLC",Miami,Western,Food Sciences and Agriculture,35,"$1,642,000",700,"$9,160,600",jo_monthly_metrics_2018.pdf,5,Economic Dev. Grant,"$100,000"
2018-Apr,Dedienne Aerospace,Clermont,Southwest,Aerospace and Aviation,40,"$2,000,000",0,"$5,000,000",jo_monthly_metrics_2018.pdf,5,Economic Dev. Grant,"$200,000"
2018-Apr,"Hydrofresh, LTD.",Allen,Northwest,Food Sciences and Agriculture,56,"$1,580,800",0,"$9,405,000",jo_monthly_metrics_2018.pdf,5,Economic Dev. Grant,"$130,000"
2018-Apr,JM Smith Corporation,Wyandot,Northwest,BioHealth,50,"$2,200,000",0,"$16,000,000",jo_monthly_metrics_2018.pdf,5,Economic Dev. Grant,"$230,000"
2018-Apr,"MCPc, Inc.",Cuyahoga,Northeast,Information Services and Software,150,"$6,930,000",191,"$1,750,000",jo_monthly_metrics_2018.pdf,5,Economic Dev. Grant,"$175,000"
2018-Apr,PAS Technologies Inc.,Highland,Southeast,Aerospace and Aviation,20,"$1,002,248",173,"$6,986,500",jo_monthly_metrics_2018.pdf,5,Economic Dev. Grant,"$150,000"
2018-Apr,"Safran Power USA, LLC",Summit,Northeast,Aerospace and Aviation,7,"$630,000",113,"$230,300",jo_monthly_metrics_2018.pdf,5,Economic Dev. Grant,"$25,000"
2018-Apr,"Communications of Taylor Minnesota (Taylor Communications, Inc.)",Montgomery,Western,Other,0,$0,500,"$4,385,949",jo_monthly_metrics_2018.pdf,5,Economic Dev. Grant,"$500,000"
2018-Apr,"Treves, Inc.",Seneca,Northwest,Automotive,91,"$3,400,000",0,"$11,350,000",jo_monthly_metrics_2018.pdf,5,Economic Dev. Grant,"$200,000"
2018-Apr,"DS Architecture, LLC",Portage,Northeast,Other,10,"$550,000",18,"$553,047",jo_monthly_metrics_2018.pdf,5,Revitalization Grant,"$75,000"
2018-Apr,Inc.,Ashland,Northeast,Manufacturing,18,"$900,000",59,"$1,752,475",jo_monthly_metrics_2018.pdf,6,Revitalization Grant,"$100,000"
2018-Apr,"20100 ST. CLAIR AVENUE, LLC",Cuyahoga,Northeast,Other,0,$0,0,$0,jo_monthly_metrics_2018.pdf,6,Revitalization Grant Phase II,"$175,030"
2018-Apr,The Great Lakes Construction Co.,Hamilton,Southwest,Other,0,$0,0,$0,jo_monthly_metrics_2018.pdf,6,Revitalization Grant Phase II,"$96,500"
2018-Apr,"Pillar Technology Group, LLC",Franklin,Central,Information Services and Software,25,"$2,375,000",0,"$3,600,000",jo_monthly_metrics_2018.pdf,6,Development Grant,"$2,000,000"
2018-May,Inc.,Montgomery,Western,Manufacturing,43,"$1,516,320",0,"$6,361,919",jo_monthly_metrics_2018.pdf,7,Growth Fund Loan,"$1,350,000"
2018-May,"Deceuninck North America, LLC",Butler,Southwest,Advanced Manufacturing,85,"$4,457,000",480,"$27,010,000",jo_monthly_metrics_2018.pdf,7,Workforce Grant,"$50,000"
2018-May,MRI Software LLC,Cuyahoga,Northeast,Information Services and Software,120,"$7,869,916",418,"$3,850,000",jo_monthly_metrics_2018.pdf,7,Economic Dev. Grant,"$250,000"
2018-May,MRI Software LLC,Cuyahoga,Northeast,Information Services and Software,120,"$7,869,916",418,"$3,850,000",jo_monthly_metrics_2018.pdf,7,Workforce Grant,"$250,000"
2018-May,"Pratt Paper (OH), LLC",Auglaize,Western,Advanced Manufacturing,300,"$14,352,000",0,"$270,000,000",jo_monthly_metrics_2018.pdf,7,Economic Dev. Grant,"$3,250,000"
2018-May,"Pratt Paper (OH), LLC",Auglaize,Western,Advanced Manufacturing,300,"$14,352,000",0,"$270,000,000",jo_monthly_metrics_2018.pdf,7,Workforce Grant,"$1,000,000"
2018-May,"Silfex, Inc.",Clark,Western,Advanced Manufacturing,400,"$20,735,000",0,"$214,356,500",jo_monthly_metrics_2018.pdf,7,Economic Dev. Grant,"$2,500,000"
2018-May,"Silfex, Inc.",Clark,Western,Advanced Manufacturing,400,"$20,735,000",0,"$214,356,500",jo_monthly_metrics_2018.pdf,7,Workforce Grant,"$1,100,000"
2018-May,Bendix Spicer Foundation Brake LLC,Lorain,Northeast,Automotive,45,"$3,599,856",457,"$9,000,000",jo_monthly_metrics_2018.pdf,7,Economic Dev. Grant,"$500,000"
2018-May,Multi-Color Corporation,Clermont,Southwest,Advanced Manufacturing,100,"$4,880,140",535,"$40,000,000",jo_monthly_metrics_2018.pdf,7,Economic Dev. Grant,"$300,000"
2018-May,St. Bernard Soap Company,Hamilton,Southwest,Shale Energy and Petrochemicals,112,"$4,700,000",240,"$5,665,000",jo_monthly_metrics_2018.pdf,7,Economic Dev. Grant,"$900,000"
2018-May,Topre America Corporation,Clark,Western,Automotive,200,"$8,112,000",85,"$72,695,000",jo_monthly_metrics_2018.pdf,7,Economic Dev. Grant,"$750,000"
2018-May,"UGN, Inc.",Warren,Southwest,Automotive,111,"$5,700,000",234,"$40,300,000",jo_monthly_metrics_2018.pdf,7,Economic Dev. Grant,"$600,000"
2018-May,"White Castle System, Inc.",Franklin,Central,Other,10,"$350,000",220,"$34,610,500",jo_monthly_metrics_2018.pdf,7,Revitalization Grant,"$250,000"
2018-May,"White Castle System, Inc.",Franklin,Central,Other,10,"$350,000",220,"$34,610,500",jo_monthly_metrics_2018.pdf,7,Revitalization Loan,"$5,000,000"
2018-May,"Itm Marketing, Inc.",Coshocton,Southeast,Information Services and Software,25,"$869,960",85,"$829,450",jo_monthly_metrics_2018.pdf,7,Revitalization Grant,"$285,000"
2018-May,"Franklin International, Inc.",Franklin,Central,Shale Energy and Petrochemicals,8,"$508,713",372,"$4,392,165",jo_monthly_metrics_2018.pdf,7,Development Grant,"$1,000,000"
2018-May,Transportation Research Center Inc.,Logan,Central,Automotive,8,"$282,800",328,"$6,000,000",jo_monthly_metrics_2018.pdf,7,Development Grant,"$7,500,000"
2018-Jun,Inc.,Lucas,Northwest,Financial Services,500,"$18,720,000",0,$0,jo_monthly_metrics_2018.pdf,8,Workforce Grant,"$750,000"
2018-Jun,"Overdrive, Inc.",Cuyahoga,Northeast,Information Services and Software,150,"$8,550,000",241,"$3,500,000",jo_monthly_metrics_2018.pdf,8,Economic Dev. Grant,"$400,000"
2018-Jun,"Overdrive, Inc.",Cuyahoga,Northeast,Information Services and Software,150,"$8,550,000",241,"$3,500,000",jo_monthly_metrics_2018.pdf,8,Workforce Grant,"$200,000"
2018-Jun,Formlabs Ohio Inc.,Wood,Northwest,Shale Energy and Petrochemicals,20,"$900,000",11,"$443,000",jo_monthly_metrics_2018.pdf,8,Economic Dev. Grant,"$50,000"
2018-Jun,"Fulton County Processing, Ltd.",Fulton,Northwest,Other,25,"$875,000",127,"$13,000,000",jo_monthly_metrics_2018.pdf,8,Economic Dev. Grant,"$75,000"
2018-Jun,"Hanon Systems USA, LLC",Wyandot,Northwest,Automotive,242,"$8,093,458",139,"$12,222,715",jo_monthly_metrics_2018.pdf,8,Economic Dev. Grant,"$500,000"
2018-Jun,"Menard, Inc.",Williams,Northwest,Advanced Manufacturing,30,"$1,125,072","1,063","$13,900,000",jo_monthly_metrics_2018.pdf,8,Economic Dev. Grant,"$300,000"
2018-Jun,"Mitsubishi Chemical Performance Polymers, Inc.",Huron,Northwest,Shale Energy and Petrochemicals,25,"$1,044,100",103,"$2,000,000",jo_monthly_metrics_2018.pdf,8,Economic Dev. Grant,"$100,000"
2018-Jun,Arconic Inc.,Ross,Southeast,Automotive,5,"$250,000",21,"$943,609",jo_monthly_metrics_2018.pdf,8,Revitalization Grant,"$100,000"
2018-Jun,"Complete Filter Media, LLC",Fairfield,Central,Advanced Manufacturing,45,"$1,710,000",0,"$3,800,000",jo_monthly_metrics_2018.pdf,8,Revitalization Grant,"$300,000"
2018-Jun,"Creative Packaging, LLC",Muskingum,Southeast,Advanced Manufacturing,20,"$500,000",66,"$1,956,812",jo_monthly_metrics_2018.pdf,8,Revitalization Grant,"$350,000"
2018-Jun,"Fortuity Calling, LLC",Franklin,Central,Other,200,"$5,200,000",0,"$9,194,050",jo_monthly_metrics_2018.pdf,8,Revitalization Grant,"$400,000"
2018-Jun,"Jefferis Real Estate, LLC *",Belmont,Southeast,Other,0,$0,0,"$6,381,970",jo_monthly_metrics_2018.pdf,8,Revitalization Grant,"$5,000,000"
2018-Jun,"G&S Metal Products Co., Inc.",Cuyahoga,Northeast,Advanced Manufacturing,0,$0,0,$0,jo_monthly_metrics_2018.pdf,8,Revitalization Grant Phase II,"$21,870"
2018-Jun,"Weastec, Incorporated",Franklin,Central,Automotive,20,"$1,310,000",184,"$2,472,000",jo_monthly_metrics_2018.pdf,8,Development Grant,"$1,500,000"
2018-Jul,"Braun Industries, Inc.",Van Wert,Northwest,Automotive,40,"$1,250,000",265,"$800,000",jo_monthly_metrics_2018.pdf,9,Workforce Grant,"$55,000"
2018-Jul,"Central Machinery Company, LLC",Marion,Central,Advanced Manufacturing,55,"$3,160,000",54,"$8,400,000",jo_monthly_metrics_2018.pdf,9,Workforce Grant,"$75,000"
2018-Jul,"First Solar, Inc.",Wood,Northwest,Advanced Manufacturing,"1,000","$60,000,000",750,"$900,000,000",jo_monthly_metrics_2018.pdf,9,Economic Dev. Grant,"$5,100,000"
2018-Jul,"First Solar, Inc.",Wood,Northwest,Advanced Manufacturing,"1,000","$60,000,000",750,"$900,000,000",jo_monthly_metrics_2018.pdf,9,Workforce Grant,$
2018-Jul,"First Solar, Inc.",Wood,Northwest,Advanced Manufacturing,"1,000","$60,000,000",750,"$900,000,000",jo_monthly_metrics_2018.pdf,9,Workforce Grant,"900,000"
2018-Jul,U.S. Bank National Association,Hamilton,Southwest,Financial Services,400,"$19,200,000","2,210","$14,500,000",jo_monthly_metrics_2018.pdf,9,Workforce Grant,"$1,400,000"
2018-Jul,"William R. Hague, Inc.",Franklin,Central,Other,70,"$1,898,624",121,"$6,804,100",jo_monthly_metrics_2018.pdf,9,Workforce Grant,"$120,000"
2018-Jul,Crane Consumables Inc.,Butler,Southwest,Advanced Manufacturing,13,"$455,000",39,"$1,975,000",jo_monthly_metrics_2018.pdf,9,Economic Dev. Grant,"$25,000"
2018-Jul,"Discount Drug Mart, Inc.",Lorain,Northeast,Healthcare,62,"$3,290,415",40,"$3,450,000",jo_monthly_metrics_2018.pdf,9,Economic Dev. Grant,"$100,000"
2018-Jul,"JAC Products, Inc.",Henry,Northwest,Automotive,357,"$14,500,000",0,"$5,500,000",jo_monthly_metrics_2018.pdf,9,Economic Dev. Grant,"$1,700,000"
2018-Jul,MIMI Farms Inc.,Erie,Northeast,Food and Agribusiness,200,"$5,453,760",0,"$65,792,867",jo_monthly_metrics_2018.pdf,9,Economic Dev. Grant,"$200,000"
2018-Jul,"Phillips Meat Processing, LLC",Muskingum,Southeast,Food and Agribusiness,9,"$234,707",14,"$547,516",jo_monthly_metrics_2018.pdf,9,Economic Dev. Grant,"$40,000"
2018-Jul,"Shin-Etsu Silicones of America, Inc.",Summit,Northeast,Energy and Chemicals,25,"$1,500,000",135,"$40,000,000",jo_monthly_metrics_2018.pdf,9,Economic Dev. Grant,"$250,000"
2018-Jul,"Speyside Bourbon Cooperage, Inc.",Pike,Southeast,Food and Agribusiness,15,"$729,600",10,"$7,385,000",jo_monthly_metrics_2018.pdf,9,Economic Dev. Grant,"$100,000"
2018-Jul,Trelleborg Sealing Profiles U.S. Inc.,Portage,Northeast,Energy and Chemicals,32,"$1,700,000",134,"$15,455,245",jo_monthly_metrics_2018.pdf,9,Economic Dev. Grant,$
2018-Jul,Trelleborg Sealing Profiles U.S. Inc.,Portage,Northeast,Energy and Chemicals,32,"$1,700,000",134,"$15,455,245",jo_monthly_metrics_2018.pdf,9,Economic Dev. Grant,"50,000"
2018-Jul,Walgreen Co.,Wood,Northwest,Healthcare,350,"$15,404,480",679,"$80,000,000",jo_monthly_metrics_2018.pdf,9,Economic Dev. Grant,"$750,000"
2018-Jul,LLC*,Franklin,Central,Other,-,-,-,"$6,920,404",jo_monthly_metrics_2018.pdf,10,Revitalization Grant,"$1,000,000"
2018-Jul,LLC*,Franklin,Central,Other,-,-,-,"$6,920,404",jo_monthly_metrics_2018.pdf,10,Revitalization Loan,"$2,200,000"
2018-Jul,"Area Agency on Aging, Region 9, Incorporated",Guernsey,Southeast,Other,15,"$600,000",93,"$2,964,862",jo_monthly_metrics_2018.pdf,10,Revitalization Grant,"$150,000"
2018-Jul,"Graphic Village, LLC",Hamilton,Southwest,Other,40,"$2,100,000",152,"$13,300,000",jo_monthly_metrics_2018.pdf,10,Revitalization Grant,"$350,000"
2018-Jul,IJUS LLC,Franklin,Central,Energy and Chemicals,18,"$800,000",76,"$8,044,343",jo_monthly_metrics_2018.pdf,10,Revitalization Grant,"$400,000"
2018-Jul,Tiffin Metal Products Co.,Seneca,Northwest,Advanced Manufacturing,-,-,-,-,jo_monthly_metrics_2018.pdf,10,Revitalization Grant Phase II,"$7,650"
2018-Jul,Dana Limited,Lucas,Northwest,Automotive,40,"$3,440,000",929,"$20,200,000",jo_monthly_metrics_2018.pdf,10,Development Grant,"$3,000,000"
2018-Aug,ALPLA Inc.,Montgomery,Western,Manufacturing,50,"$2,100,000",0,"$21,000,000",jo_monthly_metrics_2018.pdf,11,Workforce Grant,"$100,000"
2018-Aug,"JAC Products, Inc.",Henry,Northwest,Automotive,357,"$14,500,000",0,"$5,500,000",jo_monthly_metrics_2018.pdf,11,Workforce Grant,"$75,000"
2018-Aug,"Owens & Minor Distribution, Inc",Franklin,Central,Healthcare,45,"$2,000,000",0,"$3,585,000",jo_monthly_metrics_2018.pdf,11,Workforce Grant,"$100,000"
2018-Aug,"Stonecrop Technologies, LLC",Franklin,Central,Logistics and Distribution,50,"$2,200,000",0,"$2,200,000",jo_monthly_metrics_2018.pdf,11,Workforce Grant,"$40,000"
2018-Aug,Weidmann Electrical Technology Inc.,Champaign,Western,Advanced Manufacturing,20,"$834,959",142,"$2,665,000",jo_monthly_metrics_2018.pdf,11,Workforce Grant,"$55,000"
2018-Aug,Certainteed Corporation,Erie,Northeast,Energy and Chemicals,10,"$665,600",196,"$37,100,000",jo_monthly_metrics_2018.pdf,11,Economic Dev. Grant,"$350,000"
2018-Aug,Excelitas Technologies Corp.,Montgomery,Western,Advanced Manufacturing,30,"$1,860,000",140,"$400,000",jo_monthly_metrics_2018.pdf,11,Economic Dev. Grant,"$200,000"
2018-Aug,Masco Cabinetry Middlefield LLC,Geauga,Northeast,Advanced Manufacturing,195,"$5,594,100","1,840","$17,500,000",jo_monthly_metrics_2018.pdf,11,Economic Dev. Grant,"$250,000"
2018-Aug,"Nestle USA, Inc.",Cuyahoga,Northeast,Food and Agribusiness,115,"$6,260,000","1,251","$3,300,000",jo_monthly_metrics_2018.pdf,11,Economic Dev. Grant,"$1,000,000"
2018-Aug,"Piping Rock Health Products, LLC",Portage,Northeast,Healthcare,346,"$12,000,000",0,"$19,000,000",jo_monthly_metrics_2018.pdf,11,Economic Dev. Grant,"$500,000"
2018-Aug,"Piping Rock Health Products, LLC",Portage,Northeast,Healthcare,346,"$12,000,000",0,"$19,000,000",jo_monthly_metrics_2018.pdf,11,Revitalization Loan,"$500,000"
2018-Aug,"Ripley Metalworks, Ltd.",Brown,Southwest,Advanced Manufacturing,24,"$600,000",55,"$1,253,000",jo_monthly_metrics_2018.pdf,11,Economic Dev. Grant,"$180,000"
2018-Aug,"Aquablok, Ltd.",Fulton,Northwest,Advanced Manufacturing,20,"$602,500",7,"$925,417",jo_monthly_metrics_2018.pdf,11,Revitalization Loan,"$50,000"
2018-Aug,Building Systems Transportation Co.,Madison,Central,Logistics and Distribution,25,"$688,395",63,"$606,750",jo_monthly_metrics_2018.pdf,11,Revitalization Loan,"$250,000"
2018-Aug,"J.I.T Packaging Cincinnati, Inc.",Stark,Northeast,Advanced Manufacturing,6,"$198,058",14,"$727,900",jo_monthly_metrics_2018.pdf,11,Revitalization Loan,"$75,000"
2018-Aug,Manufacturing Company,Athens,Southeast,Manufacturing,19,"$873,392",47,"$3,524,000",jo_monthly_metrics_2018.pdf,12,Revitalization Grant,"$400,000"
2018-Sep,CPG International LLC,Clinton,Western,Manufacturing,35,"$1,300,000",0,"$13,000,000",jo_monthly_metrics_2018.pdf,13,Workforce Grant,"$55,000"
2018-Sep,"Reifel Industries, Inc.",Williams,Northwest,Advanced Manufacturing,20,"$800,000",172,"$6,800,000",jo_monthly_metrics_2018.pdf,13,Workforce Grant,"$50,000"
2018-Sep,"USAVinyl, LLC",Franklin,Central,Other,37,"$1,922,850",69,"$3,050,000",jo_monthly_metrics_2018.pdf,13,Workforce Grant,"$150,000"
2018-Sep,"Aerocontrolex Group, Inc.",Lake,Northeast,Aerospace and Aviation,40,"$2,300,000",130,"$3,800,000",jo_monthly_metrics_2018.pdf,13,Economic Dev. Grant,"$200,000"
2018-Sep,"Bellisio Foods, Inc.",Jackson,Southeast,Food and Agribusiness,0,"$476,125","1,143","$146,369,539",jo_monthly_metrics_2018.pdf,13,Economic Dev. Grant,"$1,000,000"
2018-Sep,"Covert Manufacturing, Inc.",Crawford,Northwest,Automotive,35,"$1,237,600",291,"$7,900,000",jo_monthly_metrics_2018.pdf,13,Economic Dev. Grant,"$250,000"
2018-Sep,MITEC Powertrain Inc.,Hancock,Northwest,Automotive,77,"$4,700,000",166,"$20,100,000",jo_monthly_metrics_2018.pdf,13,Economic Dev. Grant,"$200,000"
2018-Sep,"RBB Systems, Inc.",Wayne,Northeast,Advanced Manufacturing,25,"$925,000",52,"$912,000",jo_monthly_metrics_2018.pdf,13,Economic Dev. Grant,"$60,000"
2018-Sep,TPAM INC.,Lucas,Northwest,Advanced Manufacturing,30,"$1,650,000",0,"$4,000,000",jo_monthly_metrics_2018.pdf,13,Economic Dev. Grant,"$60,000"
2018-Sep,"Zimmer Surgical, Inc.",Cuyahoga,Northeast,Healthcare,25,"$2,000,000",43,"$738,026",jo_monthly_metrics_2018.pdf,13,Economic Dev. Grant,"$250,000"
2018-Sep,"Steelial Welding & Metal Fabrication, Inc.",Vinton,Southeast,Advanced Manufacturing,30,"$1,392,000",55,"$433,076",jo_monthly_metrics_2018.pdf,13,Revitalization Grant,"$150,000"
2018-Sep,"Kurtz Bros., Inc.",Cuyahoga,Northeast,Food and Agribusiness,0,0,0,0,jo_monthly_metrics_2018.pdf,13,Revitalization Grant Phase II,"$68,291"
2018-Sep,"JPMorgan Chase Bank, National Association",Franklin,Central,Financial Services,75,"$7,500,000",0,0,jo_monthly_metrics_2018.pdf,13,Development Grant,"$2,900,000"
2018-Sep,Nanogate Jay Systems LLC,Richland,Northeast,Automotive,12,"$660,000",425,"$6,642,000",jo_monthly_metrics_2018.pdf,13,Development Grant,"$2,000,000"
2018-Oct,"AAG Glass, LLC",Clermont,Southwest,Automotive,89,"$3,760,000",0,"$14,000,000",jo_monthly_metrics_2018.pdf,14,Workforce Grant,"$100,000"
2018-Oct,Keystone Foods LLC,Wood,Northwest,Food and Agribusiness,50,"$2,000,000",221,"$5,000,000",jo_monthly_metrics_2018.pdf,14,Workforce Grant,"$72,500"
2018-Oct,"London Computer Systems, Inc.",Warren,Southwest,IT,150,"$9,000,000",177,"$2,000,000",jo_monthly_metrics_2018.pdf,14,Workforce Grant,"$85,000"
2018-Oct,"RevLocal, LLC",Licking,Central,IT,40,"$1,830,400",167,0,jo_monthly_metrics_2018.pdf,14,Workforce Grant,"$100,000"
2018-Oct,Ace Hardware Corporation,Madison,Central,Logistics and Distribution,72,"$2,000,000",130,"$12,000,000",jo_monthly_metrics_2018.pdf,14,Economic Dev. Grant,"$100,000"
2018-Oct,Ellwood Aluminum LLC,Trumbull,Northeast,Advanced Manufacturing,30,"$1,372,800",90,"$33,000,000",jo_monthly_metrics_2018.pdf,14,Economic Dev. Grant,"$100,000"
2018-Oct,"Perfection Bakeries, Inc.",Shelby,Western,Food and Agribusiness,20,"$707,200",87,"$1,650,000",jo_monthly_metrics_2018.pdf,14,Economic Dev. Grant,"$35,000"
2018-Oct,"RhinoSystems, Inc.",Cuyahoga,Northeast,Healthcare,117,"$5,865,578",17,"$698,443",jo_monthly_metrics_2018.pdf,14,Economic Dev. Grant,"$200,000"
2018-Oct,"Rimeco Products, Inc.",Lake,Northeast,Aerospace and Aviation,38,"$2,600,000",38,"$3,600,000",jo_monthly_metrics_2018.pdf,14,Economic Dev. Grant,"$50,000"
2018-Oct,"Tower Automotive Operations USA I, LLC",Sandusky,Northwest,Automotive,16,"$990,800",363,"$28,950,000",jo_monthly_metrics_2018.pdf,14,Economic Dev. Grant,"$125,000"
2018-Oct,"GKN Freight Services, Inc.",Van Wert,Northwest,Logistics and Distribution,5,"$300,000",36,"$873,000",jo_monthly_metrics_2018.pdf,14,Revitalization Grant,"$50,000"
2018-Oct,"Lion First Responder PPE, Inc.",Montgomery,Western,Advanced Manufacturing,75,"$1,852,500",0,"$1,333,500",jo_monthly_metrics_2018.pdf,14,Revitalization Grant,"$50,000"
2018-Oct,Magna Machine Co.,Hamilton,Southwest,Advanced Manufacturing,12,"$688,000",134,"$2,553,000",jo_monthly_metrics_2018.pdf,14,Revitalization Grant,"$150,000"
2018-Oct,Teikoku USA Inc.,Washington,Southeast,Manufacturing,0,-,20,"$463,000",jo_monthly_metrics_2018.pdf,15,Revitalization Grant,"$120,000"
2018-Oct,"Inteva Products, LLC",Montgomery,Western,Automotive,35,"$2,800,000",153,"$9,000,000",jo_monthly_metrics_2018.pdf,15,Development Grant,"$3,000,000"
2018-Nov,"Chewy, Inc.",Montgomery,Western,Distribution,600,"$16,920,000",0,"$15,000,000",jo_monthly_metrics_2018.pdf,16,Economic Dev. Grant,"$750,000"
2018-Nov,"Chewy, Inc.",Montgomery,Western,Distribution,600,"$16,920,000",0,"$15,000,000",jo_monthly_metrics_2018.pdf,16,Workforce Grant,"$150,000"
2018-Nov,"Crow Works, LLC",Holmes,Southeast,Advanced Manufacturing,75,"$4,056,000",50,"$376,518",jo_monthly_metrics_2018.pdf,16,Workforce Grant,"$250,000"
2018-Nov,"Honda R&D Americas, Inc.",Union,Central,Automotive,175,"$11,000,000",1431,"$3,760,000",jo_monthly_metrics_2018.pdf,16,Development Grant,"$3,500,000"
2018-Nov,"Honda R&D Americas, Inc.",Union,Central,Automotive,175,"$11,000,000",1431,"$3,760,000",jo_monthly_metrics_2018.pdf,16,Workforce Grant,"$1,200,000"
2018-Nov,"20/20 Custom Molded Plastics, LLC",Williams,Northwest,Advanced Manufacturing,37,"$1,115,920",296,"$16,625,000",jo_monthly_metrics_2018.pdf,16,Economic Dev. Grant,"$75,000"
2018-Nov,Crown Equipment Corporation,Auglaize,Western,Advanced Manufacturing,563,"$28,515,000",4348,"$145,000,000",jo_monthly_metrics_2018.pdf,16,Economic Dev. Grant,"$1,500,000"
2018-Nov,Decked LLC,Defiance,Northwest,Automotive,30,"$1,184,052",0,"$1,500,000",jo_monthly_metrics_2018.pdf,16,Economic Dev. Grant,"$50,000"
2018-Nov,E-Mek Technologies LLC,Montgomery,Western,IT,50,"$1,500,000",120,"$250,000",jo_monthly_metrics_2018.pdf,16,Economic Dev. Grant,"$40,000"
2018-Nov,Johns Manville,Defiance,Northwest,Advanced Manufacturing,24,"$1,565,640",414,"$47,800,000",jo_monthly_metrics_2018.pdf,16,Economic Dev. Grant,"$100,000"
2018-Nov,"JSW Steel USA Ohio, Inc.",Jefferson,Southeast,Advanced Manufacturing,280,"$14,560,000",120,"$270,000,000",jo_monthly_metrics_2018.pdf,16,Revitalization Grant,"$4,000,000"
2018-Nov,"Scioto Valley Woodworking, Inc.",Pike,Southeast,Advanced Manufacturing,103,"$3,458,000",0,"$4,228,771",jo_monthly_metrics_2018.pdf,16,Revitalization Grant,"$300,000"
2018-Nov,"COTSWORKS, LLC",Cuyahoga,Northeast,Aerospace and Aviation,8,"$667,000",73,"$4,050,000",jo_monthly_metrics_2018.pdf,16,Development Grant,"$1,200,000"
2018-Dec,"Blade-Tech Industries, Inc.",Portage,Northeast,Advanced Manufacturing,30,"$2,111,200",0,"$1,745,000",jo_monthly_metrics_2018.pdf,17,Workforce Grant,"$100,000"
2018-Dec,Modular Assembly Innovations LLC,Union,Central,Automotive,40,"$1,400,000",176,"$1,000,000",jo_monthly_metrics_2018.pdf,17,Workforce Grant,"$100,000"
2018-Dec,"Relink Medical, LLC",Summit,Northeast,Healthcare,30,"$1,800,000",28,"$63,000",jo_monthly_metrics_2018.pdf,17,Workforce Grant,"$100,000"
2018-Dec,"SGB USA, Inc.",Summit,Northeast,Advanced Manufacturing,22,"$1,200,000",7,"$2,000,000",jo_monthly_metrics_2018.pdf,17,Workforce Grant,"$75,000"
2018-Dec,Speedway LLC,Clark,Western,Energy and Chemicals,300,"$30,000,000",1125,"$47,750,000",jo_monthly_metrics_2018.pdf,17,Economic Dev. Grant,"$1,250,000"
2018-Dec,Speedway LLC,Clark,Western,Energy and Chemicals,300,"$30,000,000",1125,"$47,750,000",jo_monthly_metrics_2018.pdf,17,Workforce Grant,"$300,000"
2018-Dec,"Airstream, Inc.",Shelby,Western,Automotive,280,"$14,840,000",900,"$39,850,000",jo_monthly_metrics_2018.pdf,17,Economic Dev. Grant,"$600,000"
2018-Dec,"BWXT Nuclear Operations Group, Inc.",Summit,Northeast,Energy and Chemicals,82,"$5,764,000",699,"$82,009,000",jo_monthly_metrics_2018.pdf,17,Economic Dev. Grant,"$340,000"
2018-Dec,"BWXT Nuclear Operations Group, Inc.",Cuyahoga,Northeast,Energy and Chemicals,30,"$2,111,451",251,"$55,512,000",jo_monthly_metrics_2018.pdf,17,Economic Dev. Grant,"$135,000"
2018-Dec,"Conagra Foods Packaged Foods, LLC",Miami,Western,Food and Agribusiness,151,"$5,757,128",745,"$60,000,000",jo_monthly_metrics_2018.pdf,17,Economic Dev. Grant,"$500,000"
2018-Dec,"Delta H Technologies, LLC",Fairfield,Central,Aerospace and Aviation,11,"$783,672",10,"$300,000",jo_monthly_metrics_2018.pdf,17,Economic Dev. Grant,"$50,000"
2018-Dec,"Eccrine Systems, Inc.",Hamilton,Southwest,Healthcare,50,"$3,750,000",41,"$1,200,000",jo_monthly_metrics_2018.pdf,17,Economic Dev. Grant,"$400,000"
2018-Dec,"Geo-Tech Polymers, LLC",Pike,Southeast,Energy and Chemicals,58,"$1,744,600",40,"$1,187,996",jo_monthly_metrics_2018.pdf,17,Economic Dev. Grant,"$100,000"
2018-Dec,"Geo-Tech Polymers, LLC",Pike,Southeast,Energy and Chemicals,58,"$1,744,600",40,"$1,187,996",jo_monthly_metrics_2018.pdf,17,Revitalization Grant,"$100,000"
2018-Dec,"Ohio Pack, LLC",Licking,Central,Advanced Manufacturing,55,"$3,821,300",0,"$17,196,000",jo_monthly_metrics_2018.pdf,17,Economic Dev. Grant,"$150,000"
2018-Dec,"Pro-Tec Coating Company, LLC.",Putnam,Northwest,Other,80,"$3,993,600",310,"$410,000,000",jo_monthly_metrics_2018.pdf,17,Economic Dev. Grant,"$3,000,000"
2018-Dec,"Search Discovery, Inc.",Cuyahoga,Northeast,Information Technology,51,"$6,908,413",22,"$671,065",jo_monthly_metrics_2018.pdf,17,Economic Dev. Grant,"$500,000"
2018-Dec,"Selman & Company, LLC",Cuyahoga,Northeast,Financial Services,41,"$2,217,000",125,"$4,500,000",jo_monthly_metrics_2018.pdf,17,Economic Dev. Grant,"$300,000"
2018-Dec,Steris Corporation,Lake,Northeast,Healthcare,150,"$10,650,000",1576,"$4,000,000",jo_monthly_metrics_2018.pdf,17,Economic Dev. Grant,"$1,600,000"
2018-Dec,"Swagelok Manufacturing Company, LLC",Cuyahoga,Northeast,Advanced Manufacturing,1000,"$50,000,000",5237,"$152,000,000",jo_monthly_metrics_2018.pdf,17,Economic Dev. Grant,"$2,000,000"
2018-Dec,Building Systems Transportation Co.,Madison,Central,Logistics and Distribution,25,"$688,395",63,"$606,750",jo_monthly_metrics_2018.pdf,17,Revitalization Loan,"$750,000"
2018-Dec,"Foundation Software, Inc.",Cuyahoga,Northeast,Information Technology,185,"$11,216,905",273,"$9,500,000",jo_monthly_metrics_2018.pdf,17,Revitalization Grant,"$750,000"
2018-Dec,Spray Products Corporation,Medina,Northeast,Energy and Chemicals,37,"$1,479,940",0,"$6,933,085",jo_monthly_metrics_2018.pdf,17,Revitalization Grant,"$750,000"
2018-Dec,The General Electric Company,Hamilton,Southwest,Aerospace and Aviation,100,"$7,200,000",5630,"$4,000,000",jo_monthly_metrics_2018.pdf,17,Research and Development Grant,"$7,500,000"
2020-Jan,"CPP-Cleveland, Inc.",Cuyahoga,Northeast,Aerospace and Aviation,128,"$9,478,000",345,"$55,000,000",jobsohio-2020-metrics.pdf,1,Workforce Grant,"$225,000"
2020-Jan,"Faxon Machining, Inc.",Hamilton,Southwest,Advanced Manufacturing,85,"$5,500,000",90,"$1,390,000",jobsohio-2020-metrics.pdf,1,Workforce Grant,"$230,000"
2020-Jan,"Fulton County Processing, Ltd.",Fulton,Northwest,Other,25,"$875,000",127,"$13,000,000",jobsohio-2020-metrics.pdf,1,Workforce Grant,"$33,000"
2020-Jan,"Fund That Flip, Inc",Cuyahoga,Northeast,Financial Services,124,"$8,637,133",31,"$150,000",jobsohio-2020-metrics.pdf,1,Workforce Grant,"$150,000"
2020-Jan,"Hagerty Insurance Agency, LLC",Franklin,Central,Financial Services,127,"$6,242,177",0,$0,jobsohio-2020-metrics.pdf,1,Workforce Grant,"$250,000"
2020-Jan,Intelliteach Inc.,Lucas,Northwest,IT,132,"$4,511,520",0,"$450,000",jobsohio-2020-metrics.pdf,1,Workforce Grant,"$150,000"
2020-Jan,"PPG Industries, Inc.",Summit,Northeast,Energy and Chemicals,14,"$960,000",160,"$4,990,000",jobsohio-2020-metrics.pdf,1,Workforce Grant,"$50,000"
2020-Jan,"Wal-Mart Associates, Inc.",Franklin,Central,Logistics and Distribution,525,"$17,485,000",977,"$14,700,000",jobsohio-2020-metrics.pdf,1,Economic Dev. Grant,"$500,000"
2020-Jan,"Wal-Mart Associates, Inc.",Franklin,Central,Logistics and Distribution,525,"$17,485,000",977,"$14,700,000",jobsohio-2020-metrics.pdf,1,Workforce Grant,"$250,000"
2020-Jan,"ConAgra Foods Packaged Foods, LLC",Fulton,Northwest,Food and Agribusiness,100,"$5,066,880",377,"$40,000,000",jobsohio-2020-metrics.pdf,1,Economic Dev. Grant,"$250,000"
2020-Jan,Emerson Process Management Valve AutomationAdvanced,Richland,Northeast,Manufacturing,20,"$951,000",174,"$4,622,000",jobsohio-2020-metrics.pdf,1,Economic Dev. Grant,"$130,000"
2020-Jan,"General Mills Operations, LLC",Jackson,Southeast,Food and Agribusiness,12,"$499,000",873,"$21,200,000",jobsohio-2020-metrics.pdf,1,Economic Dev. Grant,"$1,000,000"
2020-Jan,Nostrum Laboratories Inc.,Williams,Northwest,Healthcare,40,"$1,778,451",57,"$3,250,000",jobsohio-2020-metrics.pdf,1,Economic Dev. Grant,"$250,000"
2020-Jan,Sugar Creek Packing Co.,"Butler, Hamilton",Southwest,Food and Agribusiness,120,"$4,243,200",386,"$36,000,000",jobsohio-2020-metrics.pdf,1,Economic Dev. Grant,"$350,000"
2020-Jan,Youngstown Tool and Die Company LLC,Mahoning,Northeast,Advanced Manufacturing,60,"$2,500,000",44,"$8,000,000",jobsohio-2020-metrics.pdf,1,Economic Dev. Grant,"$300,000"
2020-Jan,"EASiBuy, LLC",Portage,Northeast,IT,15,"$680,000",9,"$291,091",jobsohio-2020-metrics.pdf,1,Revitalization Grant,"$75,000"
2020-Jan,PTTGC America LLC,Belmont,Southeast,Energy and Chemicals,0,$0,0,$0,jobsohio-2020-metrics.pdf,1,Revitalization Grant,"$20,000,000"
2020-Jan,City of Cleveland,Cuyahoga,Northeast,Other,N/A,-,N/A,-,jobsohio-2020-metrics.pdf,1,Revitalization Grant Phase II,"$40,900"
2020-Feb,"Midwest Specialties, Inc.",Auglaize,Western,Advanced Manufacturing,35,"$1,310,400",30,"$3,500,000",jobsohio-2020-metrics.pdf,2,Growth Fund Loan,"$1,000,000"
2020-Feb,McKesson Corporation,Fayette,Western,Healthcare,42,"$2,500,000",129,"$109,600,000",jobsohio-2020-metrics.pdf,2,Economic Dev. Grant,"$500,000"
2020-Feb,McKesson Corporation,Fayette,Western,Healthcare,42,"$2,500,000",129,"$109,600,000",jobsohio-2020-metrics.pdf,2,Workforce Grant,"$300,000"
2020-Feb,"Surgere, Inc.",Summit,Northeast,IT,93,"$7,619,196",52,"$885,000",jobsohio-2020-metrics.pdf,2,Economic Dev. Grant,"$530,000"
2020-Feb,"Surgere, Inc.",Summit,Northeast,IT,93,"$7,619,196",52,"$885,000",jobsohio-2020-metrics.pdf,2,Workforce Grant,"$480,000"
2020-Feb,"Altivia Petrochemicals, LLC",Scioto,Southeast,Energy and Chemicals,12,"$852,000",137,"$1,200,000",jobsohio-2020-metrics.pdf,2,Economic Dev. Grant,"$200,000"
2020-Feb,Avery Dennison Retail Information Services LLC,Montgomery,Western,IT,65,"$6,000,000",472,"$18,300,000",jobsohio-2020-metrics.pdf,2,Economic Dev. Grant,"$300,000"
2020-Feb,"Belcan, LLC",Hamilton,Southwest,Aerospace and Aviation,200,"$15,000,000",560,"$1,750,000",jobsohio-2020-metrics.pdf,2,Economic Dev. Grant,"$1,750,000"
2020-Feb,"Charles River Laboratories Ashland, LLC",Ashland,Northeast,Healthcare,140,"$5,569,760",929,"$20,932,000",jobsohio-2020-metrics.pdf,2,Economic Dev. Grant,"$300,000"
2020-Feb,"Liberty Steel Industries, Inc.",Trumbull,Northeast,Advanced Manufacturing,15,"$750,000",132,"$6,750,000",jobsohio-2020-metrics.pdf,2,Economic Dev. Grant,"$30,000"
2020-Feb,Mixt Solutions LLC,Union,Central,Logistics and Distribution,8,"$500,000",5,"$1,233,450",jobsohio-2020-metrics.pdf,2,Economic Dev. Grant,"$50,000"
2020-Feb,"Petmin USA, Inc.",Ashtabula,Northeast,Other,110,"$6,600,000",0,"$347,000,000",jobsohio-2020-metrics.pdf,2,Economic Dev. Grant,"$5,000,000"
2020-Feb,"Petmin USA, Inc.",Ashtabula,Northeast,Other,110,"$6,600,000",0,"$347,000,000",jobsohio-2020-metrics.pdf,2,Revitalization Grant,"$5,000,000"
2020-Feb,Union Metal Industries Corporation,Stark,Northeast,Advanced Manufacturing,250,"$13,000,000",0,"$2,788,000",jobsohio-2020-metrics.pdf,2,Economic Dev. Grant,"$650,000"
2020-Feb,"VEGA Americas, Inc.",Warren,Southwest,Advanced Manufacturing,30,"$1,800,000",217,"$55,000,000",jobsohio-2020-metrics.pdf,2,Economic Dev. Grant,"$200,000"
2020-Mar,Barnes Group Inc.,Butler,Southwest,Aerospace and Aviation,10,"$489,000",336,"$5,700,000",jobsohio-2020-metrics.pdf,3,Workforce Grant,"$40,000"
2020-Mar,"eResearch Technology, Inc.",Cuyahoga,Northeast,Healthcare,100,"$7,000,000",20,$0,jobsohio-2020-metrics.pdf,3,Economic Dev. Grant,"$100,000"
2020-Mar,"eResearch Technology, Inc.",Cuyahoga,Northeast,Healthcare,100,"$7,000,000",20,$0,jobsohio-2020-metrics.pdf,3,Workforce Grant,"$400,000"
2020-Mar,"Helium SEO, LLC",Hamilton,Southwest,IT,120,"$6,621,888",26,$0,jobsohio-2020-metrics.pdf,3,Workforce Grant,"$240,000"
2020-Mar,"Losant IoT, Inc.",Hamilton,Southwest,IT,100,"$10,000,000",36,$0,jobsohio-2020-metrics.pdf,3,Workforce Grant,"$50,000"
2020-Mar,Marcum LLP,Cuyahoga,Northeast,Financial Services,20,"$1,040,000",30,$0,jobsohio-2020-metrics.pdf,3,Workforce Grant,"$55,000"
2020-Mar,"Nestle USA, Inc.",Cuyahoga,Northeast,Food and Agribusiness,115,"$6,260,000",1251,"$3,300,000",jobsohio-2020-metrics.pdf,3,Workforce Grant,"$200,000"
2020-Mar,"Next Generation Films, Inc.",Richland,Northeast,Advanced Manufacturing,100,"$4,000,000",606,"$42,000,000",jobsohio-2020-metrics.pdf,3,Workforce Grant,"$200,000"
2020-Mar,"Quantum Health, Inc.",Franklin,Central,Healthcare,350,"$18,060,000",749,$0,jobsohio-2020-metrics.pdf,3,Workforce Grant,"$700,000"
2020-Mar,Timkensteel Corporation,Preble,Western,Advanced Manufacturing,25,"$855,000",92,"$12,338,000",jobsohio-2020-metrics.pdf,3,Workforce Grant,"$50,000"
2020-Mar,Whirlpool Corporation,Hancock,Northwest,Advanced Manufacturing,0,$0,2175,"$61,911,430",jobsohio-2020-metrics.pdf,3,Workforce Grant,"$600,000"
2020-Mar,"Case Farms Processing, Inc",Holmes,Southeast,Food and Agribusiness,144,"$5,300,000",346,"$101,630,000",jobsohio-2020-metrics.pdf,3,Economic Dev. Grant,"$1,000,000"
2020-Mar,"FIS Management Services, LLC",Hamilton,Southwest,Financial Services,0,$0,1600,$0,jobsohio-2020-metrics.pdf,3,Economic Dev. Grant,"$7,500,000"
2020-Mar,"Fresh Products, LLC",Wood,Northwest,Energy and Chemicals,91,"$4,204,000",207,"$9,500,000",jobsohio-2020-metrics.pdf,3,Economic Dev. Grant,"$175,000"
2020-Mar,"Superior Dairy, Inc.",Stark,Northeast,Food and Agribusiness,123,"$9,500,000",313,"$25,500,000",jobsohio-2020-metrics.pdf,3,Economic Dev. Grant,"$1,400,000"
2020-Mar,The Sherwin-Williams Company,Cuyahoga,Northeast,Energy and Chemicals,400,"$35,800,000",3524,"$598,800,000",jobsohio-2020-metrics.pdf,3,Economic Dev. Grant,"$32,500,000"
2020-Mar,The Sherwin-Williams Company,Cuyahoga,Northeast,Energy and Chemicals,400,"$35,800,000",3524,"$598,800,000",jobsohio-2020-metrics.pdf,3,Revitalization Grant,"$5,000,000"
2020-Mar,The William Powell Company,Hamilton,Southwest,Advanced Manufacturing,9,"$450,000",27,"$3,700,000",jobsohio-2020-metrics.pdf,3,Economic Dev. Grant,"$66,250"
2020-Mar,The William Powell Company,Hamilton,Southwest,Advanced Manufacturing,9,"$450,000",27,"$3,700,000",jobsohio-2020-metrics.pdf,3,Revitalization Grant,"$333,750"
2020-Mar,"Scannell Properties #317, LLC*",Cuyahoga,Northeast,Logistics and Distribution,0,$0,0,"$39,800,311",jobsohio-2020-metrics.pdf,3,Revitalization Grant,"$500,000"
2020-Mar,"Scannell Properties #317, LLC*",Cuyahoga,Northeast,Logistics and Distribution,0,$0,0,"$39,800,311",jobsohio-2020-metrics.pdf,3,Revitalization Loan,"$3,000,000"
2020-Mar,"Integrated Stair Systems, Inc.",Richland,Northeast,Advanced Manufacturing,70,"$2,000,000",0,"$825,000",jobsohio-2020-metrics.pdf,3,Revitalization Grant,"$100,000"
2020-Mar,"OnShift, Inc.",Cuyahoga,Northeast,IT,200,"$19,544,740",224,"$2,000,000",jobsohio-2020-metrics.pdf,3,Revitalization Grant,"$750,000"
2020-Apr,"Aeroseal, LLC",Montgomery,Western,Advanced Manufacturing,21,"$1,113,000",54,"$3,600,000",jobsohio-2020-metrics.pdf,4,Growth Fund Loan,"$1,280,000"
2020-Apr,"Detroit Manufacturing Systems Toledo and Non-Automotive, LLC",Lucas,Northwest,Automotive,101,"$4,292,150",0,"$11,800,000",jobsohio-2020-metrics.pdf,4,Growth Fund Loan,"$1,500,000"
2020-Apr,RM Biltrite LLC,Franklin,Central,Advanced Manufacturing,44,"$1,888,000",0,"$9,302,500",jobsohio-2020-metrics.pdf,4,Growth Fund Loan,"$780,000"
2020-Apr,"Candle-Lite Company, LLC",Highland,Southeast,Advanced Manufacturing,64,"$2,169,856",535,"$2,000,000",jobsohio-2020-metrics.pdf,4,Workforce Grant,"$130,000"
2020-Apr,"Church & Dwight Co., Inc.",Seneca,Northwest,Energy and Chemicals,60,"$3,120,000",240,"$38,300,000",jobsohio-2020-metrics.pdf,4,Workforce Grant,"$100,000"
2020-Apr,"O'Reilly Auto Enterprises, LLC",Summit,Northeast,Logistics and Distribution,350,"$10,375,000",0,"$45,000,000",jobsohio-2020-metrics.pdf,4,Workforce Grant,"$200,000"
2020-Apr,Updox LLC,Franklin,Central,IT,45,"$3,665,000",92,$0,jobsohio-2020-metrics.pdf,4,Workforce Grant,"$150,000"
2020-Apr,Zilker Technology LLC,Cuyahoga,Northeast,IT,56,"$7,007,875",11,"$59,942",jobsohio-2020-metrics.pdf,4,Workforce Grant,"$250,000"
2020-Apr,"Alene Pollen, LLC",Licking,Central,Advanced Manufacturing,58,"$2,500,000",176,"$1,815,000",jobsohio-2020-metrics.pdf,4,Economic Dev. Grant,"$150,000"
2020-Apr,"Church & Dwight Co., Inc.",Seneca,Northwest,Energy and Chemicals,60,"$3,120,000",240,"$38,300,000",jobsohio-2020-metrics.pdf,4,Economic Dev. Grant,"$300,000"
2020-Apr,Eagle Family Foods Group LLC,Cuyahoga,Northeast,Food and Agribusiness,56,"$6,031,500",54,"$372,039",jobsohio-2020-metrics.pdf,4,Economic Dev. Grant,"$215,000"
2020-Apr,General Fasteners Company,Ross,Southeast,Logistics and Distribution,14,"$465,000",0,"$220,000",jobsohio-2020-metrics.pdf,4,Economic Dev. Grant,"$25,000"
2020-Apr,Haltec Corporation,Columbiana,Northeast,Automotive,41,"$1,500,000",113,"$9,776,304",jobsohio-2020-metrics.pdf,4,Economic Dev. Grant,"$100,000"
2020-Apr,Ludlow Composites Corporation,Sandusky,Northwest,Advanced Manufacturing,31,"$999,440",77,"$2,800,000",jobsohio-2020-metrics.pdf,4,Economic Dev. Grant,"$300,000"
2020-Apr,"R. K. Administrative Services, LLC",Pike,Southeast,Logistics and Distribution,75,"$2,250,000",370,"$16,884,223",jobsohio-2020-metrics.pdf,4,Economic Dev. Grant,"$400,000"
2020-Apr,"The Adcom Group, Inc.",Cuyahoga,Northeast,IT,46,"$2,760,000",90,"$1,834,561",jobsohio-2020-metrics.pdf,4,Revitalization Grant,"$200,000"
2020-Apr,Port of Greater Cincinnati Development Authority,Hamilton,Southwest,Other,0,$0,0,$0,jobsohio-2020-metrics.pdf,4,Revitalization Grant Phase II,"$200,000"
2020-May,"Butler Animal Health Supply, LLC",Franklin,Central,Healthcare,100,"$6,000,000",228,"$2,200,000",jobsohio-2020-metrics.pdf,5,Workforce Grant,"$100,000"
2020-May,"Callibrity Solutions, LLC Columbus Section of The American",,Multi-Regional,IT,95,"$9,024,392",30,"$400,000",jobsohio-2020-metrics.pdf,5,Workforce Grant,"$200,000"
2020-May,Chemical Society,Franklin,Central,Other,20,"$2,390,000",1305,"$100,000",jobsohio-2020-metrics.pdf,5,Workforce Grant,"$150,000"
2020-May,"Market Track, LLC",Cuyahoga,Northeast,IT,65,"$2,080,000",70,$0,jobsohio-2020-metrics.pdf,5,Workforce Grant,"$65,000"
2020-May,"80 Acres Urban Agriculture, Inc.","Butler, Hamilton",Southwest,Food and Agribusiness,125,"$7,950,000",29,"$26,975,000",jobsohio-2020-metrics.pdf,5,Economic Dev. Grant,"$500,000"
2020-May,American Nuts LLC,Cuyahoga,Northeast,Food and Agribusiness,60,"$2,100,000",0,"$4,403,927",jobsohio-2020-metrics.pdf,5,Economic Dev. Grant,"$300,000"
2020-May,"Art of Beauty Company, Inc.",Cuyahoga,Northeast,Energy and Chemicals,4,"$145,454",44,"$125,000",jobsohio-2020-metrics.pdf,5,Economic Dev. Grant,"$50,000"
2020-May,Dansons Peebles LLC,Adams,Southeast,Food and Agribusiness,21,"$786,400",0,"$6,224,582",jobsohio-2020-metrics.pdf,5,Economic Dev. Grant,"$75,000"
2020-May,"Essilor Laboratories of America, Inc.",Franklin,Central,Healthcare,118,"$4,518,530",342,"$24,200,000",jobsohio-2020-metrics.pdf,5,Economic Dev. Grant,"$100,000"
2020-May,"Faxon Firearms, LLC",Butler,Southwest,Advanced Manufacturing,15,"$819,000",55,"$3,725,000",jobsohio-2020-metrics.pdf,5,Economic Dev. Grant,"$75,000"
2020-May,Hardy Diagnostics,Warren,Southwest,Healthcare,5,"$208,000",128,"$250,000",jobsohio-2020-metrics.pdf,5,Economic Dev. Grant,"$50,000"
2020-May,"L. M. Engineering, Inc.",Mahoning,Northeast,Advanced Manufacturing,20,"$930,000",21,"$706,340",jobsohio-2020-metrics.pdf,5,Economic Dev. Grant,"$75,000"
2020-May,"Marelli North America, Inc.",Wood,Northwest,Automotive,75,"$2,900,000",0,"$10,900,000",jobsohio-2020-metrics.pdf,5,Economic Dev. Grant,"$500,000"
2020-May,"Neaton Auto Products Manufacturing, Inc.",Preble,Western,Automotive,70,"$1,860,000",678,"$15,000,000",jobsohio-2020-metrics.pdf,5,Economic Dev. Grant,"$250,000"
2020-May,Nova Tube and Steel LLC,Fulton,Northwest,Other,102,"$5,660,428",0,"$66,000,000",jobsohio-2020-metrics.pdf,5,Economic Dev. Grant,"$725,000"
2020-May,"Upstart Network, Inc.",Franklin,Central,Financial Services,257,"$27,625,000",0,"$719,000",jobsohio-2020-metrics.pdf,5,Economic Dev. Grant,"$400,000"
2020-May,"USA Firmware, LLC",Cuyahoga,Northeast,IT,28,"$3,229,000",15,"$200,000",jobsohio-2020-metrics.pdf,5,Economic Dev. Grant,"$65,000"
2020-May,"5500 Building, LLC",Cuyahoga,Northeast,Healthcare,60,"$2,600,000",35,"$1,000,000",jobsohio-2020-metrics.pdf,5,Revitalization Grant,"$150,000"
2020-May,Kao USA Inc.,Hamilton,Southwest,Energy and Chemicals,45,"$2,700,000",521,"$35,000,000",jobsohio-2020-metrics.pdf,5,Revitalization Grant,"$1,950,000"
2020-May,"Meridienne International, Inc.",Portage,Northeast,Advanced Manufacturing,14,"$490,000",20,"$381,800",jobsohio-2020-metrics.pdf,5,Revitalization Grant,"$75,000"
2020-Jun,"Buckeye Mask Company, LLC",Cuyahoga,Northeast,Advanced Manufacturing,10,"$425,000",0,"$1,800,000",jobsohio-2020-metrics.pdf,6,Growth Fund Loan,"$1,800,000"
2020-Jun,"Stitches USA, LLC",Holmes,Southeast,Advanced Manufacturing,7,"$300,000",0,"$1,200,000",jobsohio-2020-metrics.pdf,6,Growth Fund Loan,"$1,200,000"
2020-Jun,Tulkoff Food Products Ohio LLC,Hamilton,Southwest,Food and Agribusiness,20,"$1,100,000",0,"$7,965,000",jobsohio-2020-metrics.pdf,6,Growth Fund Loan,"$1,600,000"
2020-Jun,"Morgan Truck Body, LLC",Wayne,Northeast,Automotive,139,"$4,865,000",0,"$24,350,000",jobsohio-2020-metrics.pdf,6,Revitalization Grant,"$850,000"
2020-Jun,"Morgan Truck Body, LLC",Wayne,Northeast,Automotive,139,"$4,865,000",0,"$24,350,000",jobsohio-2020-metrics.pdf,6,Workforce Grant,"$150,000"
2020-Jun,"SPS Technologies, LLC",Warren,Southwest,Aerospace and Aviation,190,"$14,550,000",0,"$128,700,000",jobsohio-2020-metrics.pdf,6,Economic Dev. Grant,"$1,000,000"
2020-Jun,"SPS Technologies, LLC",Warren,Southwest,Aerospace and Aviation,190,"$14,550,000",0,"$128,700,000",jobsohio-2020-metrics.pdf,6,Workforce Grant,"$600,000"
2020-Jun,"Carvana, LLC",Butler,Southwest,Logistics and Distribution,400,"$13,312,000",0,"$24,165,000",jobsohio-2020-metrics.pdf,6,Economic Dev. Grant,"$175,000"
2020-Jun,Cleveland Kitchen Co.,Cuyahoga,Northeast,Food and Agribusiness,45,"$1,321,687",45,"$685,000",jobsohio-2020-metrics.pdf,6,Economic Dev. Grant,"$50,000"
2020-Jun,"Crozier Welding, LLC",Coshocton,Southeast,Energy and Chemicals,15,"$900,120",30,"$1,665,000",jobsohio-2020-metrics.pdf,6,Economic Dev. Grant,"$75,000"
2020-Jun,"Dolgencorp, LLC",Muskingum,Southeast,Logistics and Distribution,55,"$1,830,400",758,"$18,500,000",jobsohio-2020-metrics.pdf,6,Economic Dev. Grant,"$150,000"
2020-Jun,"HP Pelzer Automotive Systems, Inc.",Lucas,Northwest,Automotive,79,"$3,543,744",0,"$8,826,000",jobsohio-2020-metrics.pdf,6,Economic Dev. Grant,"$350,000"
2020-Jun,"Snowville Creamery, LLC",Meigs,Southeast,Food and Agribusiness,2,"$54,080",30,"$79,000",jobsohio-2020-metrics.pdf,6,Economic Dev. Grant,"$50,000"
2020-Jun,"Specialized Technology Resources, Inc.",Huron,Northwest,Advanced Manufacturing,51,"$2,700,000",0,"$3,000,000",jobsohio-2020-metrics.pdf,6,Economic Dev. Grant,"$400,000"
2020-Jun,The Davey Tree Expert Company,Portage,Northeast,Other,70,"$4,300,000",406,"$12,500,000",jobsohio-2020-metrics.pdf,6,Economic Dev. Grant,"$300,000"
2020-Jun,Thermoseal Inc.,Shelby,Western,Advanced Manufacturing,6,"$274,560",28,"$820,000",jobsohio-2020-metrics.pdf,6,Economic Dev. Grant,"$82,000"
2020-Jun,"Mi-De-Con, Inc.",Lawrence,Southeast,Energy and Chemicals,15,"$1,200,000",75,"$1,061,000",jobsohio-2020-metrics.pdf,6,Revitalization Grant,"$250,000"
2020-Jun,Hitachi Healthcare Americas Corporation,Summit,Northeast,Healthcare,41,"$4,000,000",168,"$3,350,000",jobsohio-2020-metrics.pdf,6,Research and Development Grant,"$1,750,000"
2020-Jul,"C.B.S. Boring and Machine Company, Inc.",Defiance,Northwest,Automotive,30,"$1,500,096",20,"$15,000,000",jobsohio-2020-metrics.pdf,7,Workforce Grant,"$50,000"
2020-Jul,"Fathom SEO, LLC",Cuyahoga,Northeast,IT,35,"$2,800,000",68,"$2,880,000",jobsohio-2020-metrics.pdf,7,Workforce Grant,"$150,000"
2020-Jul,Origin Venture LLC,Butler,Southwest,Advanced Manufacturing,64,"$4,680,000",0,"$56,129,061",jobsohio-2020-metrics.pdf,7,Economic Dev. Grant,"$400,000"
2020-Jul,Origin Venture LLC,Butler,Southwest,Advanced Manufacturing,64,"$4,680,000",0,"$56,129,061",jobsohio-2020-metrics.pdf,7,Workforce Grant,"$400,000"
2020-Jul,Brew Brothers Trucking LLC,Pike,Southeast,Logistics and Distribution,24,"$1,124,800",8,"$242,000",jobsohio-2020-metrics.pdf,7,Economic Dev. Grant,"$35,000"
2020-Jul,Bulten North America LLC,Portage,Northeast,Automotive,35,"$2,700,000",21,"$4,300,000",jobsohio-2020-metrics.pdf,7,Economic Dev. Grant,"$100,000"
2020-Jul,Logoplaste Lima LLC,Allen,Northwest,Advanced Manufacturing,51,"$2,847,000",0,"$35,000,000",jobsohio-2020-metrics.pdf,7,Economic Dev. Grant,"$365,000"
2020-Jul,"Lorad, LLC",Lorain,Northeast,Advanced Manufacturing,22,"$1,230,000",59,"$360,000",jobsohio-2020-metrics.pdf,7,Economic Dev. Grant,"$90,000"
2020-Jul,Perishable Shipping Solutions LLC,Trumbull,Northeast,Food and Agribusiness,85,"$2,641,200",38,"$605,000",jobsohio-2020-metrics.pdf,7,Economic Dev. Grant,"$75,000"
2020-Jul,NPA Coatings Inc.,Cuyahoga,Northeast,Energy and Chemicals,29,"$1,900,000",182,"$6,278,000",jobsohio-2020-metrics.pdf,7,Revitalization Grant,"$250,000"
2020-Aug,The Ultra-Met Company,Champaign,Western,Advanced Manufacturing,22,"$1,205,000",115,"$4,065,000",jobsohio-2020-metrics.pdf,8,Growth Fund Loan,"$1,500,000"
2020-Aug,Keim Lumber Company,Holmes,Southeast,Advanced Manufacturing,35,"$1,164,800",493,"$1,251,000",jobsohio-2020-metrics.pdf,8,Workforce Grant,"$75,000"
2020-Aug,"Safran Power USA, LLC",Summit,Northeast,Aerospace and Aviation,0,$0,105,$0,jobsohio-2020-metrics.pdf,8,Workforce Grant,"$225,000"
2020-Aug,Tiger Pistol Inc.,Cuyahoga,Northeast,IT,25,"$2,318,875",11,"$18,000",jobsohio-2020-metrics.pdf,8,Workforce Grant,"$65,000"
2020-Aug,"Brakefire, Incorporated",Hamilton,Southwest,Other,48,"$4,230,756",107,"$6,100,000",jobsohio-2020-metrics.pdf,8,Economic Dev. Grant,"$200,000"
2020-Aug,"Coblentz Distributing, Inc.",Holmes,Southeast,Food and Agribusiness,13,"$484,827",165,"$1,500,000",jobsohio-2020-metrics.pdf,8,Economic Dev. Grant,"$50,000"
2020-Aug,"Hydraulic Manifolds, USA LLC",Summit,Northeast,Advanced Manufacturing,15,"$900,000",0,"$2,650,000",jobsohio-2020-metrics.pdf,8,Economic Dev. Grant,"$75,000"
2020-Aug,"Infinium Wall Systems, Inc.",Cuyahoga,Northeast,Advanced Manufacturing,20,"$1,200,000",48,"$10,450,882",jobsohio-2020-metrics.pdf,8,Economic Dev. Grant,"$425,000"
2020-Aug,International Cushioning Company LLC,Sandusky,Northwest,Advanced Manufacturing,75,"$3,400,000",0,"$3,604,260",jobsohio-2020-metrics.pdf,8,Economic Dev. Grant,"$300,000"
2020-Aug,"Menard, Inc.",Portage,Northeast,Logistics and Distribution,90,"$3,499,239",0,"$54,777,350",jobsohio-2020-metrics.pdf,8,Economic Dev. Grant,"$450,000"
2020-Aug,Thaler Machine Company LLC,Warren,Southwest,Advanced Manufacturing,30,"$1,250,000",110,"$7,700,000",jobsohio-2020-metrics.pdf,8,Economic Dev. Grant,"$75,000"
2020-Aug,"The Louis G. Freeman Company, LLC",Sandusky,Northwest,Advanced Manufacturing,29,"$1,387,360",68,"$1,557,000",jobsohio-2020-metrics.pdf,8,Economic Dev. Grant,"$125,000"
2020-Aug,The Mennel Milling Company,Seneca and Hancock,Northwest,Food and Agribusiness,12,"$449,280",210,"$8,736,893",jobsohio-2020-metrics.pdf,8,Economic Dev. Grant,"$75,000"
2020-Aug,"Troy Laminating and Coating, Inc.",Miami,Western,Advanced Manufacturing,53,"$2,154,760",41,"$1,860,000",jobsohio-2020-metrics.pdf,8,Economic Dev. Grant,"$300,000"
2020-Aug,Ironhawk Industrial Distribution LLC,Cuyahoga,Northeast,Advanced Manufacturing,31,"$2,200,000",6,"$1,132,000",jobsohio-2020-metrics.pdf,8,Revitalization Grant,"$200,000"
2020-Aug,"Phoenix Quality MFG, LLC",Jackson,Southeast,Advanced Manufacturing,40,"$1,664,000",0,"$4,263,100",jobsohio-2020-metrics.pdf,8,Revitalization Grant,"$250,000"
2020-Aug,"Advantage Tent Fittings, Inc.",Ross,Southeast,Advanced Manufacturing,3,"$74,880",11,"$76,325",jobsohio-2020-metrics.pdf,8,Inclusion Grant,"$20,000"
2020-Aug,"TTL Associates, Inc.",Lucas,Northwest,Other,9,"$374,400",58,"$296,450",jobsohio-2020-metrics.pdf,8,Inclusion Grant,"$50,000"
2020-Aug,Zanesville Muskingum County Port Authority,Muskingum,Southeast,Other,0,$0,0,$0,jobsohio-2020-metrics.pdf,8,Spec Development - OHSE,"$3,090,000"
2020-Sep,"Dorel Home Furnishings, Inc.",Seneca,Northwest,Advanced Manufacturing,87,"$2,871,835",218,"$3,270,000",jobsohio-2020-metrics.pdf,9,Economic Dev. Grant,"$325,000"
2020-Sep,"Dorel Home Furnishings, Inc.",Seneca,Northwest,Advanced Manufacturing,87,"$2,871,835",218,"$3,270,000",jobsohio-2020-metrics.pdf,9,Workforce Grant,"$100,000"
2020-Sep,Miller Plating LLC,Medina,Northeast,Advanced Manufacturing,35,"$1,140,000",0,"$225,000",jobsohio-2020-metrics.pdf,9,Workforce Grant,"$30,000"
2020-Sep,American Craft Brewery LLC,Hamilton,Southwest,Food and Agribusiness,105,"$7,736,000",118,"$78,175,000",jobsohio-2020-metrics.pdf,9,Economic Dev. Grant,"$550,000"
2020-Sep,Ardent Technologies Inc.,Montgomery,Western,Technology,20,"$2,000,000",52,"$220,000",jobsohio-2020-metrics.pdf,9,Economic Dev. Grant,"$75,000"
2020-Sep,Heritage Bag Company,Butler,Southwest,Advanced Manufacturing,69,"$1,865,760",81,"$292,498",jobsohio-2020-metrics.pdf,9,Economic Dev. Grant,"$75,000"
2020-Sep,"Schlabach Wood Design, Inc.",Coshocton,Southeast,Advanced Manufacturing,55,"$2,508,772",83,"$3,476,000",jobsohio-2020-metrics.pdf,9,Economic Dev. Grant,"$200,000"
2020-Sep,Union Home Mortgage Corp.,Cuyahoga,Northeast,Financial Services,450,"$29,250,000",245,"$10,886,851",jobsohio-2020-metrics.pdf,9,Revitalization Grant,"$2,000,000"
2020-Sep,"ACE Products & Consulting, LLC",Portage,Northeast,Shale Energy and Petrochemicals,4,"$200,000",8,"$53,500",jobsohio-2020-metrics.pdf,9,Inclusion Grant,"$35,000"
2020-Sep,Borer Corporation,Seneca,Northwest,Advanced Manufacturing,8,"$390,080",9,"$237,805",jobsohio-2020-metrics.pdf,9,Inclusion Grant,"$50,000"
2020-Sep,"Circle M Meats, LLC",Jackson,Southeast,Food Sciences and Agriculture,8,"$216,320",0,"$600,000",jobsohio-2020-metrics.pdf,9,Inclusion Grant,"$50,000"
2020-Sep,Evanston Investments LLC,Allen,Northwest,Advanced Manufacturing,3,"$90,480",20,"$365,000",jobsohio-2020-metrics.pdf,9,Inclusion Grant,"$50,000"
2020-Sep,"JB-Nets, LLC",Gallia,Southeast,Information Services and Software,3,"$70,000",10,"$80,000",jobsohio-2020-metrics.pdf,9,Inclusion Grant,"$25,000"
2020-Sep,"MAKO Finished Products, Inc.",Scioto,Southeast,Advanced Manufacturing,6,"$137,280",8,"$120,000",jobsohio-2020-metrics.pdf,9,Inclusion Grant,"$25,000"
2020-Sep,Micropyretics Heaters International Inc.,Hamilton,Southwest,Advanced Manufacturing,15,"$750,000",10,"$7,000",jobsohio-2020-metrics.pdf,9,Inclusion Grant,"$50,000"
2020-Sep,"Milsek Furniture Polish, Inc.",Columbiana,Northeast,Shale Energy and Petrochemicals,3,"$85,000",4,"$92,000",jobsohio-2020-metrics.pdf,9,Inclusion Grant,"$50,000"
2020-Sep,Patricia Rawlinson Designs LLC,Gallia,Southeast,Advanced Manufacturing,4,"$99,840",14,"$330,000",jobsohio-2020-metrics.pdf,9,Inclusion Grant,"$50,000"
2020-Sep,"R & C Packing, Inc.",Gallia,Southeast,Food Sciences and Agriculture,7,"$211,120",17,"$1,500,000",jobsohio-2020-metrics.pdf,9,Inclusion Grant,"$50,000"
2020-Sep,"Silver Bridge Coffee Company, LLC",Gallia,Southeast,Food Sciences and Agriculture,3,"$74,880",5,"$164,300",jobsohio-2020-metrics.pdf,9,Inclusion Grant,"$50,000"
2020-Sep,"Swartz Race Cars, Inc.",Scioto,Southeast,Automotive,2,"$47,840",5,"$98,704",jobsohio-2020-metrics.pdf,9,Inclusion Grant,"$40,000"
2020-Sep,Wellman Services LLC,Allen,Northwest,Advanced Manufacturing,5,"$200,000",8,"$62,355",jobsohio-2020-metrics.pdf,9,Inclusion Grant,"$25,000"
2020-Oct,"Voss Industries, LLC",Cuyahoga,Northeast,Aerospace and Aviation,80,"$4,093,742",335,"$2,685,000",jobsohio-2020-metrics.pdf,10,Economic Dev. Grant,"$600,000"
2020-Oct,"Voss Industries, LLC",Cuyahoga,Northeast,Aerospace and Aviation,80,"$4,093,742",335,"$2,685,000",jobsohio-2020-metrics.pdf,10,Workforce Grant,"$200,000"
2020-Oct,Wausau Supply Co.,Williams,Northwest,Logistics and Distribution,19,"$915,200",0,"$4,600,000",jobsohio-2020-metrics.pdf,10,Workforce Grant,"$100,000"
2020-Oct,"AES US SERVICES, LLC",Montgomery,Western,Energy and Chemicals,31,"$2,825,700",55,"$4,000,000",jobsohio-2020-metrics.pdf,10,Economic Dev. Grant,"$400,000"
2020-Oct,"Arlington Valley Farms, LLC",Summit,Northeast,Food and Agribusiness,97,"$4,813,000",11,"$4,870,000",jobsohio-2020-metrics.pdf,10,Economic Dev. Grant,"$250,000"
2020-Oct,"Carvana, LLC",Lorain and Cuyahoga,Northeast,Logistics and Distribution,400,"$13,312,000",222,"$23,000,000",jobsohio-2020-metrics.pdf,10,Economic Dev. Grant,"$100,000"
2020-Oct,Chillicothe Steel Company,Ross,Southeast,Advanced Manufacturing,8,"$282,880",25,"$1,412,500",jobsohio-2020-metrics.pdf,10,Economic Dev. Grant,"$25,000"
2020-Oct,"Home Depot U.S.A., Inc.",Hamilton,Southwest,Logistics and Distribution,31,"$1,245,780",0,"$1,000,000",jobsohio-2020-metrics.pdf,10,Economic Dev. Grant,"$100,000"
2020-Oct,"Home Depot U.S.A., Inc.",Franklin,Central,Logistics and Distribution,31,"$1,231,740",0,"$1,000,000",jobsohio-2020-metrics.pdf,10,Economic Dev. Grant,"$100,000"
2020-Oct,Ineos Pigments USA Inc.,Ashtabula,Northeast,Energy and Chemicals,27,"$2,700,000",450,"$3,400,000",jobsohio-2020-metrics.pdf,10,Economic Dev. Grant,"$260,000"
2020-Oct,MFM Building Products Corporation,Coshocton,Southeast,Energy and Chemicals,7,"$329,000",63,"$2,730,000",jobsohio-2020-metrics.pdf,10,Economic Dev. Grant,"$200,000"
2020-Oct,"QQE Summit, LLC",Montgomery,Western,Advanced Manufacturing,14,"$993,600",80,"$914,000",jobsohio-2020-metrics.pdf,10,Economic Dev. Grant,"$100,000"
2020-Oct,Workhorse Group Inc.,Hamilton,Southwest,Automotive,40,"$2,912,000",70,"$500,000",jobsohio-2020-metrics.pdf,10,Economic Dev. Grant,"$200,000"
2020-Oct,"York Street Fresh Foods, LLC",Hamilton,Southwest,Food and Agribusiness,128,"$4,363,327",146,"$3,000,000",jobsohio-2020-metrics.pdf,10,Economic Dev. Grant,"$410,000"
2020-Oct,"Polytech America, LLC",Stark,Northeast,Advanced Manufacturing,30,"$1,865,728",0,"$7,200,000",jobsohio-2020-metrics.pdf,10,Revitalization Grant,"$100,000"
2020-Oct,"Solmet Drilling Solutions, LLC",Stark,Northeast,Advanced Manufacturing,15,"$1,000,000",59,"$1,960,484",jobsohio-2020-metrics.pdf,10,Revitalization Grant,"$100,000"
2020-Oct,"ECCOzH2O, LLC",Cuyahoga,Northeast,Advanced Manufacturing,0,$0,0,$0,jobsohio-2020-metrics.pdf,10,JobsOhio Revitalization Phase II,"$162,100"
2020-Oct,ATMOS 360 Manufacturing LLC,Hamilton,Southwest,Advanced Manufacturing,5,"$239,200",1,"$45,000",jobsohio-2020-metrics.pdf,10,Inclusion Grant,"$50,000"
2020-Oct,"Four Seasons Manufacturing Company, LLC",Portage,Northeast,Advanced Manufacturing,6,"$240,000",33,"$100,000",jobsohio-2020-metrics.pdf,10,Inclusion Grant,"$40,000"
2020-Oct,"Journey Steel, Inc.",Hamilton,Southwest,Other,4,"$191,360",27,"$45,000",jobsohio-2020-metrics.pdf,10,Inclusion Grant,"$50,000"
2020-Oct,"Schaad and Sons, Inc.",Morgan,Southeast,Advanced Manufacturing,3,"$131,040",13,"$156,688",jobsohio-2020-metrics.pdf,10,Inclusion Grant,"$50,000"
2020-Oct,"Trio Trucking, Inc.",Hamilton,Southwest,Logistics and Distribution,6,"$249,650",42,"$30,000",jobsohio-2020-metrics.pdf,10,Inclusion Grant,"$50,000"
2020-Oct,"United Equity, Inc.",Allen,Northwest,Food and Agribusiness,5,"$166,400",34,"$125,000",jobsohio-2020-metrics.pdf,10,Inclusion Grant,"$25,000"
2020-Oct,Zod LLC,Athens,Southeast,Food and Agribusiness,4,"$130,000",2,"$350,000",jobsohio-2020-metrics.pdf,10,Inclusion Grant,"$25,000"
2020-Nov,"GenomOncology, LLC",Cuyahoga,Northeast,Healthcare,0,$0,32,"$644,734",jobsohio-2020-metrics.pdf,11,Workforce Grant,"$65,000"
2020-Nov,"Huhtamaki, Inc.",Highland,Southeast,Advanced Manufacturing,30,"$1,813,431",226,"$3,000,000",jobsohio-2020-metrics.pdf,11,Workforce Grant,"$100,000"
2020-Nov,I.D. Images LLC,Medina,Northeast,Advanced Manufacturing,26,"$1,500,000",101,"$7,535,000",jobsohio-2020-metrics.pdf,11,Economic Dev. Grant,"$130,000"
2020-Nov,I.D. Images LLC,Medina,Northeast,Advanced Manufacturing,26,"$1,500,000",101,"$7,535,000",jobsohio-2020-metrics.pdf,11,Workforce Grant,"$120,000"
2020-Nov,"Ohio Associated Enterprises, LLC",Lake,Northeast,Technology,88,"$2,444,000",177,"$703,000",jobsohio-2020-metrics.pdf,11,Revitalization Grant,"$250,000"
2020-Nov,"Ohio Associated Enterprises, LLC",Lake,Northeast,Technology,88,"$2,444,000",177,"$703,000",jobsohio-2020-metrics.pdf,11,Workforce Grant,"$50,000"
2020-Nov,AddUp Inc,Hamilton,Southwest,Advanced Manufacturing,25,"$2,250,000",5,"$12,500,000",jobsohio-2020-metrics.pdf,11,Economic Dev. Grant,"$300,000"
2020-Nov,Burrows Paper Corporation,"Warren, Knox",Multi-Regional,Advanced Manufacturing,0,$0,310,"$913,235",jobsohio-2020-metrics.pdf,11,Economic Dev. Grant,"$400,000"
2020-Nov,"GOJO Industries, Inc.","Stark, Cuyahoga, Wayne",Northeast,Healthcare,296,"$13,482,085",358,"$176,195,855",jobsohio-2020-metrics.pdf,11,Economic Dev. Grant,"$2,500,000"
2020-Nov,Invacare Corporation,Lorain,Northeast,Healthcare,150,"$7,320,000",450,"$1,275,000",jobsohio-2020-metrics.pdf,11,Economic Dev. Grant,"$400,000"
2020-Nov,Owens-Brockway Glass Container Inc.,Muskingum,Southeast,Advanced Manufacturing,0,$0,350,"$21,437,500",jobsohio-2020-metrics.pdf,11,Economic Dev. Grant,"$250,000"
2020-Nov,"Perry Pro Tech, Inc.",Allen,Northwest,Technology,0,$0,78,"$6,715,000",jobsohio-2020-metrics.pdf,11,Economic Dev. Grant,"$150,000"
2020-Nov,Quality Steel Corporation of MS (Quality Steel Corporation),Sandusky,Northwest,Advanced Manufacturing,18,"$975,686",164,"$13,600,000",jobsohio-2020-metrics.pdf,11,Economic Dev. Grant,"$75,000"
2020-Nov,RSL LLC,Mahoning,Northeast,Advanced Manufacturing,33,"$1,328,720",40,"$550,000",jobsohio-2020-metrics.pdf,11,Economic Dev. Grant,"$200,000"
2020-Nov,"Sperry & Rice, LLC",Holmes,Southeast,Advanced Manufacturing,30,"$968,000",53,"$250,000",jobsohio-2020-metrics.pdf,11,Economic Dev. Grant,"$200,000"
2020-Nov,The Prince & Izant Company,Cuyahoga,Northeast,Advanced Manufacturing,21,"$975,000",104,"$2,400,000",jobsohio-2020-metrics.pdf,11,Economic Dev. Grant,"$150,000"
2020-Nov,The Tranzonic Companies,Cuyahoga,Northeast,Energy and Chemicals,6,"$450,000",79,"$680,600",jobsohio-2020-metrics.pdf,11,Economic Dev. Grant,"$300,000"
2020-Nov,Ultium Cells LLC,Trumbull,Northeast,Automotive,1000,"$45,000,000",0,"$1,500,000,000",jobsohio-2020-metrics.pdf,11,Economic Dev. Grant,"$50,000,000"
2020-Nov,Waltco Lift Corp.,Portage,Northeast,Advanced Manufacturing,120,"$5,400,000",185,"$868,042",jobsohio-2020-metrics.pdf,11,Economic Dev. Grant,"$450,000"
2020-Nov,"Worthington Foods, Inc.",Muskingum,Southeast,Food and Agribusiness,40,"$2,000,000",303,"$43,000,000",jobsohio-2020-metrics.pdf,11,Economic Dev. Grant,"$300,000"
2020-Nov,Arborwear LLC,Geauga,Northeast,Advanced Manufacturing,42,"$1,635,000",54,"$4,794,848",jobsohio-2020-metrics.pdf,11,Revitalization Grant,"$200,000"
2020-Nov,"Cast Nylons Co., Ltd.",Lake,Northeast,Advanced Manufacturing,20,"$1,037,000",118,"$2,607,500",jobsohio-2020-metrics.pdf,11,Revitalization Grant,"$125,000"
2020-Nov,PureCycle: Ohio LLC,Lawrence,Southeast,Advanced Manufacturing,51,"$3,676,872",22,"$213,210,000",jobsohio-2020-metrics.pdf,11,Revitalization Grant,"$750,000"
2020-Nov,"Sole Choice, Inc.",Scioto,Southeast,Advanced Manufacturing,30,"$650,000",35,"$640,000",jobsohio-2020-metrics.pdf,11,Revitalization Grant,"$175,000"
2020-Nov,"Andelyn Biosciences, Inc.",Franklin,Central,Healthcare,170,"$10,804,000",0,"$90,000,000",jobsohio-2020-metrics.pdf,11,JobsOhio R&D Grant,"$5,000,000"
2020-Nov,"Bryan Packaging, Inc.",Williams,Northwest,Advanced Manufacturing,7,"$203,840",20,"$365,000",jobsohio-2020-metrics.pdf,11,Inclusion Grant,"$50,000"
2020-Nov,"Chuffers, Inc.",Allen,Northwest,Other,5,"$145,600",8,"$220,000",jobsohio-2020-metrics.pdf,11,Inclusion Grant,"$25,000"
2020-Nov,"Hoffman Analytic Services, Inc.",Allen,Northwest,Other,2,"$100,000",35,"$147,000",jobsohio-2020-metrics.pdf,11,Inclusion Grant,"$50,000"
2020-Nov,"Management Performance International, Inc.",Hamilton,Southwest,Other,6,"$400,000",6,$0,jobsohio-2020-metrics.pdf,11,Inclusion Grant,"$25,000"
2020-Nov,Patter Fam Sauces LLC,Scioto,Southeast,Food and Agribusiness,2,"$36,192",0,"$20,779",jobsohio-2020-metrics.pdf,11,Inclusion Grant,"$10,000"
2020-Nov,"Penguin City Brewing Company, LLC",Mahoning,Northeast,Food and Agribusiness,29,"$639,822",16,"$3,040,000",jobsohio-2020-metrics.pdf,11,Inclusion Grant,"$50,000"
2020-Nov,Replex Mirror Company,Knox,Central,Advanced Manufacturing,1,"$32,000",15,"$60,000",jobsohio-2020-metrics.pdf,11,Inclusion Grant,"$25,000"
2020-Nov,"RiskVersity, LLC",Hamilton,Southwest,Other,2,"$110,000",1,$0,jobsohio-2020-metrics.pdf,11,Inclusion Grant,"$50,000"
2020-Nov,Sandusky Packaging Corporation,Erie,Northeast,Advanced Manufacturing,3,"$145,000",42,"$2,000,000",jobsohio-2020-metrics.pdf,11,Inclusion Grant,"$25,000"
2020-Nov,"Southern Ohio Communication Services, Inc.",Pike,Southeast,Technology,5,"$208,000",10,"$100,000",jobsohio-2020-metrics.pdf,11,Inclusion Grant,"$50,000"
2020-Nov,"SURE Mechanical, LLC",Hamilton,Southwest,Other,6,"$249,600",28,"$38,123",jobsohio-2020-metrics.pdf,11,Inclusion Grant,"$50,000"
2020-Nov,The Nock and Son Company,Jackson,Southeast,Advanced Manufacturing,0,$0,15,"$10,000",jobsohio-2020-metrics.pdf,11,Inclusion Grant,"$29,000"
2020-Nov,"TriVersity Construction Company, LLC",Hamilton,Southwest,Other,0,$0,89,$0,jobsohio-2020-metrics.pdf,11,Inclusion Grant,"$50,000"
2020-Nov,"Route 43 North, LLC",Portage,Northeast,N/a,0,$0,0,"$27,306,720",jobsohio-2020-metrics.pdf,11,OSIP*,"$1,300,000"
2020-Dec,"GOJO Industries, Inc.","Stark, Cuyahoga & Wayne",Northeast,Healthcare,296,"$13,482,085",358,"$176,195,855",jobsohio-2020-metrics.pdf,12,Growth Fund,"$9,500,000"
2020-Dec,"Orange Barrel Media, LLC",Franklin,Central,Technology,10,"$1,000,000",53,"$3,000,000",jobsohio-2020-metrics.pdf,12,Growth Fund,"$3,000,000"
2020-Dec,Amazon.com Services LLC,Wood,Northwest,Logistics and Distribution,1000,"$31,200,000",0,"$100,000,000",jobsohio-2020-metrics.pdf,12,Workforce Grant,"$500,000"
2020-Dec,"DIS-TRAN Steel, LLC",Fayette,Western,Advanced Manufacturing,55,"$2,516,800",0,"$3,500,000",jobsohio-2020-metrics.pdf,12,Economic Dev. Grant,"$200,000"
2020-Dec,"DIS-TRAN Steel, LLC",Fayette,Western,Advanced Manufacturing,55,"$2,516,800",0,"$3,500,000",jobsohio-2020-metrics.pdf,12,Workforce Grant,"$100,000"
2020-Dec,Pella Corporation,Miami,Western,Advanced Manufacturing,428,"$19,277,970",0,"$15,699,369",jobsohio-2020-metrics.pdf,12,Revitalization Grant,"$1,600,000"
2020-Dec,Pella Corporation,Miami,Western,Advanced Manufacturing,428,"$19,277,970",0,"$15,699,369",jobsohio-2020-metrics.pdf,12,Workforce Grant,"$1,000,000"
2020-Dec,"Quantum Health, Inc.",Franklin,Central,Healthcare,300,"$15,200,000","1,099","$24,000,000",jobsohio-2020-metrics.pdf,12,Economic Dev. Grant,"$750,000"
2020-Dec,"Quantum Health, Inc.",Franklin,Central,Healthcare,300,"$15,200,000","1,099","$24,000,000",jobsohio-2020-metrics.pdf,12,Workforce Grant,"$250,000"
2020-Dec,"ROE Dental Laboratory, Inc.",Cuyahoga,Northeast,Healthcare,160,"$8,952,320",170,"$4,725,000",jobsohio-2020-metrics.pdf,12,Workforce Grant,"$250,000"
2020-Dec,"100% Made in the USA Bully Tools, Inc.",Jefferson,Southeast,Advanced Manufacturing,25,"$900,000",35,"$6,304,000",jobsohio-2020-metrics.pdf,12,Economic Dev. Grant,"$100,000"
2020-Dec,Griffon Holdings LLC,Medina,Northeast,Advanced Manufacturing,45,"$2,050,100",0,"$10,325,000",jobsohio-2020-metrics.pdf,12,Economic Dev. Grant,"$200,000"
2020-Dec,"Honda of America Mfg., Inc.",Shelby,Western,Automotive,120,"$5,304,000",2367,"$200,000,000",jobsohio-2020-metrics.pdf,12,Economic Dev. Grant,"$2,800,000"
2020-Dec,"North Jackson Specialty Steel, LLC",Mahoning,Northeast,Advanced Manufacturing,10,"$430,000",89,"$5,866,000",jobsohio-2020-metrics.pdf,12,Economic Dev. Grant,"$100,000"
2020-Dec,"OMEC Smart Card, LLC",Cuyahoga,Northeast,Technology,200,"$6,560,190",0,"$21,097,038",jobsohio-2020-metrics.pdf,12,Economic Dev. Grant,"$550,000"
2020-Dec,"Petland, Inc.",Ross,Southeast,Advanced Manufacturing,21,"$527,280",53,"$266,000",jobsohio-2020-metrics.pdf,12,Economic Dev. Grant,"$50,000"
2020-Dec,"Rolled Alloys, Inc.",Lucas,Northwest,Advanced Manufacturing,95,"$5,224,544",105,"$6,700,000",jobsohio-2020-metrics.pdf,12,Economic Dev. Grant,"$500,000"
2020-Dec,"TEAM Industrial Services, Inc.",Hamilton,Southwest,Aerospace and Aviation,75,"$4,800,000",96,"$11,600,000",jobsohio-2020-metrics.pdf,12,Economic Dev. Grant,"$300,000"
2020-Dec,The Gorilla Glue Company LLC,Hamilton,Southwest,Energy & Chemicals,55,"$2,251,392",529,"$12,250,000",jobsohio-2020-metrics.pdf,12,Economic Dev. Grant,"$400,000"
2020-Dec,Walkenhorst's,Butler,Southwest,Logistics and Distribution,60,"$2,200,000",0,"$180,000",jobsohio-2020-metrics.pdf,12,Economic Dev. Grant,"$40,000"
2020-Dec,"Bevcorp, LLC",Lake,Northeast,Advanced Manufacturing,15,"$1,376,000",144,"$836,894",jobsohio-2020-metrics.pdf,12,Revitalization Grant,"$100,000"
2020-Dec,"Nottingham-Spirk Design Associates, Inc.",Cuyahoga,Northeast,Other,11,"$990,000",53,"$3,900,000",jobsohio-2020-metrics.pdf,12,JobsOhio R&D Grant,"$1,500,000"
2020-Dec,The Cincinnati Insurance Company,Hamilton & Butler,Southwest,Financial Services,10,"$1,454,000",3,$0,jobsohio-2020-metrics.pdf,12,JobsOhio R&D Grant,"$2,500,000"
2020-Dec,Accucut Services LLC,Lawrence,Southeast,Advanced Manufacturing,2,"$60,000",5,"$253,970",jobsohio-2020-metrics.pdf,12,Inclusion Grant,"$25,000"
2020-Dec,"American Wood Fibers, Inc",Pickaway,Central,Advanced Manufacturing,0,$0,38,"$529,000",jobsohio-2020-metrics.pdf,12,Inclusion Grant,"$50,000"
2020-Dec,"Ballreich Snack Food Company, LLC",Seneca,Northwest,Food Sciences and Agriculture,0,$0,75,"$105,000",jobsohio-2020-metrics.pdf,12,Inclusion Grant,"$25,000"
2020-Dec,Belletech Corp.,Logan,Central,Advanced Manufacturing,0,$0,89,"$129,564",jobsohio-2020-metrics.pdf,12,Inclusion Grant,"$25,000"
2020-Dec,"Buckeye Granite Plus, LLC",Hocking,Southeast,Advanced Manufacturing,6,"$162,240",6,"$219,000",jobsohio-2020-metrics.pdf,12,Inclusion Grant,"$25,000"
2020-Dec,"C H Smith & Associates, LLC",Hamilton,Southwest,Other,2,"$83,200",3,$0,jobsohio-2020-metrics.pdf,12,Inclusion Grant,"$50,000"
2020-Dec,"Canary Consulting, Inc.",Montgomery,Western,Financial Services,30,"$1,500,000",12,$0,jobsohio-2020-metrics.pdf,12,Inclusion Grant,"$50,000"
2020-Dec,Candor Transportation Co. LLC,Cuyahoga,Northeast,Logistics and Distribution,2,"$62,400",9,"$70,000",jobsohio-2020-metrics.pdf,12,Inclusion Grant,"$50,000"
2020-Dec,"Clearvue Asset Purchase, LLC.",Cuyahoga,Northeast,Advanced Manufacturing,10,"$350,000",13,"$2,466,000",jobsohio-2020-metrics.pdf,12,Inclusion Grant,"$40,000"
2020-Dec,Cooper's Mill Incorporated,Crawford,Northwest,Food Sciences and Agriculture,2,"$56,000",7,"$50,000",jobsohio-2020-metrics.pdf,12,Inclusion Grant,"$25,000"
2020-Dec,"Cutting Edge Manufacturing, LLC",Sandusky,Northwest,Advanced Manufacturing,4,"$293,000",12,"$315,000",jobsohio-2020-metrics.pdf,12,Inclusion Grant,"$25,000"
2020-Dec,"DNK Architects, Inc.",Hamilton,Southwest,Other,3,"$198,432",5,$0,jobsohio-2020-metrics.pdf,12,Inclusion Grant,"$50,000"
2020-Dec,"Gateway Logistics, Inc.",Hamilton,Southwest,Logistics and Distribution,18,"$756,000",32,"$35,000",jobsohio-2020-metrics.pdf,12,Inclusion Grant,"$50,000"
2020-Dec,"Golden Protective Services, Inc.",Carroll,Southeast,Logistics and Distribution,3,"$85,000",10,"$246,529",jobsohio-2020-metrics.pdf,12,Inclusion Grant,"$25,000"
2020-Dec,HYUR Staffing Services LLC,Hamilton,Southwest,Other,3,"$144,000",27,$0,jobsohio-2020-metrics.pdf,12,Inclusion Grant,"$25,000"
2020-Dec,"Innovative Card Solutions, LLC",Hamilton,Southwest,Financial Services,2,"$72,000",4,$0,jobsohio-2020-metrics.pdf,12,Inclusion Grant,"$50,000"
2020-Dec,"Oregon Village Print Shoppe, Inc.",Montgomery,Western,Advanced Manufacturing,2,"$80,000",11,"$390,000",jobsohio-2020-metrics.pdf,12,Inclusion Grant,"$25,000"
2020-Dec,"Precision Custom Products, Inc.",Logan,Central,Advanced Manufacturing,0,$0,29,"$63,000",jobsohio-2020-metrics.pdf,12,Inclusion Grant,"$25,000"
2020-Dec,"S.I. Distributing, Inc.",Allen,Northwest,Other,3,"$165,000",16,"$55,141",jobsohio-2020-metrics.pdf,12,Inclusion Grant,"$25,000"
2020-Dec,"Swingle Enterprises, Inc.",Muskingum,Southeast,Advanced Manufacturing,2,"$56,160",7,"$44,309",jobsohio-2020-metrics.pdf,12,Inclusion Grant,"$20,000"
2020-Dec,Team Green Recycling LLC,Henry,Northwest,Shale Energy and Petrochemicals,3,"$90,000",6,"$400,000",jobsohio-2020-metrics.pdf,12,Inclusion Grant,"$25,000"
2020-Dec,"The Ohio Wire Harness, LLC",Logan,Central,Advanced Manufacturing,6,"$182,000",13,"$50,654",jobsohio-2020-metrics.pdf,12,Inclusion Grant,"$50,000"
2020-Dec,The Wahconah Group Inc.,Cuyahoga,Northeast,Other,16,"$482,256",1,"$953,000",jobsohio-2020-metrics.pdf,12,Inclusion Grant,"$50,000"
2020-Dec,"Trans-States Express, Inc",Hamilton,Southwest,Logistics and Distribution,3,"$131,040",16,"$15,000",jobsohio-2020-metrics.pdf,12,Inclusion Grant,"$50,000"
2020-Dec,"Zanesville Steel, Ltd",Muskingum,Southeast,Advanced Manufacturing,5,"$201,000",8,"$76,285",jobsohio-2020-metrics.pdf,12,Inclusion Grant,"$50,000"
2020-Dec,"Daimler Group, Inc.*",Franklin,Central,,0,$0,0,"$29,182,225",jobsohio-2020-metrics.pdf,12,OSIP*,"$1,500,000"
2026-Apr,"AML Industries, LLC",Trumbull,Eastern,Advanced Manufacturing,3,"$128,800",22,"$143,500",monthly-metrics-april-2026.pdf,1,JobsOhio Small Business Grant,"$25,000"
2026-Apr,"Blaze Technical Services, Inc.",Summit,Northeast,Advanced Manufacturing,6,"$250,000",25,"$168,700",monthly-metrics-april-2026.pdf,1,JobsOhio Small Business Grant,"$50,000"
2026-Apr,Bosca Leather LLC,Clark,Western,Advanced Manufacturing,25,"$1,500,000",10,"$1,291,400",monthly-metrics-april-2026.pdf,1,JobsOhio Economic Development Grant,"$200,000"
2026-Apr,"Carbo Forge, Inc.",Sandusky,Northwest,Advanced Manufacturing,5,"$290,000",45,"$250,000",monthly-metrics-april-2026.pdf,1,JobsOhio Small Business Grant,"$25,000"
2026-Apr,"Flavor Producers, LLC",Hamilton,Southwest,Food and Agribusiness,44,"$2,907,753",97,"$13,100,000",monthly-metrics-april-2026.pdf,1,JobsOhio Economic Development Grant,"$150,000"
2026-Apr,"Full Circle Technologies, LLC",Summit,Northeast,Energy and Chemicals,TBD,TBD,TBD,"$5,687,500",monthly-metrics-april-2026.pdf,1,JobsOhio Other Grant,"$485,000"
2026-Apr,"G90 Engineering, LLC",Warren,Southwest,Aerospace and Aviation,4,"$380,000",12,"$175,000",monthly-metrics-april-2026.pdf,1,JobsOhio Small Business Grant,"$50,000"
2026-Apr,"Gebhardt USA, Inc.",Portage,Northeast,Advanced Manufacturing,20,"$1,242,000",60,"$1,000,000",monthly-metrics-april-2026.pdf,1,JobsOhio Workforce Grant,"$50,000"
2026-Apr,"Lewco, Inc.",Erie and Ottawa,Multi-Regional,Advanced Manufacturing,208,"$14,997,100",467,"$23,087,500",monthly-metrics-april-2026.pdf,1,JobsOhio Economic Development Grant,"$800,000"
2026-Apr,"Midwest Integration and Automation, Inc.",Medina,Northeast,Advanced Manufacturing,15,"$1,000,000",55,"$475,000",monthly-metrics-april-2026.pdf,1,JobsOhio Small Business Grant,"$50,000"
2026-Apr,Resonant Sciences LLC,Greene,Western,N/A,N/A,N/A,N/A,"$10,000,000",monthly-metrics-april-2026.pdf,1,JobsOhio Advanced Aerospace and Defense Opportunity Grant,"$2,500,000"
2026-Apr,Robertson Heating Supply Co. of Ohio,Stark,Northeast,Logistics and Distribution,29,"$1,305,000",127,"$17,300,000",monthly-metrics-april-2026.pdf,1,JobsOhio Growth Fund Loan,"$4,000,000"
2026-Apr,Site Readiness for Good Jobs Fund,Cuyahoga,Northeast,Healthcare,N/A,N/A,N/A,"$4,000,000",monthly-metrics-april-2026.pdf,1,JobsOhio Spec Development Grant - OSIP*,"$2,000,000"
2026-Apr,"Stolle Machinery Company, LLC",Stark,Northeast,Advanced Manufacturing,15,"$821,000",188,"$1,085,331",monthly-metrics-april-2026.pdf,1,JobsOhio Workforce Grant,"$60,000"
2026-Apr,"THE TUWAY AMERICAN GROUP, INC.",Mercer,Western,Advanced Manufacturing,3,"$115,190",24,"$50,000",monthly-metrics-april-2026.pdf,1,JobsOhio Small Business Grant,"$25,000"
2026-Apr,Thyssenkrupp Rothe Erde USA Inc.,Portage,Northeast,Advanced Manufacturing,45,"$3,736,512",127,"$2,000,000",monthly-metrics-april-2026.pdf,1,JobsOhio Workforce Grant,"$150,000"
2026-Apr,"Toledo Tool And Die Company, Inc.",Lucas and Williams,Northwest,Automotive,100,"$5,625,000",622,"$14,500,000",monthly-metrics-april-2026.pdf,1,JobsOhio Economic Development Grant,"$300,000"
2026-Apr,Uni-Grip Inc.,Wyandot,Northwest,Advanced Manufacturing,15,"$750,000",75,"$150,000",monthly-metrics-april-2026.pdf,1,JobsOhio Small Business Grant,"$50,000"
2026-Aug,"Additive Engineering Solutions, LLC",Summit,Northeast,Advanced Manufacturing,10,"$700,000",19,"$3,850,000",monthly-metrics-august-2026.pdf,1,JobsOhio Growth Fund Loan,"$780,000"
2026-Aug,"Community Improvement Corporation of Gallia County, Ohio",Gallia,Southeast,N/A,N/A,N/A,N/A,"$927,500",monthly-metrics-august-2026.pdf,1,JobsOhio Spec Development Grant - *OSIP,"$250,000"
2026-Aug,"Custom Bus and Truck Panels, Co.",Carroll,Southeast,Automotive,4,"$175,804",3,"$368,314",monthly-metrics-august-2026.pdf,1,JobsOhio Small Business Grant,"$50,000"
2026-Aug,"Guided By Mushrooms, LLC",Montgomery,Western,Food and Agribusiness,2,"$83,200",6,"$647,133",monthly-metrics-august-2026.pdf,1,JobsOhio Small Business Grant,"$25,000"
2026-Aug,iCOMAT US Inc.,Montgomery,Western,Advanced Manufacturing,37,"$4,000,000",0,"$16,523,000",monthly-metrics-august-2026.pdf,1,JobsOhio Research & Development Grant,"$2,000,000"
2026-Aug,Killer Brownie LTD.,Montgomery,Western,Food and Agribusiness,82,"$6,000,000",127,"$9,650,000",monthly-metrics-august-2026.pdf,1,JobsOhio Economic Development Grant,"$1,000,000"
2026-Aug,"Kiraly Tool and Die, Inc.",Mahoning,Eastern,Advanced Manufacturing,3,"$165,000",21,"$255,750",monthly-metrics-august-2026.pdf,1,JobsOhio Small Business Grant,"$25,000"
2026-Aug,La Linea Verde North America OP LLC,Wood,Northwest,Food and Agribusiness,77,"$4,000,000",0,"$10,000,000",monthly-metrics-august-2026.pdf,1,JobsOhio Economic Development Grant,"$400,000"
2026-Aug,"Lighthouse Avionics, Inc.",Franklin,Central,Aerospace and Aviation,3,"$280,000",9,"$37,000",monthly-metrics-august-2026.pdf,1,JobsOhio Small Business Grant,"$25,000"
2026-Aug,Paintable Pictures LLC,Franklin,Central,Advanced Manufacturing,1,"$60,000",2,"$9,500",monthly-metrics-august-2026.pdf,1,JobsOhio Small Business Grant,"$25,000"
2026-Aug,"PR-Weld & Manufacturing, Ltd.",Williams,Northwest,Advanced Manufacturing,6,"$274,560",28,"$203,000",monthly-metrics-august-2026.pdf,1,JobsOhio Small Business Grant,"$25,000"
2026-Aug,Sidney Manufacturing Company,Shelby,Western,Advanced Manufacturing,2,"$87,360",15,"$1,500,500",monthly-metrics-august-2026.pdf,1,JobsOhio Small Business Grant,"$50,000"
2026-Aug,Sterling Pride LTD,Madison,Central,TBD,6,"$302,000",0,"$2,325,144",monthly-metrics-august-2026.pdf,1,JobsOhio Vibrant Community Grant,"$800,000"
2026-Aug,"The Technology House, LTD.",Cuyahoga and Portage,Northeast,Advanced Manufacturing,72,"$5,362,440",75,"$20,082,000",monthly-metrics-august-2026.pdf,1,JobsOhio Economic Development Grant,"$250,000"
2026-Aug,"Thyssenkrupp Materials NA, Inc.",Cuyahoga,Northeast,Advanced Manufacturing,47,"$2,776,500",18,"$5,800,000",monthly-metrics-august-2026.pdf,1,JobsOhio Economic Development Grant,"$150,000"
2026-Aug,"TPE Acquisition, LLC",Franklin and Pickaway,Central,Logistics and Distribution,326,"$18,147,428",462,"$3,380,000",monthly-metrics-august-2026.pdf,1,JobsOhio Economic Development Grant,"$350,000"
2026-Aug,Weidmann Electrical Technology Inc.,Butler and Champaign,Southwest and Western,Advanced Manufacturing,105,"$10,657,542",215,"$155,000,000",monthly-metrics-august-2026.pdf,1,JobsOhio Revitalization Grant,"$2,000,000"
2026-Aug,Whirlpool Corporation,Wood,Northwest,Advanced Manufacturing,100,"$5,200,000",0,"$60,160,000",monthly-metrics-august-2026.pdf,1,JobsOhio Revitalization Grant,"$350,000"
2026-Feb,"Benmit Pipe and Tubing Services, Inc.",Stark,Northeast,Advanced Manufacturing,5,"$225,000",26,"$243,000",monthly-metrics-february-2026.pdf,1,JobsOhio Small Business Grant,"$25,000"
2026-Feb,Brodbeck Ironworks LLC,Hamilton,Southwest,Advanced Manufacturing,2,"$105,000",1,"$100,000",monthly-metrics-february-2026.pdf,1,JobsOhio Small Business Grant,"$25,000"
2026-Feb,"Brushville Supply, LLC",Columbiana,Eastern,Advanced Manufacturing,3,"$150,000",2,"$183,089",monthly-metrics-february-2026.pdf,1,JobsOhio Small Business Grant,"$50,000"
2026-Feb,Children's Hospital Medical Center,Hamilton,Southwest,Healthcare,100,"$10,000,000",2182,"$4,390,883",monthly-metrics-february-2026.pdf,1,JobsOhio Revitalization Grant,"$3,000,000"
2026-Feb,CSA America Testing & Certification LLC,Cuyahoga,Northeast,Other,97,"$9,281,306",206,"$25,000,000",monthly-metrics-february-2026.pdf,1,JobsOhio Economic Development Grant,"$400,000"
2026-Feb,Danone North America Public Benefit Corporation,Auglaize,Western,Food and Agribusiness,30,"$1,950,000",440,"$166,000,000",monthly-metrics-february-2026.pdf,1,JobsOhio Economic Development Grant,"$400,000"
2026-Feb,"Dutchman Hospitality Group, Inc.",Holmes,Southeast,Other,10,"$720,791",33,"$4,194,025",monthly-metrics-february-2026.pdf,1,JobsOhio Economic Development Grant,"$100,000"
2026-Feb,"G. J. Burkhart, Inc.",Hamilton,Southwest,Logistics and Distribution,10,"$625,000",36,"$3,200,000",monthly-metrics-february-2026.pdf,1,JobsOhio Economic Development Grant,"$50,000"
2026-Feb,Global Gauge Corporation,Montgomery,Western,Advanced Manufacturing,6,"$375,000",18,"$1,337,000",monthly-metrics-february-2026.pdf,1,JobsOhio Revitalization Grant,"$115,000"
2026-Feb,"Goodlevel Enterprises, LLC",Huron,Northeast,Advanced Manufacturing,8,"$365,617",74,"$2,000,000",monthly-metrics-february-2026.pdf,1,JobsOhio Small Business Grant,"$50,000"
2026-Feb,"Imasen Bucyrus Technology, Inc.",Crawford,Northwest,Automotive,170,"$7,779,200",228,"$15,300,000",monthly-metrics-february-2026.pdf,1,JobsOhio Economic Development Grant,"$250,000"
2026-Feb,"Microcosm Publishing, LLC",Cuyahoga,Northeast,Logistics and Distribution,3,"$124,800",6,"$44,546",monthly-metrics-february-2026.pdf,1,JobsOhio Small Business Grant,"$50,000"
2026-Feb,"Newman Technology, Inc.",Richland,Northeast,Automotive,70,"$3,552,062",627,"$74,000,000",monthly-metrics-february-2026.pdf,1,JobsOhio Economic Development Grant,"$150,000"
2026-Feb,"Pro Kleen Industrial Services, Inc.",Fairfield,Central,Other,25,"$1,267,000",168,"$8,500,000",monthly-metrics-february-2026.pdf,1,JobsOhio Economic Development Grant,"$100,000"
2026-Feb,"Rooted Grounds Coffee Company, LLC",Warren,Southwest,Advanced Manufacturing,4,"$205,000",15,"$250,000",monthly-metrics-february-2026.pdf,1,JobsOhio Small Business Grant,"$50,000"
2026-Feb,"Rupes USA, Inc.",Cuyahoga,Northeast,Advanced Manufacturing,53,"$2,633,191",0,"$15,016,000",monthly-metrics-february-2026.pdf,1,JobsOhio Economic Development Grant,"$100,000"
2026-Feb,"Stewart Glass, LLC",Hocking,Southeast,Advanced Manufacturing,105,"$8,293,485",0,"$9,641,200",monthly-metrics-february-2026.pdf,1,JobsOhio Revitalization Grant,"$400,000"
2026-Feb,"Stewart Glass, LLC",Hocking,Southeast,Advanced Manufacturing,105,"$8,293,485",0,"$9,641,200",monthly-metrics-february-2026.pdf,1,JobsOhio Economic Development Grant,"$600,000"
2026-Feb,The Bowling Green Community Development Foundation,Wood,Northwest,TBD,10,"$492,176",0,"$989,850",monthly-metrics-february-2026.pdf,1,JobsOhio Vibrant Community Grant,"$487,000"
2026-Feb,"TRAD1TION INVESTMENTS, LLC",Stark,Northeast,TBD,5,"$225,000",0,"$620,173",monthly-metrics-february-2026.pdf,1,JobsOhio Vibrant Community Grant,"$300,000"
2026-Feb,Trumbull Foundry and Alloy Inc.,Trumbull,Eastern,Advanced Manufacturing,6,"$224,640",55,$0,monthly-metrics-february-2026.pdf,1,JobsOhio Small Business Grant,"$25,000"
2026-Jan,"Becker Global America, Inc",Knox,Central,Advanced Manufacturing,40,"$2,400,000",0,"$4,250,000",monthly-metrics-january-2026.pdf,1,JobsOhio Revitalization Grant,"$200,000"
2026-Jan,"CareSource Management Services, LLC",Montgomery,Western,Healthcare,167,"$12,525,000",2767,$0,monthly-metrics-january-2026.pdf,1,JobsOhio Workforce Grant,"$560,000"
2026-Jan,Chempace Corporation,Lucas,Northwest,Energy and Chemicals,15,"$750,000",23,"$150,000",monthly-metrics-january-2026.pdf,1,JobsOhio Small Business Grant,"$25,000"
2026-Jan,DC Products Inc,Wayne,Northeast,Energy and Chemicals,5,"$350,000",12,"$1,750,000",monthly-metrics-january-2026.pdf,1,JobsOhio Small Business Grant,"$50,000"
2026-Jan,"Everyday Wire Harness, LLC",Shelby,Western,Advanced Manufacturing,5,"$235,280",20,"$150,000",monthly-metrics-january-2026.pdf,1,JobsOhio Small Business Grant,"$25,000"
2026-Jan,"Glaus, Pyle, Schomer, Burns & DeHaven, Inc.",Summit,Northeast,Other,119,"$11,600,000",425,"$8,700,000",monthly-metrics-january-2026.pdf,1,JobsOhio Revitalization Grant,"$750,000"
2026-Jan,"Jergens, Inc.",Cuyahoga,Northeast,Advanced Manufacturing,25,"$1,475,000",195,"$3,755,000",monthly-metrics-january-2026.pdf,1,JobsOhio Economic Development Grant,"$100,000"
2026-Jan,Kansai Helios America LP,Licking,Central,Energy and Chemicals,44,"$2,478,330",0,"$4,000,000",monthly-metrics-january-2026.pdf,1,JobsOhio Economic Development Grant,"$300,000"
2026-Jan,"Nuvik USA, Inc.",Franklin,Central,Advanced Manufacturing,28,"$2,348,328",46,"$1,300,000",monthly-metrics-january-2026.pdf,1,JobsOhio Economic Development Grant,"$200,000"
2026-Jan,Ohio Power Systems LLC,Wyandot,Northwest,Advanced Manufacturing,3,"$140,400",21,"$75,000",monthly-metrics-january-2026.pdf,1,JobsOhio Small Business Grant,"$25,000"
2026-Jan,"Plaskolite, LLC",Franklin,Central,Advanced Manufacturing,20,"$1,040,000",188,"$500,000",monthly-metrics-january-2026.pdf,1,JobsOhio Economic Development Grant,"$100,000"
2026-Jan,"Salvagnini America, Inc.",Butler,Southwest,Advanced Manufacturing,28,"$2,684,000",118,"$6,000,000",monthly-metrics-january-2026.pdf,1,JobsOhio Economic Development Grant,"$150,000"
2026-Jan,"StandardAero Component Services, Inc.",Hamilton,Southwest,Aerospace and Aviation,300,"$13,820,000",746,"$8,000,000",monthly-metrics-january-2026.pdf,1,JobsOhio Economic Development Grant,"$505,000"
2026-Jan,The Ericson Manufacturing Co.,Lake,Northeast,Advanced Manufacturing,36,"$1,872,000",84,"$3,600,000",monthly-metrics-january-2026.pdf,1,JobsOhio Revitalization Grant,"$175,000"
2026-Jan,"Toft Dairy, Inc.",Erie,Northeast,Food and Agribusiness,7,"$304,231",76,"$5,795,000",monthly-metrics-january-2026.pdf,1,JobsOhio Growth Fund Loan,"$2,500,000"
2026-Jan,"Tower Automotive Operations USA I, LLC",Sandusky,Northwest,Automotive,97,"$6,554,958",440,"$188,000,000",monthly-metrics-january-2026.pdf,1,JobsOhio Economic Development Grant,"$500,000"
2026-Jul,"ANS Geo, LLC",Franklin,Central,Other,13,"$1,750,000",47,"$300,000",monthly-metrics-july-2026.pdf,1,JobsOhio Economic Development Grant,"$100,000"
2026-Jul,City of Springfield,Clark,Western,N/A,N/A,N/A,N/A,"$350,000",monthly-metrics-july-2026.pdf,1,JobsOhio Aerospace and Defense Opportunity Grant,"$350,000"
2026-Jul,DBL Millcreek LLC,Cuyahoga,Northeast,N/A,N/A,N/A,N/A,"$19,796,236",monthly-metrics-july-2026.pdf,1,JobsOhio Spec Development Grant - *OSIP,"$1,000,000"
2026-Jul,Ecotank U.S. Inc.,Mahoning,Eastern,Advanced Manufacturing,17,"$850,000",0,"$900,000",monthly-metrics-july-2026.pdf,1,JobsOhio Small Business Grant,"$50,000"
2026-Jul,"Hawthorn Aero, Inc.",Montgomery,Western,Aerospace and Aviation,279,"$21,423,206",67,"$8,000,000",monthly-metrics-july-2026.pdf,1,JobsOhio Economic Development Grant,"$1,000,000"
2026-Jul,"Integrated Marketing Technologies, Inc.",Medina,Northeast,Logistics and Distribution,20,"$885,000",58,"$360,000",monthly-metrics-july-2026.pdf,1,JobsOhio Small Business Grant,"$50,000"
2026-Jul,"Kirke's Homemade Ice Cream, Inc.",Belmont,Southeast,Food and Agribusiness,9,"$395,000",2,"$992,000",monthly-metrics-july-2026.pdf,1,JobsOhio Small Business Grant,"$50,000"
2026-Jul,"M7 HRP, LLC",Summit,Northeast,Advanced Manufacturing,2,"$130,000",20,"$175,000",monthly-metrics-july-2026.pdf,1,JobsOhio Small Business Grant,"$25,000"
2026-Jul,"New Spool USA, Inc.",Warren,Southwest,Advanced Manufacturing,10,"$520,000",0,"$1,000,000",monthly-metrics-july-2026.pdf,1,JobsOhio Economic Development Grant,"$50,000"
2026-Jul,North Coast Gas Transmission,Huron,Northeast,N/A,N/A,N/A,N/A,"$4,000,000",monthly-metrics-july-2026.pdf,1,JobsOhio Spec Development Grant - *OSIP,"$1,000,000"
2026-Jul,North Hill Bakery LLC,Cuyahoga,Northeast,Food and Agribusiness,2,"$83,200",1,"$139,780",monthly-metrics-july-2026.pdf,1,JobsOhio Small Business Grant,"$25,000"
2026-Jul,"N-ovation Technology Group, LLC",Montgomery,Western,Technology,10,"$950,000",6,"$125,000",monthly-metrics-july-2026.pdf,1,JobsOhio Small Business Grant,"$50,000"
2026-Jul,"Ohio Hickory Harvest Brand Products, Inc.",Summit,Northeast,Food and Agribusiness,50,"$2,600,000",97,"$4,480,000",monthly-metrics-july-2026.pdf,1,JobsOhio Revitalization Grant,"$100,000"
2026-Jul,"OPmobility Exterior USA, LLC",Wood,Northwest,Automotive,541,"$40,000,000",0,"$190,900,000",monthly-metrics-july-2026.pdf,1,JobsOhio Economic Development Grant,"$5,000,000"
2026-Jul,"Paragon Robotics, LLC",Summit,Northeast,Advanced Manufacturing,3,"$195,000",22,"$70,000",monthly-metrics-july-2026.pdf,1,JobsOhio Small Business Grant,"$25,000"
2026-Jul,"Prestige Stone Products, LLC",Wayne,Northeast,Advanced Manufacturing,8,"$440,000",25,"$5,100,000",monthly-metrics-july-2026.pdf,1,JobsOhio Small Business Grant,"$50,000"
2026-Jul,Radiance Technologies Inc,Greene,Western,Military and Federal,60,"$6,900,000",391,"$400,000",monthly-metrics-july-2026.pdf,1,JobsOhio Workforce Grant,"$150,000"
2026-Jul,Western Reserve Port Authority,Trumbull,Eastern,N/A,N/A,N/A,N/A,"$18,760,000",monthly-metrics-july-2026.pdf,1,JobsOhio Aerospace and Defense Opportunity Grant,"$1,710,000"
2026-Jul,"Wuebker Poultry, Inc.",Mercer,Western,Food and Agribusiness,2,"$85,500",1,"$225,000",monthly-metrics-july-2026.pdf,1,JobsOhio Small Business Grant,"$25,000"
2026-Jun,"AmTrust North America, Inc.",Cuyahoga,Northeast,Financial Services,121,"$11,396,000",690,"$27,500,000",monthly-metrics-june-2026.pdf,1,JobsOhio Revitalization Grant,"$2,300,000"
2026-Jun,Cincinnati State Technical and Community College,Hamilton,Southwest,N/A,N/A,N/A,N/A,"$7,031,187",monthly-metrics-june-2026.pdf,1,JobsOhio Spec Development Grant - OSIP*,"$1,800,000"
2026-Jun,Comstock Solar Recycling (OH) LLC,Guernsey,Southeast,Advanced Manufacturing,20,"$2,000,000",0,"$11,000,000",monthly-metrics-june-2026.pdf,1,JobsOhio Economic Development Grant,"$75,000"
2026-Jun,"Cool Machines, Inc.",Van Wert,Northwest,Advanced Manufacturing,5,"$208,000",23,"$707,590",monthly-metrics-june-2026.pdf,1,JobsOhio Small Business Grant,"$50,000"
2026-Jun,"E. P. Gerber & Sons, Inc.",Wayne,Northeast,Advanced Manufacturing,8,"$455,000",27,"$4,224,092",monthly-metrics-june-2026.pdf,1,JobsOhio Revitalization Grant,"$50,000"
2026-Jun,"Extol of Ohio, Inc.",Huron,Northeast,Advanced Manufacturing,35,"$1,800,000",90,"$5,800,000",monthly-metrics-june-2026.pdf,1,JobsOhio Economic Development Grant,"$75,000"
2026-Jun,"Firelands Food Systems, LTD",Erie,Northeast,Logistics and Distribution,10,"$470,000",81,"$725,600",monthly-metrics-june-2026.pdf,1,JobsOhio Small Business Grant,"$50,000"
2026-Jun,Goldberry Roasting Company LLC,Ashland,Northeast,Food and Agribusiness,2,"$87,000",3,"$60,000",monthly-metrics-june-2026.pdf,1,JobsOhio Small Business Grant,"$25,000"
2026-Jun,K2 Venture Partners LLC,Cuyahoga,Northeast,Technology,8,"$960,000",3,"$41,078",monthly-metrics-june-2026.pdf,1,JobsOhio Small Business Grant,"$25,000"
2026-Jun,Midwest Motor Supply Co.,Franklin,Central,Logistics and Distribution,50,"$2,790,000",667,"$7,100,000",monthly-metrics-june-2026.pdf,1,JobsOhio Growth Fund Loan,"$2,840,000"
2026-Jun,"Mills Barnett Sirris Holdings IV, LLC",Greene,Western,N/A,N/A,N/A,N/A,"$23,436,600",monthly-metrics-june-2026.pdf,1,JobsOhio Spec Development Grant - OSIP*,"$500,000"
2026-Jun,"National Safety Apparel, LLC",Cuyahoga,Northeast,Advanced Manufacturing,65,"$2,800,000",352,"$1,300,000",monthly-metrics-june-2026.pdf,1,JobsOhio Workforce Grant,"$200,000"
2026-Jun,Southgate Company Limited Partnership,Licking,Central,N/A,N/A,N/A,N/A,"$9,180,105",monthly-metrics-june-2026.pdf,1,JobsOhio Spec Development Grant - OSIP*,"$750,000"
2026-Jun,Superior Plastics Inc.,Logan and Union,Central,Advanced Manufacturing,25,"$1,050,000",133,"$5,130,000",monthly-metrics-june-2026.pdf,1,JobsOhio Economic Development Grant,"$100,000"
2026-Jun,TCD OCP CO LLC,Cuyahoga,Northeast,N/A,N/A,N/A,N/A,"$13,030,333",monthly-metrics-june-2026.pdf,1,JobsOhio Spec Development Grant - OSIP*,"$1,000,000"
2026-Jun,Wallace Stud Welding Inc.,Erie,Northeast,Advanced Manufacturing,2,"$185,501",1,"$100,000",monthly-metrics-june-2026.pdf,1,JobsOhio Small Business Grant,"$25,000"
2026-Mar,AAA Cooper Transportation,"Franklin, Lucas and Summit",Multi-Regional,Logistics and Distribution,210,"$14,700,000",0,"$10,750,000",monthly-metrics-march-2026.pdf,1,JobsOhio Economic Development Grant,"$250,000"
2026-Mar,ACCU-GRIND & MFG. CO. INC.,Montgomery,Western,Advanced Manufacturing,6,"$312,000",26,"$850,000",monthly-metrics-march-2026.pdf,1,JobsOhio Small Business Grant,"$50,000"
2026-Mar,Actual Reality Technologies LLC,Wood,Northwest,Technology,22,"$1,800,000",8,$0,monthly-metrics-march-2026.pdf,1,JobsOhio Small Business Grant,"$50,000"
2026-Mar,"AndyPac, Inc.",Lorain,Northeast,Advanced Manufacturing,3,"$150,000",7,"$125,000",monthly-metrics-march-2026.pdf,1,JobsOhio Small Business Grant,"$25,000"
2026-Mar,"Bridge Components Industries, Inc.",Franklin,Central,Advanced Manufacturing,2,"$91,520",7,"$28,000",monthly-metrics-march-2026.pdf,1,JobsOhio Small Business Grant,"$25,000"
2026-Mar,"Cleveland Industrial Recycling, LLC",Ashtabula and Stark,Northeast,Energy and Chemicals,16,"$1,100,000",38,"$3,833,316",monthly-metrics-march-2026.pdf,1,JobsOhio Economic Development Grant,"$75,000"
2026-Mar,"Elkins Earthworks, LLC",Summit,Northeast,Advanced Manufacturing,8,"$750,000",14,"$175,000",monthly-metrics-march-2026.pdf,1,JobsOhio Small Business Grant,"$25,000"
2026-Mar,Ford Motor Company,Lorain,Northeast,Automotive,2000,"$108,160,000",1660,"$1,500,000,000",monthly-metrics-march-2026.pdf,1,JobsOhio Economic Development Grant,"$135,000,000"
2026-Mar,K3 Copper LLC,Gallia,Southeast,Advanced Manufacturing,10,"$474,716",6,"$1,955,999",monthly-metrics-march-2026.pdf,1,JobsOhio Small Business Grant,"$50,000"
2026-Mar,"Kalmbach Feeds, Inc.",Wyandot,Northwest,Food and Agribusiness,213,"$14,363,357",546,"$125,000,000",monthly-metrics-march-2026.pdf,1,JobsOhio Economic Development Grant,"$90,000"
2026-Mar,"NBW, Inc.",Medina,Northeast,Advanced Manufacturing,10,"$1,012,000",16,"$8,250,000",monthly-metrics-march-2026.pdf,1,JobsOhio Growth Fund Loan,"$3,200,000"
2026-Mar,"New Tech Plastics, LLC",Miami,Western,Advanced Manufacturing,30,"$1,622,400",80,"$2,410,000",monthly-metrics-march-2026.pdf,1,JobsOhio Revitalization Grant,"$250,000"
2026-Mar,"Northwood Industries, Inc.",Wood,Northwest,Advanced Manufacturing,3,"$205,920",29,"$850,000",monthly-metrics-march-2026.pdf,1,JobsOhio Small Business Grant,"$25,000"
2026-Mar,"Ohio Rubber Floors, Inc.",Van Wert,Northwest,Advanced Manufacturing,4,"$166,400",8,"$312,490",monthly-metrics-march-2026.pdf,1,JobsOhio Small Business Grant,"$25,000"
2026-Mar,Phoenix Corporation,Portage,Northeast,Advanced Manufacturing,5,"$457,142",6,"$200,000",monthly-metrics-march-2026.pdf,1,JobsOhio Small Business Grant,"$25,000"
2026-Mar,"QQE Summit, LLC",Greene,Western,Advanced Manufacturing,10,"$460,720",136,"$600,000",monthly-metrics-march-2026.pdf,1,JobsOhio Economic Development Grant,"$25,000"
2026-Mar,"Revere Plastics Systems, LLC",Sandusky,Northwest,Advanced Manufacturing,378,"$18,500,000",268,"$111,000,000",monthly-metrics-march-2026.pdf,1,JobsOhio Economic Development Grant,"$1,300,000"
2026-Mar,"Riverside Drives, Inc.",Cuyahoga,Northeast,Advanced Manufacturing,2,"$280,000",20,$0,monthly-metrics-march-2026.pdf,1,JobsOhio Small Business Grant,"$25,000"
2026-Mar,"Sawmill-Delaware Investments, LLC",Delaware,Central,N/A,N/A,N/A,N/A,"$10,351,542",monthly-metrics-march-2026.pdf,1,JobsOhio Spec Development Loan - OSIP*,"$2,000,000"
2026-Mar,Scriptel Corporation,Franklin,Central,Other,3,"$199,000",7,"$62,000",monthly-metrics-march-2026.pdf,1,JobsOhio Small Business Grant,"$25,000"
2026-Mar,Steel & O'Brien Manufacturing Inc,Butler,Southwest,Advanced Manufacturing,230,"$13,387,398",63,"$20,000,000",monthly-metrics-march-2026.pdf,1,JobsOhio Economic Development Grant,"$500,000"
2026-Mar,"TCC Reynoldsburg I, LLC",Licking,Central,N/A,N/A,N/A,N/A,"$14,630,000",monthly-metrics-march-2026.pdf,1,JobsOhio Spec Development Grant - OSIP*,"$750,000"
2026-Mar,The Ohio Bridge Corporation,Guernsey,Southeast,Advanced Manufacturing,41,"$2,347,369",69,"$6,410,659",monthly-metrics-march-2026.pdf,1,JobsOhio Economic Development Grant,"$250,000"
2026-Mar,V&S Columbus Galvanizing LLC,Franklin,Central,Advanced Manufacturing,35,"$2,300,000",80,"$17,000,000",monthly-metrics-march-2026.pdf,1,JobsOhio Economic Development Grant,"$200,000"
2026-May,"Applied Metals Technologies, Ltd.",Cuyahoga and Medina,Northeast,Automotive,152,"$11,000,000",32,"$9,171,000",monthly-metrics-may-2026.pdf,1,JobsOhio Revitalization Grant,"$750,000"
2026-May,Attic Research LLC,Montgomery,Western,Technology,3,"$390,000",6,"$130,000",monthly-metrics-may-2026.pdf,1,JobsOhio Small Business Grant,"$25,000"
2026-May,"Bohl Crane, Inc.",Lucas,Northwest,Advanced Manufacturing,12,"$850,000",47,"$12,500,000",monthly-metrics-may-2026.pdf,1,JobsOhio Economic Development Grant,"$100,000"
2026-May,Calgon Carbon Corporation,Franklin,Central,Energy and Chemicals,17,"$1,330,337",42,"$89,415,001",monthly-metrics-may-2026.pdf,1,JobsOhio Economic Development Grant,"$150,000"
2026-May,"Centric HC, LLC",Franklin,Central,Other,200,"$14,000,000",185,$0,monthly-metrics-may-2026.pdf,1,JobsOhio Workforce Grant,"$300,000"
2026-May,Coil Steel Processing LLC,Lucas,Northwest,Advanced Manufacturing,30,"$1,656,096",65,"$5,101,000",monthly-metrics-may-2026.pdf,1,JobsOhio Revitalization Grant,"$150,000"
2026-May,"Coulter Ventures, LLC.",Franklin,Central,Advanced Manufacturing,30,"$1,698,000",684,"$38,000,000",monthly-metrics-may-2026.pdf,1,JobsOhio Growth Fund Loan,"$5,000,000"
2026-May,"Danfoss Power Solutions II, LLC",Van Wert,Northwest,Advanced Manufacturing,40,"$1,800,000",800,"$396,288",monthly-metrics-may-2026.pdf,1,JobsOhio Revitalization Grant,"$150,000"
2026-May,"Die Guys, Inc.",Medina,Northeast,Advanced Manufacturing,3,"$137,000",20,"$800,000",monthly-metrics-may-2026.pdf,1,JobsOhio Small Business Grant,"$50,000"
2026-May,Dupon USA LLC,Franklin,Central,Food and Agribusiness,60,"$3,071,000",28,"$33,000,000",monthly-metrics-may-2026.pdf,1,JobsOhio Economic Development Grant,"$125,000"
2026-May,"Gibsonburg Care Center, LLC",Sandusky,Northwest,TBD,9,"$606,400",0,"$435,678",monthly-metrics-may-2026.pdf,1,JobsOhio Vibrant Community Grant,"$192,200"
2026-May,Guernsey County Port Authority,Guernsey,Southeast,N/A,N/A,N/A,N/A,"$4,150,300",monthly-metrics-may-2026.pdf,1,JobsOhio Spec Development Grant - OSIP*,"$550,000"
2026-May,"Hartzell Hardwoods, Inc.",Miami,Western,Advanced Manufacturing,6,"$249,600",68,"$10,510,000",monthly-metrics-may-2026.pdf,1,JobsOhio Economic Development Grant,"$100,000"
2026-May,Hartzell Propeller LLC,Miami,Western,Aerospace and Aviation,70,"$7,585,000",373,"$17,300,000",monthly-metrics-may-2026.pdf,1,JobsOhio Research & Development Grant,"$2,000,000"
2026-May,"Kelko Manufacturing, LLC",Lorain,Northeast,Advanced Manufacturing,15,"$675,000",32,"$700,000",monthly-metrics-may-2026.pdf,1,JobsOhio Small Business Grant,"$50,000"
2026-May,"Marker, Inc.",Montgomery,Western,N/A,N/A,N/A,N/A,"$21,175,939",monthly-metrics-may-2026.pdf,1,JobsOhio Spec Development Grant - OSIP*,"$2,000,000"
2026-May,Miba Sinter USA LLC,Morgan,Southeast,Advanced Manufacturing,28,"$1,438,810",190,"$3,996,000",monthly-metrics-may-2026.pdf,1,JobsOhio Economic Development Grant,"$200,000"
2026-May,"Milou Productions, LLC",Hamilton,Southwest,Advanced Manufacturing,4,"$266,000",22,"$1,250,000",monthly-metrics-may-2026.pdf,1,JobsOhio Small Business Grant,"$50,000"
2026-May,MorelandConnect LLC,Summit,Northeast,Technology,11,"$1,000,000",29,"$140,000",monthly-metrics-may-2026.pdf,1,JobsOhio Small Business Grant,"$25,000"
2026-May,Olon USA LLC,Lake,Northeast,Healthcare,26,"$2,100,000",115,"$8,900,000",monthly-metrics-may-2026.pdf,1,JobsOhio Economic Development Grant,"$100,000"
2026-May,"Rhodes Manufacturing, LLC",Perry,Southeast,Advanced Manufacturing,21,"$1,150,000",25,"$850,000",monthly-metrics-may-2026.pdf,1,JobsOhio Economic Development Grant,"$75,000"
2026-May,Simple Times LLC,Franklin,Central,Food and Agribusiness,3,"$140,000",16,"$38,000",monthly-metrics-may-2026.pdf,1,JobsOhio Small Business Grant,"$25,000"
2026-May,"Urbana Cafe, LLC",Hamilton,Southwest,Food and Agribusiness,2,"$83,200",3,"$375,000",monthly-metrics-may-2026.pdf,1,JobsOhio Small Business Grant,"$50,000"
2026-May,Urban Construction LLC,Stark,Northeast,Advanced Manufacturing,3,"$198,000",9,"$1,695,000",monthly-metrics-may-2026.pdf,1,JobsOhio Small Business Grant,"$25,000"
