fiscal_year,object_id,row_in_filing,recipient_name,recipient_name_2,recipient_ein,street,city,state,zip,irc_section,cash_amt,noncash_amt,purpose
2014,201413189349308116,1,,,263199128,,,,,,150000,0,Economic development grant for capital expenditures
2014,201413189349308116,2,,,341965647,,,,,,50000,0,Economic development grant for capital expenditures
2014,201413189349308116,3,,,113682720,,,,,,50000,0,Economic development grant for capital expenditures
2014,201413189349308116,4,,,520902777,,,,,,50000,0,Economic development grant for capital expenditures
2014,201413189349308116,5,,,010781438,,,,,,60000,0,Economic development grant for capital expenditures
2014,201413189349308116,6,,,341916518,,,,,501(c)(3),176000,0,Cost of research study
2014,201413189349308116,7,,,432008761,,,,,,22000,0,Purchase of equip for workforce training
2014,201413189349308116,8,,,275245539,,,,,501(c)(3),750000,0,Talent attraction initiative
2015,201630469349301988,1,Ace Hardware Corporation,,360700810,2200 Kensington Court,Oak Brook,IL,605232103,,75000,0,Economic Development expenditures
2015,201630469349301988,2,AdaletScott Fetzer Company,,470691259,4801 W 150th Street,Cleveland,OH,44135,,100000,0,Economic development grant for capital Economic Development
2015,201630469349301988,3,Appvion Inc,,362556469,PO Box 1872,Appleton,WI,549121872,,10000,0,Economic development grant for capital expenditures Economic Development
2015,201630469349301988,4,BASF Corporation,,161090809,100 Park Avenue,Florham Park,NJ,079321049,,50000,0,Economic development grant for capital expenditures Economic Development
2015,201630469349301988,5,Bellevue Economic Development Corporation,,341397769,110 W Main Street,Bellevue,OH,448111328,501(c)(3),38647,0,Economic development grant for capital expenditures Economic Development
2015,201630469349301988,6,Bellisio Foods Inc,,593015985,525 Lake Ave,Duluth,MN,55802,,82931,0,Economic Development
2015,201630469349301988,7,Braun Industries Inc,,310792103,1170 Production Drive,Van Wert,OH,458919391,,30000,0,Purchase of equip for workforce training Economic Development
2015,201630469349301988,8,City of Dayton Department of Aviation,,316000175,101 West Third Street,Dayton,OH,45402,,100000,0,Talent attraction initiative Economic Development
2015,201630469349301988,9,Community Improvement Corp of Fairborn OH,,311628973,44 W Hebble Avenue,Fairborn,OH,45324,501(c)(3),8550,0,Economic Development
2015,201630469349301988,10,Consolidated Metco Inc,,930518680,5701 SE Columbia Way,Vancouver,WA,986615965,,50000,0,Economic Development
2015,201630469349301988,11,ContactUS LLC,,454001073,3700 Fishinger Boulevard,Columbus,OH,430267502,,135000,0,Economic Development
2015,201630469349301988,12,FCx Performance Inc,,311644350,3000 E 14th Avenue,Columbus,OH,432192355,,25000,0,Economic Development
2015,201630469349301988,13,Fuyao Glass America Inc,,383928174,315 W Silverbell Road,Lake Orion,MI,48359,,4600000,0,Economic Development
2015,201630469349301988,14,Harbor Castings Inc,,341697384,4321 Strausser Street,North Canton,OH,447207144,,24382,0,Economic Development
2015,201630469349301988,15,Honda of America Mfg Inc,,310925242,24000 Honda Parkway,Marysville,OH,430409256,,1000000,0,Economic Development
2015,201630469349301988,16,Hynes Industries Inc,,340971763,3760 Oakwood Avenue,Austintown,OH,44515,,150000,0,Economic Development
2015,201630469349301988,17,iMFLUX Inc,,900928520,8611 Beckett Road,West Chester,OH,45069,,350000,0,Economic Development
2015,201630469349301988,18,Lakeview Farms LLC,,900751535,229 E 2nd Street,Delphos,OH,45833,,200000,0,Economic Development
2015,201630469349301988,19,Legacy Measurement Solutions Inc,,752781858,16415 Addison Road,Addison,TX,750013267,,300000,0,Economic Development
2015,201630469349301988,20,Lubrizol Advanced Materials Inc,,134143915,29400 Lakeland Boulevard,Wickliffe,OH,440922298,,250000,0,Economic Development
2015,201630469349301988,21,lululemon athletica,,753060494,2200 Spiegel Drive,Groveport,OH,43125,,100000,0,Economic Development
2015,201630469349301988,22,Maca Plastics Inc,,311435433,3455 Cross Road,Winchester,OH,456979477,,24308,0,Economic Development
2015,201630469349301988,23,Massillon Energy & Technology Park LLC,,352487208,PO Box 35427,Canton,OH,44735,,465500,0,Economic Development
2015,201630469349301988,24,Matalco Realty Inc,,471392335,5120 Tod Avenue,Lordstown,OH,44481,,500000,0,Economic Development
2015,201630469349301988,25,MedInvent LLC,,262489108,1841 Buerkle Road,White Bear Lake,MI,55110,,40000,0,Economic Development
2015,201630469349301988,26,Meijer Stores Limited Partnership,,383496076,PO Box 2281,Grand Rapids,MI,495012281,,150000,0,Economic Development
2015,201630469349301988,27,Next Generation Films Inc,,208333491,230 Industrial Drive,Lexington,OH,449041346,,100000,0,Economic Development
2015,201630469349301988,28,Ohio-West Virginia Excavating Co,,341421920,PO Box 128,Powhatan Point,OH,43942,,222600,0,Economic Development
2015,201630469349301988,29,Oprona Inc,,208040748,14120 Interdrive East,Houston,TX,77032,,26287,0,Economic Development
2015,201630469349301988,30,Perham Egg Ohio LLC,,383914676,60 South Sixth Street,Minneapolis,MN,55402,,40000,0,Economic Development
2015,201630469349301988,31,Ridge Corporation,,311399268,1201 Etna Parkway,Etna,OH,430628041,,50000,0,Economic Development
2015,201630469349301988,32,Sandusky County Economic Development Corporation,,341424666,2511 Countryside Drive,Fremont,OH,434209020,501(c)(3),90000,0,Economic Development
2015,201630469349301988,33,Sauder Woodworking Co,,344346145,502 Middle Street,Archbold,OH,435021559,,100000,0,Economic Development
2015,201630469349301988,34,Scranton Development Company,,341616556,3301 Terminal Tower,Cleveland,OH,44113,,200000,0,Economic Development
2015,201630469349301988,35,Stolle Machinery Company LLC,,770616243,6948 South Potomac Street,Centennial,CO,801124036,,350000,0,Economic Development
2015,201630469349301988,36,Diamond Manufacturing of Bluffton LTD,,272450190,505 E Jefferson Street,Bluffton,OH,45817,,80000,0,Economic Development
2015,201630469349301988,37,Tekni-Plex Inc,,223286312,1150 First Avenue,King of Prussia,PA,19406,,40000,0,Economic Development
2015,201630469349301988,38,The Bon-Ton Department Stores Inc,,231269309,2801 E Market Street,York,PA,174022406,,100000,0,Economic Development
2015,201630469349301988,39,The Medina Plating Corp,,340903894,940 Lafayette Road,Medina,OH,442562415,,50000,0,Economic Development
2015,201630469349301988,40,The New Carlisle LLC,,455425231,9639 Kinsman Road,Materials Park,OH,44073,,175470,0,Economic Development
2015,201630469349301988,41,The Procter & Gamble Distributing LLC,,310411981,1 Procter Gamble Plaza,Cincinnati,OH,45202,,1000000,0,Economic Development
2015,201630469349301988,42,Trans-Foam Inc,,341918788,281 Southwest Avenue,Tallmadge,OH,442782232,,100000,0,Economic Development
2015,201630469349301988,43,Tri-County Rural Water and Sewer District,,311269601,20 Anderson Lane,Waterford,OH,457865327,,169000,0,Economic Development
2015,201630469349301988,44,Unverferth Manufacturing Company Inc,,340936989,PO Box 357,Kalida,OH,45853,,50000,0,Economic Development
2015,201630469349301988,45,WHIRLPOOL CORPORATION,,381490038,2000 North M63,Benton Harbor,MI,49022,,600000,0,Economic Development
2015,201630469349301988,46,xperion E & E USA LLC,,463761164,1475 James Parkway,Heath,OH,43056,,100000,0,Economic Development
2015,201630469349301988,47,zulily inc,,271202150,2601 Elliot,Seattle,WA,98121,,250000,0,Economic Development
2015,201630469349301988,48,Gwynnie Bee Inc,,453507457,4301 22nd Street,Long Island City,NY,11105,,100000,0,Economic Development
2015,201630469349301988,49,Cleveland 2016 Host Committee Inc,,471304221,2400 Orange Avenue,Cleveland,OH,44101,501(C)(3),6000000,0,Economic Development
2015,201630469349301988,50,Celina City Board of Education,,346400269,585 East Livingston Street,Celina,OH,45822,,250000,0,Equipment improvement
2015,201630469349301988,51,Downtown Cleveland Alliance,,341775903,1010 Euclid Avenue,Cleveland,OH,44115,501(c)(3),50000,0,Conference expense support
2015,201630469349301988,52,Columbus 2020,,271509190,South Front Street,Columbus,OH,43215,501(c)(6),150000,0,Conference expense support
2016,201700099349300615,1,Ace Torwel Inc,,463270421,630 Albert Road,Brookville,OH,45309,,153714,0,Economic Development Economic Development Economic Development Economic Development Economic Development Economic Development Economic Development Economic Development Economic Development Economic Development Economic Development Economic Development Economic Development Economic Development Economic Development Economic Development Economic Development Economic Development Economic Development Economic Development Economic Development Economic Development Economic Development Economic Development Economic Development Economic Development Economic Development Economic Development Economic Development Economic Development Economic Development Economic Development Economic Development Economic Development Economic Development Economic Development Economic Development Economic Development Economic Development Economic Development Economic Development Economic Development Economic Development Economic Development Economic Development Economic Development Economic Development Economic Deve
2016,201700099349300615,2,Acumen Solutions Inc,,541923952,1660 International Drive,Mc Lean,VA,22102,,100000,0,Economic development grant for capital Economic Development
2016,201700099349300615,3,Airstream Inc,,930768561,419 W Pike Street,Jackson Center,OH,453349728,,100000,0,Economic development grant for capital expenditures Economic Development
2016,201700099349300615,4,Alternate Solutions Healthcare System Inc,,261643545,1251 E Dorothy Lane,Kettering,OH,45419,,285000,0,Economic development grant for capital expenditures Economic Development
2016,201700099349300615,5,Appalachian Wood Floors Inc,,311588140,838 Campbell Avenue,Portsmouth,OH,45662,,150000,0,Economic development grant for capital expenditures Economic Development
2016,201700099349300615,6,Arkay Properties LLC,,,1701 South Front Street,Cuyahoga Falls,OH,44221,,65000,0,Economic Development
2016,201700099349300615,7,Artiflex Manufacturing LLC,,451759535,1425 E Bowman Street,Wooster,OH,446913185,,200000,0,Purchase of equip for workforce training Economic Development
2016,201700099349300615,8,Assurex Health Inc,,271453375,6030 S Mason-Montgomery Road,Mason,OH,450403706,,1000000,0,Talent attraction initiative Economic Development
2016,201700099349300615,9,Barium & Chemicals Inc,,340084595,515 Kingsdale Road,Steubenville,OH,439524321,,450000,0,Economic Development
2016,201700099349300615,10,Bellevue Economic Development Corporation,,341397769,110 W Main Street,Bellevue,OH,448111328,501(c)(3),231728,0,Economic Development
2016,201700099349300615,11,Borgers Ohio Inc,,300841962,400 Industrial Parkway,Norwalk,OH,44857,,150000,0,Economic Development
2016,201700099349300615,12,Circleville-Pickaway Community Improvement Corpora,,311195864,114 W Franklin Street,Circleville,OH,43113,501(c)(3),12390,0,Economic Development
2016,201700099349300615,13,City of Cleveland,,346000646,Cleveland City Hall 601 Lakeside Av,Cleveland,OH,44114,,116954,0,Economic Development
2016,201700099349300615,14,City of Youngstown,,346003189,Office of Economic Development 20 F,Youngstown,OH,44503,,154783,0,Economic Development
2016,201700099349300615,15,Columbus Steel Castings Company,,061678153,2211 Parsons Avenue,Columbus,OH,432072448,,500000,0,Economic Development
2016,201700099349300615,16,Dougherty Redevelopment Partners LLC,,473922900,4564 E 71st Street,Cuyahoga Heights,OH,44105,,99774,0,Economic Development
2016,201700099349300615,17,Dynamit Technologies LLC,,202018667,274 Marconi Boulevard,Columbus,OH,43215,,30000,0,Economic Development
2016,201700099349300615,18,Egelhof Controls Corp,,311734210,2010 Brent Drive,Toledo,OH,43611,,150000,0,Economic Development
2016,201700099349300615,19,Encore Industries Inc,,341919610,725 Water Street,Cambridge,OH,437251241,,200000,0,Economic Development
2016,201700099349300615,20,Express Inc,,262828128,1 Express Drive,Columbus,OH,432301496,,100000,0,Economic Development
2016,201700099349300615,21,First Solar Inc,,860941329,28101 Cedar Park Boulevard,Perrysburg,OH,435514871,,300000,0,Economic Development
2016,201700099349300615,22,FirstMerit Corporation,,341339938,3 Cascade Plaza,Akron,OH,443081124,,500000,0,Economic Development
2016,201700099349300615,23,Garrett Day LLC,,272573145,163 Kentucky Avenue,Lexington,KY,405021754,,524223,0,Economic Development
2016,201700099349300615,24,Geiger Excavating Inc,,311398219,1041 Enterprise Drive,Gahanna,OH,43230,,192393,0,Economic Development
2016,201700099349300615,25,Gentry Health Services Inc,,352505708,1090 Enterprise Drive,Medina,OH,44256,,16409,0,Economic Development
2016,201700099349300615,26,HJ Heinz Company LP,,251872814,1 Ppg Place,Pittsburgh,PA,152225448,,750000,0,Economic Development
2016,201700099349300615,27,HDI Landing Gear USA Inc,,272252732,15900 Foltz Industrial Parkway,Strongsville,OH,44149,,112260,0,Economic Development
2016,201700099349300615,28,Honda of America Mfg Inc,,310925242,12500 Meranda Road,Anna,OH,453029604,,4000000,0,Economic Development
2016,201700099349300615,29,Hunter Defense Technologies Inc,,134133473,30500 Aurora Road,Solon,OH,44139,,750000,0,Economic Development
2016,201700099349300615,30,Intelligrated Systems LLC,,311815356,7901 Innovation Way,Mason,OH,450409498,,1500000,0,Economic Development
2016,201700099349300615,31,International Paper Company,,130872805,1300 S Main Street,Kenton,OH,433262298,,125000,0,Economic Development
2016,201700099349300615,32,iSqFt Inc,,311652755,4500 Lake Forest Drive,Cincinnati,OH,452425555,,500000,0,Economic Development
2016,201700099349300615,33,JAFE Decorating Inc,,273409599,1250 Martin Street,Greenville,OH,453311870,,21684,0,Economic Development
2016,201700099349300615,34,Keystone Tailored Manufacturing LLC,,473900155,4600 Tiedeman Road,Brooklyn,OH,441442332,,420000,0,Economic Development
2016,201700099349300615,35,Liqui-Box Corporation,,310628033,1817 Masters Avenue,Ashland,OH,448051269,,40000,0,Economic Development
2016,201700099349300615,36,Maca Plastics Inc,,311435433,3455 Cross Road,Winchester,OH,456979477,,27692,0,Economic Development
2016,201700099349300615,37,Major Metals Company,,341134243,844 Kochheiser Road,Mansfield,OH,449048637,,100000,0,Economic Development
2016,201700099349300615,38,Manufacturing Business Development Solutions LLC,,320071821,PO Box 1811,Findlay,OH,45840,,13336,0,Economic Development
2016,201700099349300615,39,McGill Development Corporation,,311186930,One Mission Park,Groveport,OH,431251149,,47800,0,Economic Development
2016,201700099349300615,40,Mercy Health,,311161086,615 Elsinore Place,Cincinnati,OH,45202,,300000,0,Economic Development
2016,201700099349300615,41,Miami Valley Manufacturing & Assembly Inc,,383697656,1889 Radio Road,Dayton,OH,454311034,,145907,0,Economic Development
2016,201700099349300615,42,Middle West Spirits LLC,,262908300,1230 Courtland Avenue,Columbus,OH,432012829,,100000,0,Economic Development
2016,201700099349300615,43,Milacron Plastics Technologies Group LLC,,270552823,4165 Half Acre Road,Batavia,OH,451033247,,1500000,0,Economic Development
2016,201700099349300615,44,Mohawk Fine Papers Inc,,146075575,6800 Center Road,Ashtabula,OH,440048947,,200000,0,Economic Development
2016,201700099349300615,45,Multi-Color Corporation,,311125853,4053 Clough Woods Drive,Batavia,OH,45103,,200000,0,Economic Development
2016,201700099349300615,46,Municipal Light Plant LLC,,472373487,1400 Dublin Road,Columbus,OH,43215,,180931,0,Economic Development
2016,201700099349300615,47,Nestle USA Inc,,951572209,800 N Brand Boulevard,Glendale,CA,912031245,,150000,0,Economic Development
2016,201700099349300615,48,Next Generation Films Inc,,208333491,230 Industrial Drive,Lexington,OH,449041346,,100000,0,Economic Development
2016,201700099349300615,49,Ohio-West Virginia Excavating Co,,341421920,PO Box 128,Powhatan Point,OH,43942,,3581168,0,Economic Development
2016,201700099349300615,50,Pactiv LLC,,362552989,2120 Westbelt Dr,Columbus,OH,432283820,,70000,0,Equipment improvement
2016,201700099349300615,51,PRIME AE Group Inc,,260546656,8415 Pulsar Place,Columbus,OH,43240,,54212,0,Conference expense support
2016,201700099349300615,52,Pyrotek Incorporated,,910699706,355 Campus Drive,Aurora,OH,442026663,,600000,0,Conference expense support
2016,201700099349300615,53,Rexam Beverage Can Company,,362241181,2145 Cedar Street,Fremont,OH,434201007,,13464,0,
2016,201700099349300615,54,Sekisui Plastics USA Inc,,204212631,110 Clifton Way Drive,Mount Pleasant,TN,384741169,,100000,0,
2016,201700099349300615,55,Speedway LLC,,311551430,500 Speedway Drive,Enon,OH,453231056,,300000,0,
2016,201700099349300615,56,Speyside Bourbon Cooperage Inc,,473309055,960 E Main Street,Jackson,OH,45640,,150000,0,
2016,201700099349300615,57,SRI Ohio Inc,,421772220,991 Mill Park Drive,Lancaster,OH,43130,,100000,0,
2016,201700099349300615,58,STERIS Corp,,341482024,5960 Heisley Road,Mentor,OH,440601834,,250000,0,
2016,201700099349300615,59,Sugar Creek Packing Co,,311225301,12021 Sheraton Lane,Cincinnati,OH,45246,,50000,0,
2016,201700099349300615,60,TerraSmart LLC,,272624327,1000 Buckeye Park Road,Columbus,OH,43207,,200000,0,
2016,201700099349300615,61,The Laserflex Corporation,,611367211,3649 Parkway Lane,Hilliard,OH,43026,,28559,0,
2016,201700099349300615,62,The Malish Corporation,,340690321,4260 Hamann Parkway,Willoughby,OH,440945624,,9640,0,
2016,201700099349300615,63,The New Carlisle LLC,,455425231,9639 Kinsman Road,Materials Park,OH,44073,,324530,0,
2016,201700099349300615,64,ThyssenKrupp Bilstein Of America,,952797355,8685 Bilstein Boulevard,Hamilton,OH,450152205,,150000,0,
2016,201700099349300615,65,Tower Automotive Operations USA I LLC,,260440499,630 Southwest Street,Bellevue,OH,448119314,,250000,0,
2016,201700099349300615,66,Tramec Sloan LLC,,800917230,1310 Freese Works Place,Galion,OH,44833,,200000,0,
2016,201700099349300615,67,Union Tank Car Company,,363104688,939 Holland Road,Marion,OH,433029406,,225000,0,
2016,201700099349300615,68,Valeo North America Inc,,133744485,12979 CR Road 153,East Liberty,OH,43319,,100000,0,
2016,201700099349300615,69,Valfilm LLC,,472420000,3441 N Main Street,Findlay,OH,45840,,300000,0,
2016,201700099349300615,70,VAM USA LLC,,261520180,1053 Ohio Works Drive,Youngstown,OH,44510,,145217,0,
2016,201700099349300615,71,VEGA Americas Inc,,310547954,4241 Allendorf Drive,Cincinnati,OH,452091501,,27500,0,
2016,201700099349300615,72,Walnut Creek Foods,,341398298,PO Box 240,Walnut Creek,OH,44687,,50000,0,
2016,201700099349300615,73,Webster Industries Inc,,341059179,325 Hall Street,Tiffin,OH,448831419,,100000,0,
2016,201700099349300615,74,Winesburg Chair Company LTD,,020537099,2871 US Route 62,Dundee,OH,44624,,50000,0,
2016,201700099349300615,75,Wurtec Incorporated,,341478051,6200 Brent Drive,Toledo,OH,436111081,,20000,0,
2016,201700099349300615,76,BPI Associates LLC,,272513416,600 Stonehenge Parkway,Dublin,OH,43017,,23425,0,
2016,201700099349300615,77,Cleveland 2016 Host Committee Inc,,471304221,2400 Orange Avenue,Cleveland,OH,44101,501(c)(3),3000000,0,
2016,201700099349300615,78,Garrett Wood LLC,,272573256,163 Kentucky Avenue,Lexington,KY,405021754,,196000,0,
2016,201700099349300615,79,Pratt (Lewisburg Corrugating) LLC,,463221951,PO Box 220,Lewisburg,OH,45338,,150000,0,
2016,201700099349300615,80,Freudenberg NOK General Partnership,,382858208,PO Box 73229,Chicago,IL,60673,,250000,0,
2017,201811169349300106,1,1250 Old River Road LLC,,812604289,1010 Euclid Avenue,Cleveland,OH,441151503,,300000,0,Economic Development
2017,201811169349300106,2,A B B Leasing Co,,310996012,302 State Street,Zanesville,OH,43702,,25000,0,Economic development
2017,201811169349300106,3,AJM Packaging Corporation,,381556263,102 Hirt Drive,Bellevue,OH,44881,,75000,0,Economic development
2017,201811169349300106,4,Ace Torwel Inc,,463270421,630 Albert Road,Brookville,OH,45309,,146286,0,Economic development
2017,201811169349300106,5,ADS Alliance Data Systems Inc,,133163498,3100 Easton Square Place,Columbus,OH,432196232,,2000000,0,Economic development
2017,201811169349300106,6,Al Neyer LLC,,204718296,302 West 3rd Street,Cincinnati,OH,452023426,,190021,0,Economic Development
2017,201811169349300106,7,Alcott Holdings LLC,,813538518,460 East High Street,London,OH,431409303,,140816,0,Economic Development
2017,201811169349300106,8,Alex Products Inc,,341117191,19911 County Road,Ridgeville Corners,OH,43555,,250000,0,Economic Development
2017,201811169349300106,9,Alkermes Inc,,232472830,265 Olinger Circle,Wilmington,OH,451772484,,100000,0,Economic Development
2017,201811169349300106,10,Altivia Petrochemicals LLC,,474927987,1019 Furnace Road,Haverhill,OH,45636,,773554,0,Economic Development
2017,201811169349300106,11,Amcor Rigid Plastics USA LLC,,954260108,975 West Main Street,Bellevue,OH,448119011,,400000,0,Economic Development
2017,201811169349300106,12,Arconic,,250317820,425 Sixth Ave,Pittsburgh,PA,44105,,200000,0,Economic Development
2017,201811169349300106,13,Arhaus LLC,,341185757,7700 Northfield Road,Walton Hills,OH,441465521,,200000,0,Economic Development
2017,201811169349300106,14,Barclays Services Ohio,,510407971,101 Knightsbridge Drive,Hamilton,OH,45011,,252869,0,Economic Development
2017,201811169349300106,15,Bibbo Properties Ltd,,341929504,6001 Towpath Drive,Valley View,OH,44125,,100000,0,Economic Development
2017,201811169349300106,16,Borgers Ohio Inc,,300841962,400 Industrial Parkway,Norwalk,OH,448573102,,150000,0,Economic Development
2017,201811169349300106,17,Campbell Soup Supply Company LLC,,510389504,12773 State Route 110,Napoleon,OH,435455898,,100000,0,Economic Development
2017,201811169349300106,18,Candle-lite Company LLC,,463867345,250 Eastern Ave,Leesburg,OH,451359783,,200000,0,Economic Development
2017,201811169349300106,19,CardinalCommerce Corporation,,341888626,6119 Heisley Road,Mentor,OH,44060,,600000,0,Economic Development
2017,201811169349300106,20,Chestnut Commerce Center LLC,,475586394,2480 Bartlett Road,Mantua,OH,44255,,281994,0,Economic Development
2017,201811169349300106,21,City of Toronto,,346002813,416 Clark Street,Toronto,OH,43964,,153071,0,Economic Development
2017,201811169349300106,22,Clarkwestern Dietrich Building Systems LLC,,275010387,1455 Ridge Road,Vienna,OH,444739702,,300000,0,Economic Development
2017,201811169349300106,23,Classic Warehousing Inc,,311809959,160 Industrial Parkway,Versailles,OH,453809756,,39996,0,Economic Development
2017,201811169349300106,24,Corvac Composites LLC,,202485456,4450 36th Street,Kentwood,MI,49512,,381446,0,Economic Development
2017,201811169349300106,25,CoverMyMeds LLC,,263446223,Two Miranova Place,Columbus,OH,432155078,,150000,0,Economic Development
2017,201811169349300106,26,Dmax Ltd,,311624971,3100 Dryden Road,Moraine,OH,454391622,,250000,0,Economic Development
2017,201811169349300106,27,Drury Southwest Inc,,611728225,721 Emerson Road,Saint Louis,MO,631416770,,500000,0,Economic Development
2017,201811169349300106,28,ElectroCraft Ohio Inc,,204410794,250 McCormick Road,Gallipolis,OH,456318745,,90000,0,Economic Development
2017,201811169349300106,29,Ernst Metal Technologies LLC,,203246696,2920 Kreitzer Road,Moraine,OH,454391644,,150000,0,Economic Development
2017,201811169349300106,30,Eurostampa North America Inc,,208588211,1440 Seymour Avenue,Cincinnati,OH,452373006,,24295,0,Economic Development
2017,201811169349300106,31,Evanston Investments LLC,,264715674,1400 North Main Street,Delphos,OH,45833,,180000,0,Economic Development
2017,201811169349300106,32,FirstEnergy Generation LLC,,341940561,76 South Main Street,Akron,OH,44308,,12408019,0,Economic Development
2017,201811169349300106,33,FlightSafety International Inc,,133916524,4010 Bridgeway Avenue,Columbus,OH,43219,,100000,0,Economic Development
2017,201811169349300106,34,Fortner Upholstering Inc,,310789412,2050 South High Street,Columbus,OH,43206,,11500,0,Economic Development
2017,201811169349300106,35,Fuyao Glass America Inc,,383928174,2801 West Stroop Road,Moraine,OH,45439,,3000000,0,Economic Development
2017,201811169349300106,36,HDI Landing Gear USA Inc,,272252732,663 Montgomery Avenue,Springfield,OH,455061847,,37740,0,Economic Development
2017,201811169349300106,37,HOMAGE LLC,,208826851,4480 Bridgeway Avenue,Columbus,OH,43219,,30000,0,Economic Development
2017,201811169349300106,38,HSNi LLC,,262590893,1 HSN Drive,St Petersburg,FL,33729,,150000,0,Economic Development
2017,201811169349300106,39,Humtown Pattern Company,,341193031,120 Industry Street,Leetonia,OH,444318707,,25000,0,Economic Development
2017,201811169349300106,40,International Business Machines Corporation,,130871985,North Castle Drive,Armonk,NY,10504,,500000,0,Economic Development
2017,201811169349300106,41,King's Command Foods LLC,,274718303,770 N Center Street,Versailles,OH,453809610,,250000,0,Economic Development
2017,201811169349300106,42,Klarna Inc,,990365994,274 Marconi Boulevard,Columbus,OH,43215,,125000,0,Economic Development
2017,201811169349300106,43,MadTree House LLC,,451257111,5164 Kennedy Avenue,Cincinnati,OH,45209,,500000,0,Economic Development
2017,201811169349300106,44,Manufacturing Business Development Solutions LLC,,320071821,1950 Industrial Drive,Findlay,OH,458409776,,36664,0,Economic Development
2017,201811169349300106,45,Mar-Bal Inc,,341059601,787 Renaissance Parkway,Painsville,OH,44407,,500000,0,Economic Development
2017,201811169349300106,46,Masters Pharmaceutical Inc,,311752403,11930 Kemper Springs Drive,Cincinnati,OH,45240,,200000,0,Economic Development
2017,201811169349300106,47,Miba Energy Holding LLC,,383825650,5037 State Route 60,McConnelsville,OH,437569218,,100000,0,Economic Development
2017,201811169349300106,48,Monroe County Port Authority,,471636712,101 North Main Street,Woodsfield,OH,43793,,146469,0,Economic Development
2017,201811169349300106,49,MPW Industrial Services Inc,,311014212,9711 Lancaster Road,Hebron,OH,430259764,,100000,0,Economic Development
2017,201811169349300106,50,Nickel Plate Station LLC,,464196165,20001 Euclid Avenue,Euclid,OH,44117,,233433,0,Economic Development
2017,201811169349300106,51,NPW-USA Inc,,454498851,1101 Saint Gregory Street,Cincinnati,OH,45202,,40000,0,Economic Development
2017,201811169349300106,52,Ohio-West Virginia Excavating Co,,341421920,56461 Ferry Landing Road,Shadyside,OH,43947,,857781,0,Economic Development
2017,201811169349300106,53,P Graham Dunn Inc,,341667697,630 Henry Street,Dalton,OH,446189280,,190000,0,Economic Development
2017,201811169349300106,54,PCS Nitrogen Ohio L P,,133934027,2200 Fort Amanda Road,Lima,OH,45804,,137500,0,Economic Development
2017,201811169349300106,55,Peerless-Winsmith Inc,,251487618,1401 West Market Street,Warren,OH,444852785,,119863,0,Economic Development
2017,201811169349300106,56,Persistent Systems Inc,,770584954,2055 Laurelwood Road,Santa Clara,CA,950542727,,30000,0,Economic Development
2017,201811169349300106,57,Peter Cremer North America LP,,311635680,3117 Southside Avenue,Cincinnati,OH,452041215,,250000,0,Economic Development
2017,201811169349300106,58,Pison Stream Solutions LLC,,274453719,6101 West Snowville Road,Brecksville,OH,441413237,,9653,0,Economic Development
2017,201811169349300106,59,Polychem Corporation,,341570807,6277 Heisley Road,Mentor,OH,440601858,,50000,0,Economic Development
2017,201811169349300106,60,Port of Greater Cincinnati Development Authority,,311752368,3 East 4th Street,Cincinnati,OH,452023745,,1749893,0,Economic Development
2017,201811169349300106,61,Precision Products Group Inc,,462903016,339 Mill Street,Apple Creek,OH,446069573,,100000,0,Economic Development
2017,201811169349300106,62,PTTGC America LLC,,474510612,2800 Post Oak Boulevard,Houston,TX,770566128,,1451981,0,Economic Development
2017,201811169349300106,63,Repacorp Inc,,311144772,31 Industry Park Court,Tipp City,OH,453713060,,40000,0,Economic Development
2017,201811169349300106,64,Sauder Woodworking Co,,344346145,502 Middle Street,Archbold,OH,435021559,,100000,0,Economic Development
2017,201811169349300106,65,Scannell Properties #277 LLC,,812288733,8801 River Crossing Boulevard,Indianapolis,IN,46240,,100000,0,Economic Development
2017,201811169349300106,66,LuK USA LLC,,841651449,3401 Old Airport Road,Wooster,OH,44691,,1500000,0,Economic Development
2017,201811169349300106,67,Setex Inc,,341570556,1111 Mckinley Road,Saint Marys,OH,458851816,,30000,0,Economic Development
2017,201811169349300106,68,StandardAero Component Services Inc,,311813317,11550 Mosteller Road,Cincinnati,OH,452411832,,120000,0,Economic Development
2017,201811169349300106,69,Stanley Electric US Co Inc,,431192063,420 East High Street,London,OH,43140,,750000,0,Economic Development
2017,201811169349300106,70,Superior Dairy Inc,,340564691,4719 Navarre Road,Canton,OH,447062338,,100000,0,Economic Development
2017,201811169349300106,71,TNT Equipment Company,,311119067,7070 State Route 13,Somerset,OH,43783,,30000,0,Economic Development
2017,201811169349300106,72,Talis Clinical LLC,,461515066,650 Mondial Parkway,Streetsboro,OH,442415211,,50000,0,Economic Development
2017,201811169349300106,73,Te-Co Manufacturing LLC,,260349166,109 Quinter Farm Road,Union,OH,453229796,,50000,0,Economic Development
2017,201811169349300106,74,The Black Family Limited Partnership,,311456357,9711 Lancaster Road,Hebron,OH,43025,,250000,0,Economic Development
2017,201811169349300106,75,The Bon-Ton Department Stores Inc,,231269309,2801 East Market Street,York,PA,174022406,,100000,0,Economic Development
2017,201811169349300106,76,The Gent Machine Company,,340655810,12315 Kirby Road,Cleveland,OH,441081616,,423228,0,Economic Development
2017,201811169349300106,77,The Imperial Electric Company,,205839715,345 Sycamore Street,Middleport,OH,457601328,,200000,0,Economic Development
2017,201811169349300106,78,The Lincoln Electric Company,,340359955,22801 St Clair Avenue,Euclid,OH,441171199,,500000,0,Economic Development
2017,201811169349300106,79,The Mennel Milling Company,,344302060,319 Vine Street,Fostoria,OH,448302315,,174640,0,Economic Development
2017,201811169349300106,80,The Sanson Company,,340697598,3716 Croton Avenue,Cleveland,OH,441153417,,100000,0,Economic Development
2017,201811169349300106,81,ThyssenKrupp Bilstein of America Inc,,952797355,8685 Bilstein Boulevard,Hamilton,OH,45015,,50000,0,Economic Development
2017,201811169349300106,82,Tower Partners LLC,,800810911,40 North Main Street,Dayton,OH,454231020,,300000,0,Economic Development
2017,201811169349300106,83,UGN Inc,,363435795,201 Exploration Drive,Monroe,OH,45050,,850000,0,Economic Development
2017,201811169349300106,84,Umicore Specialty Materials Recycling LLC,,621551944,28960 Lakeland Boulevard,Wickliffe,OH,440922321,,157043,0,Economic Development
2017,201811169349300106,85,Uni-Grip Inc,,341108705,9823 State Highway 53 North,Upper Sandusky,OH,43351,,100000,0,Economic Development
2017,201811169349300106,86,Veluscek and Heban Properties,,341776126,200 Dixie Highway,Rossford,OH,43460,,307622,0,Economic Development
2017,201811169349300106,87,Venture Packaging Midwest Inc,,341809003,101 Oakley Street,Evansville,IN,47710,,45000,0,Economic Development
2017,201811169349300106,88,W&W Dry Cleaners Laundry and Linen Services LLC,,465690691,1440 Jefferson Street,Greenfield,OH,45123,,50000,0,Economic Development
2017,201811169349300106,89,Waverly 3PL LLC,,471846501,424 Hopewell Road,Waverly,OH,45690,,400000,0,Economic Development
2017,201811169349300106,90,West Chester Holdings Inc,,311440199,11500 Canal Road,Sharonville,OH,45241,,30000,0,Economic Development
2017,201811169349300106,91,Western Reserve Port Authority,,341696662,1453 Youngstown Kingsville Road,Vienna,OH,44473,,199478,0,Economic Development
2017,201811169349300106,92,Wilbert Plastic Services,,361178800,635 Southwest Street,Bellevue,OH,448119314,,200000,0,Economic Development
2017,201811169349300106,93,Wrap N' Ship Inc,,341376029,5055 Enterprise Boulevard,Toledo,OH,43612,,55075,0,Economic Development
2017,201811169349300106,94,Zanesville Muskingum County Port Authority,,316400080,205 North 5th Street,Zanesville,OH,437013507,,775976,0,Economic Development
2017,201811169349300106,95,Zulily Inc,,271202150,2601 Elliot,Seattle,WA,98121,,250000,0,Economic Development
2017,201811169349300106,96,Athens Mold and Machine Inc,,311145612,180 R Mill Street,Athens,OH,45701,,400000,0,Economic Development
2017,201811169349300106,97,Marion Technical College,,310798878,1467 Mount Vernon Avenue,Marion,OH,43302,501(c)(3),200000,0,Economic Development
2017,201811169349300106,98,University of Dayton Research Institute,,310536715,300 College Park,Dayton,OH,45469,501(c)(3),6561,0,Economic Development
2017,201811169349300106,99,H2W Consulting LLC,,815322241,172 East State Street,Columbus,OH,43215,,187500,0,Economic Development
2018,201900849349300615,1,2020 Custom Molded Plastics LLC,,341945124,14620 Selwyn Drive,Holiday City,OH,43543,,325000,0,Economic Development
2018,201900849349300615,2,2101 Superior Avenue LLC,,472662079,2101 Superior Avenue,Cleveland,OH,44115,,250000,0,Economic Development
2018,201900849349300615,3,3D Engineering Solutions LLC,,760846911,10597 Chester Road,Cincinnati,OH,45215,,50000,0,Economic Development
2018,201900849349300615,4,4371 Pearl Road LLC,,823297322,4371 Pearl Road,Cleveland,OH,44115,,175000,0,Economic Development
2018,201900849349300615,5,4560 Darrow Road LLC,,821369338,4560 Darrow Road,Stow,OH,44224,,500000,0,Economic Development
2018,201900849349300615,6,711 LLC,,812463049,711 N High Street,Columbus,OH,43215,,1000000,0,Economic Development Economic Development
2018,201900849349300615,7,Air South Commerce Center Phase II LLC,,384013255,Poth Road,Whitehall,OH,43213,,800000,0,Economic Development
2018,201900849349300615,8,Airborne Maintenance and Engineering Services Inc,,264214574,145 Hunter Drive,Wilmington,OH,45177,,106186,0,Economic Development
2018,201900849349300615,9,Alex Products Inc,,341117191,19911 CO RD T,Ridgeville Corners,OH,43555,,75103,0,Economic Development
2018,201900849349300615,10,Alkermes Inc,,232472830,265 Olinger Circle,Wilmington,OH,45177,,200000,0,Economic Development
2018,201900849349300615,11,Allied Crawford (Cincinnati) Inc,,815315937,213 Industrial Drive,Franklin,OH,45005,,85000,0,Economic Development
2018,201900849349300615,12,Altivia Petrochemicals LLC,,474927987,1019 Furnace Road,Haverhill,OH,45636,,720778,0,Economic Development
2018,201900849349300615,13,Amazoncomdedc LLC,,820544687,6050 Gateway Court,Obetz,OH,43125,,1500000,0,Economic Development
2018,201900849349300615,14,Arcelormittal Tubular Products Shelby Llc,,263399741,132 W Main Street,Shelby,OH,44875,,300000,0,Economic Development
2018,201900849349300615,15,Arnold Machine Inc,,341904711,19 Heritage Drive,Tiffin,OH,44883,,50000,0,Economic Development
2018,201900849349300615,16,Ashtabula County Port Authority,,341695487,91 N Chestnut Street,Jefferson,OH,44047,,151853,0,Economic Development
2018,201900849349300615,17,Autoliv Nissin Brake Systems America LLC,,475253747,2001 Industrial Drive,Findlay,OH,45839,,300000,0,Economic Development
2018,201900849349300615,18,BDO USA LLP,,135381590,300 Spruce,Columbus,OH,43215,,774365,0,Economic Development
2018,201900849349300615,19,Bellevue Economic Development Corporation,,341397769,110 W Main Street,Bellevue,OH,44811,,28272,0,Economic Development
2018,201900849349300615,20,BrewDog USA Inc,,474320975,96 Gender Road,Canal Winchester,OH,43110,,300000,0,Economic Development
2018,201900849349300615,21,Campbell Soup Supply Company LLC,,510389504,1 Campbell Pl,Camden,NJ,08103,,1000000,0,Economic Development
2018,201900849349300615,22,Carlisle Brake & Friction Inc,,200046535,6180 Cochran Road,Solon,OH,44139,,500000,0,Economic Development
2018,201900849349300615,23,Charter Manufacturing Company Inc,,391138388,4300 E 49Th Street,Cleveland,OH,44125,,500000,0,Economic Development
2018,201900849349300615,24,Chestnut Commerce Center LLC,,475586394,2480 Bartlett Road,Mantua,OH,44255,,101679,0,Economic Development
2018,201900849349300615,25,City of Canton,,346000504,218 Cleveland Avenue SW,Canton,OH,44702,,142480,0,Economic Development
2018,201900849349300615,26,City of Toronto,,346002813,416 Clark Street,Toronto,OH,43964,,185756,0,Economic Development
2018,201900849349300615,27,City of Wauseon,,346401558,230 Clinton Street,Wauseon,OH,43567,,61839,0,Economic Development
2018,201900849349300615,28,Clinical Management Consultants Inc,,262024381,1400 West 10th Street,Cleveland,OH,44113,,125000,0,Economic Development
2018,201900849349300615,29,Coldwater Machine Company LLC,,341876781,911 N 2nd Street,Coldwater,OH,45828,,50000,0,Economic Development
2018,201900849349300615,30,Composite Advantage LLC,,202016358,750 Rosedale Avenue,Dayton,OH,45402,,325000,0,Economic Development
2018,201900849349300615,31,Continental Structural Plastics Inc,,522108862,255 Rex Boulevard,Auburn Hills,MI,48326,,50000,0,Economic Development
2018,201900849349300615,32,Core-Mark Midcontinent Inc,,911295550,30300 Emerald Valley,Glenwillow,OH,44139,,19559,0,Economic Development
2018,201900849349300615,33,Coty US LLC,,134108681,131 Heritage Drive,Pataskala,OH,43062,,77468,0,Economic Development
2018,201900849349300615,34,CPG - Ohio LLC,,813941507,470 Northland BLVD,Cincinnati,OH,45240,,300000,0,Economic Development
2018,201900849349300615,35,Cutting Edge Countertops Inc,,204459634,1300 Flagship Drive,Perrysburg,OH,43551,,250000,0,Economic Development
2018,201900849349300615,36,Daniel's Amish Collection LLC,,341468011,100 Straits Lane,Killbuck,OH,44637,,139347,0,Economic Development
2018,201900849349300615,37,Dan-Mar Company Inc,,341101302,200 E Bluegrass Drive,Norwalk,OH,44857,,50000,0,Economic Development
2018,201900849349300615,38,Dealer Tire LLC,,341940366,3711 Chester Avenue,Cleveland,OH,44114,,660000,0,Economic Development
2018,201900849349300615,39,deSter Corporation,,030607461,2077 ConventionCenter,CollegePark,GA,30337,,150000,0,Economic Development
2018,201900849349300615,40,Detroit Manufacturing Systems Toledo and Non-Autom,,453810227,3400 Jeep Parkway,Toledo,OH,43610,,100000,0,Economic Development
2018,201900849349300615,41,Diversified Systems Inc,,311383824,100 Dorchester Square,Westerville,OH,43081,,50000,0,Economic Development
2018,201900849349300615,42,Dmax Ltd,,311624971,3100 Dryden Road,Moraine,OH,45439,,200000,0,Economic Development Economic Development
2018,201900849349300615,43,Dole Fresh Vegetables Inc,,942912316,600 Benjamin Drive,Springfield,OH,45502,,200000,0,Economic Development
2018,201900849349300615,44,Emerson Climate Technologies Inc,,344210902,1675 W Campbell Road,Sidney,OH,45365,,500000,0,Economic Development
2018,201900849349300615,45,Exel Inc,,042801160,570 Polaris Parkway,Westerville,OH,43082,,300000,0,Economic Development
2018,201900849349300615,46,FacilitySource LLC,,203319511,2020 N Central Avenue,Phoenix,AZ,85004,,32010,0,Economic Development
2018,201900849349300615,47,FCA US LLC,,270187277,8000 Chrysler Drive,Perrysburg,OH,43551,,2636800,0,Economic Development
2018,201900849349300615,48,Federal Supply Services International LLC,,271320001,708 Fairgrounds Road,Lucasville,OH,45648,,50000,0,Economic Development
2018,201900849349300615,49,FedEx Supply Chain Inc,,251766580,2221 John Glenn Avenue,Columbus,OH,43217,,50000,0,Economic Development
2018,201900849349300615,50,Fintech71,,821260781,107 South High Street,Columbus,OH,43215,,557500,0,Economic Development
2018,201900849349300615,51,Fireline Inc,,341014060,300 Andrews Avenue,Youngstown,OH,44505,,100000,0,Economic Development
2018,201900849349300615,52,Fluvitex USA Inc,,352549748,6500 Pontius Road,Groveport,OH,43125,,100000,0,Economic Development
2018,201900849349300615,53,Fortner Upholstering Inc,,310789412,2050 S High Street,Columbus,OH,43206,,240000,0,Economic Development
2018,201900849349300615,54,Fuyao Glass America Inc,,383928174,2801 W Stroop Road,Moraine,OH,45439,,3000000,0,Economic Development
2018,201900849349300615,55,General Electric Company,,140689340,191 Rosa Parks Street,Cincinnati,OH,45202,,1200000,0,Economic Development
2018,201900849349300615,56,GLBC Scranton LLC,,822415903,Carter Road,Cleveland,OH,44143,,64727,0,Economic Development
2018,201900849349300615,57,Global Cleveland,,275245539,200 Public Square,Cleveland,OH,44114,501(C)(3),150000,0,Economic Development
2018,201900849349300615,58,Global Graphene Group Inc,,811520982,1240 McCook Avenue,Dayton,OH,45404,,99550,0,Economic Development
2018,201900849349300615,59,Grady McCauley Inc,,311539233,9260 Pleasantwood NW,North Canton,OH,44720,,50000,0,Economic Development
2018,201900849349300615,60,Greenville Technology Inc,,311177346,5755 State Route 571,Greenville,OH,45331,,23590,0,Economic Development
2018,201900849349300615,61,Hanon Systems USA LLC,,611697358,581 Arrowhead Drive,Carey,OH,43316,,310000,0,Economic Development
2018,201900849349300615,62,Harbisonwalker International Inc,,431680037,1305 Cherrington,Moon Township,PA,15108,,150000,0,Economic Development
2018,201900849349300615,63,Hess Industries Ltd,,311653174,201 E 5th Street,Mansfield,OH,44902,,50000,0,Economic Development
2018,201900849349300615,64,Hyland Software Inc,,341699247,28500 Clemens Road,Westlake,OH,44145,,1060109,0,Economic Development
2018,201900849349300615,65,JM Smith Corporation,,570276334,520 Arrowhead Drive,Carey,OH,43316,,230000,0,Economic Development
2018,201900849349300615,66,Johnson Medtech LLC,,980208105,145 Milk Street,Methuen,MA,01844,,135000,0,Economic Development
2018,201900849349300615,67,JR Manufacturing Inc,,341949320,900 W Industrial DR,Fort Recovery,OH,45846,,50000,0,Economic Development
2018,201900849349300615,68,Kadant Black Clawson LLC,,521762325,7312 Central Parke Blvd,Mason,OH,45040,,300000,0,Economic Development
2018,201900849349300615,69,Keihin Thermal Technology of America Inc,,452583478,10500 Oday Harrison,MT Sterling,OH,43143,,50000,0,Economic Development
2018,201900849349300615,70,Keller Logistics Group Inc,,341942414,24862 Elliott Road,Defiance,OH,43512,,130000,0,Economic Development
2018,201900849349300615,71,KLK Property Holdings LLC,,352586251,3750 Timberlake Drive,Richfield,OH,44286,,200000,0,Economic Development
2018,201900849349300615,72,Kraft Foods Group Inc,,363083135,1660 S 2nd Street,Coshocton,OH,43812,,275000,0,Economic Development
2018,201900849349300615,73,Lawrence Economic Development Corporation,,311075744,216 Collins Avenue,South Point,OH,45680,501(C)(3),1764562,0,Economic Development
2018,201900849349300615,74,Marathon Petroleum Corporation,,271284632,539 S Main Street,Findlay,OH,45840,,250000,0,Economic Development
2018,201900849349300615,75,Maumee Assembly & Stamping LLC,,270176680,920 Illinois Avenue,Maumee,OH,43537,,119929,0,Economic Development
2018,201900849349300615,76,McLane Ohio Inc,,741478631,3200 McLane Drive,Findlay,OH,45840,,50100,0,Economic Development
2018,201900849349300615,77,Medpace Inc,,753033627,5375 Medpace Way,Cincinnati,OH,45227,,1577866,0,Economic Development
2018,201900849349300615,78,MICC Manufacturing Corporation,,300931047,527 Prairie Rose Drive,Perrysburg,OH,43551,,150000,0,Economic Development
2018,201900849349300615,79,Midtown 59th Street Partners LLC,,810889811,6001 Euclid Avenue,Cleveland,OH,44114,,1056318,0,Economic Development
2018,201900849349300615,80,Mitsubishi Electric Automotive America Inc,,311208705,4773 Bethany Road,Mason,OH,45040,,300000,0,Economic Development
2018,201900849349300615,81,Mountjoy Chilton Medley LLP,,271235638,462 South Fourth St,Louisville,KY,40202,,35000,0,Economic Development
2018,201900849349300615,82,MRI Software LLC,,271499609,28925 Fountain Parkway,Solon,OH,44139,,250000,0,Economic Development
2018,201900849349300615,83,NA Busche LLC,,822976846,623 Airport N Office Park,FT Wayne,IN,46825,,900000,0,Economic Development
2018,201900849349300615,84,NanoSperse LLC,,113703106,2000 Composite Drive,Kettering,OH,45420,,30000,0,Economic Development
2018,201900849349300615,85,NASDAQ Entrepreneurial Center Inc,,471253460,505 Howard Street,San Francisco,CA,94105,,10000,0,Economic Development
2018,201900849349300615,86,National Automotive Experts LLC,,204752011,8370 Dow Circle,Strongsville,OH,44136,,50000,0,Economic Development
2018,201900849349300615,87,Nature Fresh Farms USA Inc,,473252445,7445 State Highway 109,Delta,OH,43515,,100000,0,Economic Development
2018,201900849349300615,88,Nestle Prepared Foods Company,,951572209,800 North Brand Blvd,Glendale,CA,91203,,350000,0,Economic Development
2018,201900849349300615,89,Nestle Usa Inc,,951572209,800 N Brand Boulevard,Glendale,CA,91203,,1000000,0,Economic Development
2018,201900849349300615,90,NEX Transport Inc,,133537004,13900 State Rt 287,East Liberty,OH,43319,,50000,0,Economic Development
2018,201900849349300615,91,Nexen Tire America Inc,,261997145,4150 Highlander Parkway,Richfield,OH,44286,,150000,0,Economic Development
2018,201900849349300615,92,Nickel Plate Station LLC,,464196165,20001 Euclid Avenue,Euclid,OH,44117,,16567,0,Economic Development
2018,201900849349300615,93,Nordson Xaloy Incoporated,,814251752,375 Victoria Road,Austintown,OH,44515,,1000000,0,Economic Development
2018,201900849349300615,94,NuVasive Manufacturing LLC,,272408671,805 Liberty Lane,West Carrollton,OH,45449,,588602,0,Economic Development
2018,201900849349300615,95,Ohio Logistics Ltd,,341827019,1800 Industrial Drive,Findlay,OH,45840,,110000,0,Economic Development
2018,201900849349300615,96,Ohio-West Virginia Excavating Co,,341421920,56461 Ferry Landing Rd,Shadyside,OH,43947,,78319,0,Economic Development
2018,201900849349300615,97,Pier 1 Imports (US) Inc,,751673348,5701 Meadows Drive,Grove City,OH,43123,,30000,0,Economic Development
2018,201900849349300615,98,Pillar Technology Group LLC,,134212209,711 N High Street,Columbus,OH,43215,,224642,0,Economic Development
2018,201900849349300615,99,Pison Stream Solutions LLC,,274453719,6101 W Snowville Rd,Brecksville,OH,44141,,327527,0,Economic Development
2018,201900849349300615,100,Port of Greater Cincinnati Development Authority,,311752368,3 E 4th Street,Cincinnati,OH,45202,,968440,0,Economic Development
2018,201900849349300615,101,Pratt Paper (OH) LLC,,822631781,2860 County Road 25A,Wapakoneta,OH,45895,,2350000,0,Economic Development
2018,201900849349300615,102,Pretzel Baron Properties LLC,,464523320,311 Northland Blvd,Cincinnati,OH,45246,,200000,0,Economic Development
2018,201900849349300615,103,PRIME AE Group Inc,,260546656,8415 Pulsar Place,Columbus,OH,43240,,20788,0,Economic Development
2018,201900849349300615,104,ProMedica Health System Inc,,341517671,1801 Richards Road,Toledo,OH,43607,,2000000,0,Economic Development
2018,201900849349300615,105,Q Labs LLC,,311163734,1400 Harrison Avenue,Cincinnati,OH,45214,,445000,0,Economic Development
2018,201900849349300615,106,Quality Electrodynamics LLC,,113751366,6655 Beta Drive,Mayfield Village,OH,44143,,1553856,0,Economic Development
2018,201900849349300615,107,R & L Carriers Inc,,311423221,600 Gilliam Road,Wilmington,OH,45177,,500000,0,Economic Development
2018,201900849349300615,108,Raymond Storage Concepts Inc,,800065827,5480 Creek Road,Blue Ash,OH,45242,,75000,0,Economic Development
2018,201900849349300615,109,Recker Consulting LLC,,200378455,6900 Steger Drive,Cincinnati,OH,45237,,100000,0,Economic Development
2018,201900849349300615,110,Recleim OH LLC,,815476676,34 Old Ivy Road,Atlanta,GA,30342,,510000,0,Economic Development
2018,201900849349300615,111,Relatecare LLC,,461590730,10000 Cedar Avenue,Cleveland,OH,44106,,57824,0,Economic Development
2018,201900849349300615,112,Round Box Management LLC,,472197022,663 Erie Street South,Massillon,OH,44646,,100589,0,Economic Development
2018,201900849349300615,113,S&P Data Ohio LLC,,271123127,1500 W 3rd Street,Cleveland,OH,44113,,150000,0,Economic Development
2018,201900849349300615,114,Safeway Packaging Inc,,463981791,300 White Mountain Dr,New Bremen,OH,45869,,19263,0,Economic Development
2018,201900849349300615,115,Sage Sustainable Electronics LLC,,465425790,2801 Charter Street,Columbus,OH,43228,,35000,0,Economic Development
2018,201900849349300615,116,Sand Lake Property LLC,,263605464,1300 East Ninth Street,Cleveland,OH,44114,,100000,0,Economic Development
2018,201900849349300615,117,Seefried Development Services Inc,,821661828,3333 Riverwood Pkwy SE,Atlanta,GA,30339,,8500000,0,Economic Development
2018,201900849349300615,118,SFA Architects Inc,,311019872,300 West Fourth Street,Cincinnati,OH,45202,,300000,0,Economic Development
2018,201900849349300615,119,Silfex Inc,,205699765,950 S Franklin Street,Eaton,OH,45320,,2502502,0,Economic Development
2018,201900849349300615,120,SK Food Group Inc,,273674322,4600 37th Ave SW,Seattle,WA,98126,,34344,0,Economic Development Economic Development
2018,201900849349300615,121,Sky Climber Fabricating LLC,,812506619,1800 Pittsburgh Drive,Delaware,OH,43015,,40000,0,Economic Development
2018,201900849349300615,122,Sofidel America Corp,,371700146,25910 US 23,Circleville,OH,43113,,1000000,0,Economic Development
2018,201900849349300615,123,Southside Redevelopment LLC,,260621636,2135 Dana Avenue,Cincinnati,OH,45207,,235719,0,Economic Development
2018,201900849349300615,124,Speedway LLC,,271287018,500 Speedway Drive,Enon,OH,45323,,150000,0,Economic Development
2018,201900849349300615,125,Speyside Bourbon Cooperage Inc,,473309055,960 E Main Street,Jackson,OH,45640,,25000,0,Economic Development
2018,201900849349300615,126,Sterigenics US LLC,,953323502,2015 Spring Road,Oak Brook,IL,60439,,500000,0,Economic Development
2018,201900849349300615,127,syncreon America Inc,,383629823,2851 High Meadow Cir,Auburn Hills,MI,48326,,150000,0,Economic Development
2018,201900849349300615,128,T&C Rail Holdings Inc,,474350524,424 West Melrose Street,Chicago,IL,60657,,125000,0,Economic Development
2018,201900849349300615,129,TNT Equipment Company,,311119067,7070 State Route 13 NE,Somerset,OH,43783,,70000,0,Economic Development
2018,201900849349300615,130,Taiho Corporation of America,,363143159,194 Heritage Drive,Tiffin,OH,44883,,35000,0,Economic Development
2018,201900849349300615,131,Taylor Communications of Minnesota (Taylor Communi,,811701544,111 W First Street,Dayton,OH,45402,,500000,0,Economic Development
2018,201900849349300615,132,TechR2 LLC,,830421014,48 Klema Drive,Reynoldsburg,OH,43068,,35000,0,Economic Development
2018,201900849349300615,133,Tenk Center LLC,,464844030,2111 Center Street,Cleveland,OH,44113,,250000,0,Economic Development
2018,201900849349300615,134,Terrex Harris Ave LLC,,471885117,3200 Madison Road,Cincinnati,OH,45209,,792000,0,Economic Development
2018,201900849349300615,135,The Goodyear Tire & Rubber Company,,340253240,200 Innovation Way,Akron,OH,44316,,450000,0,Economic Development
2018,201900849349300615,136,The Gravity Project LLC,,814750045,30 Warren Street,Columbus,OH,43215,,1200000,0,Economic Development
2018,201900849349300615,137,The Home Depot Inc,,581853319,2455 Paces Ferry Road,Atlanta,GA,30339,,62000,0,Economic Development
2018,201900849349300615,138,The Kroger Co,,310345740,1014 Vine Street,Cincinnati,OH,45202,,150000,0,Economic Development
2018,201900849349300615,139,The Lubrizol Corporation,,340367600,29400 Lakeland Blvd,Wickliffe,OH,44092,,80000,0,Economic Development
2018,201900849349300615,140,The Malish Corporation,,340690321,4260 Hamann Parkway,Willoughby,OH,44094,,125000,0,Economic Development
2018,201900849349300615,141,Topre America Corporation,,980380782,1100 Reaper Avenue,Springfield,OH,45503,,730821,0,Economic Development
2018,201900849349300615,142,Treves Inc,,680600078,615 Corporate Place,Fostoria,OH,44830,,200000,0,Economic Development
2018,201900849349300615,143,Tri-Rivers Career Center or Center for Adult Educa,,310843022,2222 Marion Mt Gilead Rd,Marion,OH,43302,,137000,0,Economic Development
2018,201900849349300615,144,Tronair Inc,,582514686,One Air Cargo Parkway,Swanton,OH,43604,,750000,0,Economic Development
2018,201900849349300615,145,Trumbull Manufacturing Inc,,341754280,3850 Hendricks Road,Austintown,OH,44515,,100000,0,Economic Development
2018,201900849349300615,146,TS Sales LLC,,464936616,255 Neal Avenue,Mt Gilead,OH,43338,,150000,0,Economic Development
2018,201900849349300615,147,TS Tech Americas Inc,,311437701,8458 E Broad Street,Reynoldsburg,OH,43068,,50000,0,Economic Development
2018,201900849349300615,148,University of Dayton Research Institute,,310536715,300 College Park,Dayton,OH,45469,501(C)(3),139970,0,Economic Development
2018,201900849349300615,149,Urban Renewables II LLC,,273218415,100 Industrial Avenue,Rittman,OH,44270,,1691400,0,Economic Development
2018,201900849349300615,150,V H Cooper & Co Inc,,341176077,6793 US Route 127 N,Van Wert,OH,45891,,100000,0,Economic Development
2018,201900849349300615,151,Venture Packaging Midwest Inc,,341809003,101 Oakley Street,Evansville,IN,47710,,50000,0,Economic Development
2018,201900849349300615,152,Vora Solution Center LLC,,814369608,10290 Alliance Road,Blue Ash,OH,45242,,300000,0,Economic Development
2018,201900849349300615,153,Warehouse Associates LP,,133607217,1200 E Kibby Street,Lima,OH,45804,,150000,0,Economic Development
2018,201900849349300615,154,Wauseon Machine & Manufacturing Inc,,341483237,995 Enterprise Avenue,Wauseon,OH,43567,,75000,0,Economic Development
2018,201900849349300615,155,West-Ward Pharmaceuticals Corp,,223114571,1809 N Wilson Road,Columbus,OH,43228,,400000,0,Economic Development
2018,201900849349300615,156,Wolf's Ridge Brewing LLC,,454011666,215 N 4th Street,Columbus,OH,43215,,9171,0,Economic Development
2018,201900849349300615,157,Woodard Development LLC,,811187897,444 E 2nd Street,Dayton,OH,45401,,100000,0,Economic Development
2018,201900849349300615,158,Wrap N' Ship Inc,,341376029,5055 Enterprise Boulevard,Toledo,OH,43612,,19925,0,Economic Development
2018,201900849349300615,159,Wright Warehousing Inc,,311209925,1601 E 4th Street,Lima,OH,45802,,290000,0,Economic Development
2018,201900849349300615,160,Xellia Pharmaceuticals USA LLC,,471150410,200 Northfield Road,Bedford,OH,44146,,1000000,0,Economic Development
2018,201900849349300615,161,Yorkville Intermodal Terminals LLC,,814690065,100 Bet-Tech Drive,Aliquippa,PA,15001,,200000,0,Economic Development
2018,201900849349300615,162,Youngstown Business Incubator,,311751707,241 West Deral Street,Youngstown,OH,44503,,80000,0,Economic Development
2019,202020599349300902,1,2828 CLINTON INC,,341644643,2828 CLINTON AVENUE,CLEVELAND,OH,441132939,,7200,0,ECONOMIC DEVELOPMENT
2019,202020599349300902,2,4440 CREEK ROAD PROPERTIES LLC,,825280312,4440 CREEK ROAD,CINCINNATI,OH,45242,,350000,0,ECONOMIC DEVELOPMENT
2019,202020599349300902,3,476 BRIDGE STREET LLC,,813568315,15 RESERVOIR ROAD,WHITE PLAINS,NY,10603,,800000,0,ECONOMIC DEVELOPMENT
2019,202020599349300902,4,777 LENA LLC,,384031342,777 LENA DRIVE,AURORA,OH,442028025,,500000,0,ECONOMIC DEVELOPMENT
2019,202020599349300902,5,A & P TOOL INC,,341816209,801 INDUSTRIAL DRIVE,HICKSVILLE,OH,435261174,,112233,0,ECONOMIC DEVELOPMENT
2019,202020599349300902,6,ADVICS MANUFACTURING OHIO INC,,311229422,1650 KINGSVIEW DRIVE,LEBANON,OH,450368390,,248660,0,ECONOMIC DEVELOPMENT
2019,202020599349300902,7,AEROCONTROLEX GROUP INC,,260379798,313 GILLETT STREET,PAINESVILLE,OH,440772918,,200000,0,ECONOMIC DEVELOPMENT
2019,202020599349300902,8,AIR SOUTH COMMERCE CENTER PHASE II LLC,,384013255,POTH ROAD,WHITEHALL,OH,43213,,200000,0,ECONOMIC DEVELOPMENT
2019,202020599349300902,9,AIRSTREAM INC,,930768561,419 W PIKE STREET,JACKSON CENTER,OH,453349728,,600000,0,ECONOMIC DEVELOPMENT
2019,202020599349300902,10,AK STEEL CORPORATION,,311267098,9227 CENTRE POINTE DRIVE,WEST CHESTER,OH,450694822,,250000,0,ECONOMIC DEVELOPMENT
2019,202020599349300902,11,ALEX PRODUCTS INC,,341117191,19911 COUNTY ROAD T,RIDGEVILLE CORNERS,OH,43555,,74897,0,ECONOMIC DEVELOPMENT
2019,202020599349300902,12,ALKON CORPORATION,,341679064,728 GRAHAM DRIVE,FREMONT,OH,434204073,,30000,0,ECONOMIC DEVELOPMENT
2019,202020599349300902,13,ALPLA INC,,582611718,3320 FORT SHAWNEE INDUS DRIVE,LIMA,OH,458061843,,150000,0,ECONOMIC DEVELOPMENT
2019,202020599349300902,14,ALTIVIA PETROCHEMICALS LLC,,474927987,1019 FURNACE ROAD,HAVERHILL,OH,45636,,805668,0,ECONOMIC DEVELOPMENT
2019,202020599349300902,15,AQUABLOK LTD,,341904902,175 WOODLAND AVENUE,SWANTON,OH,435581026,,50000,0,ECONOMIC DEVELOPMENT
2019,202020599349300902,16,ARCONIC,,250317820,425 SIXTH AVENUE,PITTSBURGH,PA,44105,,200000,0,ECONOMIC DEVELOPMENT
2019,202020599349300902,17,ASM INTERNATIONAL,,340714532,9639 KINSMAN ROAD,NOVELTY,OH,44073,,475000,0,ECONOMIC DEVELOPMENT
2019,202020599349300902,18,AUTOTOOL INC,,341789017,7875 CORPORATE BOULEVARD,PLAIN CITY,OH,430648045,,53137,0,ECONOMIC DEVELOPMENT
2019,202020599349300902,19,BANK STREET HOLDINGS LLC,,821501811,4820 BRIAR ROAD,CLEVELAND,OH,441355040,,75000,0,ECONOMIC DEVELOPMENT
2019,202020599349300902,20,BELLISIO FOODS INC,,593015985,100 E BROADWAY STREET,JACKSON,OH,456401347,,1000000,0,ECONOMIC DEVELOPMENT
2019,202020599349300902,21,BENCHMARK EDUCATION COMPANY LLC,,133996703,145 HUGUENOT STREET,NEW ROCHELLE,NY,10801,,50000,0,ECONOMIC DEVELOPMENT
2019,202020599349300902,22,BENDIX COMMERCIAL VEHICLE SYSTEMS LLC,,521843583,901 CLEVELAND STREET,ELYRIA,OH,440354153,,500000,0,ECONOMIC DEVELOPMENT
2019,202020599349300902,23,BLECKMANN USA LLC,,371790634,188 COMMERCE BOULEVARD,JOHNSTOWN,OH,43031,,50000,0,ECONOMIC DEVELOPMENT
2019,202020599349300902,24,BRAUN INDUSTRIES INC,,310792103,1170 PRODUCTION DRIVE,VAN WERT,OH,458919391,,55000,0,ECONOMIC DEVELOPMENT
2019,202020599349300902,25,BRENNAN INDUSTRIES INC,,340859271,6701 COCHRAN ROAD,SOLON,OH,441393411,,200000,0,ECONOMIC DEVELOPMENT
2019,202020599349300902,26,BREWDOG COLUMBUS LLC,,474320975,96 GENDER ROAD,CANAL WINDCHESTER,OH,43110,,-200000,0,ECONOMIC DEVELOPMENT
2019,202020599349300902,27,CANDID CARE CO INC,,364867239,213 PARK AVENUE SOUTH 2ND FLOOR,NEW YORK,NY,10003,,106718,0,ECONOMIC DEVELOPMENT
2019,202020599349300902,28,CENTRAL MACHINERY COMPANY LLC,,341943090,1339 E FAIRGROUND ROAD,MARION,OH,433028873,,63011,0,ECONOMIC DEVELOPMENT
2019,202020599349300902,29,CERTAINTEED CORPORATION,,232510893,11519 US HIGHWAY 250 NORTH,MILAN,OH,448469708,,350000,0,ECONOMIC DEVELOPMENT
2019,202020599349300902,30,CHERYL & CO,,311006364,4465 INDUSTRIAL CENTER DRIVE,OBETZ,OH,432074589,,100000,0,ECONOMIC DEVELOPMENT
2019,202020599349300902,31,CHILLICOTHE KENWORTH INC,,475572204,1331 DELANO ROAD,CHILLICOTHE,OH,45601,,27170,0,ECONOMIC DEVELOPMENT
2019,202020599349300902,32,CINTAS CORPORATION NO 2,,311703809,3219 ROHR ROAD,GROVEPORT,OH,431259433,,100000,0,ECONOMIC DEVELOPMENT
2019,202020599349300902,33,CITY OF BEDFORD HEIGHTS,,346003691,5661 PERKINS ROAD,CLEVELAND,OH,441462558,,302350,0,ECONOMIC DEVELOPMENT
2019,202020599349300902,34,CITY OF CINCINNATI,,316000064,805 CENTRAL AVENUE SUITE 700,CINCINNATI,OH,45202,,570000,0,ECONOMIC DEVELOPMENT
2019,202020599349300902,35,CITY OF CLEVELAND,,346000646,601 LAKESIDE AVE EAST ROOM 210,CLEVELAND,OH,441141015,,99919,0,ECONOMIC DEVELOPMENT
2019,202020599349300902,36,CITY OF HURON,,346400671,417 MAIN STREET,HURON,OH,448391652,,200000,0,ECONOMIC DEVELOPMENT
2019,202020599349300902,37,CL PRODUCTS INTERNATIONAL LLC,,463867345,250 EASTERN AVENUE PO BOX 385,LEESBURG,OH,451359783,,100000,0,ECONOMIC DEVELOPMENT
2019,202020599349300902,38,CLOPAY BUILDING PRODUCTS COMPANY INC,,112808682,1400 WEST MARKET STREET,TROY,OH,45373,,180000,0,ECONOMIC DEVELOPMENT
2019,202020599349300902,39,CONTINENTAL STRUCTURAL PLASTICS INC,,522108862,255 REX BOULEVARD,AUBURN HILLS,MI,48326,,400000,0,ECONOMIC DEVELOPMENT
2019,202020599349300902,40,COVERMYMEDS LLC,,263446223,8866 COMMONS BOULEVARD,TWINSBURG,OH,44087,,155255,0,ECONOMIC DEVELOPMENT
2019,202020599349300902,41,CPG INTERNATIONAL LLC,,202779385,5215 OLD ORCHARD ROAD SUITE 725,SKOKIE,IL,60077,,55000,0,ECONOMIC DEVELOPMENT
2019,202020599349300902,42,CRANE CONSUMABLES INC,,274356106,155 WESTHEIMER DRIVE,MIDDLETOWN,OH,45044,,25000,0,ECONOMIC DEVELOPMENT
2019,202020599349300902,43,CREATIVE PACKAGING LLC,,311682777,1781 KEMPER COURT PO BOX 305,ZANESVILLE,OH,437014606,,350000,0,ECONOMIC DEVELOPMENT
2019,202020599349300902,44,CREDIT ADJUSTMENTS INC,,340941570,330 FLORENCE STREET,DEFIANCE,OH,43512,,79143,0,ECONOMIC DEVELOPMENT
2019,202020599349300902,45,CROWN EQUIPMENT CORPORATION,,344412691,44 S WASHINGTON STREET,NEW BREMEN,OH,458691288,,1500000,0,ECONOMIC DEVELOPMENT
2019,202020599349300902,46,CUSTOM PRO LOGISTICS LLC,,462460862,1707 RACE STREET,CINCINNATI,OH,45202,,250000,0,ECONOMIC DEVELOPMENT
2019,202020599349300902,47,DAISY BRAND LLC,,800595003,3600 NORTH GEYERS CHAPEL ROAD,WOOSTER,OH,446919641,,400787,0,ECONOMIC DEVELOPMENT
2019,202020599349300902,48,DANA LIGHT AXLE MANUFACTURING LLC,,261347098,3044 JEEP PARKWAY,TOLEDO,OH,43657,,250000,0,ECONOMIC DEVELOPMENT
2019,202020599349300902,49,DANA LIMITED,,261531856,3857 TECHNOLOGY DRIVE,MAUMEE,OH,43537,,3000000,0,ECONOMIC DEVELOPMENT
2019,202020599349300902,50,DAYTON SEWING COLLABORATIVE,,822325963,PO BOX 392,DAYTON,OH,45401,,66300,0,ECONOMIC DEVELOPMENT
2019,202020599349300902,51,DECEUNINCK NORTH AMERICA LLC,,311745568,351 N GARVER ROAD,MONROE,OH,450501233,,50000,0,ECONOMIC DEVELOPMENT
2019,202020599349300902,52,DECKED LLC,,462633179,120 N LEADVILLE AVENUE SUITE 4,KETCHUM,ID,83340,,50000,0,ECONOMIC DEVELOPMENT
2019,202020599349300902,53,DIGERONIMO DEVELOPMENT LLC,,823411495,5720 EAST SCHAAF ROAD,INDEPENDENCE,OH,44131,,264000,0,ECONOMIC DEVELOPMENT
2019,202020599349300902,54,DOLLAR TREE DISTRIBUTION INC,,541737649,500 VOLVO PARKWAY,CHESAPEAKE,VA,23320,,34360,0,ECONOMIC DEVELOPMENT
2019,202020599349300902,55,E1 DIGITAL DIRECT INC,,474912935,491 MCCLURG ROAD,BOARDMAN,OH,445126404,,70000,0,ECONOMIC DEVELOPMENT
2019,202020599349300902,56,ECCRINE SYSTEMS INC,,472692010,1775 MENTOR AVENUE SUITE 300,CINCINNATI,OH,452121100,,48452,0,ECONOMIC DEVELOPMENT
2019,202020599349300902,57,ELYRIA COMMUNITY IMPROVEMENT CORPORATION,,472250959,131 COURT STREET,ELYRIA,OH,440355511,501(C)(3),192889,0,ECONOMIC DEVELOPMENT
2019,202020599349300902,58,E-MEK TECHNOLOGIES LLC,,204904956,7410 WEBSTER STREET,VANDALIA,OH,454145816,,36343,0,ECONOMIC DEVELOPMENT
2019,202020599349300902,59,ENSEMBLE HP LLC,,384050738,1701 MERCY HEALTH PLACE,CINCINNATI,OH,45237,,317555,0,ECONOMIC DEVELOPMENT
2019,202020599349300902,60,EXSURCO MEDICAL INC,,453836837,10804 GREEN ROAD,WAKEMAN,OH,448899676,,211919,0,ECONOMIC DEVELOPMENT
2019,202020599349300902,61,FACILITYSOURCE LLC,,203319511,200 EAST CAMPUS VIEW BOULEVARD,COLUMBUS,OH,432354732,,82085,0,ECONOMIC DEVELOPMENT
2019,202020599349300902,62,FAT HEAD'S BREWING LP,,271931373,ENGEL LAKE DRIVE,MIDDLEBURG HEIGHTS,OH,44130,,50000,0,ECONOMIC DEVELOPMENT
2019,202020599349300902,63,FAXON MACHINING INC,,311054769,11101 ADWOOD DRIVE,FOREST PARK,OH,45240,,150000,0,ECONOMIC DEVELOPMENT
2019,202020599349300902,64,FCA US LLC,,270187277,1000 CHRYSLER DRIVE,AUBURN HILLS,MI,483262766,,196402,0,ECONOMIC DEVELOPMENT
2019,202020599349300902,65,FIRST SOLAR INC,,204623678,28101 CEDAR PARK BOULEVARD,PERRYSBURG,OH,435514871,,651448,0,ECONOMIC DEVELOPMENT
2019,202020599349300902,66,FORMLABS OHIO INC,,320536305,27800 LEMOYNE ROAD SUITE J,MILLBURY,OH,434479683,,50000,0,ECONOMIC DEVELOPMENT
2019,202020599349300902,67,FORTUITY HOLDING LLC,,821921127,750 MOUNT CARMEL MALL,COLUMBUS,OH,432221553,,400000,0,ECONOMIC DEVELOPMENT
2019,202020599349300902,68,FRANKLIN INTERNATIONAL INC,,314183710,2020 BRUCK STREET,COLUMBUS,OH,432072329,,1000000,0,ECONOMIC DEVELOPMENT
2019,202020599349300902,69,FULTON COUNTY PROCESSING LTD,,341965647,7800 STATE ROUTE 109,DELTA,OH,435159335,,75000,0,ECONOMIC DEVELOPMENT
2019,202020599349300902,70,G&S METAL PRODUCTS CO INC,,341145880,3330 EAST 79TH STREET,CLEVELAND,OH,441271831,,21000,0,ECONOMIC DEVELOPMENT
2019,202020599349300902,71,GEORGIA TSS INC (TOTAL SYSTEM SERVICES INC),,581493818,1500 BOLTONFIELD STREET,COLUMBUS,OH,43228,,200000,0,ECONOMIC DEVELOPMENT
2019,202020599349300902,72,GEO-TECH POLYMERS LLC,,800814251,423 HOPEWELL ROAD,WAVERLY,OH,45690,,100000,0,ECONOMIC DEVELOPMENT
2019,202020599349300902,73,GHD GREEN LLC,,825505807,PO BOX 42598,CINCINNATI,OH,45242,,75000,0,ECONOMIC DEVELOPMENT
2019,202020599349300902,74,HILLCREST EGG & CHEESE CO,,341136697,2700 E 55TH STREET,CLEVELAND,OH,44115,,400000,0,ECONOMIC DEVELOPMENT
2019,202020599349300902,75,HOMESIDE FINANCIAL LLC,,463689142,7775 WALTON PARKWAY 4TH FLOOR,NEW ALBANY,OH,43054,,300000,0,ECONOMIC DEVELOPMENT
2019,202020599349300902,76,HONDA R&D AMERICAS INC,,330054861,21001 STATE ROUTE 739,RAYMOND,OH,430679705,,3960281,0,ECONOMIC DEVELOPMENT
2019,202020599349300902,77,HONEYMOON PAPER PRODUCTS INC,,310625744,7100 DIXIE HIGHWAY,FAIRFIELD,OH,45014,,48776,0,ECONOMIC DEVELOPMENT
2019,202020599349300902,78,HUMBLE ROBINSON GROUP LLC,,814058205,2615 CRYSTAL AVENUE,FINDLAY,OH,45840,,860776,0,ECONOMIC DEVELOPMENT
2019,202020599349300902,79,HYNES INDUSTRIES INC,,340871763,3760 OAKWOOD AVENUE,YOUNGSTOWN,OH,445153041,,-50000,0,ECONOMIC DEVELOPMENT
2019,202020599349300902,80,INOGEN INC,,330989359,326 BOLLAY DRIVE,GOLETA,CA,931175550,,500000,0,ECONOMIC DEVELOPMENT
2019,202020599349300902,81,IRONUNITS LLC,,341920747,200 PUBLIC SQUARE SUITE 3300,CLEVELAND,OH,441142315,,10895137,0,ECONOMIC DEVELOPMENT
2019,202020599349300902,82,ITM MARKETING INC,,351989444,331 MAIN STREET,COSHOCTON,OH,438121929,,285000,0,ECONOMIC DEVELOPMENT
2019,202020599349300902,83,JAC PRODUCTS INC,,381888757,225 S INDUSTRIAL DRIVE,SALINE,MI,48176,,1772474,0,ECONOMIC DEVELOPMENT
2019,202020599349300902,84,JACKSON COUNTY ECONOMIC DEVELOPMENT PARTNERSHIP,,341604927,920 VETERANS DRIVE SUITE A,JACKSON,OH,45640,501(C)(3),510000,0,ECONOMIC DEVELOPMENT
2019,202020599349300902,85,JEFFERIS REAL ESTATE LLC,,341823010,62894 EASTVIEW COURT,BARNESVILLE,OH,43713,,2741727,0,ECONOMIC DEVELOPMENT
2019,202020599349300902,86,JOHNSON MEDTECH LLC,,980208105,145 MILK STREET,METHUEN,MA,01844,,65000,0,ECONOMIC DEVELOPMENT
2019,202020599349300902,87,JPMORGAN CHASE BANK NATIONAL ASSOCIATION,,134994650,1111 POLARIS PARKWAY,COLUMBUS,OH,432402031,,3000000,0,ECONOMIC DEVELOPMENT
2019,202020599349300902,88,JUST4CONSTRUCTIONCOM LLC,,461185968,17999 FOLTZ PARKWAY,STRONGSVILLE,OH,441495565,,750000,0,ECONOMIC DEVELOPMENT
2019,202020599349300902,89,KENO KOZIE ASSOCIATES LTD,,363621191,ONE N FRANKLIN STREET SUITE 500,CHICAGO,IL,60606,,40000,0,ECONOMIC DEVELOPMENT
2019,202020599349300902,90,KEYSTONE TAILORED MANUFACTURING LLC,,473900155,4600 TIEDEMAN ROAD,BROOKLYN,OH,44144,,-288089,0,ECONOMIC DEVELOPMENT
2019,202020599349300902,91,KOORSEN FIRE & SECURITY INC,,351153549,727 MANOR PARK DRIVE,COLUMBUS,OH,43228,,50000,0,ECONOMIC DEVELOPMENT
2019,202020599349300902,92,KRAFT FOODS GROUP INC,,363083135,THREE LAKES DRIVE,NORTHFIELD,IL,600932753,,-175000,0,ECONOMIC DEVELOPMENT
2019,202020599349300902,93,KURTZ BROS INC,,341152347,5000 WARNER ROAD,GARFIELD HEIGHTS,OH,44125,,61351,0,ECONOMIC DEVELOPMENT
2019,202020599349300902,94,LAWRENCE ECONOMIC DEVELOPMENT CORPORATION,,311075744,216 COLLINS AVENUE,SOUTH POINT,OH,456808501,501(C)(3),724114,0,ECONOMIC DEVELOPMENT
2019,202020599349300902,95,MAC WHITE LLC,,830892018,120 WEST MAIN STREET SUITE 200,VAN WERT,OH,45891,,50000,0,ECONOMIC DEVELOPMENT
2019,202020599349300902,96,MANE INC,,311611663,2501 HENKLE DRIVE,LEBANON,OH,450367794,,100000,0,ECONOMIC DEVELOPMENT
2019,202020599349300902,97,MCDANIEL PRODUCTS INC,,263498215,50 MANSFIELD INDUSTRIAL PARKWAY,MANSFIELD,OH,449038999,,75000,0,ECONOMIC DEVELOPMENT
2019,202020599349300902,98,MCLANE OHIO INC,,475030627,3200 MCLANE DRIVE,FINDLAY,OH,45840,,121152,0,ECONOMIC DEVELOPMENT
2019,202020599349300902,99,MEDPACE INC,,753033627,5375 MEDPACE WAY,CINCINNATI,OH,452271543,,922134,0,ECONOMIC DEVELOPMENT
2019,202020599349300902,100,METALX LLC,,453790057,295 SOUTH COMMERCE DRIVE,WATERLOO,IN,46793,,250000,0,ECONOMIC DEVELOPMENT
2019,202020599349300902,101,MIDMARK CORPORATION,,344269370,60 VISTA DRIVE,VERSAILLES,OH,453809488,,2670767,0,ECONOMIC DEVELOPMENT
2019,202020599349300902,102,MITEC POWERTRAIN INC,,421769575,4000 FOSTORIA AVENUE,FINDLAY,OH,458408733,,200000,0,ECONOMIC DEVELOPMENT
2019,202020599349300902,103,MORGAN STANLEY & CO LLC,,208764829,1585 BROADWAY,NEW YORK,NY,10036,,432070,0,ECONOMIC DEVELOPMENT
2019,202020599349300902,104,MRI SOFTWARE LLC,,271499609,28925 FOUNTAIN PARKWAY,SOLON,OH,441394356,,250000,0,ECONOMIC DEVELOPMENT
2019,202020599349300902,105,MSW RE 1 INC,,823810794,6161 VENTNOR AVENUE,VANDALIA,OH,454142651,,200000,0,ECONOMIC DEVELOPMENT
2019,202020599349300902,106,MULTI-COLOR CORPORATION,,311125853,4053 CLOUGH WOODS DRIVE,BATAVIA,OH,45103,,300000,0,ECONOMIC DEVELOPMENT
2019,202020599349300902,107,MUNICIPAL LIGHT PLANT LLC,,472373487,1400 DUBLIN ROAD,COLUMBUS,OH,432151009,,700000,0,ECONOMIC DEVELOPMENT
2019,202020599349300902,108,NANOGATE JAY SYSTEMS LLC,,814480790,150 EAST LONGVIEW AVENUE,MANSFIELD,OH,449034206,,1000000,0,ECONOMIC DEVELOPMENT
2019,202020599349300902,109,NATIONAL DOOR AND TRIM INC,,341269925,1189 GRILL ROAD,VAN WERT,OH,458919386,,91078,0,ECONOMIC DEVELOPMENT
2019,202020599349300902,110,NAVARRE FACILITY LLC,,472532936,4500 STERILITE STREET NE,NAVARRE,OH,44662,,850000,0,ECONOMIC DEVELOPMENT
2019,202020599349300902,111,NELSON PACKAGING COMPANY INC,,341846562,1801 RESERVOIR ROAD,LIMA,OH,45804,,80000,0,ECONOMIC DEVELOPMENT
2019,202020599349300902,112,NEW HORIZONS BAKING COMPANY INC,,311178698,211 WOODLAWN AVENUE,NORWALK,OH,448572276,,100000,0,ECONOMIC DEVELOPMENT
2019,202020599349300902,113,NIPPON STEEL INTEGRATED CRANKSHAFT LLC,,263444991,1815 EAST SANDUSKY STREET,FOSTORIA,OH,44830,,200000,0,ECONOMIC DEVELOPMENT
2019,202020599349300902,114,NRP INVESTMENTS LLC,,341899036,5309 TRANSPORTATION BOULEVARD,CLEVELAND,OH,441255333,,600000,0,ECONOMIC DEVELOPMENT
2019,202020599349300902,115,NSG GLASS NORTH AMERICA INC,,831622986,PEMBERVILLE ROAD,LUCKEY,OH,43443,,2000000,0,ECONOMIC DEVELOPMENT
2019,202020599349300902,116,OHIO AWNING GRANT LENDER INC,,475146583,2658 SCRANTON ROAD,CLEVELAND,OH,44113,,300000,0,ECONOMIC DEVELOPMENT
2019,202020599349300902,117,PH GLATFELTER COMPANY,,230628360,232 EAST 8TH STREET,CHILLICOTHE,OH,456013364,,500000,0,ECONOMIC DEVELOPMENT
2019,202020599349300902,118,PAS TECHNOLOGIES INC,,204772714,214 HOBART DRIVE,HILLSBORO,OH,451339487,,150000,0,ECONOMIC DEVELOPMENT
2019,202020599349300902,119,PEPPERIDGE FARM INC,,060613103,3320 STATE ROUTE 103 E,WILLARD,OH,448909614,,47315,0,ECONOMIC DEVELOPMENT
2019,202020599349300902,120,PHILLIPS MEAT PROCESSING LLC,,611394910,2790 RIDGE ROAD,ZANESVILLE,OH,43701,,40000,0,ECONOMIC DEVELOPMENT
2019,202020599349300902,121,PLASTIC PACKAGING TECHNOLOGIES LLC,,274037334,4041 ROBERTS ROAD,COLUMBUS,OH,432289536,,25000,0,ECONOMIC DEVELOPMENT
2019,202020599349300902,122,PORT OF GREATER CINCINNATI DEVELOPMENT AUTHORITY,,311752368,3 EAST 4TH STREET SUITE 300,CINCINNATI,OH,452023745,,540961,0,ECONOMIC DEVELOPMENT
2019,202020599349300902,123,PRO-TEC COATING COMPANY LLC,,251635459,5500 PRO-TEC PARKWAY,LEIPSIC,OH,45856,,3000000,0,ECONOMIC DEVELOPMENT
2019,202020599349300902,124,RAYCO MANUFACTURING LLC,,822889106,4255 EAST LINCOLN WAY,WOOSTER,OH,44691,,77630,0,ECONOMIC DEVELOPMENT
2019,202020599349300902,125,RBB SYSTEMS INC,,341353186,1909 OLD MANSFIELD ROAD,WOOSTER,OH,44691,,60000,0,ECONOMIC DEVELOPMENT
2019,202020599349300902,126,RELATECARE LLC,,461590730,3615 SUPERIOR AVENUE SUITE 4406C,CLEVELAND,OH,44114,,42176,0,ECONOMIC DEVELOPMENT
2019,202020599349300902,127,RIMECO PRODUCTS INC,,341715965,38198 WILLOUGHBY PARKWAY,WILLOUGHBY,OH,440947580,,50000,0,ECONOMIC DEVELOPMENT
2019,202020599349300902,128,RISE BRANDS INC,,464760127,134 EAST LONG STREET,COLUMBUS,OH,432152518,,141476,0,ECONOMIC DEVELOPMENT
2019,202020599349300902,129,ROGERS INDUSTRIAL PRODUCTS INC,,340897539,532 SOUTH MAIN STREET,AKRON,OH,443111018,,100000,0,ECONOMIC DEVELOPMENT
2019,202020599349300902,130,RUDOLPH DEVELOPMENT LLC,,464521270,2120 SMITHTOWN AVENUE,RONKONKOMA,NY,11779,,500000,0,ECONOMIC DEVELOPMENT
2019,202020599349300902,131,RXQ COMPOUNDING LLC,,471235128,340 WEST STATE STREET,ATHENS,OH,45701,,100000,0,ECONOMIC DEVELOPMENT
2019,202020599349300902,132,SAFRAN POWER USA LLC,,461426922,8380 DARROW ROAD,TWINSBURG,OH,440872329,,25000,0,ECONOMIC DEVELOPMENT
2019,202020599349300902,133,SCIOTO VALLEY WOODWORKING INC,,831892831,423 HOPEWELL ROAD,WAVERLY,OH,45690,,165680,0,ECONOMIC DEVELOPMENT
2019,202020599349300902,134,SEARCH DISCOVERY INC,,202057743,1250 OLD RIVER ROAD,CLEVELAND,OH,44115,,500000,0,ECONOMIC DEVELOPMENT
2019,202020599349300902,135,SEEFRIED DEVELOPMENT SERVICES INC,,821661828,3333 RIVERWOOD PARKWAY SE SUITE 200,ATLANTA,GA,303396411,,3305000,0,ECONOMIC DEVELOPMENT
2019,202020599349300902,136,SHIN-ETSU SILICONES OF AMERICA INC,,954015700,963 EVANS AVENUE,AKRON,OH,443051021,,193194,0,ECONOMIC DEVELOPMENT
2019,202020599349300902,137,SILFEX INC,,205699765,950 SOUTH FRANKLIN STREET,EATON,OH,45320,,59375,0,ECONOMIC DEVELOPMENT
2019,202020599349300902,138,SJN DATA CENTER LLC,,472512296,4620 WESLEY AVENUE,CINCINNATI,OH,45212,,400000,0,ECONOMIC DEVELOPMENT
2019,202020599349300902,139,SKY CLIMBER FABRICATING LLC,,812506619,1600 PITTSBURGH DRIVE,DELAWARE,OH,43015,,-40000,0,ECONOMIC DEVELOPMENT
2019,202020599349300902,140,SMITHERS INFORMATION LLC,,273887724,425 WEST MARKET STREET,AKRON,OH,443032044,,50000,0,ECONOMIC DEVELOPMENT
2019,202020599349300902,141,SOFIDEL AMERICA CORP,,371700146,25910 US 23,CIRCLEVILLE,OH,43113,,500000,0,ECONOMIC DEVELOPMENT
2019,202020599349300902,142,SOUTHSIDE REDEVELOPMENT LLC,,260621636,2135 DANA AVENUE SUITE 200,CINCINNATI,OH,45207,,14281,0,ECONOMIC DEVELOPMENT
2019,202020599349300902,143,ST BERNARD SOAP COMPANY,,980390818,5177 SPRING GROVE AVENUE,CINCINNATI,OH,452171050,,900000,0,ECONOMIC DEVELOPMENT
2019,202020599349300902,144,STEINER EOPTICS INC,,311314876,3475 NEWMARK DRIVE,MIAMI TOWNSHIP,OH,45342,,25000,0,ECONOMIC DEVELOPMENT
2019,202020599349300902,145,STEWART-MACDONALD MANUFACTURING COMPANY,,310783143,21 N SHAFER STREET,ATHENS,OH,45701,,400000,0,ECONOMIC DEVELOPMENT
2019,202020599349300902,146,STOLLE MACHINERY COMPANY LLC,,770616243,7425 WEBSTER STREET,DAYTON,OH,45414,,60000,0,ECONOMIC DEVELOPMENT
2019,202020599349300902,147,STONECROP TECHNOLOGIES LLC,,141831492,3500 SOUTHWEST BOULEVARD,GROVE CITY,OH,431232244,,40000,0,ECONOMIC DEVELOPMENT
2019,202020599349300902,148,TEIKOKU USA INC,,760356084,27881 STATE ROUTE 7,MARIETTA,OH,45750,,120000,0,ECONOMIC DEVELOPMENT
2019,202020599349300902,149,TERREX HARRIS AVE LLC,,471885117,3200 MADISON ROAD SUITE 2B,CINCINNATI,OH,45209,,198000,0,ECONOMIC DEVELOPMENT
2019,202020599349300902,150,THE CLARENCE AND JUDITH LAPEDES FAMILY LLC,,311570785,2444 MADISON ROAD SUITE 207,CINCINNATI,OH,452081219,,68696,0,ECONOMIC DEVELOPMENT
2019,202020599349300902,151,THE GREAT LAKES CONSTRUCTION CO,,340689355,2608 GREAT LAKES WAY,HINCKLEY,OH,44233,,96500,0,ECONOMIC DEVELOPMENT
2019,202020599349300902,152,THE HUNTINGTON NATIONAL BANK,,310966785,5555 CLEVELAND AVENUE,COLUMBUS,OH,43231,,1500000,0,ECONOMIC DEVELOPMENT
2019,202020599349300902,153,THE OHIO MANUFACTURERS' ASSOCIATION,,314270490,33 NORTH HIGH STREET 6TH FLOOR,COLUMBUS,OH,43215,,30000,0,ECONOMIC DEVELOPMENT
2019,202020599349300902,154,THE WORNICK COMPANY,,300225741,4700 CREEK ROAD,BLUE ASH,OH,452422808,,50000,0,ECONOMIC DEVELOPMENT
2019,202020599349300902,155,THEKEN COMPANIES LLC,,900951383,1800 TRIPLETT BOULEVARD,AKRON,OH,443063311,,268529,0,ECONOMIC DEVELOPMENT
2019,202020599349300902,156,THERMA-TRU CORP,,341923454,1750 INDIAN WOOD CIRCLE,MAUMEE,OH,435374018,,350000,0,ECONOMIC DEVELOPMENT
2019,202020599349300902,157,TIFFIN METAL PRODUCTS CO,,341302396,450 WALL STREET,TIFFIN,OH,448831366,,6648,0,ECONOMIC DEVELOPMENT
2019,202020599349300902,158,TOPRE AMERICA CORPORATION,,980380782,1100 REAPER AVENUE,SPRINGFIELD,OH,455033501,,500000,0,ECONOMIC DEVELOPMENT
2019,202020599349300902,159,TPAM INC,,300869183,28175 HAGGERTY ROAD SUITE 151,NOVI,MI,48377,,89619,0,ECONOMIC DEVELOPMENT
2019,202020599349300902,160,TRAMEC SLOAN LLC,,800917230,30 DAVIS STREET,IOLA,KS,66749,,-200000,0,ECONOMIC DEVELOPMENT
2019,202020599349300902,161,TRI-COUNTY RURAL WATER AND SEWER DISTRICT,,311269601,20 ANDERSON LANE,WATERFORD,OH,45786,,-50000,0,ECONOMIC DEVELOPMENT
2019,202020599349300902,162,TRUE INSPECTION SERVICES LLC,,261737051,871 SOUTH MAIN STREET,URBANA,OH,430782537,,707158,0,ECONOMIC DEVELOPMENT
2019,202020599349300902,163,US BANK NATIONAL ASSOCIATION,,310841368,800 NICOLLET MALL,MINNEAPOLIS,MN,55402,,150000,0,ECONOMIC DEVELOPMENT
2019,202020599349300902,164,UNITED PARCEL SERVICE INC,,362407381,5101 TRABUE ROAD,COLUMBUS,OH,432289613,,75000,0,ECONOMIC DEVELOPMENT
2019,202020599349300902,165,UNIVERSITY OF DAYTON RESEARCH INSTITUTE,,310536715,300 COLLEGE PARK AVENUE,DAYTON,OH,454691640,501(C)(3),510563,0,ECONOMIC DEVELOPMENT
2019,202020599349300902,166,UNVERFERTH MANU CO INC,,340936989,PO BOX 357,KALIDA,OH,45853,,-50000,0,ECONOMIC DEVELOPMENT
2019,202020599349300902,167,V WERT 1 LLC,,814145031,1180 KEAR ROAD,VAN WERT,OH,45891,,1224966,0,ECONOMIC DEVELOPMENT
2019,202020599349300902,168,VEE PAK OHIO LLC,,900629281,9040 SMITHS MILL ROAD,NEW ALBANY,OH,43054,,100000,0,ECONOMIC DEVELOPMENT
2019,202020599349300902,169,VILLAGE OF EVENDALE,,316001691,10500 READING ROAD,EVENDALE,OH,452412574,,400000,0,ECONOMIC DEVELOPMENT
2019,202020599349300902,170,VILLAGE OF RIPLEY,,316001082,PO BOX 219,RIPLEY,OH,451670219,,131500,0,ECONOMIC DEVELOPMENT
2019,202020599349300902,171,VITATOE INDUSTRIES INC,,311012711,100 CHAMBER DRIVE PO BOX 224,CHILLICOTHE,OH,456010224,,25000,0,ECONOMIC DEVELOPMENT
2019,202020599349300902,172,VOSS INDUSTRIES LLC,,340891000,2168 W 25TH STREET,CLEVELAND,OH,441134172,,26129,0,ECONOMIC DEVELOPMENT
2019,202020599349300902,173,WASHINGTON COUNTY CAREER CENTER,,310735812,21740 STATE ROUTE 676,MARIETTA,OH,45750,,259877,0,ECONOMIC DEVELOPMENT
2019,202020599349300902,174,WAYNE TRAIL TECHNOLOGIES INC,,340922427,203 EAST PARK STREET,FORT LORAMIE,OH,45845,,100000,0,ECONOMIC DEVELOPMENT
2019,202020599349300902,175,WF MANUFACTURING LTD,,814549773,1785 WALL ROAD,WADSWORTH,OH,44281,,125000,0,ECONOMIC DEVELOPMENT
2019,202020599349300902,176,ZIMMER SURGICAL INC,,810550216,6001 ROYALTON ROAD,BROADVIEW HEIGHTS,OH,44147,,250000,0,ECONOMIC DEVELOPMENT
2020,202140579349301709,1,20100 ST CLAIR AVENUE LLC,,813793558,20100 ST CLAIR AVENUE,EUCLID,OH,441171016,,168185,0,ECONOMIC DEVELOPMENT
2020,202140579349301709,2,2828 CLINTON INC,,341644643,2828 CLINTON AVENUE,CLEVELAND,OH,441132939,,100000,0,ECONOMIC DEVELOPMENT
2020,202140579349301709,3,476 BRIDGE STREET LLC,,813568315,15 RESERVOIR ROAD,WHITE PLAINS,NY,10603,,200000,0,ECONOMIC DEVELOPMENT
2020,202140579349301709,4,5 B'S INC,,311260509,1000 5BS DRIVE,ZANESVILLE,OH,437017630,,100000,0,ECONOMIC DEVELOPMENT
2020,202140579349301709,5,80 ACRES URBAN AGRICULTURE INC,,833394582,2 SOUTH THIRD STREET SUITE 400,HAMILTON,OH,45011,,500000,0,ECONOMIC DEVELOPMENT
2020,202140579349301709,6,AAG GLASS LLC,,831267351,950 KENT ROAD,BATAVIA,OH,45103,,128438,0,ECONOMIC DEVELOPMENT
2020,202140579349301709,7,ADVICS MANUFACTURING OHIO INC,,311229422,1650 KINGSVIEW DRIVE,LEBANON,OH,450368390,,251340,0,ECONOMIC DEVELOPMENT
2020,202140579349301709,8,AIR WISCONSIN AIRLINES LLC,,262898052,W6390 CHALLENGER DRIVE 203,APPLETON,WI,549149120,,50000,0,ECONOMIC DEVELOPMENT
2020,202140579349301709,9,ALPONT LLC,,273357481,4112 CORDUROY ROAD,OREGON,OH,43616,,450000,0,ECONOMIC DEVELOPMENT
2020,202140579349301709,10,ALTIVIA PETROCHEMICALS LLC,,474927987,1019 FURNACE ROAD,HAVERHILL,OH,45636,,200000,0,ECONOMIC DEVELOPMENT
2020,202140579349301709,11,AMG INDUSTRIES LLC,,474578433,200 COMMERCE DRIVE,MOUNT VERNON,OH,430504661,,150000,0,ECONOMIC DEVELOPMENT
2020,202140579349301709,12,AMG VANADIUM LLC,,202931565,60790 SOUTHGATE ROAD,CAMBRIDGE,OH,437259414,,2400000,0,ECONOMIC DEVELOPMENT
2020,202140579349301709,13,APOLLO CAREER CENTER,,341126813,3325 SHAWNEE ROAD,LIMA,OH,45806,,140000,0,ECONOMIC DEVELOPMENT
2020,202140579349301709,14,ASHTA CHEMICALS INC,,222988012,3509 MIDDLE ROAD,ASHTABULA,OH,440043915,,55000,0,ECONOMIC DEVELOPMENT
2020,202140579349301709,15,ATRICURE INC,,341940305,7555 INNOVATION WAY,MASON,OH,450409695,,800000,0,ECONOMIC DEVELOPMENT
2020,202140579349301709,16,AUTOTOOL INC,,341789017,7875 CORPORATE BOULEVARD,PLAIN CITY,OH,430648045,,50215,0,ECONOMIC DEVELOPMENT
2020,202140579349301709,17,BATTELLE MEMORIAL INSTITUTE,,314379427,505 KING AVENUE,COLUMBUS,OH,43201,,250000,0,ECONOMIC DEVELOPMENT
2020,202140579349301709,18,BDO USA LLP,,135381590,300 SPRUCE STREET SUITE 100,COLUMBUS,OH,432151173,,819953,0,ECONOMIC DEVELOPMENT
2020,202140579349301709,19,BEAM TECHNOLOGIES INC,,475621244,226 N 5TH STREET,COLUMBUS,OH,432152565,,250000,0,ECONOMIC DEVELOPMENT
2020,202140579349301709,20,BECHTEL OIL GAS AND CHEMICALS INC,,942681915,3000 POST OAK BOULEVARD PO BOX 2166,HOUSTON,TX,77056,,20000000,0,ECONOMIC DEVELOPMENT
2020,202140579349301709,21,BEF FOODS INC,,750782223,651 COMMERCE PARKWAY,LIMA,OH,458044033,,34013,0,ECONOMIC DEVELOPMENT
2020,202140579349301709,22,BIG HEART PET BRANDS,,475174203,1 STRAWBERRY LANE,ORVILLE,OH,44667,,250000,0,ECONOMIC DEVELOPMENT
2020,202140579349301709,23,BLADE-TECH INDUSTRIES INC,,911678875,10125 WELLMAN ROAD,STREETSBORO,OH,442411614,,100000,0,ECONOMIC DEVELOPMENT
2020,202140579349301709,24,BLUE LABEL PACKAGING COMPANY,,310963794,3750 LANCASTER NEW LEXINGTON ROAD,LANCASTER,OH,431309314,,45000,0,ECONOMIC DEVELOPMENT
2020,202140579349301709,25,BON-TON DEPARTMENT STORES INC,,231269309,2801 EAST MARKET STREET BUILDING E,YORK,PA,17402,,-200000,0,ECONOMIC DEVELOPMENT
2020,202140579349301709,26,BOOZ ALLEN HAMILTON INC,,362513626,3800 PENTAGON BOULEVARD,BEAVERCREEK,OH,45431,,109899,0,ECONOMIC DEVELOPMENT
2020,202140579349301709,27,BORGERS OHIO INC,,300841962,400 INDUSTRIAL PARKWAY,NORWALK,OH,448573102,,50000,0,ECONOMIC DEVELOPMENT
2020,202140579349301709,28,BRAUN INDUSTRIES INC,,310792103,1170 PRODUCTION DRIVE,VAN WERT,OH,458919391,,66000,0,ECONOMIC DEVELOPMENT
2020,202140579349301709,29,BWXT GOVERNMENT GROUP INC,,541845387,91 STIRING AVENUE,BARBERTON,OH,442032628,,475000,0,ECONOMIC DEVELOPMENT
2020,202140579349301709,30,CALGON CARBON CORPORATION,,250530110,835 N CASSADY AVENUE,COLUMBUS,OH,432192203,,250000,0,ECONOMIC DEVELOPMENT
2020,202140579349301709,31,CAMBRIDGE-GUERNSEY COUNTY COMMUNITY IMPROVEMENT CORPORATION,,311778278,9900 BRICK CHURCH ROAD,CAMBRIDGE,OH,437259317,,150000,0,ECONOMIC DEVELOPMENT
2020,202140579349301709,32,CANDID CARE CO,,364867239,213 PARK AVENUE SOUTH 2ND FLOOR,NEW YORK,NY,10003,,41741,0,ECONOMIC DEVELOPMENT
2020,202140579349301709,33,CARESOURCE MANAGEMENT SERVICES LLC,,311703368,230 N MAIN STREET,DAYTON,OH,454021263,,2300000,0,ECONOMIC DEVELOPMENT
2020,202140579349301709,34,CENTRAL MACHINERY COMPANY LLC,,341943090,1339 E FAIRGROUND ROAD,MARION,OH,433028873,,13987,0,ECONOMIC DEVELOPMENT
2020,202140579349301709,35,CGF REALTY LLC,,203398663,6110 PARKLAND BOULEVARD,MAYFIELD HEIGHTS,OH,441244187,,300000,0,ECONOMIC DEVELOPMENT
2020,202140579349301709,36,CHAMPLAIN ENTERPRISES LLC,,475676237,24950 COUNTRY CLUB BOULEVARD SUITE,NORTH OLMSTED,OH,440705333,,250000,0,ECONOMIC DEVELOPMENT
2020,202140579349301709,37,CHEWY INC,,901020167,3280 LIGHTNER ROAD,DAYTON,OH,45377,,750000,0,ECONOMIC DEVELOPMENT
2020,202140579349301709,38,CHILDREN'S HUNGER ALLIANCE,,237303509,1105 SCHROCK ROAD SUITE 505,COLUMBUS,OH,43229,501(C)(3),25000,0,ECONOMIC DEVELOPMENT
2020,202140579349301709,39,CHURCH & DWIGHT CO INC,,134996950,2501 E CO ROAD 34,OLD FORT,OH,44861,,400000,0,ECONOMIC DEVELOPMENT
2020,202140579349301709,40,CIL ISOTOPE SEPARATIONS LLC,,562640186,1689 BURNETT DRIVE,XENIA,OH,45385,,50000,0,ECONOMIC DEVELOPMENT
2020,202140579349301709,41,CINCINNATI CHILDREN'S HOSPITAL MEDICAL CENTER,,310833936,3333 BURNET AVENUE,CINCINNATI,OH,452293026,501(C)(3),5000000,0,ECONOMIC DEVELOPMENT
2020,202140579349301709,42,CITY OF CLEVELAND,,346000646,601 LAKESIDE AVENUE EAST ROOM 210,CLEVELAND,OH,441141015,GOVERNMENT ENTITY,97669,0,ECONOMIC DEVELOPMENT
2020,202140579349301709,43,CITY OF TOLEDO,,346401447,ONE GOVERNMENT CENTER,TOLEDO,OH,43604,GOVERNMENT ENTITY,650000,0,ECONOMIC DEVELOPMENT
2020,202140579349301709,44,CITY OF WAPAKONETA OHIO,,346401532,701 PARLETTE COURT,WAPAKONETA,OH,45895,GOVERNMENT ENTITY,900000,0,ECONOMIC DEVELOPMENT
2020,202140579349301709,45,CITYWIDE DEVELOPMENT CORPORATION,,310821189,8 N MAIN STREET,DAYTON,OH,45402,501(C)(4),675000,0,ECONOMIC DEVELOPMENT
2020,202140579349301709,46,CL PRODUCTS INTERNATIONAL LLC,,463867345,250 EASTERN AVENUE PO BOX 385,LEESBURG,OH,451359783,,150000,0,ECONOMIC DEVELOPMENT
2020,202140579349301709,47,CLINTON COUNTY PORT AUTHORITY,,562546716,1113 AIRPORT ROAD,WILMINGTON,OH,45177,,742687,0,ECONOMIC DEVELOPMENT
2020,202140579349301709,48,CLOPAY BUILDING PRODUCTS COMPANY INC,,112808682,1400 W MARKET STREET,TROY,OH,45373,,120000,0,ECONOMIC DEVELOPMENT
2020,202140579349301709,49,CMG STRATEGY CO LLC,,300796726,1401 WYNKOOP DRIVE,DENVER,CO,80202,,500000,0,ECONOMIC DEVELOPMENT
2020,202140579349301709,50,CODEBLUE 360,,371549655,14 E MAIN STREET,SPRINGFIELD,OH,455021359,,301748,0,ECONOMIC DEVELOPMENT
2020,202140579349301709,51,CONSOLIDATED STORAGE SOLUTIONS INC,,262958880,302 STATE STREET,ZANESVILLE,OH,43701,,100000,0,ECONOMIC DEVELOPMENT
2020,202140579349301709,52,COTSWORKS LLC,,204055028,749 MINER ROAD,HIGHLAND HEIGHTS,OH,441432145,,1000000,0,ECONOMIC DEVELOPMENT
2020,202140579349301709,53,COVERMYMEDS LLC,,263446223,8866 COMMONS BOULEVARD,TWINSBURG,OH,440872177,,460742,0,ECONOMIC DEVELOPMENT
2020,202140579349301709,54,CREDIT ADJUSTMENTS INC,,340941570,330 FLORENCE STREET,DEFIANCE,OH,43512,,776148,0,ECONOMIC DEVELOPMENT
2020,202140579349301709,55,CROCS INC,,202164234,7477 E DRY CREEK PARKWAY,NIWOT,CO,80503,,55232,0,ECONOMIC DEVELOPMENT
2020,202140579349301709,56,CROSSCHX INC,,464455633,99 EAST MAIN STREET,COLUMBUS,OH,43215,,135895,0,ECONOMIC DEVELOPMENT
2020,202140579349301709,57,CUSTOM GLASS SOLUTIONS FOSTORIA LLC,,431984002,130 WEST JONES ROAD,FOSTORIA,OH,44830,,275000,0,ECONOMIC DEVELOPMENT
2020,202140579349301709,58,DAISY BRAND LLC,,800595003,3600 NORTH GEYERS CHAPEL ROAD,WOOSTER,OH,446919641,,99213,0,ECONOMIC DEVELOPMENT
2020,202140579349301709,59,DEDIENNE AEROSPACE,,203900803,1981 JAMES E SAULS SR DRIVE,BATAVIA,OH,45103,,200000,0,ECONOMIC DEVELOPMENT
2020,202140579349301709,60,DILL'S FIRE & SAFETY EQUIPMENT CO INC,,550561999,20213 STATE ROUTE 93,WELLSTON,OH,45692,,35000,0,ECONOMIC DEVELOPMENT
2020,202140579349301709,61,DISABILITY IN OHIO,,463754675,7100 N HIGH STREET SUITE 209,WORTHINGTON,OH,43085,501(C)(3),10000,0,ECONOMIC DEVELOPMENT
2020,202140579349301709,62,DOLLAR TREE DISTRIBUTION INC,,541737649,500 VOLVO PARKWAY,CHESAPEAKE,VA,23320,,125896,0,ECONOMIC DEVELOPMENT
2020,202140579349301709,63,DUPONT SPECIALTY PRODUCTS USA LLC,,822298836,800 DUPONT ROAD,CIRCLEVILLE,OH,43113,,1000000,0,ECONOMIC DEVELOPMENT
2020,202140579349301709,64,DYSINGER INCORPORATED,,310940115,4316 WEBSTER STREET,HARRISON TOWNSHIP,OH,45414,,35000,0,ECONOMIC DEVELOPMENT
2020,202140579349301709,65,E1 DIGITAL DIRECT INC,,474912935,491 MCCLURG ROAD,BOARDMAN,OH,44512,,-70000,0,ECONOMIC DEVELOPMENT
2020,202140579349301709,66,EASIBUY LLC,,383974397,1696 GEORGETOWN ROAD SUITE I,HUDSON,OH,442364094,,75000,0,ECONOMIC DEVELOPMENT
2020,202140579349301709,67,EDU EVERYTHING INC,,455145307,3359 MARTEL ROAD,CALEDONIA,OH,43314,501(C)(3),500000,0,ECONOMIC DEVELOPMENT
2020,202140579349301709,68,EMERSON PROCESS MANAGEMENT VALVE AUTOMATION INC,,760428239,2500 PARK AVENUE W,ONTARIO,OH,449061235,,130000,0,ECONOMIC DEVELOPMENT
2020,202140579349301709,69,ENSEMBLE HP LLC,,384050738,11541 REED HARTMAN HIGHWAY,BLUE ASH,OH,45241,,4549338,0,ECONOMIC DEVELOPMENT
2020,202140579349301709,70,EXACT CARE PHARMACY LLC,,464113583,8333 ROCKSIDE ROAD,VALLEY VIEW,OH,441256134,,1000000,0,ECONOMIC DEVELOPMENT
2020,202140579349301709,71,EXCELITAS TECHNOLOGIES CORP,,611624649,1100 VANGUARD BOULEVARD,MIAMISBURG,OH,45342,,200000,0,ECONOMIC DEVELOPMENT
2020,202140579349301709,72,FAXON MACHINING INC,,311054769,11101 ADWOOD DRIVE,CINCINNATI,OH,45240,,12400,0,ECONOMIC DEVELOPMENT
2020,202140579349301709,73,FCA US LLC,,270187277,8000 CHRYSLER DRIVE,PERRYSBURG,OH,435514813,,1153315,0,ECONOMIC DEVELOPMENT
2020,202140579349301709,74,FIRST SOLAR INC,,204623678,28101 CEDAR PARK BOULEVARD,PERRYSBURG,OH,435514871,,5592335,0,ECONOMIC DEVELOPMENT
2020,202140579349301709,75,FOR-TECH USA LLC,,371878747,750 MAIN STREET,PIQUA,OH,453563834,,137842,0,ECONOMIC DEVELOPMENT
2020,202140579349301709,76,FUND THAT FLIP INC,,465041467,1382 WEST 9TH STREET,CLEVELAND,OH,441131272,,150000,0,ECONOMIC DEVELOPMENT
2020,202140579349301709,77,GENERAL DYNAMICS LAND SYSTEMS,,540582680,38500 MOUND ROAD,STERLING HEIGHTS,MI,48310,,577623,0,ECONOMIC DEVELOPMENT
2020,202140579349301709,78,GEO-TECH POLYMERS LLC,,800814251,423 HOPEWELL ROAD,WAVERLY,OH,45690,,98860,0,ECONOMIC DEVELOPMENT
2020,202140579349301709,79,GLOBAL CLEVELAND,,275245539,200 PUBLIC SQUARE SUITE 150,CLEVELAND,OH,44114,501(C)(3),150000,0,ECONOMIC DEVELOPMENT
2020,202140579349301709,80,GLOBAL COOLING INC,,481299541,6000 POSTON ROAD,ATHENS,OH,457019051,,250000,0,ECONOMIC DEVELOPMENT
2020,202140579349301709,81,GREAT LAKES CHEESE CO INC,,341015620,17825 GREAT LAKES PARKWAY,HIRAM,OH,442349677,,4890256,0,ECONOMIC DEVELOPMENT
2020,202140579349301709,82,GREENFIELD PRODUCTS INCORPORATED,,310653828,1230 N WASHINGTON STREET,GREENFIELD,OH,451239783,,30000,0,ECONOMIC DEVELOPMENT
2020,202140579349301709,83,GRIFFETH & SON TRUCKING INC,,341568276,861 N LISBON STREET,CARROLLTON,OH,44615,,200000,0,ECONOMIC DEVELOPMENT
2020,202140579349301709,84,GTL LUMBER INC,,832472063,1301 ADAMS LANE,IRONTON,OH,45638,,83176,0,ECONOMIC DEVELOPMENT
2020,202140579349301709,85,HANON SYSTEMS USA LLC,,611697358,581 ARROWHEAD DRIVE,CAREY,OH,43316,,576295,0,ECONOMIC DEVELOPMENT
2020,202140579349301709,86,HONEYMOON PAPER PRODUCTS INC,,310625744,7100 DIXIE HIGHWAY,FAIRFIELD,OH,45014,,49581,0,ECONOMIC DEVELOPMENT
2020,202140579349301709,87,HUMBLE ROBINSON GROUP LLC,,814058205,2615 CRYSTAL AVENUE,FINDLAY,OH,45840,,215194,0,ECONOMIC DEVELOPMENT
2020,202140579349301709,88,HYLAND SOFTWARE INC,,341699247,28500 CLEMENS ROAD,WESTLAKE,OH,44145,,1439892,0,ECONOMIC DEVELOPMENT
2020,202140579349301709,89,IMCD US LLC,,341263101,30033 CLEMENS ROAD,WESTLAKE,OH,44145,,300000,0,ECONOMIC DEVELOPMENT
2020,202140579349301709,90,INFOTRUST LLC,,201783964,4340 GLENDALE MILFORD ROAD 200,BLUE ASH,OH,45242,,60000,0,ECONOMIC DEVELOPMENT
2020,202140579349301709,91,INGAGE PARTNERS INC,,273889959,2943 RIVERSIDE DRIVE,CINCINNATI,OH,45226,,50000,0,ECONOMIC DEVELOPMENT
2020,202140579349301709,92,INTEGRATED STAIR SYSTEMS INC,,911577949,144 PLYMOUTH STREET,LEXINGTON,OH,449041124,,100000,0,ECONOMIC DEVELOPMENT
2020,202140579349301709,93,INTEVA PRODUCTS LLC,,261226551,1401 CROOKS ROAD SUITE 100,TROY,MI,48084,,427000,0,ECONOMIC DEVELOPMENT
2020,202140579349301709,94,IRON CITY PIPE & SUPPLY COMPANY,,202093507,275 BENNETT AVENUE,JACKSON,OH,45640,,100000,0,ECONOMIC DEVELOPMENT
2020,202140579349301709,95,IRON UNITS LLC,,341920747,200 PUBLIC SQUARE SUITE 3300,CLEVELAND,OH,44114,,2104863,0,ECONOMIC DEVELOPMENT
2020,202140579349301709,96,JAC PRODUCTS INC,,381888757,225 S INDUSTRIAL DRIVE,SALINE,MI,48176,,349203,0,ECONOMIC DEVELOPMENT
2020,202140579349301709,97,JACKSON COUNTY ECONOMIC DEVELOPMENT PARTNERSHIP,,341604927,920 VETERANS DRIVE SUITE A,JACKSON,OH,45640,501(C)(3),500000,0,ECONOMIC DEVELOPMENT
2020,202140579349301709,98,JEFFERIS REAL ESTATE LLC,,341823010,62894 EASTVIEW CT,BARNESVILLE,OH,43713,,2258273,0,ECONOMIC DEVELOPMENT
2020,202140579349301709,99,JERICHO WALLS LTD,,823127174,532 CR 1600,ASHLAND,OH,44691,,100000,0,ECONOMIC DEVELOPMENT
2020,202140579349301709,100,JOHNS MANVILLE CORPORATION,,130889690,925 CARPENTER ROAD,DEFIANCE,OH,435121776,,100000,0,ECONOMIC DEVELOPMENT
2020,202140579349301709,101,JSW STEEL USA OHIO INC,,813308222,1500 COMMERCIAL STREET,MINGO JUNCTION,OH,439381096,,2500000,0,ECONOMIC DEVELOPMENT
2020,202140579349301709,102,KEI REALTY HOLDINGS LLC,,831942321,8201 CENTRAL AVENUE,TOLEDO,OH,43617,,200000,0,ECONOMIC DEVELOPMENT
2020,202140579349301709,103,LAND-AIR LLC,,200721176,9072 COUNTY ROAD 424,NAPOLEON,OH,43545,,750000,0,ECONOMIC DEVELOPMENT
2020,202140579349301709,104,LAWRENCE ECONOMIC DEVELOPMENT CORPORATION,,311075744,216 COLLINS AVENUE,SOUTH POINT,OH,456808501,501(C)(3),400000,0,ECONOMIC DEVELOPMENT
2020,202140579349301709,105,LEFTON METAL ENTERPRISES CORPORATION,,261762076,1 COMMERCE AVENUE,LEETONIA,OH,444318720,,100000,0,ECONOMIC DEVELOPMENT
2020,202140579349301709,106,LEL OPERATING COMPANY,,341879859,4719 NAVARRE ROAD SOUTHWEST,CANTON,OH,447062338,,1400000,0,ECONOMIC DEVELOPMENT
2020,202140579349301709,107,LIBERTY STEEL INDUSTRIES INC,,472870834,2207 LARCHMONT AVENUE,WARREN,OH,444832755,,30000,0,ECONOMIC DEVELOPMENT
2020,202140579349301709,108,LION FIRST RESPONDER PPE INC,,471851866,7200 POE AVENUE SUITE 400,DAYTON,OH,45414,,55258,0,ECONOMIC DEVELOPMENT
2020,202140579349301709,109,LONDON COMPUTER SYSTEMS INC,,311225519,9140 WATERSTONE BOULEVARD,CINCINNATI,OH,45249,,85000,0,ECONOMIC DEVELOPMENT
2020,202140579349301709,110,MANIFEST SOLUTIONS CORP,,311422564,2035 RIVERSIDE DRIVE,UPPER ARLINGTON,OH,432214012,,59224,0,ECONOMIC DEVELOPMENT
2020,202140579349301709,111,MARCUM LLP,,111986323,600 SUPERIOR AVENUE,CLEVELAND,OH,441142600,,55000,0,ECONOMIC DEVELOPMENT
2020,202140579349301709,112,MCLANE OHIO INC,,475030627,3200 MCLANE DRIVE,FINDLAY,OH,45840,,74149,0,ECONOMIC DEVELOPMENT
2020,202140579349301709,113,MEDLINE INDUSTRIES INC,,362596612,THREE LAKES DRIVE,NORTHFIELD,IL,60093,,80000,0,ECONOMIC DEVELOPMENT
2020,202140579349301709,114,MEDPACE INC,,753033627,5375 MEDPACE WAY,CINCINNATI,OH,452271543,,500000,0,ECONOMIC DEVELOPMENT
2020,202140579349301709,115,MENARD INC,,390989248,14502 CO ROAD 15,HOLIDAY CITY,OH,43554,,200000,0,ECONOMIC DEVELOPMENT
2020,202140579349301709,116,MIDMARK CORPORATION,,344269370,60 VISTA DRIVE,VERSAILLES,OH,453809488,,2329233,0,ECONOMIC DEVELOPMENT
2020,202140579349301709,117,MITEC POWERTRAIN INC,,421769575,4000 FOSTORIA AVENUE,FINDLAY,OH,45840,,-200000,0,ECONOMIC DEVELOPMENT
2020,202140579349301709,118,MIXT SOLUTIONS LLC,,471923176,8050 CORPORATE BOULEVARD,PLAIN CITY,OH,43064,,50000,0,ECONOMIC DEVELOPMENT
2020,202140579349301709,119,MODULA INC,,010499341,5000 COMMERCE CENTER DRIVE,FRANKLIN,OH,45005,,225000,0,ECONOMIC DEVELOPMENT
2020,202140579349301709,120,MORGAN STANLEY & CO LLC,,208764829,1585 BROADWAY,NEW YORK,NY,10036,,187997,0,ECONOMIC DEVELOPMENT
2020,202140579349301709,121,NANOGATE NORTH AMERICA,,814480790,150 EAST LONGVIEW AVENUE,MANSFIELD,OH,449034206,,1000000,0,ECONOMIC DEVELOPMENT
2020,202140579349301709,122,NATIONAL DOOR AND TRIM INC,,341269925,1189 GRILL ROAD,VAN WERT,OH,458919386,,8922,0,ECONOMIC DEVELOPMENT
2020,202140579349301709,123,NATURE'S ONE LLC,,311609501,1455 JAMES PARKWAY,HEATH,OH,430564007,,200000,0,ECONOMIC DEVELOPMENT
2020,202140579349301709,124,NESTLE USA INC,,951572209,30003 BAINBRIDGE ROAD,SOLON,OH,441392290,,500000,0,ECONOMIC DEVELOPMENT
2020,202140579349301709,125,NEXIENT LLC,,270340105,8000 JARVIS AVENUE SUITE 200,NEWARK,CA,94560,,176115,0,ECONOMIC DEVELOPMENT
2020,202140579349301709,126,NIDEC MINSTER CORPORATION,,344306440,240 WEST FIFTH STREET,MINSTER,OH,45865,,80000,0,ECONOMIC DEVELOPMENT
2020,202140579349301709,127,NIDEC MOTOR CORPORATION,,273330722,243 TUXEDO AVENUE,BROOKLYN HEIGHTS,OH,44131,,200000,0,ECONOMIC DEVELOPMENT
2020,202140579349301709,128,NORTH STAR BLUESCOPE STEEL LLC,,341797943,6767 COUNTY ROAD 9,DELTA,OH,435159449,,4000000,0,ECONOMIC DEVELOPMENT
2020,202140579349301709,129,NORTHERN STAMPING CO,,341930826,4580 E 71ST STREET,CUYAHOGA HEIGHTS,OH,44125,,100000,0,ECONOMIC DEVELOPMENT
2020,202140579349301709,130,NORTHROP GRUMMAN INNOVATION SYSTEMS,,330517898,1365 TECHNOLOGY CENTER,BEAVERCREEK,OH,454302212,,150000,0,ECONOMIC DEVELOPMENT
2020,202140579349301709,131,NORTHWEST STATE COMMUNITY COLLEGE,,341003685,22600 STATE ROUTE 34,ARCHBOLD,OH,43502,,513210,0,ECONOMIC DEVELOPMENT
2020,202140579349301709,132,NOSTRUM LABORATORIES INC,,205877688,705 EAST MULBERRY,BRYAN,OH,43506,,157695,0,ECONOMIC DEVELOPMENT
2020,202140579349301709,133,NOVA STEEL INC,,271256368,6001 IRWIN STREET,DELTA,OH,43515,,725000,0,ECONOMIC DEVELOPMENT
2020,202140579349301709,134,NSG GLASS NORTH AMERICA INC,,831622986,PEMBERVILLE ROAD,LUCKEY,OH,43443,,500000,0,ECONOMIC DEVELOPMENT
2020,202140579349301709,135,NUVASIVE MANUFACTURING LLC,,272408671,805 LIBERTY LANE,WEST CARROLLTON,OH,45449,,161398,0,ECONOMIC DEVELOPMENT
2020,202140579349301709,136,OCULII CORP,,471842264,830 A SPACE DRIVE,BEAVERCREEK,OH,45434,,419389,0,ECONOMIC DEVELOPMENT
2020,202140579349301709,137,ODW LOGISTICS INC,,310807991,3657 TRADEPORT COURT SUITE 100,LOCKBOURNE,OH,431379676,,100000,0,ECONOMIC DEVELOPMENT
2020,202140579349301709,138,OEDA,,202105810,17 SOUTH HIGH STREET SUITE 200,COLUMBUS,OH,43215,501(C)(6),145350,0,ECONOMIC DEVELOPMENT
2020,202140579349301709,139,OMNI SYSTEMS INC,,341646871,701 BETA DRIVE,MAYFIELD,OH,441432367,,125000,0,ECONOMIC DEVELOPMENT
2020,202140579349301709,140,ONMAIN INC,,832877212,300 COLLEGE PARK ROOM 405,DAYTON,OH,454691660,,845712,0,ECONOMIC DEVELOPMENT
2020,202140579349301709,141,OPPORTUNITIES FOR OHIOANS WITH DISABILITIES,,311334820,400 E CAMPUS VIEW BOULEVARD,COLUMBUS,OH,432354604,GOVERNMENT ENTITY,7500,0,ECONOMIC DEVELOPMENT
2020,202140579349301709,142,OREGON INNOVATION DISTRICT LLC,,811798612,815 W MARKET STREET SUITE 300,LOUISVILLE,KY,40202,,300000,0,ECONOMIC DEVELOPMENT
2020,202140579349301709,143,OVERDRIVE INC,,341522786,1 OVERDRIVE WAY,GARFIELD HEIGHTS,OH,441255385,,600000,0,ECONOMIC DEVELOPMENT
2020,202140579349301709,144,PACIFIC MANUFACTURING OHIO INC,,311655295,8955 SEWARD ROAD,FAIRFIELD,OH,450119109,,125000,0,ECONOMIC DEVELOPMENT
2020,202140579349301709,145,PANELMATIC YOUNGSTOWN INC,,341202777,6882 PARKWAY DRIVE,BROOKFIELD,OH,444039797,,60000,0,ECONOMIC DEVELOPMENT
2020,202140579349301709,146,PAYCOR INC,,311299990,4811 MONTGOMERY ROAD,CINCINNATI,OH,45212,,3346355,0,ECONOMIC DEVELOPMENT
2020,202140579349301709,147,PENTA CAREER CENTER,,340946365,9301 BUCK ROAD,PERRYSBURG,OH,43552,,290733,0,ECONOMIC DEVELOPMENT
2020,202140579349301709,148,PETMIN USA INC,,320561106,1003 BRIDGE STREET,ASHTABULA,OH,44004,,1000000,0,ECONOMIC DEVELOPMENT
2020,202140579349301709,149,PHILLIPS EDISON & COMPANY LTD,,311669229,11501 NORTHLAKE DRIVE,CINCINNATI,OH,45249,,60000,0,ECONOMIC DEVELOPMENT
2020,202140579349301709,150,PINNACLE TECHNOLOGY GROUP INC,,341827361,7076 SCHNIPKE DRIVE,OTTAWA LAKE,MI,492679637,,150000,0,ECONOMIC DEVELOPMENT
2020,202140579349301709,151,POLYMER FILM & BAG LLC,,833230349,8333 NAVARRE ROAD SOUTH EAST,MASSILLON,OH,446469652,,100000,0,ECONOMIC DEVELOPMENT
2020,202140579349301709,152,POWERBUILT MATERIAL HANDLING SOLUTIONS LLC,,311697398,230 REYNOLDS AVENUE,BELLEFONTAINE,OH,433113003,,75000,0,ECONOMIC DEVELOPMENT
2020,202140579349301709,153,PPG INDUSTRIES INC,,250730780,4829 FAIRLAND ROAD,BARBERTON,OH,442033905,,50000,0,ECONOMIC DEVELOPMENT
2020,202140579349301709,154,PRATT PAPER (OH) LLC,,822631781,2860 COUNTY ROAD 25A,WAPAKONETA,OH,45895,,1000000,0,ECONOMIC DEVELOPMENT
2020,202140579349301709,155,PTTGC AMERICA LLC,,474510612,3040 POST OAK BOULEVARD UNIT 400,HOUSTON,TX,77056,,30000000,0,ECONOMIC DEVELOPMENT
2020,202140579349301709,156,QUANTUM HEALTH INC,,208423895,7450 HUNTINGTON PARK DRIVE,COLUMBUS,OH,432355617,,700000,0,ECONOMIC DEVELOPMENT
2020,202140579349301709,157,QUICK LOADZ CONTAINER SYSTEM LLC,,462417625,5850 INDUSTRIAL DRIVE,ATHENS,OH,45701,,300000,0,ECONOMIC DEVELOPMENT
2020,202140579349301709,158,RAYCO MANUFACTURING LLC,,822889106,4255 EAST LINCOLN WAY,WOOSTER,OH,44691,,34395,0,ECONOMIC DEVELOPMENT
2020,202140579349301709,159,REIFEL INDUSTRIES INC,,341480627,201 OHIO STREET,PIONEER,OH,435547934,,50000,0,ECONOMIC DEVELOPMENT
2020,202140579349301709,160,REVLOCAL LLC,,311581466,4009 COLUMBUS ROAD 222,GRANVILLE,OH,43023,,89718,0,ECONOMIC DEVELOPMENT
2020,202140579349301709,161,RHINOSYSTEMS INC,,920191641,ONE AMERICAN WAY,BROOKLYN,OH,441442301,,200000,0,ECONOMIC DEVELOPMENT
2020,202140579349301709,162,RISE BRANDS INC,,464760127,134 E LONG STREET,COLUMBUS,OH,432152518,,158524,0,ECONOMIC DEVELOPMENT
2020,202140579349301709,163,RUDOLPH FOODS COMPANY INC,,341563471,6575 BELLEFONTAINE ROAD,LIMA,OH,458044415,,100000,0,ECONOMIC DEVELOPMENT
2020,202140579349301709,164,RXQ COMPOUNDING LLC,,471235128,2364 BLIZZARD LANE,ALBANY,OH,45710,,250000,0,ECONOMIC DEVELOPMENT
2020,202140579349301709,165,SAF-HOLLAND INC,,380655810,246 CIRCLE FREEWAY DRIVE,WEST CHESTER,OH,45246,,34188,0,ECONOMIC DEVELOPMENT
2020,202140579349301709,166,SCIOTO VALLEY WOODWORKING INC,,831892831,423 HOPEWELL ROAD,WAVERLY,OH,45690,,134320,0,ECONOMIC DEVELOPMENT
2020,202140579349301709,167,SEEFRIED DEVELOPMENT SERVICES INC,,821661828,3333 RIVERWOOD PARKWAY SOUTH EAST,ATLANTA,GA,303396411,,2250000,0,ECONOMIC DEVELOPMENT
2020,202140579349301709,168,SGB USA INC,,943487885,180 SOUTH AVENUE,TALLMADGE,OH,442782813,,75000,0,ECONOMIC DEVELOPMENT
2020,202140579349301709,169,SHIN-ETSU SILICONES OF AMERICA INC,,954015700,963 EVANS AVENUE,AKRON,OH,443051021,,56806,0,ECONOMIC DEVELOPMENT
2020,202140579349301709,170,SILFEX INC,,205699765,950 S FRANKLIN STREET,EATON,OH,453209421,,1320492,0,ECONOMIC DEVELOPMENT
2020,202140579349301709,171,SOFIDEL AMERICA CORP,,371700146,25910 US 23,CIRCLEVILLE,OH,43113,,900000,0,ECONOMIC DEVELOPMENT
2020,202140579349301709,172,SONGS AT THE CENTER,,813632762,218 LONGFELLOW AVENUE,WORTHINGTON,OH,43085,,600000,0,ECONOMIC DEVELOPMENT
2020,202140579349301709,173,SPEEDWAY LLC,,271287018,500 SPEEDWAY DRIVE,ENON,OH,453231056,,1493092,0,ECONOMIC DEVELOPMENT
2020,202140579349301709,174,SPRAY PRODUCTS CORPORATION,,043590028,1000 LAKE ROAD,MEDINA,OH,44256,,330779,0,ECONOMIC DEVELOPMENT
2020,202140579349301709,175,STARK COUNTY MINORITY BUSINESS ASSOCIATION,,464870260,1225 GROSS AVENUE NE,CANTON,OH,44705,,31791,0,ECONOMIC DEVELOPMENT
2020,202140579349301709,176,STERIS CORPORATION,,341482024,5960 HEISLEY ROAD,MENTOR,OH,440601834,,1600000,0,ECONOMIC DEVELOPMENT
2020,202140579349301709,177,SUGAR CREEK PACKING CO,,311225301,4235 THUNDERBIRD LANE,WEST CHESTER,OH,45014,,350000,0,ECONOMIC DEVELOPMENT
2020,202140579349301709,178,SUPPLY LINE INTERNATIONAL MEDICAL LLC,,352487058,42350 GRAND RIVER AVENUE,NOVI,MI,48375,,1612500,0,ECONOMIC DEVELOPMENT
2020,202140579349301709,179,SURGERE INC,,202552348,5399 LAUBY ROAD,NORTH CANTON,OH,447201554,,1010000,0,ECONOMIC DEVELOPMENT
2020,202140579349301709,180,SUSTAINABLE COMMUNITY ASSOCIATES LTD,,341973299,2306 WEST 17TH STREET,CLEVELAND,OH,441134369,,48000,0,ECONOMIC DEVELOPMENT
2020,202140579349301709,181,TECH ELEVATOR INC,,474646314,7100 EUCLID AVENUE SUITE 140,CLEVELAND,OH,441034036,,66856,0,ECONOMIC DEVELOPMENT
2020,202140579349301709,182,THE ADCOM GROUP INC,,341670663,1370 W 6TH STREET FLOOR 3 300,CLEVELAND,OH,441131315,,200000,0,ECONOMIC DEVELOPMENT
2020,202140579349301709,183,THE BABCOCK & WILCOX COMPANY,,132933685,1200 E MARKET STREET SUITE 650,AKRON,OH,443054018,,1856949,0,ECONOMIC DEVELOPMENT
2020,202140579349301709,184,THE CHILCOTE COMPANY,,340142230,4600 TIEDEMAN ROAD,BROOKLYN,OH,441442332,,500000,0,ECONOMIC DEVELOPMENT
2020,202140579349301709,185,THE CLEVELAND FOUNDRY,,300609496,1831 COLUMBUS ROAD,CLEVELAND,OH,44113,501(C)(3),40000,0,ECONOMIC DEVELOPMENT
2020,202140579349301709,186,THE GENERAL ELECTRIC COMPANY,,140689340,1 NEUMANN WAY,CINCINNATI,OH,45215,,4391471,0,ECONOMIC DEVELOPMENT
2020,202140579349301709,187,THE HAMILTON CASTER & MFG COMPANY,,310308370,1637 DIXIE HIGHWAY,HAMILTON,OH,45011,,100000,0,ECONOMIC DEVELOPMENT
2020,202140579349301709,188,THE HIVE MY PLACE LTD,,824247602,2019 CENTER STREET,CLEVELAND,OH,441132368,,100000,0,ECONOMIC DEVELOPMENT
2020,202140579349301709,189,THE KROGER COMPANY,,310345740,1014 VINE STREET,CINCINNATI,OH,452023421,,300000,0,ECONOMIC DEVELOPMENT
2020,202140579349301709,190,THE MEDINA PLATING COMPANY,,340903894,940 LAFAYETTE ROAD,MEDINA,OH,44256,,-50000,0,ECONOMIC DEVELOPMENT
2020,202140579349301709,191,THE PROCTER & GAMBLE MANUFACTURING COMPANY,,310411982,3875 RESERVOIR ROAD,LIMA,OH,45801,,200000,0,ECONOMIC DEVELOPMENT
2020,202140579349301709,192,THEKEN COMPANIES LLC,,900951383,1800 TRIPLETT BOULEVARD,AKRON,OH,443063311,,340000,0,ECONOMIC DEVELOPMENT
2020,202140579349301709,193,TOLEDO TOOL AND DIE COMPANY INC,,344472215,105 W ALEXIS ROAD,TOLEDO,OH,436123603,,400000,0,ECONOMIC DEVELOPMENT
2020,202140579349301709,194,TOPRE AMERICA CORPORATION,,980380782,1100 REAPER AVENUE,SPRINGFIELD,OH,455033501,,419179,0,ECONOMIC DEVELOPMENT
2020,202140579349301709,195,TOTAL QUALITY LOGISTICS LLC,,205152100,4289 IVY POINT BOULEVARD,CINCINNATI,OH,452450002,,1500000,0,ECONOMIC DEVELOPMENT
2020,202140579349301709,196,TPAM INC,,300869183,5915 JASON STREET,TOLEDO,OH,43611,,60000,0,ECONOMIC DEVELOPMENT
2020,202140579349301709,197,TRACTION ON DEMAND (TRACTION ON DEMAND US INC),,383933363,714 E MONUMENT AVENUE,DAYTON,OH,45402,,75716,0,ECONOMIC DEVELOPMENT
2020,202140579349301709,198,TRANSPORTATION RESEARCH CENTER INC,,311228202,10820 STATE ROUTE 347,EAST LIBERTY,OH,433199473,,7500000,0,ECONOMIC DEVELOPMENT
2020,202140579349301709,199,TRUE INSPECTION SERVICES LLC,,261737051,871 S MAIN STREET,URBANA,OH,430782537,,176789,0,ECONOMIC DEVELOPMENT
2020,202140579349301709,200,TS SALES LLC,,464936616,3500 TWP ROAD 110,MOUNT GILEAD,OH,43338,,-150000,0,ECONOMIC DEVELOPMENT
2020,202140579349301709,201,TYLER TECHNOLOGIES INC,,752303920,1 TYLER WAY,MORAINE,OH,45439,,790000,0,ECONOMIC DEVELOPMENT
2020,202140579349301709,202,UGN INC,,363435795,18410 CROSSING DRIVE SUITE C,TINLEY PARK,IL,60487,,76250,0,ECONOMIC DEVELOPMENT
2020,202140579349301709,203,UNION METAL INDUSTRIES CORPORATION,,364894629,1432 MAPLE AVENUE NORTH EAST,CANTON,OH,447051720,,1150000,0,ECONOMIC DEVELOPMENT
2020,202140579349301709,204,UNITED GRINDING NORTH AMERICA INC,,133246026,2100 UNITED GRINDING BOULEVARD,MIAMISBURG,OH,45342,,250000,0,ECONOMIC DEVELOPMENT
2020,202140579349301709,205,UNITED PRECISION SERVICES INC,,311776202,11800 SOUTHLAND ROAD,CINCINNATI,OH,45240,,150000,0,ECONOMIC DEVELOPMENT
2020,202140579349301709,206,UNIVAR SOLUTIONS USA INC,,911347935,6000 PARKWOOD PLAZA,DUBLIN,OH,430161213,,920545,0,ECONOMIC DEVELOPMENT
2020,202140579349301709,207,UNIVERSITY OF CINCINNATI,,316000989,2614 MCMICKEN CIRCLE 625 UNIVERSITY,CINCINNATI,OH,45221,,15000000,0,ECONOMIC DEVELOPMENT
2020,202140579349301709,208,UNIVERSITY OF DAYTON RESEARCH,,310536715,300 COLLEGE PARK,DAYTON,OH,45469,501(C)(3),452898,0,ECONOMIC DEVELOPMENT
2020,202140579349301709,209,UPTOWN SEQ HOLDINGS LLC,,300998435,3200 MADISON ROAD SUITE 2B,CINCINNATI,OH,45209,,2000000,0,ECONOMIC DEVELOPMENT
2020,202140579349301709,210,URBAN RENEWABLES II LLC,,273218415,100 INDUSTRIAL AVENUE,RITTMAN,OH,44270,,302751,0,ECONOMIC DEVELOPMENT
2020,202140579349301709,211,VADATA INC,,911986543,410 TERRY AVENUE N,SEATTLE,WA,981095210,,1400000,0,ECONOMIC DEVELOPMENT
2020,202140579349301709,212,VANGUARD-SENTINEL CAREER & TECHNOLOGY,,340978908,1306 CEDAR STREET,FREMONT,OH,43420,,76823,0,ECONOMIC DEVELOPMENT
2020,202140579349301709,213,VANTAGE CAREER CENTER,,341146218,818 N FRANKLIN STREET,VAN WERT,OH,45891,,126640,0,ECONOMIC DEVELOPMENT
2020,202140579349301709,214,VANTAGE POINT LOGISTICS LLC,,462190696,1105 SCHROCK ROAD SUITE 400,COLUMBUS,OH,432291174,,100614,0,ECONOMIC DEVELOPMENT
2020,202140579349301709,215,VEHTEK SYSTEMS INC,,980442575,2125 WOOD BRIDGE BOULEVARD,BOWLING GREEN,OH,434029164,,200000,0,ECONOMIC DEVELOPMENT
2020,202140579349301709,216,VILLAGE OF EVENDALE,,316001691,10500 READING ROAD,EVENDALE,OH,452412574,,100000,0,ECONOMIC DEVELOPMENT
2020,202140579349301709,217,VOSS INDUSTRIES LLC,,340891000,2168 W 25TH STREET,CLEVELAND,OH,441134172,,2000000,0,ECONOMIC DEVELOPMENT
2020,202140579349301709,218,WAGENBRENNER DEVELOPMENT INC,,263039980,842 N FOURTH STREET SUITE 200,COLUMBUS,OH,43215,,119256,0,ECONOMIC DEVELOPMENT
2020,202140579349301709,219,WALGREEN CO,,361924025,300 WILMONT ROAD MS 3301,DEERFIELD,IL,60015,,750000,0,ECONOMIC DEVELOPMENT
2020,202140579349301709,220,WATKINS ROAD LLC,,841914949,8525 DUNWOODY PLACE,SANDY SPRINGS,GA,30350,,125000,0,ECONOMIC DEVELOPMENT
2020,202140579349301709,221,WEASTEC INC,,311176515,6195 ENTERPRISE COURT,DUBLIN,OH,430163293,,1000000,0,ECONOMIC DEVELOPMENT
2020,202140579349301709,222,WEIDMANN ELECTRICAL TECHNOLOGY INC,,030223034,700 W COURT STREET,URBANA,OH,430781902,,55000,0,ECONOMIC DEVELOPMENT
2020,202140579349301709,223,WELLPET LLC,,800298170,2120 CREEKSIDE PARKWAY,LOCKBOURNE,OH,431378500,,200000,0,ECONOMIC DEVELOPMENT
2020,202140579349301709,224,WHIRLPOOL CORPORATION,,381490038,4325 N MAIN STREET,FINDLAY,OH,45840,,600000,0,ECONOMIC DEVELOPMENT
2020,202140579349301709,225,WHITE CASTLE MANAGEMENT CO,,311317049,555 W GOODALE STREET,COLUMBUS,OH,432151104,,250000,0,ECONOMIC DEVELOPMENT
2020,202140579349301709,226,WILLIAM R HAGUE INC,,310682235,4343 S HAMILTON,GROVEPORT,OH,431257507,,120000,0,ECONOMIC DEVELOPMENT
2020,202140579349301709,227,WILLIAMS LEA INC,,133160717,671 SOUTH HIGH STREET,COLUMBUS,OH,432061066,,280000,0,ECONOMIC DEVELOPMENT
2020,202140579349301709,228,XELLIA PHARMACEUTICALS USA LLC,,471150410,200 NORTHFIELD ROAD,BEDFORD,OH,441464642,,1200000,0,ECONOMIC DEVELOPMENT
2020,202140579349301709,229,YOUNGSTOWN TOOL AND DIE COMPANY LLC,,824786509,2572 SALT SPRINGS ROAD,YOUNGSTOWN,OH,445091030,,300000,0,ECONOMIC DEVELOPMENT
2020,202140579349301709,230,ZIPLINE LOGISTICS LLC,,208619767,1600 DUBLIN ROAD,COLUMBUS,OH,43215,,250000,0,ECONOMIC DEVELOPMENT
2021,202231369349300238,1,2828 CLINTON INC,,341644643,4544 HINCKLEY INDUSTRIAL PARKWAY,CLEVELAND,OH,441096010,,300000,0,ECONOMIC DEVELOPMENT
2021,202231369349300238,2,5 B'S INC,,311260509,1000 5BS DRIVE,ZANESVILLE,OH,437017630,,600000,0,ECONOMIC DEVELOPMENT
2021,202231369349300238,3,5500 BUILDING LLC,,831533341,5500 SOUTH MARGINAL ROAD,CLEVELAND,OH,44103,,150000,0,ECONOMIC DEVELOPMENT
2021,202231369349300238,4,A & P TOOL INC,,341816209,801 INDUSTRIAL DRIVE,HICKSVILLE,OH,435261174,,600000,0,ECONOMIC DEVELOPMENT
2021,202231369349300238,5,AAG GLASS LLC,,831267351,950 KENT ROAD,BATAVIA,OH,45103,,112660,0,ECONOMIC DEVELOPMENT
2021,202231369349300238,6,ACE HARDWARE CORPORATION,,360700810,10 ENTERPRISE PARKWAY,WEST JEFFERSON,OH,43162,,100000,0,ECONOMIC DEVELOPMENT
2021,202231369349300238,7,ACE PRODUCTS & CONSULTING LLC,,472427790,6800 NORTH CHESTNUT STREET SUITE C,RAVENNA,OH,44266,,35000,0,ECONOMIC DEVELOPMENT
2021,202231369349300238,8,ADDUP INC,,823980882,55 BEATTIE PLACE SUITE 120,GREENVILLE,SC,29601,,300000,0,ECONOMIC DEVELOPMENT
2021,202231369349300238,9,ADVANTAGE TENT FITTINGS INC,,311336286,11611 PLEASANT VALLEY ROAD,CHILLICOTHE,OH,45601,,20000,0,ECONOMIC DEVELOPMENT
2021,202231369349300238,10,AJM PACKAGING CLAWBACK,,381556263,E-4111 ANDOVER ROAD,BLOOMFIELD HILLS,IL,48302,,-75000,0,ECONOMIC DEVELOPMENT
2021,202231369349300238,11,ALKERMES INC,,232472830,265 OLINGER CIRCLE,WILMINGTON,OH,451772484,,1500000,0,ECONOMIC DEVELOPMENT
2021,202231369349300238,12,ALKON CORPORATION,,341679064,728 GRAHAM DRIVE,FREMONT,OH,434204073,,600000,0,ECONOMIC DEVELOPMENT
2021,202231369349300238,13,ALTIVIA PETROCHEMICALS LLC,,474927987,1019 FURNACE ROAD,HAVERHILL,OH,45636,,600000,0,ECONOMIC DEVELOPMENT
2021,202231369349300238,14,AMERICAN NUTS INC,,824056199,12950 SAN FERNANDO ROAD,SYLMAR,CA,91342,,300000,0,ECONOMIC DEVELOPMENT
2021,202231369349300238,15,AMG INDUSTRIES LLC,,474578433,200 COMMERCE DRIVE,MOUNT VERNON,OH,430504661,,600000,0,ECONOMIC DEVELOPMENT
2021,202231369349300238,16,APPALACHIAN WOOD FLOORS INC,,311588140,838 CAMPBELL AVENUE,PORTSMOUTH,OH,45662,,600000,0,ECONOMIC DEVELOPMENT
2021,202231369349300238,17,APS-MATERIALS INC,,310868493,4011 RIVERSIDE DRIVE,HARRISON TOWNSHIP,OH,454052364,,35000,0,ECONOMIC DEVELOPMENT
2021,202231369349300238,18,ARLINGTON VALLEY FARMS LLC,,264690600,5369 HUDSON DRIVE,HUDSON,OH,44236,,250000,0,ECONOMIC DEVELOPMENT
2021,202231369349300238,19,ATHENS COUNTY PORT AUTHORITY,,311492675,340 WEST STATE STREET,ATHENS,OH,45701,,482000,0,ECONOMIC DEVELOPMENT
2021,202231369349300238,20,ATHENS MOLD AND MACHINE INC,,311145612,180 MILL STREET,ATHENS,OH,457012627,,600000,0,ECONOMIC DEVELOPMENT
2021,202231369349300238,21,AUTOTOOL INC,,341789017,7875 CORPORATE BOULEVARD,PLAIN CITY,OH,430648045,,600000,0,ECONOMIC DEVELOPMENT
2021,202231369349300238,22,BDG WRAP-TITE INC,,201498559,6200 COCHRAN ROAD,SOLON,OH,44139,,225000,0,ECONOMIC DEVELOPMENT
2021,202231369349300238,23,BALLREICH SNACK FOOD COMPANY LLC,,833164081,186 OHIO AVENUE,TIFFIN,OH,448831746,,25000,0,ECONOMIC DEVELOPMENT
2021,202231369349300238,24,BANK STREET HOLDINGS,,821501811,9005 BANK STREET,VALLEY VIEW,OH,44125,,-75000,0,ECONOMIC DEVELOPMENT
2021,202231369349300238,25,BELCAN LLC,,311312684,10200 ANDERSON WAY,BLUE ASH,OH,452424718,,1432656,0,ECONOMIC DEVELOPMENT
2021,202231369349300238,26,BELLETECH CORP,,341478321,700 W LAKE AVENUE,BELLEFONTAINE,OH,433119647,,25000,0,ECONOMIC DEVELOPMENT
2021,202231369349300238,27,BENDERSON PROPERTIES INC,,160834011,7978 COOPER CREEK BOULEVARD SUITE,UNIVERSITY PARK,FL,34201,,647172,0,ECONOMIC DEVELOPMENT
2021,202231369349300238,28,BIG HEART PET BRANDS,,475174203,1 STRAWBERRY LANE,ORRVILLE,OH,446671241,,750000,0,ECONOMIC DEVELOPMENT
2021,202231369349300238,29,BLUE LABEL PACKAGING COMPANY,,310963794,3750 LANCASTER NEW LEXINGTON ROAD,LANCASTER,OH,431309314,,600000,0,ECONOMIC DEVELOPMENT
2021,202231369349300238,30,BOCCHI LABORATORIES OHIO LLC,,471756027,9200 SMITHS MILL ROAD,NEW ALBANY,OH,43054,,600000,0,ECONOMIC DEVELOPMENT
2021,202231369349300238,31,BRAKEFIRE INCORPORATED,,310620191,10765 MEDALLION DRIVE,EVENDALE,OH,45241,,200000,0,ECONOMIC DEVELOPMENT
2021,202231369349300238,32,BRANCH FINANCIAL INC,,820628587,875 NORTH HIGH STREET 300,COLUMBUS,OH,43215,,30138,0,ECONOMIC DEVELOPMENT
2021,202231369349300238,33,BRAUN INDUSTRIES INC,,310792103,1170 PRODUCTION DRIVE,VAN WERT,OH,458919391,,600000,0,ECONOMIC DEVELOPMENT
2021,202231369349300238,34,BREW BROTHERS TRUCKING LLC,,814361459,165 NO NAME ROAD,PIKETON,OH,45661,,35000,0,ECONOMIC DEVELOPMENT
2021,202231369349300238,35,BRIGHTEDGE TECHNOLOGIES INC,,680659789,1500 W 3RD STREET,CLEVELAND,OH,44113,,200000,0,ECONOMIC DEVELOPMENT
2021,202231369349300238,36,BURROWS PAPER CORPORATION,,150257610,101 COMMERCE DRIVE,MT VERNON,OH,43050,,225000,0,ECONOMIC DEVELOPMENT
2021,202231369349300238,37,CALLIBRITY SOLUTIONS LLC,,208677704,4555 LAKE FOREST DRIVE SUITE 150,CINCINNATI,OH,45242,,200000,0,ECONOMIC DEVELOPMENT
2021,202231369349300238,38,CANDID CARE CO,,364867239,213 PARK AVENUE SOUTH 2ND FLOOR,NEW YORK,NY,10003,,27380,0,ECONOMIC DEVELOPMENT
2021,202231369349300238,39,CANDLE-LITE COMPANY LLC,,463867345,250 EASTERN AVENUE,LEESBURG,OH,45135,,130000,0,ECONOMIC DEVELOPMENT
2021,202231369349300238,40,CANTON DROP FORGE INC,,340130090,4575 SOUTHWAY ST SW,CANTON,OH,447061933,,80000,0,ECONOMIC DEVELOPMENT
2021,202231369349300238,41,CARGILL INC,,410177680,2400 INDUSTRIAL DRIVE,SIDNEY,OH,453658905,,350000,0,ECONOMIC DEVELOPMENT
2021,202231369349300238,42,CASE WESTERN RESERVE UNIVERSITY,,341018992,10900 EUCLID AVENUE,CLEVELAND,OH,441067006,501(C)(3),5000000,0,ECONOMIC DEVELOPMENT
2021,202231369349300238,43,CAST NYLONS CO LTD,,341290571,4300 HAMANN PARKWAY,WILLOUGHBY,OH,440945626,,125000,0,ECONOMIC DEVELOPMENT
2021,202231369349300238,44,CERAMFAB INCORPORATED,,824672012,900 E TAGGART ST,EAST PALESTINE,OH,444132424,,250000,0,ECONOMIC DEVELOPMENT
2021,202231369349300238,45,CHEWY INC,,901020167,3280 LIGHTNER ROAD,DAYTON,OH,45377,,150000,0,ECONOMIC DEVELOPMENT
2021,202231369349300238,46,CHUFFERS INC,,341969819,553 NORTH BROADWAY STREET,SPENCERVILLE,OH,45887,,25000,0,ECONOMIC DEVELOPMENT
2021,202231369349300238,47,CIRCLE M MEATS LLC,,852209533,7365 OHIO 776,JACKSON,OH,45640,,50000,0,ECONOMIC DEVELOPMENT
2021,202231369349300238,48,CITY OF CLEVELAND,,346000646,601 LAKESIDE AVENUE EAST ROOM 210,CLEVELAND,OH,441141015,,159366,0,ECONOMIC DEVELOPMENT
2021,202231369349300238,49,COMPLETE FILTER MEDIA LLC,,821056572,410 S EWING ST,LANCASTER,OH,431309400,,532508,0,ECONOMIC DEVELOPMENT
2021,202231369349300238,50,CONAGRA FOODS PACKAGED FOODS LLC,,208883202,901 STRYKER ST,ARCHBOLD,OH,435021053,,700000,0,ECONOMIC DEVELOPMENT
2021,202231369349300238,51,CONSOLIDATED STORAGE SOLUTIONS INC,,262958880,302 STATE STREET,ZANESVILLE,OH,43701,,500000,0,ECONOMIC DEVELOPMENT
2021,202231369349300238,52,COTSWORKS LLC,,204055028,749 MINER ROAD,HIGHLAND HEIGHTS,OH,441432145,,600000,0,ECONOMIC DEVELOPMENT
2021,202231369349300238,53,COVERMYMEDS,,263446223,8866 COMMONS BOULEVARD,TWINSBURG,OH,44087,,313685,0,ECONOMIC DEVELOPMENT
2021,202231369349300238,54,COYNE GRAPHIC FINISHING INC,,310899736,1301 NEWARK ROAD,MOUNT VERNON,OH,430504730,,25000,0,ECONOMIC DEVELOPMENT
2021,202231369349300238,55,CRANE CONSUMABLES INC,,274356106,155 WESTHEIMER DRIVE,MIDDLETOWN,OH,45044,,600000,0,ECONOMIC DEVELOPMENT
2021,202231369349300238,56,CREDIT ADJUSTMENTS INC,,340941570,330 FLORENCE STREET,DEFIANCE,OH,43512,,614315,0,ECONOMIC DEVELOPMENT
2021,202231369349300238,57,CROCS INC,,202164234,7747 EAST DRY CREEK PARKWAY,NIWOT,CO,80503,,103698,0,ECONOMIC DEVELOPMENT
2021,202231369349300238,58,CROZIER WELDING LLC,,611692583,16867 OHIO 83 SOUTH,COSHOCTON,OH,43812,,75000,0,ECONOMIC DEVELOPMENT
2021,202231369349300238,59,CURATION FOODS INC,,770528042,12700 SOUTH DIXIE HIGHWAY,BOWLING GREEN,OH,43402,,350000,0,ECONOMIC DEVELOPMENT
2021,202231369349300238,60,DAIDO METAL USA INC,,363280906,1215 SOUTH GREENWOOD STREET,BELLEFONTAINE,OH,433111628,,25000,0,ECONOMIC DEVELOPMENT
2021,202231369349300238,61,DEFIANCE HARMON LLC,,832648721,4427 TALMADGE ROAD SUITE A,TOLEDO,OH,43623,,452000,0,ECONOMIC DEVELOPMENT
2021,202231369349300238,62,DIGERONIMO COMPANIES,,823411495,5720 EAST SCHAAF ROAD,INDEPENDENCE,OH,44131,,66000,0,ECONOMIC DEVELOPMENT
2021,202231369349300238,63,DIVERSIFIED SYSTEMS INC,,311383824,100 DORCHESTER SQUARE NORTH,WESTERVILLE,OH,430817304,,400000,0,ECONOMIC DEVELOPMENT
2021,202231369349300238,64,DNK ARCHITECTS INC,,311408665,2616 CENTRAL PARKWAY,CINCINNATI,OH,45214,,19517,0,ECONOMIC DEVELOPMENT
2021,202231369349300238,65,DOLGENCORP LLC,,610502302,2505 EASTPOINTE DRIVE,ZANESVILLE,OH,437017761,,150000,0,ECONOMIC DEVELOPMENT
2021,202231369349300238,66,DOLLAR TREE DISTRIBUTION INC,,541737649,500 VOLVO PARKWAY,CHESAPEAKE,VA,23320,,53021,0,ECONOMIC DEVELOPMENT
2021,202231369349300238,67,DYSINGER INCORPORATED,,310940115,4316 WEBSTER STREET,DAYTON,OH,45414,,600000,0,ECONOMIC DEVELOPMENT
2021,202231369349300238,68,EAGLE FAMILY FOODS GROUP LLC,,475369803,4020 KINROSS LAKES PARKWAY,RICHFIELD,OH,442869084,,215000,0,ECONOMIC DEVELOPMENT
2021,202231369349300238,69,ECCRINE SYSTEMS,,472692010,1775 MENTOR AVENUE SUITE 300,CINCINNATI,OH,45212,,-48452,0,ECONOMIC DEVELOPMENT
2021,202231369349300238,70,ENERGIZER AUTO INC,,362999270,2800 CONCORDE DRIVE,DAYTON,OH,45377,,130000,0,ECONOMIC DEVELOPMENT
2021,202231369349300238,71,ENSEMBLE HP,,384050738,1701 MERCY HEALTH PLACE,CINCINNATI,OH,45237,,53092,0,ECONOMIC DEVELOPMENT
2021,202231369349300238,72,ERNST METAL TECHNOLOGIES LLC,,203246696,2920 KREITZER ROAD,MORAINE,OH,454391644,,400000,0,ECONOMIC DEVELOPMENT
2021,202231369349300238,73,EVANSTON INVESTMENTS LLC,,264715674,200 EAST CHAPMAN ROAD,LIMA,OH,45801,,50000,0,ECONOMIC DEVELOPMENT
2021,202231369349300238,74,EXSURCO MEDICAL INC,,453836837,10804 GREEN ROAD,WAKEMAN,OH,448899676,,581657,0,ECONOMIC DEVELOPMENT
2021,202231369349300238,75,FAXON FIREARMS LLC,,461588341,4348 LE SAINT CT,WEST CHESTER,OH,45014,,75000,0,ECONOMIC DEVELOPMENT
2021,202231369349300238,76,FAXON MACHINING INC,,311054769,11101 ADWOOD DRIVE,CINCINNATI,OH,45240,,830000,0,ECONOMIC DEVELOPMENT
2021,202231369349300238,77,FCA US LLC,,270187277,4400 CHRYSLER DRIVE,TOLEDO,OH,43608,,553500,0,ECONOMIC DEVELOPMENT
2021,202231369349300238,78,FEW AUTOMOTIVE GLASS APPLICATIONS INC,,273929785,1720 ENTERPRISE PARKWAY,WOOSTER,OH,44691,,600000,0,ECONOMIC DEVELOPMENT
2021,202231369349300238,79,FIRE-DEX LLC,,208033614,780 S PROGRESS DRIVE,MEDINA,OH,442561368,,50000,0,ECONOMIC DEVELOPMENT
2021,202231369349300238,80,FIRST SOLAR INC,,204623678,350 W WASHINGTON STREET SUITE 600,TEMPE,AZ,85281,,101866,0,ECONOMIC DEVELOPMENT
2021,202231369349300238,81,FOLDED PAK INC,,010781438,5885 STAPLETON DRIVE NORTH SUITE C,DENVER,CO,80216,,-60000,0,ECONOMIC DEVELOPMENT
2021,202231369349300238,82,FOR-TECH USA LLC,,371878747,750 MAIN STREET,PIQUA,OH,453563834,,37158,0,ECONOMIC DEVELOPMENT
2021,202231369349300238,83,FORTNER UPHOLSTERING INC,,310789412,2050 SOUTH HIGH STREET,COLUMBUS,OH,43206,,600000,0,ECONOMIC DEVELOPMENT
2021,202231369349300238,84,FORTUITY CALLING LLC,,821921127,750 MOUNT CARMEL MALL,COLUMBUS,OH,432221553,,300000,0,ECONOMIC DEVELOPMENT
2021,202231369349300238,85,FOUNDATION SOFTWARE,,341474815,17999 FOLTZ INDUSTRIAL PARKWAY,STRONGSVILLE,OH,44149,,-750000,0,ECONOMIC DEVELOPMENT
2021,202231369349300238,86,FULTON COUNTY PROCESSING LTD,,341965647,7800 STATE ROUTE 109,DELTA,OH,435159335,,500000,0,ECONOMIC DEVELOPMENT
2021,202231369349300238,87,FULTON INDUSTRIES INC,,341266185,135 EAST LINFOOT STREET,WAUSEON,OH,435671005,,25000,0,ECONOMIC DEVELOPMENT
2021,202231369349300238,88,GATEWAY LOGISTICS INC,,392059617,95 GLENDALE MILFORD ROAD,CINCINNATI,OH,45215,,50000,0,ECONOMIC DEVELOPMENT
2021,202231369349300238,89,GBQ PARTNERS LLC,,202122306,230 WEST STREET SUITE 700,COLUMBUS,OH,43215,,100000,0,ECONOMIC DEVELOPMENT
2021,202231369349300238,90,GENERAL ALUMINUM MFG COMPANY,,340641582,5159 SOUTH PROSPECT STREET,RAVENNA,OH,442669031,,80000,0,ECONOMIC DEVELOPMENT
2021,202231369349300238,91,GENERAL DYNAMICS LAND SYSTEMS INC,,540582680,38500 MOUND ROAD,STERLING HEIGHTS,MI,48310,,87847,0,ECONOMIC DEVELOPMENT
2021,202231369349300238,92,GENERAL ELECTRIC COMPANY,,140689340,1 NEUMANN WAY,CINCINNATI,OH,45215,,1750000,0,ECONOMIC DEVELOPMENT
2021,202231369349300238,93,GLOBAL CLEVELAND,,275245539,200 PUBLIC SQUARE SUITE 150,CLEVELAND,OH,44114,501(C)(3),150000,0,ECONOMIC DEVELOPMENT
2021,202231369349300238,94,GLOBAL COOLING INC,,481299541,6000 POSTON ROAD,ATHENS,OH,457019051,,600000,0,ECONOMIC DEVELOPMENT
2021,202231369349300238,95,GOJO INDUSTRIES INC,,340659953,1147 AKRON ROAD,WOOSTER,OH,44691,,2500000,0,ECONOMIC DEVELOPMENT
2021,202231369349300238,96,GRAPHIC VILLAGE LLC,,461560163,4440 CREEK ROAD,BLUE ASH,OH,45242,,600000,0,ECONOMIC DEVELOPMENT
2021,202231369349300238,97,GREAT LAKES CHEESE CO INC,,341015620,17825 GREAT LAKES PARKWAY,HIRAM,OH,442349677,,209744,0,ECONOMIC DEVELOPMENT
2021,202231369349300238,98,GREENFIELD PRODUCTS INCORPORATED,,310653828,1230 NORTH WASHINGTON STREET,GREENFIELD,OH,451239783,,600000,0,ECONOMIC DEVELOPMENT
2021,202231369349300238,99,GRIFFETH & SON TRUCKING INC,,341568276,861 NORTH LISBON STREET,CARROLLTON,OH,44615,,600000,0,ECONOMIC DEVELOPMENT
2021,202231369349300238,100,GTL LUMBER INC,,832472063,1301 ADAMS LANE,IRONTON,OH,45638,,216824,0,ECONOMIC DEVELOPMENT
2021,202231369349300238,101,HAGERTY INSURANCE AGENCY LLC,,352380696,121 RIVERS EDGE DRIVE SUITE 200,TRAVERSE CITY,MI,496841303,,250000,0,ECONOMIC DEVELOPMENT
2021,202231369349300238,102,HALTEC CORPORATION,,341488414,32585 NORTH PRICE ROAD,SALEM,OH,444609513,,100000,0,ECONOMIC DEVELOPMENT
2021,202231369349300238,103,HAMILTON SAFE CO,,310729027,7775 COOPER ROAD,CINCINNATI,OH,45242,,300000,0,ECONOMIC DEVELOPMENT
2021,202231369349300238,104,HANON SYSTEMS USA LLC,,611697358,ONE VILLAGE CENTER DRIVE,VAN BUREN TOWNSHIP,MI,481115711,,51200,0,ECONOMIC DEVELOPMENT
2021,202231369349300238,105,HARDY DIAGNOSTICS,,770043660,429 SOUTH PIONEER BOULEVARD,SPRINGBORO,OH,450663002,,50000,0,ECONOMIC DEVELOPMENT
2021,202231369349300238,106,HEARTLAND ENGINEERED PRODUCTS LLC,,272751869,355 INDUSTRIAL DRIVE,HARRISON,OH,45030,,50000,0,ECONOMIC DEVELOPMENT
2021,202231369349300238,107,HENNY PENNY CORPORATION,,311179223,1219 US ROUTE 35 WEST,EATON,OH,453208621,,350000,0,ECONOMIC DEVELOPMENT
2021,202231369349300238,108,HESS INDUSTRIES LTD,,311653174,201 EAST 5TH STREET SUITE 121,MANSFIELD,OH,449021460,,363861,0,ECONOMIC DEVELOPMENT
2021,202231369349300238,109,HIGH ROAD HOLDINGS LLC,,842767756,6000 CREEK ROAD,CINCINNATI,OH,45242,,52333,0,ECONOMIC DEVELOPMENT
2021,202231369349300238,110,HONDA DEVELOPMENT & MANUFACTURING OF AMERICA LLC,,330054861,21001 STATE ROUTE 739,RAYMOND,OH,430679705,,739719,0,ECONOMIC DEVELOPMENT
2021,202231369349300238,111,HP PELZER AUTOMOTIVE SYSTEMS INC,,383214772,1175 CROOKS ROAD,TROY,MI,480847136,,230000,0,ECONOMIC DEVELOPMENT
2021,202231369349300238,112,HUMTOWN ADDITIVE,,341193031,120 INDUSTRY STREET,LEETONIA,OH,444318707,,500000,0,ECONOMIC DEVELOPMENT
2021,202231369349300238,113,HYDRAULIC MANIFOLDS USA LLC,,814598385,264 MARSHALL HILL ROAD,WEST MILFORD,NJ,074803511,,75000,0,ECONOMIC DEVELOPMENT
2021,202231369349300238,114,HYDROFRESH LTD,,823296382,1571 GRESSEL DRIVE,DELPHOS,OH,45833,,500000,0,ECONOMIC DEVELOPMENT
2021,202231369349300238,115,IMMS LLC,,844096096,10426 INDUSTRIAL DRIVE,GARRETTSVILLE,OH,44231,,40000,0,ECONOMIC DEVELOPMENT
2021,202231369349300238,116,INDUSTRIAL RELIABILITY AND REPAIR LLC,,203815844,370 DOUGLAS AVENUE,CHILLICOTHE,OH,45601,,25000,0,ECONOMIC DEVELOPMENT
2021,202231369349300238,117,INEOS PIGMENTS USA INC,,133290300,6752 BAYMEADOW DRIVE,GLEN BURNIE,MD,21060,,54235,0,ECONOMIC DEVELOPMENT
2021,202231369349300238,118,INGAGE PARTNERS INC,,273889959,2943 RIVERSIDE DRIVE,CINCINNATI,OH,45226,,600000,0,ECONOMIC DEVELOPMENT
2021,202231369349300238,119,INTEGRATED STAIR SYSTEMS INC,,911577949,144 PLYMOUTH STREET,LEXINGTON,OH,449041124,,200000,0,ECONOMIC DEVELOPMENT
2021,202231369349300238,120,INTELLITEACH INC,,020572651,PEACHTREE CENTER 233 PEACHTREE,ATLANTA,GA,30303,,150000,0,ECONOMIC DEVELOPMENT
2021,202231369349300238,121,INTERNATIONAL CUSHIONING COMPANY LLC,,223845948,240 BOUNDARY ROAD,MARLBORO,NJ,07746,,232974,0,ECONOMIC DEVELOPMENT
2021,202231369349300238,122,INVACARE CORPORATION,,952680965,1 INVACARE WAY,ELYRIA,OH,44036,,166048,0,ECONOMIC DEVELOPMENT
2021,202231369349300238,123,IRONHAWK INDUSTRIAL DISTRIBUTION LLC,,274462942,1090 EAST 222ND STREET,EUCLID,OH,44117,,120065,0,ECONOMIC DEVELOPMENT
2021,202231369349300238,124,ITM MARKETING INC,,351989444,331 MAIN STREET,COSHOCTON,OH,438121929,,600000,0,ECONOMIC DEVELOPMENT
2021,202231369349300238,125,JAC PRODUCTS INC,,381888757,225 SOUTH INDUSTRIAL DRIVE,SALINE,MI,48176,,148648,0,ECONOMIC DEVELOPMENT
2021,202231369349300238,126,JACKSON COUNTY ECONOMIC DEVELOPMENT PARTNERSHIP,,341604927,920 VETERANS DRIVE SUITE A,JACKSON,OH,45640,501(C)(3),500000,0,ECONOMIC DEVELOPMENT
2021,202231369349300238,127,JBK GROUP INC,,341873488,6001 TOWPATH DRIVE,CLEVELAND,OH,44125,,-100000,0,ECONOMIC DEVELOPMENT
2021,202231369349300238,128,JOURNEY STEEL INC,,270722424,7655 PRODUCTION DRIVE,CINCINNATI,OH,45237,,50000,0,ECONOMIC DEVELOPMENT
2021,202231369349300238,129,JRJP LLC,,824207420,3764 RIDGE ROAD,BROOKLYN,OH,44144,,40000,0,ECONOMIC DEVELOPMENT
2021,202231369349300238,130,JSW STEEL USA OHIO INC,,813308222,1500 COMMERCIAL STREET,MINGO JUNCTION,OH,439381096,,1768173,0,ECONOMIC DEVELOPMENT
2021,202231369349300238,131,KEMBA CREDIT UNION INC,,316034125,8763 UNION CENTRE BOULEVARD,WEST CHESTER,OH,450694897,,700000,0,ECONOMIC DEVELOPMENT
2021,202231369349300238,132,KENO KOZIE ASSOCIATES LTD,,363621191,375 NORTH FRONT STREET,COLUMBUS,OH,432152388,,600000,0,ECONOMIC DEVELOPMENT
2021,202231369349300238,133,KIRCHHOFF AUTOMOTIVE WAVERLY INC,,271251275,611 WEST 2ND STREET,WAVERLY,OH,456909701,,701335,0,ECONOMIC DEVELOPMENT
2021,202231369349300238,134,KJBS LLC,,263033679,52 NORTH DIAMOND STREET,MANSFIELD,OH,449021324,,25000,0,ECONOMIC DEVELOPMENT
2021,202231369349300238,135,KOCHER FOODS INTERNATIONAL INC,,471876052,112 SECOND AVENUE,BELLAIRE,OH,43906,,50000,0,ECONOMIC DEVELOPMENT
2021,202231369349300238,136,KYOCERA SGS PRECISION TOOLS INC,,341437898,238 MARC DRIVE,CUYAHOGA FALLS,OH,442232651,,250000,0,ECONOMIC DEVELOPMENT
2021,202231369349300238,137,LAWRENCE ECONOMIC DEVELOPMENT CORPORATION,,311075744,216 COLLINS AVENUE,SOUTH POINT,OH,456808501,501(C)(3),500000,0,ECONOMIC DEVELOPMENT
2021,202231369349300238,138,LEWCO INC,,341006008,706 LANE STREET,SANDUSKY,OH,448703846,,1250000,0,ECONOMIC DEVELOPMENT
2021,202231369349300238,139,LIBERTY CASTING COMPANY LLC,,450508423,550 SOUTH LIBERTY STREET,DELAWARE,OH,43015,,167724,0,ECONOMIC DEVELOPMENT
2021,202231369349300238,140,LINKS UNLIMITED INC,,311471291,1140 REGINA GRAETER WAY,CINCINNATI,OH,45216,,50000,0,ECONOMIC DEVELOPMENT
2021,202231369349300238,141,LION FIRST RESPONDER PPE INC,,471851866,7200 POE AVENUE SUITE 400,DAYTON,OH,45414,,178144,0,ECONOMIC DEVELOPMENT
2021,202231369349300238,142,LONDON COMPUTER SYSTEMS INC,,311225519,9140 WATERSTONE BOULEVARD,CINCINNATI,OH,45249,,600000,0,ECONOMIC DEVELOPMENT
2021,202231369349300238,143,LUBRIZOL ADVANCED MATERIALS INC,,134143915,550 MOORE ROAD,AVON LAKE,OH,440122313,,50000,0,ECONOMIC DEVELOPMENT
2021,202231369349300238,144,MADTREE BREWING LLC,,451257111,5164 KENNEDY AVENUE,CINCINNATI,OH,45213,,600000,0,ECONOMIC DEVELOPMENT
2021,202231369349300238,145,MAGNA MACHINE CO,,310559326,637 NORTHLAND BOULEVARD,CINCINNATI,OH,45240,,400000,0,ECONOMIC DEVELOPMENT
2021,202231369349300238,146,MAGNA SEATING OF AMERICA INC,,382628294,747 MILL PARK DR,LANCASTER,OH,43130,,1500000,0,ECONOMIC DEVELOPMENT
2021,202231369349300238,147,MANIFEST SOLUTIONS CORP,,311422564,2035 RIVERSIDE DRIVE,UPPER ARLINGTON,OH,432214012,,600000,0,ECONOMIC DEVELOPMENT
2021,202231369349300238,148,MAR-BAL INC,,341059601,787 RENAISSANCE PARKWAY,PAINESVILLE,OH,44407,,600000,0,ECONOMIC DEVELOPMENT
2021,202231369349300238,149,MARELLI NORTH AMERICA INC,,621151687,2371 WOODSTREAM DRIVE,BOWLING GREEN,OH,43402,,500000,0,ECONOMIC DEVELOPMENT
2021,202231369349300238,150,MARK-ALL ENTERPRISES LLC,,341972762,888 WEST WATERLOO ROAD,AKRON,OH,44314,,50000,0,ECONOMIC DEVELOPMENT
2021,202231369349300238,151,MCBEE SUPPLY CORPORATION,,341014989,5300 LAKESIDE AVENUE EAST,CLEVELAND,OH,441143916,,500000,0,ECONOMIC DEVELOPMENT
2021,202231369349300238,152,MCDANIEL PRODUCTS INC,,263498215,50 MANSFIELD INDUSTRIAL PARKWAY,MANSFIELD,OH,449038999,,481964,0,ECONOMIC DEVELOPMENT
2021,202231369349300238,153,MCKESSON CORPORATION,,943207296,NORTHEAST OF ROUTE 729 AND 435,JEFFERSONVILLE,OH,43128,,738462,0,ECONOMIC DEVELOPMENT
2021,202231369349300238,154,MEDISYNC INC,,311474045,25 MERCHANT ST SUITE 220,CINCINNATI,OH,45246,,500000,0,ECONOMIC DEVELOPMENT
2021,202231369349300238,155,MENARD INC,,390989248,14502 CO ROAD 15,HOLIDAY CITY,OH,43554,,300000,0,ECONOMIC DEVELOPMENT
2021,202231369349300238,156,MERIDIENNE INTERNATIONAL INC,,222451241,125 LENA DRIVE,AURORA,OH,442029202,,75000,0,ECONOMIC DEVELOPMENT
2021,202231369349300238,157,MFM BUILDING PRODUCTS CORPORATION,,821565064,525 ORANGE STREET PO BOX 340,COSHOCTON,OH,438122178,,200000,0,ECONOMIC DEVELOPMENT
2021,202231369349300238,158,MICROPYRETICS HEATERS INTERNATIONAL INC,,311338488,750 REDNA TERRACE,CINCINNATI,OH,45215,,50000,0,ECONOMIC DEVELOPMENT
2021,202231369349300238,159,MI-DE-CON INC,,311653157,3331 SOUTH 3RD STREET,IRONTON,OH,45638,,248563,0,ECONOMIC DEVELOPMENT
2021,202231369349300238,160,MIKE-SELL'S POTATO CHIP CO,,310516359,333 LEO STREET,DAYTON,OH,454041007,,25000,0,ECONOMIC DEVELOPMENT
2021,202231369349300238,161,MIMI FARMS INC,,815429950,1101 RYE BEACH ROAD,HURON,OH,448399789,,600000,0,ECONOMIC DEVELOPMENT
2021,202231369349300238,162,MINDSPARK INC,,462863103,2525 MAIN STREET SUITE 201,SANTA MONICA,CA,90405,,232275,0,ECONOMIC DEVELOPMENT
2021,202231369349300238,163,MORGAN STANLEY & CO LLC,,208764829,1585 BROADWAY,NEW YORK,NY,10036,,385964,0,ECONOMIC DEVELOPMENT
2021,202231369349300238,164,MRI SOFTWARE,,271499609,28925 FOUNTAIN PARKWAY,SOLON,OH,441394356,,300000,0,ECONOMIC DEVELOPMENT
2021,202231369349300238,165,NATIONAL DOOR AND TRIM INC,,341269925,1189 GRILL ROAD,VAN WERT,OH,458919386,,600000,0,ECONOMIC DEVELOPMENT
2021,202231369349300238,166,NEATON AUTO PRODUCTS MANUFACTURING INC,,311092812,975 SOUTH FRANKLIN STREET,EATON,OH,453209421,,150000,0,ECONOMIC DEVELOPMENT
2021,202231369349300238,167,NEHEMIAH MANUFACTURING COMPANY LLC,,384028278,1907 SOUTH STREET,CINCINNATI,OH,45204,,300000,0,ECONOMIC DEVELOPMENT
2021,202231369349300238,168,NESTLE PURINA PETCARE COMPANY,,430470580,901 CHOUTEAU AVENUE,SAINT LOUIS,MO,631021009,,6000000,0,ECONOMIC DEVELOPMENT
2021,202231369349300238,169,NESTLE USA INC,,951572209,30003 BAINBRIDGE ROAD,SOLON,OH,441392290,,1200000,0,ECONOMIC DEVELOPMENT
2021,202231369349300238,170,NEW SIGNS OHIO LLC,,814715411,5560 BELLEFONTAINE ROAD,LIMA,OH,45804,,50000,0,ECONOMIC DEVELOPMENT
2021,202231369349300238,171,NEXIENT LLC,,270340105,8000 JARVIS AVENUE SUITE 200,NEWARK,CA,94560,,270415,0,ECONOMIC DEVELOPMENT
2021,202231369349300238,172,NEXTECH MATERIALS LTD,,311441978,404 ENTERPRISE DRIVE,LEWIS CENTER,OH,43035,,650000,0,ECONOMIC DEVELOPMENT
2021,202231369349300238,173,NIPPON PAINT AUTOMOTIVE AMERICAS INC,,341675168,11110 BEREA ROAD SUITE 1,CLEVELAND,OH,441022540,,250000,0,ECONOMIC DEVELOPMENT
2021,202231369349300238,174,NORTH JACKSON SPECIALTY STEEL LLC,,452717594,2058 SOUTH BAILEY ROAD,NORTH JACKSON,OH,44451,,100000,0,ECONOMIC DEVELOPMENT
2021,202231369349300238,175,NORTH POINT LEASING CORP,,341603215,6140 PARKLAND BOULEVARD,MAYFIELD HEIGHTS,OH,44124,,300000,0,ECONOMIC DEVELOPMENT
2021,202231369349300238,176,NOSTRUM LABORATORIES INC,,205877688,705 EAST MULBERRY,BRYAN,OH,43506,,92305,0,ECONOMIC DEVELOPMENT
2021,202231369349300238,177,NOTTINGHAM-SPIRK DESIGN ASSOCIATES INC,,341205930,2200 OVERLOOK ROAD,CLEVELAND,OH,441062326,,1362623,0,ECONOMIC DEVELOPMENT
2021,202231369349300238,178,NSG GLASS NORTH AMERICA INC,,831622986,PEMBERVILLE ROAD,LUCKEY,OH,43443,,500000,0,ECONOMIC DEVELOPMENT
2021,202231369349300238,179,OCULII CORP,,471842264,830 A SPACE DRIVE,BEAVERCREEK,OH,45434,,185080,0,ECONOMIC DEVELOPMENT
2021,202231369349300238,180,OHIO ASSOCIATED ENTERPRISES LLC,,043689503,72 CORWIN DRIVE,PAINESVILLE,OH,44077,,211925,0,ECONOMIC DEVELOPMENT
2021,202231369349300238,181,OHIO PACK LLC,,820878051,231 COMMERCE BOULEVARD,JOHNSTOWN,OH,43031,,600000,0,ECONOMIC DEVELOPMENT
2021,202231369349300238,182,OLIVE,,464455633,99 EAST MAIN STREET,COLUMBUS,OH,43215,,402375,0,ECONOMIC DEVELOPMENT
2021,202231369349300238,183,OMEC SMART CARD LLC,,842008607,8293 DOW CIRCLE,STRONGSVILLE,OH,44136,,550000,0,ECONOMIC DEVELOPMENT
2021,202231369349300238,184,ONMAIN INC,,832877212,300 COLLEGE PARK ROOM 405,DAYTON,OH,454691660,,544068,0,ECONOMIC DEVELOPMENT
2021,202231369349300238,185,OPTION CARE ENTERPRISES INC,,680208702,6279 HUDSON CROSSINGS PARKWAY,HUDSON,OH,44236,,500000,0,ECONOMIC DEVELOPMENT
2021,202231369349300238,186,OREGON VILLAGE PRINT SHOPPE INC,,310913012,29 NORTH JUNE STREET,DAYTON,OH,45403,,25000,0,ECONOMIC DEVELOPMENT
2021,202231369349300238,187,O'REILLY AUTO ENTERPRISES LLC,,860221312,1888 CORNERSTONE PARKWAY,TWINSBURG,OH,44087,,200000,0,ECONOMIC DEVELOPMENT
2021,202231369349300238,188,OWENS & MINOR DISTRIBUTION INC,,542094200,2820 GLOBAL DRIVE GATEWAY 231,OBETZ,OH,43125,,100000,0,ECONOMIC DEVELOPMENT
2021,202231369349300238,189,OWENS STATE COMMUNITY COLLEGE,,341059164,PO BOX 10000,TOLEDO,OH,436991947,501(C)(3),402116,0,ECONOMIC DEVELOPMENT
2021,202231369349300238,190,OWENS-BROCKWAY GLASS CONTAINER INC,,222784144,1700 STATE STREET,ZANESVILLE,OH,437013116,,250000,0,ECONOMIC DEVELOPMENT
2021,202231369349300238,191,P GRAHAM DUNN INC,,341667697,630 HENRY STREET,DALTON,OH,446189280,,600000,0,ECONOMIC DEVELOPMENT
2021,202231369349300238,192,PACCAR INC,,910351110,65 KENWORTH DRIVE,CHILLICOTHE,OH,456018829,,1000000,0,ECONOMIC DEVELOPMENT
2021,202231369349300238,193,PASSMORE G&P LLC,,851784819,300 INDUSTRIAL DRIVE,CARROLLTON,OH,44615,,25000,0,ECONOMIC DEVELOPMENT
2021,202231369349300238,194,PATRICIA RAWLINSON DESIGNS LLC,,261216494,85 VINE STREET,GALLIPOLIS,OH,45631,,50000,0,ECONOMIC DEVELOPMENT
2021,202231369349300238,195,PENGUIN CITY BREWING COMPANY LLC,,822684125,530 MAHONING AVENUE SUITE A,YOUNGSTOWN,OH,44502,,50000,0,ECONOMIC DEVELOPMENT
2021,202231369349300238,196,PERFECTION BAKERIES INC,,350577170,1900 PROGRESS WAY,SIDNEY,OH,453658961,,35000,0,ECONOMIC DEVELOPMENT
2021,202231369349300238,197,PERRY PRO TECH INC,,344473514,545 WEST MARKET STREET,LIMA,OH,458011360,,150000,0,ECONOMIC DEVELOPMENT
2021,202231369349300238,198,PETMIN USA INC,,320561106,1003 BRIDGE STREET,ASHTABULA,OH,44004,,9000000,0,ECONOMIC DEVELOPMENT
2021,202231369349300238,199,PHOENIX TOLEDO INDUSTRIAL INVESTORS LLC,,842834508,401 E KILBOURN AVENUE,MILWAUKEE,WI,53202,,577680,0,ECONOMIC DEVELOPMENT
2021,202231369349300238,200,PLEASANT PRECISION INC,,341210426,13840 US HIGHWAY 68,KENTON,OH,433269302,,400000,0,ECONOMIC DEVELOPMENT
2021,202231369349300238,201,POLYTECH AMERICA LLC,,813802029,128 BLACKS ROAD,CHESHIRE,CT,06410,,100000,0,ECONOMIC DEVELOPMENT
2021,202231369349300238,202,PORT OF GREATER CINCINNATI DEVELOPMENT AUTHORITY,,311752368,3 EAST 4TH STREET SUITE 300,CINCINNATI,OH,452023745,,200000,0,ECONOMIC DEVELOPMENT
2021,202231369349300238,203,POSITROL INC,,310854367,3890 VIRGINIA AVENUE,CINCINNATI,OH,452273410,,500000,0,ECONOMIC DEVELOPMENT
2021,202231369349300238,204,POWERBUILT MATERIAL HANDLING SOLUTIONS LLC,,311697398,2250 SOUTH MAIN STREET,BELLEFONTAINE,OH,433118904,,600000,0,ECONOMIC DEVELOPMENT
2021,202231369349300238,205,PREMIER DEVELOPMENT PARTNERS LLC,,208115228,5301 GRANT AVENUE SUITE 100,CLEVELAND,OH,441251053,,253605,0,ECONOMIC DEVELOPMENT
2021,202231369349300238,206,PRENTKE ROMICH COMPANY,,341174227,1022 HEYL ROAD,WOOSTER,OH,446919744,,75000,0,ECONOMIC DEVELOPMENT
2021,202231369349300238,207,PRODUCE PACKAGING INC,,611403731,27853 CHARDON ROAD,WILLOUGHBY HILLS,OH,44092,,600000,0,ECONOMIC DEVELOPMENT
2021,202231369349300238,208,PROOF PRODUCTS USA LLC,,821304226,664 NORTH HAGUE AVENUE SUITE D,COLUMBUS,OH,43204,,50000,0,ECONOMIC DEVELOPMENT
2021,202231369349300238,209,PROTO PRECISION ADDITIVE LLC,,825076139,4113 LEAP ROAD,HILLIARD,OH,430261117,,233423,0,ECONOMIC DEVELOPMENT
2021,202231369349300238,210,PROVIA HOLDINGS INC,,823358014,2150 STATE ROUTE 39,SUGARCREEK,OH,446819201,,500000,0,ECONOMIC DEVELOPMENT
2021,202231369349300238,211,PTTGC AMERICA LLC,,474510612,2800 POST OAK BOULEVARD SUITE 6000,HOUSTON,TX,77056,,-20000000,0,ECONOMIC DEVELOPMENT
2021,202231369349300238,212,QQE SUMMIT LLC,,850997867,131 JANNEY ROAD,DAYTON,OH,454041225,,100000,0,ECONOMIC DEVELOPMENT
2021,202231369349300238,213,QUALITY ELECTRODYNAMICS LLC,,113751366,6655 BETA DRIVE SUITE 100,MAYFIELD VILLAGE,OH,441432380,,980595,0,ECONOMIC DEVELOPMENT
2021,202231369349300238,214,QUALITY STEEL CORPORATION OF MS (QUALITY STEEL CORPORATION),,646016768,721 GRAHAM DRIVE,FREMONT,OH,434204074,,75000,0,ECONOMIC DEVELOPMENT
2021,202231369349300238,215,QUANTUM HEALTH INC,,208423895,7450 HUNTINGTON PARK DRIVE,COLUMBUS,OH,432355617,,750000,0,ECONOMIC DEVELOPMENT
2021,202231369349300238,216,QUEST DEFENSE SYSTEMS,,311393419,11499 CHESTER ROAD SUITE 700,CINCINNATI,OH,452464000,,75000,0,ECONOMIC DEVELOPMENT
2021,202231369349300238,217,QUICK LOADZ CONTAINER SYSTEM LLC,,462417625,5850 INDUSTRIAL DRIVE,ATHENS,OH,45701,,200000,0,ECONOMIC DEVELOPMENT
2021,202231369349300238,218,RBB SYSTEMS INC,,341353186,1909 OLD MANSFIELD ROAD,WOOSTER,OH,446919474,,300000,0,ECONOMIC DEVELOPMENT
2021,202231369349300238,219,REALPATH GROUP LLC,,853778356,9565 CINCINNATI COLUMBUS ROAD,WEST CHESTER,OH,45069,,400000,0,ECONOMIC DEVELOPMENT
2021,202231369349300238,220,RELATECARE LLC,,461590730,3615 SUPERIOR AVENUE SUITE 4406C,CLEVELAND,OH,441144139,,600000,0,ECONOMIC DEVELOPMENT
2021,202231369349300238,221,RELINK MEDICAL LLC,,473802496,1755 ENTERPRISE PARKWAY,TWINSBURG,OH,440872259,,600000,0,ECONOMIC DEVELOPMENT
2021,202231369349300238,222,REPLEX MIRROR COMPANY,,311332047,11 MOUNT VERNON AVENUE,MOUNT VERNON,OH,430504163,,25000,0,ECONOMIC DEVELOPMENT
2021,202231369349300238,223,REVLOCAL LLC,,311581466,4009 COLUMBUS ROAD 222,GRANVILLE,OH,43023,,600000,0,ECONOMIC DEVELOPMENT
2021,202231369349300238,224,RIFFLE MACHINE WORKS INC,,341848737,5746 STATE ROUTE 159,CHILLICOTHE,OH,45601,,600000,0,ECONOMIC DEVELOPMENT
2021,202231369349300238,225,RIMECO PRODUCTS INC,,341715965,38198 WILLOUGHBY PARKWAY,WILLOUGHBY,OH,440947580,,600000,0,ECONOMIC DEVELOPMENT
2021,202231369349300238,226,RIPLEY METALWORKS LTD,,311462897,111 WATERWORKS ROAD,RIPLEY,OH,45167,,600000,0,ECONOMIC DEVELOPMENT
2021,202231369349300238,227,ROGERS INDUSTRIAL PRODUCTS INC,,340897539,532 SOUTH MAIN STREET,AKRON,OH,443111018,,799641,0,ECONOMIC DEVELOPMENT
2021,202231369349300238,228,ROOT HOLDINGS INC (ROOT INC),,473049829,80 EAST RICH STREET,COLUMBUS,OH,43215,,1000000,0,ECONOMIC DEVELOPMENT
2021,202231369349300238,229,ROUTE 43 NORTH LLC,,852762571,10020 AURORA HUDSON ROAD,STREETSBORO,OH,44241,,1040000,0,ECONOMIC DEVELOPMENT
2021,202231369349300238,230,RSR VENTURES LLC,,823136388,1616 COUNTY ROAD 1,TIFFIN,OH,44883,,50000,0,ECONOMIC DEVELOPMENT
2021,202231369349300238,231,RXQ COMPOUNDING LLC,,471235128,2364 BLIZZARD LANE,ALBANY,OH,45710,,600000,0,ECONOMIC DEVELOPMENT
2021,202231369349300238,232,S&P DATA OHIO LLC,,271123127,1500 W 3RD STREET SUITE 400,CLEVELAND,OH,441131438,,500000,0,ECONOMIC DEVELOPMENT
2021,202231369349300238,233,SAFEWAY PACKAGING INC,,463981791,300 WHITE MOUNTAIN DRIVE,NEW BREMEN,OH,458698621,,500000,0,ECONOMIC DEVELOPMENT
2021,202231369349300238,234,SAFRAN POWER USA LLC,,461426922,8380 DARROW ROAD,TWINSBURG,OH,440872329,,108949,0,ECONOMIC DEVELOPMENT
2021,202231369349300238,235,SANDUSKY PACKAGING CORPORATION,,340968517,2016 GEORGE STREET,SANDUSKY,OH,448701741,,25000,0,ECONOMIC DEVELOPMENT
2021,202231369349300238,236,SAREPTA THERAPEUTICS,,930797222,215 FIRST STREET,CAMBRIDGE,MA,02142,,7240,0,ECONOMIC DEVELOPMENT
2021,202231369349300238,237,SATCO INC,,952546613,1601 EAST EL SEGUNDO BOULEVARD,EL SEGUNDO,CA,902454334,,100000,0,ECONOMIC DEVELOPMENT
2021,202231369349300238,238,SAUNDERS MACHINE WORKS LLC,,462283342,1554 FAIRVIEW ROAD,ZANESVILLE,OH,43701,,40000,0,ECONOMIC DEVELOPMENT
2021,202231369349300238,239,SCANNELL PROPERTIES #317 LLC,,823023919,8801 RIVER CROSSING BOULEVARD SUITE,INDIANAPOLIS,IN,46240,,500000,0,ECONOMIC DEVELOPMENT
2021,202231369349300238,240,SCHAAD AND SONS INC,,261506356,1325 STATE ROUTE 60 NE,MCCONNELSVILLE,OH,43756,,50000,0,ECONOMIC DEVELOPMENT
2021,202231369349300238,241,SCHLABACH WOOD DESIGN INC,,311418092,52567 STATE ROUTE 651,BALTIC,OH,43894,,200000,0,ECONOMIC DEVELOPMENT
2021,202231369349300238,242,SEEFRIED DEVELOPMENT MANAGEMENT INC,,454081743,3333 RIVERWOOD PARKWAY SE SUITE 200,ATLANTA,GA,30339,,3150000,0,ECONOMIC DEVELOPMENT
2021,202231369349300238,243,SELMAN & COMPANY LLC,,344079588,1 AEC PARKWAY,RICHMOND HEIGHTS,OH,441431500,,600000,0,ECONOMIC DEVELOPMENT
2021,202231369349300238,244,SNOWVILLE CREAMERY LLC,,201177715,32623 STATE ROUTE 143,POMEROY,OH,457699695,,47783,0,ECONOMIC DEVELOPMENT
2021,202231369349300238,245,SOLE CHOICE INC,,270543481,830 MURRAY STREET PO BOX 89,PORTSMOUTH,OH,456624515,,175000,0,ECONOMIC DEVELOPMENT
2021,202231369349300238,246,SOLMET TECHNOLOGIES INC,,341499502,2716 SHEPLER CHURCH AVENUE SW,CANTON,OH,447064114,,100000,0,ECONOMIC DEVELOPMENT
2021,202231369349300238,247,SOUTHGATE COMPANY LIMITED PARTNERSHIP,,311124927,1499 WEST MAIN STREET,NEWARK,OH,43058,,1110565,0,ECONOMIC DEVELOPMENT
2021,202231369349300238,248,SP OFFICE LLC,,851015806,1533 LAKE SHORE DRIVE,COLUMBUS,OH,43204,,1350000,0,ECONOMIC DEVELOPMENT
2021,202231369349300238,249,SPANGLER CANDY COMPANY,,344360680,400 NORTH PORTLAND STREET,BRYAN,OH,435061200,,275000,0,ECONOMIC DEVELOPMENT
2021,202231369349300238,250,SPEEDWAY LLC,,271287018,500 SPEEDWAY DRIVE,ENON,OH,453231056,,56908,0,ECONOMIC DEVELOPMENT
2021,202231369349300238,251,SPERRY & RICE LLC,,811145148,1088 NORTH MAIN STREET,KILLBUCK,OH,44637,,45250,0,ECONOMIC DEVELOPMENT
2021,202231369349300238,252,SPRAY PRODUCTS CORPORATION,,043590028,1323 CONSHOHOCKEN ROAD,PLYMOUTH MEETING,PA,19462,,60855,0,ECONOMIC DEVELOPMENT
2021,202231369349300238,253,STAKES MANUFACTURING LLC,,842268150,34440 VINE STREET,EASTLAKE,OH,440955114,,206778,0,ECONOMIC DEVELOPMENT
2021,202231369349300238,254,STAMARK COMPANY LTD,,271569711,2617 SR 39 PO BOX 240,WALNUT CREEK,OH,44687,,50000,0,ECONOMIC DEVELOPMENT
2021,202231369349300238,255,STANDARD TECHNOLOGIES LLC,,202694811,2641 HAYES AVENUE,FREMONT,OH,434209715,,600000,0,ECONOMIC DEVELOPMENT
2021,202231369349300238,256,STANDARDAERO COMPINENT SERVICES,,311813317,11550 MOSTELLER ROAD,CINCINNATI,OH,45241,,204957,0,ECONOMIC DEVELOPMENT
2021,202231369349300238,257,STARK COUNTY MINORITY BUSINESS ASSOCIATION,,464870260,1225 GROSS AVENUE NE,CANTON,OH,44705,,20833,0,ECONOMIC DEVELOPMENT
2021,202231369349300238,258,STEED HAMMOND PAUL INC,,310997825,312 PLUM STREET 7TH FLOOR,CINCINNATI,OH,45202,,125000,0,ECONOMIC DEVELOPMENT
2021,202231369349300238,259,STEELIAL WELDING & METAL FABRICATION INC,,311645116,44000 COVERED BRIDGE ROAD,VINTON,OH,45686,,200000,0,ECONOMIC DEVELOPMENT
2021,202231369349300238,260,STEWART-MACDONALD MANUFACTURING COMPANY,,310783143,21 NORTH SHAFER STREET,ATHENS,OH,45701,,600000,0,ECONOMIC DEVELOPMENT
2021,202231369349300238,261,STOLLE MACHINERY COMPANY LLC,,770616243,4337 EXCEL STREET NORTHWEST,CANTON,OH,447206995,,100000,0,ECONOMIC DEVELOPMENT
2021,202231369349300238,262,STUCHELL PRODUCTS LLC,,202186395,12240 ROCKHILL AVENUE NE,ALLIANCE,OH,446011064,,30000,0,ECONOMIC DEVELOPMENT
2021,202231369349300238,263,SUPERIOR MARINE WAYS INC,,310999166,5852 COUNTY ROAD 1 PO BOX 519,SOUTH POINT,OH,456807420,,600000,0,ECONOMIC DEVELOPMENT
2021,202231369349300238,264,SWAGELOK MANUFACTURING COMPANY LLC,,340688825,29500 SOLON ROAD,SOLON,OH,441393474,,2000000,0,ECONOMIC DEVELOPMENT
2021,202231369349300238,265,SWARTZ RACE CARS INC,,311420884,527 FLOWER ISON ROAD,MINFORD,OH,45653,,40000,0,ECONOMIC DEVELOPMENT
2021,202231369349300238,266,T&C RAIL HOLDINGS INC,,474350524,824 WOODLAWN AVENUE,BUCYRUS,OH,44820,,600000,0,ECONOMIC DEVELOPMENT
2021,202231369349300238,267,TAIHO CORPORATION OF AMERICA,,363143159,194 HERITAGE DRIVE,TIFFIN,OH,448839503,,600000,0,ECONOMIC DEVELOPMENT
2021,202231369349300238,268,TEAM GREEN RECYCLING LLC,,472798900,13226 COUNTY ROAD R,NAPOLEON,OH,43545,,25000,0,ECONOMIC DEVELOPMENT
2021,202231369349300238,269,TEAM INDUSTRIAL SERVICES INC,,741776312,10540 CHESTER ROAD,CINCINNATI,OH,45215,,300000,0,ECONOMIC DEVELOPMENT
2021,202231369349300238,270,TECH ELEVATOR INC,,474646314,7100 EUCLID AVENUE SUITE 140,CLEVELAND,OH,441034036,,209690,0,ECONOMIC DEVELOPMENT
2021,202231369349300238,271,TEST-FUCHS CORPORATION,,815387175,6100 OAK TREE BOULEVARD SUITE 200,INDEPENDENCE,OH,44131,,125000,0,ECONOMIC DEVELOPMENT
2021,202231369349300238,272,THALER MACHINE COMPANY LLC,,844259995,216 TALEQUAH TRAIL,SPRINGBORO,OH,45066,,75000,0,ECONOMIC DEVELOPMENT
2021,202231369349300238,273,THE CHEF'S GARDEN INC,,341866677,9009 HURON AVERY ROAD,HURON,OH,448392448,,25000,0,ECONOMIC DEVELOPMENT
2021,202231369349300238,274,THE CHILCOTE COMPANY,,340142230,2160 SUPERIOR AVENUE,CLEVELAND,OH,441142184,,600000,0,ECONOMIC DEVELOPMENT
2021,202231369349300238,275,THE HAMILTON CASTER & MFG COMPANY,,310308370,1637 DIXIE HIGHWAY,HAMILTON,OH,45011,,600000,0,ECONOMIC DEVELOPMENT
2021,202231369349300238,276,THE LOUIS G FREEMAN COMPANY LLC,,310287650,911 GRAHAM DRIVE,FREMONT,OH,434204086,,125000,0,ECONOMIC DEVELOPMENT
2021,202231369349300238,277,THE OHIO STATE UNIVERSITY,,316025986,2130 NEIL AVENUE,COLUMBUS,OH,432101296,STATE OF OHIO,3000000,0,ECONOMIC DEVELOPMENT
2021,202231369349300238,278,THE OHIO WIRE HARNESS LLC,,812695838,225 LINCOLN AVENUE,BELLEFONTAINE,OH,43311,,50000,0,ECONOMIC DEVELOPMENT
2021,202231369349300238,279,THE SIMPLAY3 COMPANY,,813092110,9450 ROSEMONT DRIVE,STREETSBORO,OH,442414563,,50000,0,ECONOMIC DEVELOPMENT
2021,202231369349300238,280,THE WILLIAM POWELL COMPANY,,310410580,3161 SPRING GROVE AVENUE,CINCINNATI,OH,45225,,400000,0,ECONOMIC DEVELOPMENT
2021,202231369349300238,281,THE WORTHINGTON STEEL COMPANY,,311585233,6303 COUNTY ROAD 10,DELTA,OH,435159453,,75000,0,ECONOMIC DEVELOPMENT
2021,202231369349300238,282,THERMA-TRU CORP CLAWBACK,,341923454,1750 INDIAN WOOD CIRCLE,MAUMEE,OH,435374018,,-150000,0,ECONOMIC DEVELOPMENT
2021,202231369349300238,283,TIGERPOLY MANUFACTURING INC,,311205501,6231 ENTERPRISE PARKWAY,GROVE CITY,OH,431239539,,100000,0,ECONOMIC DEVELOPMENT
2021,202231369349300238,284,TIGHTLINE REAL ESTATE HOLDINGS LLC,,853520068,401 MILFORD PARKWAY,MILFORD,OH,45150,,200000,0,ECONOMIC DEVELOPMENT
2021,202231369349300238,285,TOPCO AMERICA LLC,,471035156,10930 DEERFIELD ROAD,BLUE ASH,OH,45242,,200000,0,ECONOMIC DEVELOPMENT
2021,202231369349300238,286,TOTAL QUALITY LOGISTICS LLC,,205152100,4289 IVY POINTE BOULEVARD,CINCINNATI,OH,45245,,1550000,0,ECONOMIC DEVELOPMENT
2021,202231369349300238,287,TRACTOR SUPPLY COMPANY,,133139732,200 POWELL PLACE,BRENTWOOD,TN,37027,,1500000,0,ECONOMIC DEVELOPMENT
2021,202231369349300238,288,TRANSPORTATION RESEARCH CENTER INC,,311228202,10820 STATE ROUTE 347,EAST LIBERTY,OH,43319,,500000,0,ECONOMIC DEVELOPMENT
2021,202231369349300238,289,TREVES INC,,680600078,615 NORTH CORPORATE DRIVE WEST,FOSTORIA,OH,44830,,600000,0,ECONOMIC DEVELOPMENT
2021,202231369349300238,290,TTL ASSOCIATES INC,,113705112,1915 NORTH 12TH STREET,TOLEDO,OH,43604,,50000,0,ECONOMIC DEVELOPMENT
2021,202231369349300238,291,UGN INC,,363435795,18410 CROSSING DRIVE SUITE C,TINLEY PARK,IL,60487,,270657,0,ECONOMIC DEVELOPMENT
2021,202231369349300238,292,UMD AUTOMATED SYSTEMS,,341832279,PO BOX 317 9855 SALEM ROAD,FREDERICKTOWN,OH,43019,,25000,0,ECONOMIC DEVELOPMENT
2021,202231369349300238,293,UNION METAL INDUSTRIES CORPORATION,,364894629,1432 MAPLE AVENUE NORTH EAST,CANTON,OH,447051720,,100000,0,ECONOMIC DEVELOPMENT
2021,202231369349300238,294,UNITED CANDLE COMPANY LLC,,834185692,102 NORTH SUNDALE ROAD,NORWICH,OH,43767,,457178,0,ECONOMIC DEVELOPMENT
2021,202231369349300238,295,UNITED EQUITY INC,,341403360,110 EAST NORTH STREET,SPENCERVILLE,OH,45887,,25000,0,ECONOMIC DEVELOPMENT
2021,202231369349300238,296,UNIVERSITY HOSPITALS HEALTH SYSTEM INC,,340714775,11100 EUCLID AVENUE MATHER PAVILION,CLEVELAND,OH,44106,501(C)(3),2500000,0,ECONOMIC DEVELOPMENT
2021,202231369349300238,297,UNIVERSITY OF DAYTON RESEARCH,,310536715,300 COLLEGE PARK ROOM 405,DAYTON,OH,45469,501(C)(3),550743,0,ECONOMIC DEVELOPMENT
2021,202231369349300238,298,UPDOX LLC,,262786046,6555 LONGSHORE STREET SUITE 200,DUBLIN,OH,43017,,150000,0,ECONOMIC DEVELOPMENT
2021,202231369349300238,299,UPSTART NETWORK INC,,454660612,2950 SOUTH DELAWARE STREET,SAN CARLOS,CA,94403,,400000,0,ECONOMIC DEVELOPMENT
2021,202231369349300238,300,USA FIRMWARE LLC,,452752253,10060 BRECKSVILLE ROAD,BRECKSVILLE,OH,44141,,65000,0,ECONOMIC DEVELOPMENT
2021,202231369349300238,301,USA VINYL LLC,,208104524,5795 GREEN POINTE DRIVE SOUTH,GROVEPORT,OH,43125,,150000,0,ECONOMIC DEVELOPMENT
2021,202231369349300238,302,VALUED RELATIONSHIPS INC,,311274364,1400 COMMERCE CENTER DRIVE A,FRANKLIN,OH,45005,,600000,0,ECONOMIC DEVELOPMENT
2021,202231369349300238,303,VAZQUEZ COMMERCIAL CONSTRUCTION LLC,,800455983,394 WARDS CORNER ROAD SUITE 140,MIAMI TOWNSHIP,OH,45140,,50000,0,ECONOMIC DEVELOPMENT
2021,202231369349300238,304,VILLAGE OF RIPLEY,,316001082,PO BOX 219,RIPLEY,OH,451670219,,48000,0,ECONOMIC DEVELOPMENT
2021,202231369349300238,305,VITATOE INDUSTRIES INC,,311012711,100 CHAMBER DRIVE,CHILLICOTHE,OH,456010224,,400000,0,ECONOMIC DEVELOPMENT
2021,202231369349300238,306,WALTCO LIFT CORP,,952121355,1777 MILLER PARKWAY,STREETSBORO,OH,44241,,277117,0,ECONOMIC DEVELOPMENT
2021,202231369349300238,307,WAUSEON MACHINE & MANUFACTURING INC,,341483237,995 ENTERPRISE AVENUE,WAUSEON,OH,43567,,600000,0,ECONOMIC DEVELOPMENT
2021,202231369349300238,308,WEBSTER INDUSTRIES,,341059179,325 HALL STREET,TIFFIN,OH,44883,,-100000,0,ECONOMIC DEVELOPMENT
2021,202231369349300238,309,WELLMAN SERVICES LLC,,271434287,200 EAST PEARL STREET,LIMA,OH,45801,,25000,0,ECONOMIC DEVELOPMENT
2021,202231369349300238,310,WEST OHIO TOOL CO,,341866533,7311 WORLD CLASS DRIVE,RUSSELLS POINT,OH,43348,,50000,0,ECONOMIC DEVELOPMENT
2021,202231369349300238,311,WILLOWTREE LLC,,260422372,1835 BROADWAY STREET,CHARLOTTESVILLE,VA,22902,,46455,0,ECONOMIC DEVELOPMENT
2021,202231369349300238,312,WURTH ELECTRONICS ICS INC,,272571914,7496 WEBSTER STREET,VANDALIA,OH,45414,,100000,0,ECONOMIC DEVELOPMENT
2021,202231369349300238,313,YOUNGSTOWN TOOL & DIE COMPANY INC,,824786509,2572 SALT SPRINGS ROAD,YOUNGSTOWN,OH,445091030,,600000,0,ECONOMIC DEVELOPMENT
2021,202231369349300238,314,YOUR BOTTLED WATER LLC,,262308491,106 EAST 11TH STREET,WELLSTON,OH,45692,,50000,0,ECONOMIC DEVELOPMENT
2021,202231369349300238,315,ZANE STATE COLLEGE,,310796550,1555 NEWARK ROAD,ZANESVILLE,OH,43701,,189000,0,ECONOMIC DEVELOPMENT
2021,202231369349300238,316,ZANESVILLE MUSKINGUM COUNTY PORT AUTHORITY,,316400080,205 NORTH 5TH STREET,ZANESVILLE,OH,43701,,2113826,0,ECONOMIC DEVELOPMENT
2021,202231369349300238,317,ZOD LLC,,743244395,25 CAMPBELL STREET,ATHENS,OH,45701,,25000,0,ECONOMIC DEVELOPMENT
2022,202321359349316252,1,(KROY LLC) KROY LLC A NEVADA LIMITED LIABILITY COMPANY,,880377766,7209 SAINT CLAIR AVE,CLEVELAND,OH,441031770,,200000,0,ECONOMIC DEVELOPMENT
2022,202321359349316252,2,10600 EVENDALE DRIVE LLC,,871421992,5000 CREEK ROAD,BLUE ASH,OH,45242,,75000,0,ECONOMIC DEVELOPMENT
2022,202321359349316252,3,1157 DESIGNCONCEPTS LLC,,261235310,210 S LESTER AVE,SIDNEY,OH,45365,,25000,0,ECONOMIC DEVELOPMENT
2022,202321359349316252,4,ACCUCUT SERVICES LLC,,473025479,405 TECHNOLOGY DRIVE,SOUTH POINT,OH,45680,,25000,0,ECONOMIC DEVELOPMENT
2022,202321359349316252,5,ADS ALLIANCE DATA SYSTEMS,,133163498,PARCEL 010-146723,COLUMBUS,OH,43219,,-250000,0,ECONOMIC DEVELOPMENT
2022,202321359349316252,6,AEROPACT MANUFACTURING LLC,,833409500,435 W WOODLAND CIR,BOWLING GREEN,OH,434028834,,25000,0,ECONOMIC DEVELOPMENT
2022,202321359349316252,7,A-GAS US INC,,460635641,1100 HASKINS ROAD,BOWLING GREEN,OH,434029363,,75000,0,ECONOMIC DEVELOPMENT
2022,202321359349316252,8,AGILE MANUFACTURING TECHNOLOGIES LLC,,843573025,225 NORTH IRWIN STREET,DAYTON,OH,45403,,25000,0,ECONOMIC DEVELOPMENT
2022,202321359349316252,9,AIRPORT WEST I LLC,,854328006,1310 WEST 4TH STREET,ONTARIO,OH,44906,,240000,0,ECONOMIC DEVELOPMENT
2022,202321359349316252,10,ALENE POLLEN LLC,,842782969,51 SCARBOROUGH LN,MILFORD,NH,030553117,,150000,0,ECONOMIC DEVELOPMENT
2022,202321359349316252,11,ALTENLOH BRINCK & CO US INC,,203946941,2105 COUNTY ROAD 12C,BRYAN,OH,435068301,,220890,0,ECONOMIC DEVELOPMENT
2022,202321359349316252,12,AMAZONCOM SERVICES LLC,,820544687,601 NEW JERSEY AVE NW SUITE 900,WASHNGTON,DC,20001,,1035025,0,ECONOMIC DEVELOPMENT
2022,202321359349316252,13,AMERICAN HEAVY PLATE SOLUTIONS LLC,,823959668,42722 STATE ROUTE 7,CLARINGTON,OH,43915,,40000,0,ECONOMIC DEVELOPMENT
2022,202321359349316252,14,AMERICAN TRAILER WORLD CORP,,475665675,1701 N PLANO ROAD BUILDING 9,RICHARDSON,TX,75081,,300000,0,ECONOMIC DEVELOPMENT
2022,202321359349316252,15,AMERICAN WOOD FIBERS INC,,521747729,2500 OWENS ROAD,CIRCLEVILLE,OH,43113,,50000,0,ECONOMIC DEVELOPMENT
2022,202321359349316252,16,ANDELYN BIOSCIENCES INC,,311609283,700 CHILDRENS DR,COLUMBUS,OH,432052664,,5000000,0,ECONOMIC DEVELOPMENT
2022,202321359349316252,17,ARBORWEAR LLC,,341914556,8269 EAST WASHINGTON STREET,CHAGRIN FALLS,OH,44023,,200000,0,ECONOMIC DEVELOPMENT
2022,202321359349316252,18,ARIEL CORPORATION,,310721681,659 KAISER DR,HEATH,OH,43056,,100000,0,ECONOMIC DEVELOPMENT
2022,202321359349316252,19,ARROW INDUSTRIAL SOLUTIONS LLC,,820669036,230 S MERIDIAN STREET,RAVENNA,OH,44266,,25000,0,ECONOMIC DEVELOPMENT
2022,202321359349316252,20,ATHENS COUNTY PORT AUTHORITY,,311492675,340 WEST STATE STREET,ATHENS,OH,45701,,315000,0,ECONOMIC DEVELOPMENT
2022,202321359349316252,21,ATS OHIO INC,,310882540,NO 318-230-14-008-000,LEWIS CENTER,OH,43035,,200000,0,ECONOMIC DEVELOPMENT
2022,202321359349316252,22,AVERY DENNISON RETAIL INFORMATION SERVICES LLC,,263306955,170 MONARCH LN,MIAMISBURG,OH,453423638,,300000,0,ECONOMIC DEVELOPMENT
2022,202321359349316252,23,AXOGEN CORPORATION,,550805988,13631 PROGRESS BLVD STE 400,ALACHUA,FL,326159409,,950000,0,ECONOMIC DEVELOPMENT
2022,202321359349316252,24,BANK STREET HOLDINGS LLC,,821501811,9005 BANK STREET,VALLEY VIEW,OH,44125,,75000,0,ECONOMIC DEVELOPMENT
2022,202321359349316252,25,BARCLAYS SERVICES LLC,,510407971,125 SOUTH WEST STREET,WILMINGTON,DE,19801,,-200000,0,ECONOMIC DEVELOPMENT
2022,202321359349316252,26,BBI LOGISTICS LLC,,822019085,80 EAST RICH STREET,COLUMBUS,OH,43215,,300000,0,ECONOMIC DEVELOPMENT
2022,202321359349316252,27,BELCAN LLC,,311312684,10200 ANDERSON WAY,BLUE ASH,OH,452424718,,317344,0,ECONOMIC DEVELOPMENT
2022,202321359349316252,28,BH (OHIO) LEASING LLC,,341838868,121 SOUTH MAIN STREET SUITE 500,AKRON,OH,44308,,800000,0,ECONOMIC DEVELOPMENT
2022,202321359349316252,29,BINKELMAN CORPORATION,,344420713,828 VAN CAMP ROAD,BOWLING GREEN,OH,43402,,200000,0,ECONOMIC DEVELOPMENT
2022,202321359349316252,30,BLUE ROSE SUPPLY LLC,,811327105,1630 SHERMAN AVE,CINCINNATI,OH,45212,,40000,0,ECONOMIC DEVELOPMENT
2022,202321359349316252,31,BOJHUN ENVIRRONMENTAL SERVICES LLC,,455279635,222 SOUTH MAIN STREET,FOSTORIA,OH,44830,,50000,0,ECONOMIC DEVELOPMENT
2022,202321359349316252,32,BOLD PENGUIN INC,,813064148,100 EAST BROAD ST 15TH FLOOR,COLUMBUS,OH,43215,,1000000,0,ECONOMIC DEVELOPMENT
2022,202321359349316252,33,BOOZ ALLEN HAMILTON INC,,362513626,3800 PENTAGON BLVD,BEAVERCREEK,OH,45431,,40101,0,ECONOMIC DEVELOPMENT
2022,202321359349316252,34,BREAKWALL ANALYTICS LLC,,823063010,4125 LORAIN AVENUE,CLEVELAND,OH,44113,,25000,0,ECONOMIC DEVELOPMENT
2022,202321359349316252,35,BREEZE AVIATION GROUP,,822644964,6340 S 3000E SUITE 400,COTTONWOOD HEIGHTS,UT,84121,,1927924,0,ECONOMIC DEVELOPMENT
2022,202321359349316252,36,BRIGHTEDGE TECHNOLOGIES INC,,680659789,989 E HILLSDALE BLVD SUITE 300,SAN MATEO,CA,94404,,-200000,0,ECONOMIC DEVELOPMENT
2022,202321359349316252,37,BUDDE PRECISION MACHINING CORP,,831834479,2608 NORDIC ROAD,HARRISON TOWNSHIP,OH,45414,,24990,0,ECONOMIC DEVELOPMENT
2022,202321359349316252,38,BUTECH INC,,341472584,550 S ELLSWORTH AVE,SALEM,OH,444603067,,100000,0,ECONOMIC DEVELOPMENT
2022,202321359349316252,39,CABINETWORKS GROUP MIDDLEFIELD LLC,,341378660,16052 INDUSTRIAL PARKWAY,MIDDLEFIELD,OH,44062,,250000,0,ECONOMIC DEVELOPMENT
2022,202321359349316252,40,CALIBER MOLD AND MACHINE INC,,341532037,1461 INDUSTRIAL PKWY,AKRON,OH,443102601,,153585,0,ECONOMIC DEVELOPMENT
2022,202321359349316252,41,CANARY CONSULTING INC,,811076038,400 EAST 5TH STREET SUITE B,DAYTON,OH,45402,,50000,0,ECONOMIC DEVELOPMENT
2022,202321359349316252,42,CARVANA LLC,,454788036,2183 HEBRON ROAD,HEATH,OH,43056,,275000,0,ECONOMIC DEVELOPMENT
2022,202321359349316252,43,CASE FARMS PROCESSING INC,,560751341,1818 COUNTY RD 160 PO BOX 185,WINESBURG,OH,44690,,1000000,0,ECONOMIC DEVELOPMENT
2022,202321359349316252,44,CENTOR INC,,222784124,5091 COUNTY RD 120,MILLERSBURG,OH,446549231,,150000,0,ECONOMIC DEVELOPMENT
2022,202321359349316252,45,CENTURY MOLD COMPANY INC,,161128471,55 WRIGHT DRIVE,MIDDLETOWN,OH,45044,,200000,0,ECONOMIC DEVELOPMENT
2022,202321359349316252,46,CERELIA USA BAKERY INC,,300836516,430 N YEARLING RD,WHITEHALL,OH,43213,,300000,0,ECONOMIC DEVELOPMENT
2022,202321359349316252,47,CIIC HOLDINGS LTD,,201702549,17000 ST CLAIR AVE,CLEVELAND,OH,441102535,,250000,0,ECONOMIC DEVELOPMENT
2022,202321359349316252,48,CINCINNATI CHILDREN'S HOSPITAL MEDICAL CENTER,,310833936,3333 BURNET AVE,CINCINNATI,OH,452293026,501(C)(3),7500000,0,ECONOMIC DEVELOPMENT
2022,202321359349316252,49,CINCINNATI SOY BRANDS CORPORATION,,844134054,39 BACK STREET,CINCINNATI,OH,45202,,24750,0,ECONOMIC DEVELOPMENT
2022,202321359349316252,50,CITY BARBEQUE LLC,,311657386,6175 EMERALD PKWY,DUBLIN,OH,430163248,,50000,0,ECONOMIC DEVELOPMENT
2022,202321359349316252,51,CLARIOS LLC,,391684871,10300 INDUSTRIAL STREET,HOLLAND,OH,435289791,,300000,0,ECONOMIC DEVELOPMENT
2022,202321359349316252,52,CLEVELAND AMERICAN LAND LLC,,853515557,6675 PARKLAND BLVD SUITE 100,SOLON,OH,44139,,800000,0,ECONOMIC DEVELOPMENT
2022,202321359349316252,53,CLEVELAND CYCLEWERKS LLC,,264577447,1265 W 65TH ST,CLEVELAND,OH,441022159,,25000,0,ECONOMIC DEVELOPMENT
2022,202321359349316252,54,CLEVELAND STATE UNIVERSITY,,340966056,2121 EUCLID AVE,CLEVELAND,OH,441152226,STATE OF OHIO,4000000,0,ECONOMIC DEVELOPMENT
2022,202321359349316252,55,COASTAL PET PRODUCTS INC,,341044431,911 LEADWAY AVE,ALLIANCE,OH,446012792,,150000,0,ECONOMIC DEVELOPMENT
2022,202321359349316252,56,COMPLETE FILTER MEDIA LLC,,821056572,410 S EWING ST,LANCASTER,OH,431309400,,300000,0,ECONOMIC DEVELOPMENT
2022,202321359349316252,57,COMPONENT HARDWARE GROUP INC,,061569176,1890 SWARTHMORE AVE,LAKEWOOD,NJ,08701,,100000,0,ECONOMIC DEVELOPMENT
2022,202321359349316252,58,COMPOSITE ADVANTAGE LLC,,202016358,401 KISER STREET,DAYTON,OH,45404,,-125000,0,ECONOMIC DEVELOPMENT
2022,202321359349316252,59,CONAGRA FOODS PACKAGED FOODS LLC,,201248880,901 STRYKER ST,ARCHBOLD,OH,435021053,,250000,0,ECONOMIC DEVELOPMENT
2022,202321359349316252,60,CONSOLIDUS LLC,,205669637,526 S MAIN STREET SUITE 804,AKRON,OH,44311,,25000,0,ECONOMIC DEVELOPMENT
2022,202321359349316252,61,CONSTRUCTCONNECT INC,,311652755,4500 LAKE FOREST DRIVE SUITE 502,CINCINNATI,OH,452425555,,-125000,0,ECONOMIC DEVELOPMENT
2022,202321359349316252,62,COOKE BUILDING LLC,,822202906,5235 CASTLE HILLS DRIVE,SAN DIEGO,CA,92109,,800000,0,ECONOMIC DEVELOPMENT
2022,202321359349316252,63,COVERMYMEDS LLC,,263446223,910 JOHN STREET,COLUMBUS,OH,43222,,5533553,0,ECONOMIC DEVELOPMENT
2022,202321359349316252,64,CREDIT ADJUSTMENTS INC,,340941570,330 FLORENCE STREET,DEFIANCE,OH,45312,,-927060,0,ECONOMIC DEVELOPMENT
2022,202321359349316252,65,CROW WORKS LLC,,271511457,3200 CONCORDE DRIVE,KILLBUCK,OH,44637,,61555,0,ECONOMIC DEVELOPMENT
2022,202321359349316252,66,CROWNME COIL CARE LLC,,841865395,4910 DENLINGER ROAD,TROTWOOD,OH,45426,,50000,0,ECONOMIC DEVELOPMENT
2022,202321359349316252,67,CSA AMERICA TESTING & CERTIFICATION LLC,,831027486,8501 EAST PLEASANT VALLEY ROAD,INDEPENDENCE,OH,44131,,200000,0,ECONOMIC DEVELOPMENT
2022,202321359349316252,68,CTI - CLINICAL TRIAL SERVICES INC,,311670693,100 EAST RIVERCENTER BOULEVARD,COVINGTON,KY,41011,,400000,0,ECONOMIC DEVELOPMENT
2022,202321359349316252,69,CURATION FOODS INC,,770528042,29255 NETWORK PLACE,CHICAGO,IL,60673,,-350000,0,ECONOMIC DEVELOPMENT
2022,202321359349316252,70,CUTTING EDGE MANUFACTURING LLC,,810868928,220 SULLIVAN,FREMONT,OH,43420,,25000,0,ECONOMIC DEVELOPMENT
2022,202321359349316252,71,CW PARTNERS LLC,,862070397,2 MIRANOVA PLACE SUITE 910,COLUMBUS,OH,43215,,400000,0,ECONOMIC DEVELOPMENT
2022,202321359349316252,72,D & J PRECISION MACHINE LLC,,461678545,706 WOODLAWN AVENUE,CAMBRIDGE,OH,43725,,25000,0,ECONOMIC DEVELOPMENT
2022,202321359349316252,73,D3 FUTURE INVESTMENTS LLC,,200643423,10142 SPRINGFIELD PIKE,WOODLAWN,OH,45215,,50000,0,ECONOMIC DEVELOPMENT
2022,202321359349316252,74,DISCOUNT DRUG MART INC,,341032966,33381 WALKER ROAD,AVON LAKE,OH,440121463,,100000,0,ECONOMIC DEVELOPMENT
2022,202321359349316252,75,DOWA THT AMERICA INC,,383669580,2130 S WOODLAND CIRCLE,BOWLING GREEN,OH,434028832,,100000,0,ECONOMIC DEVELOPMENT
2022,202321359349316252,76,EARTHQUAKER DEVICES LLC,,262604359,350 W BOWERY STREET,AKRON,OH,44307,,50000,0,ECONOMIC DEVELOPMENT
2022,202321359349316252,77,ECCRINE SYSTEMS INC,,472692010,1775 MENTOR AVENUE 3RD FLOOR,CINCINNATI,OH,45212,,48452,0,ECONOMIC DEVELOPMENT
2022,202321359349316252,78,ELECTRIPACK INC,,371440638,2064 BYERS RD,MIAMISBURG,OH,453421167,,25000,0,ECONOMIC DEVELOPMENT
2022,202321359349316252,79,ENDURO RUBBER COMPANY,,340666985,685 S CHESTNUT ST,RAVENNA,OH,442663068,,25000,0,ECONOMIC DEVELOPMENT
2022,202321359349316252,80,ENGINEERED PROFILES LLC,,311669463,2141 FAIRWOOD AVE,COLUMBUS,OH,432071753,,275000,0,ECONOMIC DEVELOPMENT
2022,202321359349316252,81,ERNIE GREEN INDUSTRIES INC,,592857432,30627 ORR ROAD,CIRCLEVILLE,OH,43113,,50000,0,ECONOMIC DEVELOPMENT
2022,202321359349316252,82,ESSILOR LABORATORIES OF AMERICA INC,,382673743,2400 SPIEGEL DR STE A,COLUMBUS,OH,431259132,,100000,0,ECONOMIC DEVELOPMENT
2022,202321359349316252,83,EVERGREEN RESOURCES LLC,,270900879,6250 HALLE DRIVE,VALLEY VIEW,OH,44125,,25000,0,ECONOMIC DEVELOPMENT
2022,202321359349316252,84,EVOLVE GLOBAL TRANSPORTATION LLC,,843575923,5980 WILCOX PLACE,DUBLIN,OH,43016,,25000,0,ECONOMIC DEVELOPMENT
2022,202321359349316252,85,EZKIN COMPANY,,463040190,109 WEBB STREET,DAYTON,OH,45403,,50000,0,ECONOMIC DEVELOPMENT
2022,202321359349316252,86,FOODIES VEGAN LTD,,205829591,4524 ESTE AVENUE,CINCINNATI,OH,45232,,50000,0,ECONOMIC DEVELOPMENT
2022,202321359349316252,87,FORJAK INDUSTRIAL INC,,272611716,544 CLINTON ST,CIRCLEVILLE,OH,43113,,25000,0,ECONOMIC DEVELOPMENT
2022,202321359349316252,88,FOUNTAIN PLACE LLC,,833203630,1203 WALNUT STREET 4TH FLOOR,CINCINNATI,OH,45202,,900000,0,ECONOMIC DEVELOPMENT
2022,202321359349316252,89,FRANKART ELECTRIC LLC,,341578607,550 EAST ZELLER ROAD,FOSTORIA,OH,44830,,25000,0,ECONOMIC DEVELOPMENT
2022,202321359349316252,90,FULTON COUNTY PROCESSING LTD,,341965647,7800 STATE ROUTE 109,DELTA,OH,435159335,,33000,0,ECONOMIC DEVELOPMENT
2022,202321359349316252,91,GAYSTON CORPORATION,,310568575,721 RICHARD ST,MIAMISBURG,OH,453421840,,250000,0,ECONOMIC DEVELOPMENT
2022,202321359349316252,92,GOJO INDUSTRIES INC,,340659953,1147 AKRON ROAD,WOOSTER,OH,44691,,1000000,0,ECONOMIC DEVELOPMENT
2022,202321359349316252,93,GRAF CUSTOM LOGISTICS LLC,,841923636,2310 8TH STREET,PORTSMOUTH,OH,45662,,122625,0,ECONOMIC DEVELOPMENT
2022,202321359349316252,94,GRAVITY 2 - OFFICE LLC,,844324560,30 WARREN STREET,COLUMBUS,OH,43215,,1350000,0,ECONOMIC DEVELOPMENT
2022,202321359349316252,95,GREEN MEADOWS PAPER COMPANY,,861365263,670 17TH STREET NORTHWEST,MASSILLON,OH,44647,,150000,0,ECONOMIC DEVELOPMENT
2022,202321359349316252,96,GRIFFON HOLDINGS LLC,,815275280,5280 AVON LAKE ROAD,LITCHFIELD,OH,44253,,80000,0,ECONOMIC DEVELOPMENT
2022,202321359349316252,97,HANNECARD ROLLER COATINGS INC,,854302513,1031 LAMBERT ST,BARBERTON,OH,442031689,,100000,0,ECONOMIC DEVELOPMENT
2022,202321359349316252,98,HEMASOURCE INC,,870574076,541 PERKINS JONES ROAD,WARREN,OH,44438,,100000,0,ECONOMIC DEVELOPMENT
2022,202321359349316252,99,HEMATITE INC,,471243799,300 LAU PARKWAY,ENGLEWOOD,OH,45315,,100000,0,ECONOMIC DEVELOPMENT
2022,202321359349316252,100,HI-POINT GRAPHICS LLC,,811273849,127 EAST CHILLICOTHE AVENUE,BELLEFONTAINE,OH,43311,,50000,0,ECONOMIC DEVELOPMENT
2022,202321359349316252,101,HOFFMAN ANALYTIC SERVICES INC,,341374782,1101 N COLE ST,LIMA,OH,458052003,,50000,0,ECONOMIC DEVELOPMENT
2022,202321359349316252,102,HOMETOWN FOOD COMPANY,,831024049,500 W MADISON ST,CHICAGO,IL,606614544,,250000,0,ECONOMIC DEVELOPMENT
2022,202321359349316252,103,HOSANNA REVIVAL LLC,,812246204,419 S COOPER AVENUE,LOCKLAND,OH,45215,,50000,0,ECONOMIC DEVELOPMENT
2022,202321359349316252,104,HOWMET AEROSPACE INC,,250317820,1600 HARVARD AVE,CUYAHOGA HEIGHTS,OH,441053040,,100000,0,ECONOMIC DEVELOPMENT
2022,202321359349316252,105,HP PELZER AUTOMOTIVE SYSTEMS INC,,383214772,1175 CROOKS RD,TROY,MI,480847136,,120000,0,ECONOMIC DEVELOPMENT
2022,202321359349316252,106,HYGGELIGHT LLC,,821779921,322 LOCUST STREET,TOLEDO,OH,43604,,50000,0,ECONOMIC DEVELOPMENT
2022,202321359349316252,107,IMAGINE BAKING INC,,460717135,1034 HANCOCK ST,SANDUSKY,OH,448703616,,50000,0,ECONOMIC DEVELOPMENT
2022,202321359349316252,108,INCENTA REWARDS LLC,,464091280,72 E SPRING VALLEY PIKE,WASHINGTON TOWNSHIP,OH,45458,,25000,0,ECONOMIC DEVELOPMENT
2022,202321359349316252,109,INEOS PIGMENTS USA INC,,133290300,2900 MIDDLE RD,ASHTABULA,OH,440043925,,-61487,0,ECONOMIC DEVELOPMENT
2022,202321359349316252,110,INPHLU LLC,,844523710,635 W 7TH ST,CINCINNATI,OH,45203,,50000,0,ECONOMIC DEVELOPMENT
2022,202321359349316252,111,INSIGHT CATASTROPHE GROUP LLC,,260902522,101 HUDSON STREET SUITE 2700,JERSEY CITY,NJ,07302,,35000,0,ECONOMIC DEVELOPMENT
2022,202321359349316252,112,INTERNATIONAL CUSHIONING COMPANY LLC,,223845948,240 BOUNDARY ROAD,MARLBORO,NJ,07746,,67026,0,ECONOMIC DEVELOPMENT
2022,202321359349316252,113,INTERNATIONAL TECHNICAL COATINGS INC,,860802110,845 EAST MARKISON,COLUMBUS,OH,43207,,150000,0,ECONOMIC DEVELOPMENT
2022,202321359349316252,114,INVACARE CORPORATION,,952680965,1 INVACARE WAY,ELYRIA,OH,44036,,233952,0,ECONOMIC DEVELOPMENT
2022,202321359349316252,115,IRONUNITS LLC,,341920747,2768 FRONT,TOLEDO,OH,43605,,1000000,0,ECONOMIC DEVELOPMENT
2022,202321359349316252,116,ISSQUARED INC,,272696689,2659 TOWNSGATE RD STE 227,WESTLAKE VILLAGE,CA,913615747,,1100000,0,ECONOMIC DEVELOPMENT
2022,202321359349316252,117,JIT PACKAGING CINCINNATI INC,,311544469,1550 KINGSVIEW DRIVE,LEBANON,OH,450369562,,16724,0,ECONOMIC DEVELOPMENT
2022,202321359349316252,118,JAMLAND2 LLC,,872778954,4934 LEWIS AVENUE,TOLEDO,OH,43612,,200000,0,ECONOMIC DEVELOPMENT
2022,202321359349316252,119,JEFFERSON INDUSTRIES CORPORATION,,311239446,6670 STATE RTE 29,WEST JEFFERSON,OH,431629677,,122873,0,ECONOMIC DEVELOPMENT
2022,202321359349316252,120,JKB GROUP INC,,341873488,6001 TOWPATH DRIVE,CLEVELAND,OH,44125,,100000,0,ECONOMIC DEVELOPMENT
2022,202321359349316252,121,JOSTIN CONSTRUCTION INC,,311593171,2335 FLORENCE AVE,CINCINNATI,OH,45206,,50000,0,ECONOMIC DEVELOPMENT
2022,202321359349316252,122,KAO USA INC,,310332880,2535 SPRING GROVE AVE,CINCINNATI,OH,452141729,,713613,0,ECONOMIC DEVELOPMENT
2022,202321359349316252,123,KASPER HOLDINGS LLC,,204014729,2100 INTERNATIONAL PARKWAY,NORTH CANTON,OH,44720,,500000,0,ECONOMIC DEVELOPMENT
2022,202321359349316252,124,KDA REALTY LLC,,472828847,5221 SOUTH CLEVELAND MASSILLON ROAD,NORTON,OH,44203,,50000,0,ECONOMIC DEVELOPMENT
2022,202321359349316252,125,KIRCHHOFF AUTOMOTIVE WAVERLY INC,,271251275,611 W 2ND ST,WAVERLY,OH,456909701,,359576,0,ECONOMIC DEVELOPMENT
2022,202321359349316252,126,KIRTLEY MOLD INC,,473550369,1986 MANCHESTER RD,AKRON,OH,44314,,44380,0,ECONOMIC DEVELOPMENT
2022,202321359349316252,127,K-NOVA LLC,,833169626,700 HOME AVE,AKRON,OH,44310,,400000,0,ECONOMIC DEVELOPMENT
2022,202321359349316252,128,KUTOL PRODUCTS COMPANY INC,,311690460,100 PARTNERSHIP WAY,SHARONVILLE,OH,45241,,100000,0,ECONOMIC DEVELOPMENT
2022,202321359349316252,129,LAKE BUSINESS PRODUCTS INC,,341101709,37200 RESEARCH ROAD,EASTLAKE,OH,44095,,24942,0,ECONOMIC DEVELOPMENT
2022,202321359349316252,130,LANCASTER COLONY CORPORATION,,314244940,380 POLARIS PARKWAY,WESTERVILLE,OH,43081,,200000,0,ECONOMIC DEVELOPMENT
2022,202321359349316252,131,LAND-AIR LLC,,200721176,9072 COUNTY ROAD 424,NAPOLEON,OH,43545,,600000,0,ECONOMIC DEVELOPMENT
2022,202321359349316252,132,LAWRENCE ECONOMIC DEVELOPMENT CORPORATION,,311075744,216 COLLINS AVE,SOUTH POINT,OH,456808501,501(C)(3),3407228,0,ECONOMIC DEVELOPMENT
2022,202321359349316252,133,LEVI HOLLOW TOOLS LLC,,812088785,401 STARKS AVENUE,MANCHESTER,OH,45144,,25000,0,ECONOMIC DEVELOPMENT
2022,202321359349316252,134,LIBBEY GLASS LLC,,222784107,300 MADISON AVENUE,TOLEDO,OH,43604,,2500000,0,ECONOMIC DEVELOPMENT
2022,202321359349316252,135,MACYS CORPORATE SERVICES LLC,,200307941,12629 MAHONING AVENUE,NORTH JACKSON,OH,44451,,800000,0,ECONOMIC DEVELOPMENT
2022,202321359349316252,136,MANAGEMENT PERFORMANCE INTERNATIONAL INC,,310870863,6836 ASHFIELD DRIVE,CINCINNATI,OH,45242,,15000,0,ECONOMIC DEVELOPMENT
2022,202321359349316252,137,MANIFEST SOLUTIONS CORP,,311422564,2035 RIVERSIDE DR,UPPER ARLINGTON,OH,432214012,,115776,0,ECONOMIC DEVELOPMENT
2022,202321359349316252,138,MARK ONE MANUFACTURING LTD,,473582799,351 INDUSTRIAL DRIVE,MINSTER,OH,45865,,125088,0,ECONOMIC DEVELOPMENT
2022,202321359349316252,139,MATSU OHIO INC,,421769430,228 E MORRISON ST,EDGERTON,OH,435179389,,51645,0,ECONOMIC DEVELOPMENT
2022,202321359349316252,140,MCCARTHY INDUSTRIAL CONTRACTORS INC,,310885143,4404 WEBSTER STREET,HARRISON TOWNSHIP,OH,45414,,25000,0,ECONOMIC DEVELOPMENT
2022,202321359349316252,141,MCG FAMILY OF PENNSYLVANIA LIMITED PARTNERSHIP,,251924400,14 TECHNOLOGY WAY,STEUBENVILLE,OH,439527079,,100000,0,ECONOMIC DEVELOPMENT
2022,202321359349316252,142,MENTOR INDUSTRIAL DEVELOPMENT LLC,,832167544,MERCANTILE DRIVE,MENTOR,OH,44060,,800000,0,ECONOMIC DEVELOPMENT
2022,202321359349316252,143,MESCHER PROPERTIES LLC,,852901609,625 N ELLIS RD,JACKSONVILLE,FL,32254,,40000,0,ECONOMIC DEVELOPMENT
2022,202321359349316252,144,MICC MANUFACTURING CORPORATION,,300931047,527 PRAIRIE ROSE DRIVE,PERRYSBURG,OH,43551,,-150000,0,ECONOMIC DEVELOPMENT
2022,202321359349316252,145,MIDDLE WEST SPIRITS LLC,,262908300,1230 COURTLAND AVE,COLUMBUS,OH,432012829,,200000,0,ECONOMIC DEVELOPMENT
2022,202321359349316252,146,MILLS BARNETT SIRRIS HOLDINGS III LLC,,852416905,3500 PENTAGON BOULEVARD 500,BEAVERCREEK,OH,45431,,600000,0,ECONOMIC DEVELOPMENT
2022,202321359349316252,147,MILO'S WHOLE WORLD GOURMET LLC,,270063019,296 SOUTH HARPER STREET,NELSONVILLE,OH,45764,,50000,0,ECONOMIC DEVELOPMENT
2022,202321359349316252,148,MILSEK FURNITURE POLISH INC,,205128462,1351 QUAKER CIR,SALEM,OH,444601006,,50000,0,ECONOMIC DEVELOPMENT
2022,202321359349316252,149,MONTGOMERY COUNTY TRANSPORTATION IMPROVEMENT DISTRICT,,311815237,451 W THIRD STREET 10TH FLOOR,DAYTON,OH,454220001,,540000,0,ECONOMIC DEVELOPMENT
2022,202321359349316252,150,MPR SUPPLY CHAIN SOLUTIONS (MOUNTAINEER PRODUCTS INC),,550688163,5310 GUERNSEY ST,BELLAIRE,OH,439069516,,450000,0,ECONOMIC DEVELOPMENT
2022,202321359349316252,151,N2Y LLC,,262606260,909 UNIVERSITY DR S,HURON,OH,448399172,,75000,0,ECONOMIC DEVELOPMENT
2022,202321359349316252,152,NAPOLEON MACHINE LLC,,271764977,476 RIVERVIEW AVENUE SUITE 100,NAPOLEON,OH,435451855,,75000,0,ECONOMIC DEVELOPMENT
2022,202321359349316252,153,NATIONAL EXTRUSION & MANUFACTURING,,311495395,231 ORCHARD ST,BELLEFONTAINE,OH,43311,,25000,0,ECONOMIC DEVELOPMENT
2022,202321359349316252,154,NORTHWEST BANCSHARES INC,,232790930,100 LIBERTY STREET,WARREN,PA,16365,,875000,0,ECONOMIC DEVELOPMENT
2022,202321359349316252,155,NOTTINGHAM-SPIRK DESIGN ASSOCIATES INC,,341205930,2200 OVERLOOK RD,CLEVELAND,OH,441062326,,137377,0,ECONOMIC DEVELOPMENT
2022,202321359349316252,156,NOVAGARD SOLUTIONS INC,,020599025,5109 HAMILTON AVE,CLEVELAND,OH,441143907,,2953454,0,ECONOMIC DEVELOPMENT
2022,202321359349316252,157,N-OVATION TECHNOLOGY GROUP LLC,,472961066,10 W 2ND ST SUITE 2201,DAYTON,OH,454021758,,25000,0,ECONOMIC DEVELOPMENT
2022,202321359349316252,158,NP DAYTON BUILDING VIII LLC,,854339793,4825 NW 41ST STREET SUITE 500,RIVERSIDE,MO,64150,,720000,0,ECONOMIC DEVELOPMENT
2022,202321359349316252,159,NU WAVES LTD,,760704915,132 EDISON DR,MONROE,OH,45044,,47500,0,ECONOMIC DEVELOPMENT
2022,202321359349316252,160,NULLABLE INC,,471671054,111 LIBERTY STREET SUITE 102,COLUMBUS,OH,43215,,403129,0,ECONOMIC DEVELOPMENT
2022,202321359349316252,161,NUVIK USA INC,,843382410,930 CLAYCRAFT ROAD,GAHANNA,OH,43230,,200000,0,ECONOMIC DEVELOPMENT
2022,202321359349316252,162,OCULII CORP,,471842264,830 A SPACE DRIVE,BEAVERCREEK,OH,45434,,290539,0,ECONOMIC DEVELOPMENT
2022,202321359349316252,163,OLDCASTLE LAWN & GARDEN INC,,204933610,400 PERIMETER CENTER TERRACE,ATLANTA,GA,30346,,358648,0,ECONOMIC DEVELOPMENT
2022,202321359349316252,164,ORCHESTRATE LLC,,463229764,6 PIKE STREET,CINCINNATI,OH,45215,,24638,0,ECONOMIC DEVELOPMENT
2022,202321359349316252,165,PACTIV LLC,,362552989,1900 WEST FIELD COURT,LAKE FOREST,IL,60045,,-70000,0,ECONOMIC DEVELOPMENT
2022,202321359349316252,166,PARADIGM INDUSTRIAL LLC,,383907747,730 LORAIN AVENUE,DAYTON,OH,45410,,50000,0,ECONOMIC DEVELOPMENT
2022,202321359349316252,167,PEERLESS STOVE & MANUFACTURING CO,,344402833,334 HARRISON STREET,SANDUSKY,OH,44870,,25000,0,ECONOMIC DEVELOPMENT
2022,202321359349316252,168,PELLA CORPORATION,,420497670,102 MAIN ST,PELLA,IA,502192198,,2600000,0,ECONOMIC DEVELOPMENT
2022,202321359349316252,169,PETLAND INC,,310733680,250 RIVERSIDE STREET,CHILLICOTHE,OH,456011704,,50000,0,ECONOMIC DEVELOPMENT
2022,202321359349316252,170,PLEASANT PRECISION INC,,341210426,13840 US HIGHWAY 68,KENTON,OH,433269302,,80000,0,ECONOMIC DEVELOPMENT
2022,202321359349316252,171,POET BIOREFINING AND MANAGEMENT LLC,,845032350,3875 STATE ROUTE 65,LEIPSIC,OH,45856,,50000,0,ECONOMIC DEVELOPMENT
2022,202321359349316252,172,PREMIER DEVELOPMENT PARTNERS LLC,,208115228,5301 GRANT AVE STE 100,CLEVELAND,OH,441251053,,171395,0,ECONOMIC DEVELOPMENT
2022,202321359349316252,173,PREMIER INDUSTRIAL MACHINE LLC,,473372901,1498 PERRYSBURG ROAD,FOSTORIA,OH,44830,,25000,0,ECONOMIC DEVELOPMENT
2022,202321359349316252,174,PREMIERE CONCRETE SUPPLY LLC,,811492775,507 SERVICE RD-STE A,LOVELAND OH,OH,45140,,25000,0,ECONOMIC DEVELOPMENT
2022,202321359349316252,175,PROFUSION INDUSTRIES LLC,,464864574,700 BF GOODRICH RD,MARIETTA,OH,457507849,,102206,0,ECONOMIC DEVELOPMENT
2022,202321359349316252,176,PROVIA PAYROLL LLC,,823350155,10190 OHIO 21,STRASBURG,OH,44680,,425000,0,ECONOMIC DEVELOPMENT
2022,202321359349316252,177,PUI AUDIO INC,,320311521,1202 E DAYTON YELLOW SPRINGS ROAD,FAIRBORN,OH,45324,,25000,0,ECONOMIC DEVELOPMENT
2022,202321359349316252,178,PURECYCLE OHIO LLC,,825215665,11 E HUBBARD STREET SUITE 300,CHICAGO,IL,60611,,750000,0,ECONOMIC DEVELOPMENT
2022,202321359349316252,179,QUALITY ELECTRODYNAMICS LLC,,113751366,6655 BETA DR STE 100,MAYFIELD VILLAGE,OH,441432380,,165550,0,ECONOMIC DEVELOPMENT
2022,202321359349316252,180,QUANTUM HEALTH INC,,208423895,7450 HUNTINGTON PARK DR,COLUMBUS,OH,432355617,,250000,0,ECONOMIC DEVELOPMENT
2022,202321359349316252,181,RW BECKETT CORPORATION,,340673444,38251 CENTER RIDGE RD,NORTH RIDGEVILLE,OH,440392827,,125000,0,ECONOMIC DEVELOPMENT
2022,202321359349316252,182,RELINK MEDICAL LLC,,473802496,1755 ENTERPRISE PKWY,TWINSBURG,OH,440872259,,100000,0,ECONOMIC DEVELOPMENT
2022,202321359349316252,183,REPUBLIC STEEL INC,,200485783,1807 E 28TH ST,LORAIN,OH,440551803,,500000,0,ECONOMIC DEVELOPMENT
2022,202321359349316252,184,RESERVE PREMIER LLC,,862790596,5301 GRANT AVENUE,CLEVELAND,OH,44125,,122800,0,ECONOMIC DEVELOPMENT
2022,202321359349316252,185,RESONETICS LLC,,260869685,2941 COLLEGE DR,KETTERING,OH,454201172,,106575,0,ECONOMIC DEVELOPMENT
2022,202321359349316252,186,REVENUE ASSISTANCE CORPORATION,,341778077,3711 CHESTER AVE,CLEVELAND,OH,44114,,96013,0,ECONOMIC DEVELOPMENT
2022,202321359349316252,187,REVLOCAL LLC,,311581466,4009 COLUMBUS ROAD 222,GRANVILLE,OH,43023,,10282,0,ECONOMIC DEVELOPMENT
2022,202321359349316252,188,RIVER ROASTERS COFFEE COMPANY LLC,,824913296,102 W MAIN ST,POMEROY,OH,45769,,50000,0,ECONOMIC DEVELOPMENT
2022,202321359349316252,189,RMI TITANIUM COMPANY LLC,,310875005,201 ISABELLS STREET,PITTSBURGH,PA,152125872,,100000,0,ECONOMIC DEVELOPMENT
2022,202321359349316252,190,ROCKY BRANDS INC,,311364046,39 E CANAL ST,NELSONVILLE,OH,457641247,,100000,0,ECONOMIC DEVELOPMENT
2022,202321359349316252,191,ROLLING ENTERPRISES INC,,811341860,2701 LANCE DR,MORAINE,OH,454091519,,50000,0,ECONOMIC DEVELOPMENT
2022,202321359349316252,192,RSL LLC,,834693967,1160 PAIGE AVE NE,WARREN,OH,444833838,,200000,0,ECONOMIC DEVELOPMENT
2022,202321359349316252,193,SAFRAN POWER USA LLC,,461426922,8380 DARROW ROAD,TWINSBURG,OH,440872329,,112474,0,ECONOMIC DEVELOPMENT
2022,202321359349316252,194,SAICA PACK US LLC,,850641425,2995 MCBRIDE COURT,HAMILTON,OH,45015,,400000,0,ECONOMIC DEVELOPMENT
2022,202321359349316252,195,SAMUEL SON & CO (USA) INC,,061251791,1455 JAMES PKWY,HEATH,OH,430564007,,50000,0,ECONOMIC DEVELOPMENT
2022,202321359349316252,196,SAREPTA THERAPEUTICS INC,,930797222,3435 STELZER ROAD,COLUMBUS,OH,43219,,2322047,0,ECONOMIC DEVELOPMENT
2022,202321359349316252,197,SC STRATEGIC SOLUTIONS LLC,,208413312,600 INDUSTRIAL PARKWAY,NORWALK,OH,448579249,,35000,0,ECONOMIC DEVELOPMENT
2022,202321359349316252,198,SCENIC SOLUTIONS LIMITED LIABILITY COMPANY,,311692695,355 GARGRAVE RD,WEST CARROLLTON,OH,454492465,,50000,0,ECONOMIC DEVELOPMENT
2022,202321359349316252,199,SENTRILOCK LLC,,200070121,7701 SERVICE CENTER DR,WEST CHESTER TOWNSHIP,OH,45069,,50000,0,ECONOMIC DEVELOPMENT
2022,202321359349316252,200,SOUTHGATE COMPANY LIMITED PARTNERSHIP,,311124927,1499 WEST MAIN STREET,NEWARK,OH,43058,,739435,0,ECONOMIC DEVELOPMENT
2022,202321359349316252,201,SPEYSIDE BOURBON COOPERAGE INC,,473309055,960 E MAIN ST,JACKSON,OH,45640,,100000,0,ECONOMIC DEVELOPMENT
2022,202321359349316252,202,SPINTECH HOLDINGS INC,,272915235,1150 S PATTON ST,XENIA,OH,453855670,,50000,0,ECONOMIC DEVELOPMENT
2022,202321359349316252,203,SPRAY PRODUCTS CORPORATION,,043590028,1000 LAKE RD,MEDINA,OH,442562760,,419221,0,ECONOMIC DEVELOPMENT
2022,202321359349316252,204,ST ENGINEERING HACKNEY INC,,371418273,13253 EMERSON ROAD,KIDRON,OH,44636,,55000,0,ECONOMIC DEVELOPMENT
2022,202321359349316252,205,STAKES MANUFACTURING LLC,,842268150,34440 VINE ST,EASTLAKE,OH,440955114,,93222,0,ECONOMIC DEVELOPMENT
2022,202321359349316252,206,STANDARD TECHNOLOGIES LLC,,202694812,2641 HAYES AVE,FREMONT,OH,434209715,,25000,0,ECONOMIC DEVELOPMENT
2022,202321359349316252,207,STAR HOLDING COMPANY LLC,,264346624,10179 COMMERCE PARK DRIVE,WEST CHESTER,OH,45246,,50000,0,ECONOMIC DEVELOPMENT
2022,202321359349316252,208,STARWIN INDUSTRIES LLC,,310829698,3387 WOODMAN DR,KETTERING,OH,454294100,,80530,0,ECONOMIC DEVELOPMENT
2022,202321359349316252,209,STATE INDUSTRIAL PRODUCTS CORPORATION,,340552740,5915 LANDERBROOK DR 300,MAYFIELD HEIGHTS,OH,441244034,,50000,0,ECONOMIC DEVELOPMENT
2022,202321359349316252,210,STA-WARM ELECTRIC COMPANY,,311439596,553 NORTH CHESTNUT STREET,RAVENNA,OH,44266,,18500,0,ECONOMIC DEVELOPMENT
2022,202321359349316252,211,SUPERIOR ROLL FORMING LLC,,825105839,5535 WEGMAN DR,VALLEY CITY,OH,442809321,,50450,0,ECONOMIC DEVELOPMENT
2022,202321359349316252,212,SURGIHEALTH SOLUTION LLC,,464855962,2122 SCHAPPELLE LANE,CINCINNATI,OH,45240,,47517,0,ECONOMIC DEVELOPMENT
2022,202321359349316252,213,SYMBA & SNAP LLC,,862446567,2275 EAST 55TH STREET,CLEVELAND,OH,44103,,350000,0,ECONOMIC DEVELOPMENT
2022,202321359349316252,214,T J DAVIES COMPANY INC,,341826518,11823 STATE ROUTE 44,MANTUA,OH,44255,,50000,0,ECONOMIC DEVELOPMENT
2022,202321359349316252,215,TECH ELEVATOR INC,,474646314,7100 EUCLID AVE SUITE 140,CLEVELAND,OH,441034036,,242026,0,ECONOMIC DEVELOPMENT
2022,202321359349316252,216,TEMEG HOLDINGS INC,,273454290,5640 HUDSON INDUSTRIAL PKWY,HUDSON,OH,442365011,,200000,0,ECONOMIC DEVELOPMENT
2022,202321359349316252,217,TENCATE ADVANCED ARMOR USA INC,,311204991,1051 ONEILL,HEBRON,OH,43025,,100000,0,ECONOMIC DEVELOPMENT
2022,202321359349316252,218,THE GORILLA GLUE COMPANY LLC,,310976407,2429 E KEMPER RD,CINCINNATI,OH,45241,,400000,0,ECONOMIC DEVELOPMENT
2022,202321359349316252,219,THE HUNTINGTON NATIONAL BANK,,310966785,41 SOUTH HIGH STREET HP-1097,COLUMBUS,OH,43287,,-500000,0,ECONOMIC DEVELOPMENT
2022,202321359349316252,220,THE MCALEAR GROUP INC,,340898426,6615 MAUMEE WESTERN ROAD,MAUMEE,OH,43537,,50000,0,ECONOMIC DEVELOPMENT
2022,202321359349316252,221,THE MEDINA PLATING CORP,,340903894,940 LAFAYETTE ROAD,MEDINA,OH,44256,,15000,0,ECONOMIC DEVELOPMENT
2022,202321359349316252,222,THE METROHEALTH SYSTEM,,346004382,2500 METROHEALTH DR,CLEVELAND,OH,441091900,,5000000,0,ECONOMIC DEVELOPMENT
2022,202321359349316252,223,THE NOCK AND SON COMPANY,,341145087,4138 MONROE HOLLOW RD,OAK HILL,OH,45656,,29000,0,ECONOMIC DEVELOPMENT
2022,202321359349316252,224,THE OHIO STATE UNIVERSITY,,316025986,2130 NEIL AVE,COLUMBUS,OH,432101296,STATE OF OHIO,7000000,0,ECONOMIC DEVELOPMENT
2022,202321359349316252,225,THE OHIO VALLEY BANK COMPANY,,314271820,420 3RD AVE PO BOX 240,GALLIPOLIS,OH,456311135,,200000,0,ECONOMIC DEVELOPMENT
2022,202321359349316252,226,THE PAINTING CONTRACTOR LLC,,113747263,11785 HIGHWAY DRIVE,SHARONVILLE,OH,45241,,31591,0,ECONOMIC DEVELOPMENT
2022,202321359349316252,227,THE RESEARCH INSTITUTE AT NATIONWIDE CHILDREN'S HOSPITAL,,316056230,NATIONWIDE CHILDRENS HOSPITAL 700,COLUMBUS,OH,43205,501(C)(3),3000000,0,ECONOMIC DEVELOPMENT
2022,202321359349316252,228,THE SMEAD MANUFACTURING COMPANY,,410543420,851 SMEAD RD,LOGAN,OH,431389500,,432842,0,ECONOMIC DEVELOPMENT
2022,202321359349316252,229,THE TOMKO COMPANY LLC,,200527936,3478 NORTH HIGH STREET,COLUMBUS,OH,43214,,500000,0,ECONOMIC DEVELOPMENT
2022,202321359349316252,230,THE WILSON BOHANNAN COMPANY,,314130940,621 BUCKEYE ST PO BOX 504,MARION,OH,43301,,25000,0,ECONOMIC DEVELOPMENT
2022,202321359349316252,231,TIGER PISTOL INC,,472241600,7 1/2 N FRANKLIN STREET,CHAGRIN FALLS,OH,44022,,32105,0,ECONOMIC DEVELOPMENT
2022,202321359349316252,232,TMARTIN DESIGN LLC,,472883280,94 COLUMBUS ROAD C11,ATHENS,OH,45701,,25000,0,ECONOMIC DEVELOPMENT
2022,202321359349316252,233,TOPRE AMERICA CORPORATION,,980380782,1100 REAPER AVENUE,SPRINGFIELD,OH,455033501,,375000,0,ECONOMIC DEVELOPMENT
2022,202321359349316252,234,TRAILHEAD PROPERTY MANAGEMENT LLC,,863326996,23215 COMMERCE PARK,BEACHWOOD,OH,44122,,88500,0,ECONOMIC DEVELOPMENT
2022,202321359349316252,235,TRANSGLOBAL INC,,200027233,2610 NORTH PARK AVENUE,WARREN,OH,44483,,75000,0,ECONOMIC DEVELOPMENT
2022,202321359349316252,236,TRANSPORTATION RESEARCH CENTER INC,,311228202,10820 STATE ROUTE 347,EAST LIBERTY,OH,433199473,,1000000,0,ECONOMIC DEVELOPMENT
2022,202321359349316252,237,UGN INC,,363435795,18410 CROSSING DRIVE SUITE C,TINLEY PARK,IL,60487,,683732,0,ECONOMIC DEVELOPMENT
2022,202321359349316252,238,ULTIUM CELLS LLC,,844244377,7400 TOD AVE SW,WARREN,OH,444819627,,30000000,0,ECONOMIC DEVELOPMENT
2022,202321359349316252,239,UNICONTROL INC,,752459038,1111 BROOKPARK RD,PARMA,OH,441095825,,50000,0,ECONOMIC DEVELOPMENT
2022,202321359349316252,240,UNITED CANDLE COMPANY LLC,,834185692,102 N SUNDALE RD,NORWICH,OH,43767,,67822,0,ECONOMIC DEVELOPMENT
2022,202321359349316252,241,UNIVERSAL VENEER MILL CORP,,311380080,1776 TAMARACK ROAD,NEWARK,OH,43055,,25000,0,ECONOMIC DEVELOPMENT
2022,202321359349316252,242,UNIVERSITY HOSPITALS HEALTH SYSTEM INC,,340714775,11100 EUCLID AVE MATHER PAVILION,CLEVELAND,OH,441065000,501(C)(3),5000000,0,ECONOMIC DEVELOPMENT
2022,202321359349316252,243,UNIVERSITY OF CINCINNATI,,316000989,2614 MCMICKEN CIRCLE 625 UNIVERSITY,CINCINNATI,OH,45221,STATE OF OHIO,15000000,0,ECONOMIC DEVELOPMENT
2022,202321359349316252,244,UNIVERSITY TEES INC,,412194439,2201 W 110TH STREET,CLEVELAND,OH,44102,,100000,0,ECONOMIC DEVELOPMENT
2022,202321359349316252,245,UPSTART NETWORK INC,,454660612,711 N HIGH STREET,COLUMBUS,OH,43215,,1000000,0,ECONOMIC DEVELOPMENT
2022,202321359349316252,246,V & S SCHULER ENGINEERING INC,,341691596,2240 ALLEN AVE SE,CANTON,OH,447073612,,100000,0,ECONOMIC DEVELOPMENT
2022,202321359349316252,247,VEGA AMERICAS INC,,310547954,3877 MASON RESEARCH PARKWAY,MASON,OH,45036,,200000,0,ECONOMIC DEVELOPMENT
2022,202321359349316252,248,VILLAGE OF EVENDALE,,316001691,10500 READING ROAD,EVENDALE,OH,452412574,,500000,0,ECONOMIC DEVELOPMENT
2022,202321359349316252,249,WALKENHORST'S,,941647336,8511 TRADE CENTER DRIVE,WEST CHESTER,OH,45011,,40000,0,ECONOMIC DEVELOPMENT
2022,202321359349316252,250,WARHOL & WALL ST LTD,,453065980,421 W STATE ST,COLUMBUS,OH,43215,,25000,0,ECONOMIC DEVELOPMENT
2022,202321359349316252,251,WEST ENTERPRISES INC,,311184551,480 SOUTH 3RD STREET,COLUMBUS,OH,43215,,25000,0,ECONOMIC DEVELOPMENT
2022,202321359349316252,252,WHITE MACHINE & MANUFACTURING COMPANY,,310849372,120 N GRAHAM ST,ZANESVILLE,OH,43701,,25000,0,ECONOMIC DEVELOPMENT
2022,202321359349316252,253,WILLIAMS LEA INC,,133160717,671 SOUTH HIGH ST,COLUMBUS,OH,432061066,,420000,0,ECONOMIC DEVELOPMENT
2022,202321359349316252,254,XTEK PARTNERS INC,,200976157,1721 WESTBELT DR,COLUMBUS,OH,43228,,50000,0,ECONOMIC DEVELOPMENT
2022,202321359349316252,255,ZANESVILLE MUSKINGUM COUNTY PORT AUTHORITY,,316400080,205 N 5TH ST,ZANESVILLE,OH,437013507,,976174,0,ECONOMIC DEVELOPMENT
2022,202321359349316252,256,ZANESVILLE STEEL LTD,,832349752,17 HARRISON STREET,ZANESVILLE,OH,43701,,50000,0,ECONOMIC DEVELOPMENT
2022,202321359349316252,257,BRANCH FINANCIAL INC,,820628587,875 N HIGH STREET 300,COLUMBUS,OH,43215,,146732,0,ECONOMIC DEVELOPMENT
2022,202321359349316252,258,SPERRY & RICE LLC,,811145148,1088 N MAIN STREET,KILL BUCK,OH,44637,,37594,0,ECONOMIC DEVELOPMENT
2022,202321359349316252,259,AUTICON GMBH,,462863103,2525 MAIN STREET SUITE 201,SANTA MONICA,CA,90405,,44714,0,ECONOMIC DEVELOPMENT
2022,202321359349316252,260,HIGH ROAD HOLDINGS LLC,,842767756,6000 CREEK ROAD,CINCINNATI,OH,45242,,263474,0,ECONOMIC DEVELOPMENT
2022,202321359349316252,261,AMERICAN NITRILE OPERATIONS LLC,,871928352,3500 SOUTHWEST BLVD,GROVE CITY,OH,43123,,34693,0,ECONOMIC DEVELOPMENT
2022,202321359349316252,262,ABC INOAC EXTERIOR SYSTEMS LLC,,382788802,1410 MOTOR AVENUE,FREMONT,OH,43420,,67647,0,ECONOMIC DEVELOPMENT
2022,202321359349316252,263,LOWER LLC,,463689142,8621 ROBERT FULTON DRIVE SUITE 150,COLUMBIA,MD,21046,,91708,0,ECONOMIC DEVELOPMENT
2022,202321359349316252,264,RIDGE CORPORATION,,311399268,1201 ETNA PARKWAY,PATASKALA,OH,43062,,7500,0,ECONOMIC DEVELOPMENT
2022,202321359349316252,265,NUVASIVE MANUFACTURING LLC,,272408671,7475 LUSK BLVD,SAN DIEGO,CA,92121,,92148,0,ECONOMIC DEVELOPMENT
2022,202321359349316252,266,VEEVA SYSTEMS INC,,208235463,4280 HACIENDA DRIVE,PLEASANTON,CA,945882719,,377122,0,ECONOMIC DEVELOPMENT
2022,202321359349316252,267,CANDLE-LITE COMPANY LLC,,463867345,250 EASTERN AVE,LEESBURG,OH,43135,,86796,0,ECONOMIC DEVELOPMENT
2022,202321359349316252,268,KOCH FOODS OF CINCINNATI LLC,,362924281,1300 W HIGGINS RD SUITE 100,PARKS RIDGE,IL,60068,,55700,0,ECONOMIC DEVELOPMENT
2022,202321359349316252,269,M & M INDUSTRIES OF OHIO INC (M & M INDUSTRIES INC),,621260875,316 CORPORATE PLACE,CHATTANOOGA,TN,37419,,31400,0,ECONOMIC DEVELOPMENT
2022,202321359349316252,270,STANDARDAERO COMPONENT SERVICES INC,,311813317,11550 MOSTELLER ROAD,CINCINNATI,OH,45241,,135972,0,ECONOMIC DEVELOPMENT
2022,202321359349316252,271,JSW STEEL USA OHIO INC,,813308222,1500 COMMERCIAL AVE,MINGO JUNCTION,OH,43938,,169773,0,ECONOMIC DEVELOPMENT
2022,202321359349316252,272,KOHL'S INC,,133357362,N56 W 17000 RIDGEWOOD DRIVE,MENOMONEE FALLS,WI,53051,,229119,0,ECONOMIC DEVELOPMENT
2022,202321359349316252,273,HANON SYSTEMS USA LLC,,611697358,ONE VILLAGE CENTER DRIVE,VAN BUREN TOWNSHIP,MI,48111,,12000,0,ECONOMIC DEVELOPMENT
2022,202321359349316252,274,WILLOWTREE LLC,,260422372,1835 BROADWAY STREET,CHARLOTTESVILLE,VA,22902,,50027,0,ECONOMIC DEVELOPMENT
2022,202321359349316252,275,OLIVE AI INC,,464455633,99 EAST MAIN STREET,COLUMBUS,OH,43215,,22500,0,ECONOMIC DEVELOPMENT
2022,202321359349316252,276,ATW OHIO LLC,,275554206,200 FRONT STREET,MT ORAB,OH,45154,,164358,0,ECONOMIC DEVELOPMENT
2022,202321359349316252,277,CROCS INC,,202164234,PO BOX 644601,PITTSBURGH,PA,15264,,25394,0,ECONOMIC DEVELOPMENT
2022,202321359349316252,278,VIGILANT LLC,,800631677,7570 BALES STREET SUITE 250,WEST CHESTER,OH,45069,,159487,0,ECONOMIC DEVELOPMENT
2022,202321359349316252,279,ART TECHNOLOGIES LLC,,455115834,3795 SYMMES ROAD,FAIRFIELD,OH,45015,,52721,0,ECONOMIC DEVELOPMENT
2022,202321359349316252,280,TOTAL QUALITY LOGISTICS LLC,,205152109,585 S FRONT ST SUITE 100,COLUMBUS,OH,432155694,,95000,0,ECONOMIC DEVELOPMENT
2022,202321359349316252,281,ADDUP INC,,823980882,55 BEATTIE PLACE SUITE 120,GREENVILLE,SC,29601,,112095,0,ECONOMIC DEVELOPMENT
2022,202321359349316252,282,WALTCO LIFT CORP,,952121355,285 NORTHEAST AVENUE,TALLMADGE,OH,44278,,19927,0,ECONOMIC DEVELOPMENT
2022,202321359349316252,283,STARK COUNTY MINORITY BUSINESS ASSOCATION,,464870260,1225 GROSS AVENUE NE,CANTON,OH,44705,,20833,0,ECONOMIC DEVELOPMENT
2022,202321359349316252,284,YOUNGSTOWN BUSINESS INCUBATOR,,341751707,241 W FEDERAL STREET,YOUNGSTOWN,OH,44503,,370000,0,ECONOMIC DEVELOPMENT
2022,202321359349316252,285,CRISTO REY COLUMBUS HIGH SCHOOL PWSP,,274865083,400 EAST TOWN STREET,COLUMBUS,OH,43215,501(C)(3),35000,0,ECONOMIC DEVELOPMENT
2022,202321359349316252,286,OHIO UNIVSERSITY,,316402113,1 OHIO UNIVERSITY HRTC216,ATHENS,OH,45701,501(C)(3),50000,0,ECONOMIC DEVELOPMENT
2022,202321359349316252,287,FISHER HOUSE FOUNDATION INC,,113158401,12300 TWINBROOK PARKWAY SUITE 410,ROCKVILLE,MD,20852,501(C)(3),6000,0,ECONOMIC DEVELOPMENT
2023,202421369349306592,1,1M GROUP LLC,,844391631,4624 CENTRAL PARK BLVD,DENVER,CO,80238,,75000,0,ECONOMIC DEVELOPMENT
2023,202421369349306592,2,2509 HAYES LLC,,800278036,2500 S HIGHLAND AVE,LOMBARD,IL,60148,,1040000,0,ECONOMIC DEVELOPMENT
2023,202421369349306592,3,3251 WESTERVILLE RD LLC,,844259311,577 W NATIONWIDE BLVD,COLUMBUS,OH,43215,,2000000,0,ECONOMIC DEVELOPMENT
2023,202421369349306592,4,35350 CURITS LLC,,873277500,67 ALPHA DR,HIGHLAND HEIGHTS,OH,44143,,75000,0,ECONOMIC DEVELOPMENT
2023,202421369349306592,5,ABBOTT LABORATORIES,,360698440,585 CLEVELAND AVE,COLUMBUS,OH,43215,,1750000,0,ECONOMIC DEVELOPMENT
2023,202421369349306592,6,ABC INOAC EXTERIOR SYSTEMS LLC,,382788802,1410 MOTOR AVENUE,FREMONT,OH,43420,,94811,0,ECONOMIC DEVELOPMENT
2023,202421369349306592,7,ABEL ENTERPRISES,,200096923,47 TECH VIEW DR,CINCINNATI,OH,45215,,25000,0,ECONOMIC DEVELOPMENT
2023,202421369349306592,8,ABLE TOOL CORPORATION,,311090029,617 N WAYNE AVE,CINCINNATI,OH,45215,,50000,0,ECONOMIC DEVELOPMENT
2023,202421369349306592,9,ACME SITE ONE LLC,,871054446,344 E 2ND ST,NEWPORT,KY,41011,,50000,0,ECONOMIC DEVELOPMENT
2023,202421369349306592,10,ACTION GROUP INC,,311062147,411 REYNOLDSBURG NEW ALBANY RD,BLACKLICK,OH,43004,,25000,0,ECONOMIC DEVELOPMENT
2023,202421369349306592,11,ADDUP INC,,823980882,55 BEATTIE PLACE SUITE 120,GREENVILLE,SC,29601,,15580,0,ECONOMIC DEVELOPMENT
2023,202421369349306592,12,AES US SERVICES,,541163725,1065 WOODMAN DR,DAYTON,OH,45432,,400000,0,ECONOMIC DEVELOPMENT
2023,202421369349306592,13,AIRMATE COMPANY,,341458914,16280 COUNTY RD D,BRYAN,OH,43506,,50000,0,ECONOMIC DEVELOPMENT
2023,202421369349306592,14,AIRPORT WEST I LLC,,854328006,1310 W FOURTH ST,MANSFIELD,OH,44906,,60000,0,ECONOMIC DEVELOPMENT
2023,202421369349306592,15,ALTENLOH BRINCK & CO US INC,,203946941,2105 WILLIAMS COUNTY RD,BRYAN,OH,43506,,160210,0,ECONOMIC DEVELOPMENT
2023,202421369349306592,16,AMELIA GRAY LLC,,474136342,83 GRANDVIEW AVE,SOUTH WEBSTER,OH,45682,,50000,0,ECONOMIC DEVELOPMENT
2023,202421369349306592,17,AMERICAN COLORS INC,,341165942,PO BOX 397,SANDUSKY,OH,44871,,75000,0,ECONOMIC DEVELOPMENT
2023,202421369349306592,18,AMERICAN ESSENTIALS LLC,,263638211,9565 CINCINNATI COLUMBUS RD,WESTCHESTER,OH,45069,,25000,0,ECONOMIC DEVELOPMENT
2023,202421369349306592,19,AMERICAN NITRILE OPERATIONS LLC,,871928352,3500 SOUTHWEST BLVD,GROVE CITY,OH,43123,,3172943,0,ECONOMIC DEVELOPMENT
2023,202421369349306592,20,AMERICAN REGENT INC,,112695700,5 RAMSEY ROAD,SHIRLEY,NY,11967,,750000,0,ECONOMIC DEVELOPMENT
2023,202421369349306592,21,AMERICAN TECHNICAL COATINGS INC,,341834239,28045 RANNEY PKWY,WESTLAKE,OH,44145,,94783,0,ECONOMIC DEVELOPMENT
2023,202421369349306592,22,AMGEN INC,,953540776,2710 MEDIA CENTER DR BUILDING 6,LOS ANGELES,CA,90065,,602069,0,ECONOMIC DEVELOPMENT
2023,202421369349306592,23,ANDERSON AND BUBOSE INC,,341690243,5300 TOD AVE SW,LORDSTOWN,OH,44481,,50000,0,ECONOMIC DEVELOPMENT
2023,202421369349306592,24,ANNARINO FOODS LTD,,311426869,2787 ARMSTRONG LN,DAYTON,OH,45414,,25000,0,ECONOMIC DEVELOPMENT
2023,202421369349306592,25,APACKAGING GROUP LLC,,842657818,1350 MOUNTAIN VIEW CIRCLE,AZUSA,CA,91702,,500000,0,ECONOMIC DEVELOPMENT
2023,202421369349306592,26,AQUABOUNTY FARMS OHIO LLC,,871064326,2 MILL AND MAIN PLACE,MAYNARD,MA,01754,,1000000,0,ECONOMIC DEVELOPMENT
2023,202421369349306592,27,ART OF BEAUTY COMPANY INC,,341651874,200 EGBERT RD,BEDFORD,OH,44146,,50000,0,ECONOMIC DEVELOPMENT
2023,202421369349306592,28,ART TECHNOLOGIES LLC,,455115834,3795 SYMMES RD,FAIRFIELD,OH,45015,,71321,0,ECONOMIC DEVELOPMENT
2023,202421369349306592,29,ATLANTIC EMERGENCY SOLUTIONS,,273187193,144 FREEDOM BLVD,YORKTOWN,VA,23692,,125000,0,ECONOMIC DEVELOPMENT
2023,202421369349306592,30,ATMOS 360 MANUFACTURING LLC,,833869983,4690 INTERSTATE DR,CINCINNATI,OH,45246,,50000,0,ECONOMIC DEVELOPMENT
2023,202421369349306592,31,ATW OHIO LLC,,275554206,200 FRONT STREET,MT ORAB,OH,45154,,96752,0,ECONOMIC DEVELOPMENT
2023,202421369349306592,32,AURORA PLASTICS LLC,,341851391,PO BOX 73758,CLEVELAND,OH,44193,,400000,0,ECONOMIC DEVELOPMENT
2023,202421369349306592,33,AVELO AIRLINES INC,,911387913,12 GREENWAY PLAZA SUITE 400,HOUSTON,TX,77046,,160000,0,ECONOMIC DEVELOPMENT
2023,202421369349306592,34,B & L TRANSPORT INC,,341254126,3149 STATE ROUTE 39,MILLERSBURG,OH,44654,,50000,0,ECONOMIC DEVELOPMENT
2023,202421369349306592,35,BALL METAL BEVERAGE CONTAINER CORP,,841326644,9300 W 108TH CIRCLE,WESTMINSTER,CO,80021,,300000,0,ECONOMIC DEVELOPMENT
2023,202421369349306592,36,BARKBOX INC,,453720765,221 CANAL ST,NEW YORK,NY,10013,,727108,0,ECONOMIC DEVELOPMENT
2023,202421369349306592,37,BEHR PROCESS CORPORATION,,951801944,1801 E ST ANDREW PLACE,SANTA ANA,CA,92705,,1000000,0,ECONOMIC DEVELOPMENT
2023,202421369349306592,38,BELLISIO FOODS INC,,593015985,DEPT CH 17598,PALATINE,IL,60055,,13800,0,ECONOMIC DEVELOPMENT
2023,202421369349306592,39,BEVCORP LLC,,320039658,5655 PAYSPHERE CIRCLE,CHICAGO,IL,60674,,100000,0,ECONOMIC DEVELOPMENT
2023,202421369349306592,40,BIERY CHEESE CO,,340750763,29611 NETWORK PL,CHICAGO,IL,60673,,250000,0,ECONOMIC DEVELOPMENT
2023,202421369349306592,41,BOOZ ALLEN HAMILTON INC,,362513626,8283 GREENSBORO DR,MCLEAN,VA,22102,,500000,0,ECONOMIC DEVELOPMENT
2023,202421369349306592,42,BRANCH FINANCIAL INC,,820628587,875 N HIGH STREET 300,COLUMBUS,OH,43215,,12600,0,ECONOMIC DEVELOPMENT
2023,202421369349306592,43,BREEZE AVIATION GROUP,,822644964,6340 S 3000 E,COTTONWOOD HEIGHTS,UT,84121,,924617,0,ECONOMIC DEVELOPMENT
2023,202421369349306592,44,BROELL ENTERPRISES LLC,,200097790,138 N MAIN ST,FREDERICKTOWN,OH,43019,,50000,0,ECONOMIC DEVELOPMENT
2023,202421369349306592,45,BRP MANUFACTURING COMPANY,,311524022,637 N JACKSON ST,LIMA,OH,45801,,25000,0,ECONOMIC DEVELOPMENT
2023,202421369349306592,46,BUCKEYE ELM CONTRACTING LLC,,825049969,1333 RESEARCH RD,GAHANNA,OH,43230,,25000,0,ECONOMIC DEVELOPMENT
2023,202421369349306592,47,BUCKEYE GRANITE PLUS,,475592401,811 W HUNTER ST,LOGAN,OH,43138,,25000,0,ECONOMIC DEVELOPMENT
2023,202421369349306592,48,BULLEN ULTRASONICS INC,,310804159,1301 MILLER WILLIAMS,EATON,OH,45320,,1000000,0,ECONOMIC DEVELOPMENT
2023,202421369349306592,49,BW PARTNERS LTD,,262058192,2080 BYERS RD,MIAMISBURG,OH,45458,,200000,0,ECONOMIC DEVELOPMENT
2023,202421369349306592,50,CALDWELL MOBILE HOME SALES INC,,310816401,17990 WOODSFIELD RD,CALDWELL,OH,43724,,1340526,0,ECONOMIC DEVELOPMENT
2023,202421369349306592,51,CALIBER MOLD AND MACHINE INC,,341532037,1461 INDUSTRIAL PARKWAY,AKRON,OH,44310,,96415,0,ECONOMIC DEVELOPMENT
2023,202421369349306592,52,CARPE DIEM INDUSTRIES LLC,,823531143,4599 CAMPBELL RD,COLUMBUS GROVE,OH,45830,,25000,0,ECONOMIC DEVELOPMENT
2023,202421369349306592,53,CASE WESTERN RESERVE UNIVERSITY,,341018992,10900 EUCLID AVENUE,CLEVELAND,OH,44106,501(C)(3),5000000,0,ECONOMIC DEVELOPMENT
2023,202421369349306592,54,CBS BORING AND MACHINE CO,,381850421,33750 RIVIERA,FRASER,MI,48026,,50000,0,ECONOMIC DEVELOPMENT
2023,202421369349306592,55,CBTS TECHNOLOGY SOLUTIONS LLC,,721122018,221 E 4TH ST,CINCINNATI,OH,45202,,450023,0,ECONOMIC DEVELOPMENT
2023,202421369349306592,56,CC SUPERIOR ACQUISITION LLC,,832880614,3900 PARK EAST DR SUITE 200,BEACHWOOD,OH,44122,,1000000,0,ECONOMIC DEVELOPMENT
2023,202421369349306592,57,CERKL INCORPORATED,,270733747,PO BOX 42458,BLUE ASH,OH,45242,,153286,0,ECONOMIC DEVELOPMENT
2023,202421369349306592,58,CERTIFIABLY INCORPORATED,,824743336,670 WATCH HILL LN,CINCINNATI,OH,45230,,25000,0,ECONOMIC DEVELOPMENT
2023,202421369349306592,59,CHALFANT MANUFACTURING COMPANY,,340654854,50 PEARL RD SUITE 212,BRUNSWICK,OH,44212,,175000,0,ECONOMIC DEVELOPMENT
2023,202421369349306592,60,CHARLES RIVER LABORATORIES INC,,562479324,251 BALLARDVALE ST,WILMINGTON,MA,01887,,300000,0,ECONOMIC DEVELOPMENT
2023,202421369349306592,61,CHARTER MANUFACTURING COMPANY INC,,391138388,12121 CORPORATE PKWY,MEQUON,WI,53092,,75000,0,ECONOMIC DEVELOPMENT
2023,202421369349306592,62,CHARTER NEXT GENERATION INC,,473019794,1264 E HIGH ST,MILTON,WI,53563,,138456,0,ECONOMIC DEVELOPMENT
2023,202421369349306592,63,CHEER PACK NORTH AMERICA LLC,,272293444,1 UNITED DRIVE,WEST BRIDGEWATER,MA,02379,,150000,0,ECONOMIC DEVELOPMENT
2023,202421369349306592,64,CHILLICOTHE STEEL COMPANY,,311383873,PO BOX 246,CHILLICOTHE,OH,45601,,25000,0,ECONOMIC DEVELOPMENT
2023,202421369349306592,65,CHIPPEWA INDUSTRIES INC,,475207341,1309 W BANCROFT ST,TOLEDO,OH,43606,,24295,0,ECONOMIC DEVELOPMENT
2023,202421369349306592,66,CINCINNATI SOY BRANDS CORPORATION,,844134054,6688 KENNEDY AVE,CINCINNATI,OH,45213,,25250,0,ECONOMIC DEVELOPMENT
2023,202421369349306592,67,CITY OF SPRINGFIELD OHIO,,316000056,76 E HIGH ST,SPRINGFIELD,OH,45502,STATE OF OHIO,226105,0,ECONOMIC DEVELOPMENT
2023,202421369349306592,68,CLEVELAND AMERICAN LAND LLC,,853515557,4020 KINROSS LAKES PKWY,RICHFIELD,OH,44286,,200000,0,ECONOMIC DEVELOPMENT
2023,202421369349306592,69,CLEVELAND STATE UNIVERSITY,,340966056,2121 EUCLID AVE PH 217,CLEVELAND,OH,44115,STATE OF OHIO,6000000,0,ECONOMIC DEVELOPMENT
2023,202421369349306592,70,COLOR 3 EMBROIDERY INC,,341871890,PO BOX 870,WARREN,OH,44482,,50000,0,ECONOMIC DEVELOPMENT
2023,202421369349306592,71,COLUMBUS DOWNTOWN DEVELOPMENT CORPORATION,,760704655,150 S FRONT ST,COLUMBUS,OH,43215,501(C)(3),25000,0,ECONOMIC DEVELOPMENT
2023,202421369349306592,72,COMET PROCESSING,,834384943,2503 N HANLEY RD,ST LOUIS,MO,63144,,1500000,0,ECONOMIC DEVELOPMENT
2023,202421369349306592,73,CONAGRA BRANDS,,470248710,PO BOX 982192,EL PASO,TX,79998,,300000,0,ECONOMIC DEVELOPMENT
2023,202421369349306592,74,COUNTS REMODEL & DESIGN LLC,,813604877,1294 CONANT ST SUITE 400 A,MAUMEE,OH,43537,,14091,0,ECONOMIC DEVELOPMENT
2023,202421369349306592,75,CROWN EQUIPMENT CORPORATION,,344412691,44 S WASHINGTON ST,NEW BREMEN,OH,45869,,729000,0,ECONOMIC DEVELOPMENT
2023,202421369349306592,76,CUSTOM GLASS SOLUTIONS LLC,,205871676,600 LAKEVIEW PLAZA BLVD SUITE A,WORTHINGTON,OH,43085,,351762,0,ECONOMIC DEVELOPMENT
2023,202421369349306592,77,CW PARTNERS LLC,,862070397,2 MIRANOVA SUITE 910,COLUMBUS,OH,43215,,100000,0,ECONOMIC DEVELOPMENT
2023,202421369349306592,78,DANA WHITE MACHINING AND WELDING,,341786803,910 COUNTY RD 40,NOVA,OH,44859,,50000,0,ECONOMIC DEVELOPMENT
2023,202421369349306592,79,DANIELS INDUSTRIAL SERVICES LLC,,472151591,4901 OLD COOPERMILL RD,ZANESVILLE,OH,43701,,40000,0,ECONOMIC DEVELOPMENT
2023,202421369349306592,80,DANSONS PEEBLES LLC,,842948886,3411 N 5TH AVE SUITE 500,PHOENIX,AZ,85013,,75000,0,ECONOMIC DEVELOPMENT
2023,202421369349306592,81,DEFIANCE HARMON,,832648721,4140 LOCKBOURNE RD,COLUMBUS,OH,43207,,113000,0,ECONOMIC DEVELOPMENT
2023,202421369349306592,82,DEFRIES COPP LLC,,455425838,123 S KEOWEE ST,DAYTON,OH,45402,,50000,0,ECONOMIC DEVELOPMENT
2023,202421369349306592,83,DEVIL WIND BREWING LLC,,821160498,2520 COUNTRYSIDE DR,FAIRBORN,OH,45324,,25000,0,ECONOMIC DEVELOPMENT
2023,202421369349306592,84,DEWESOFT LLC,,454388819,10730 LOGAN ST,WHITEHOUSE,OH,43571,,50000,0,ECONOMIC DEVELOPMENT
2023,202421369349306592,85,DIGITAL ACCESS OHIO LLC,,882074726,213 MARKET AVE N,CANTON,OH,44702,,870000,0,ECONOMIC DEVELOPMENT
2023,202421369349306592,86,DIRTY GIRL COFFEE LLC,,475137261,6140 LAKEVIEW FOREST,GLOUSTER,OH,45732,,50000,0,ECONOMIC DEVELOPMENT
2023,202421369349306592,87,DMG TOOL AND DIE LLC,,270597098,1215 S GREENWOOD ST,BELLEFONTAINE,OH,43311,,25000,0,ECONOMIC DEVELOPMENT
2023,202421369349306592,88,DOLLAR TREE DISTRIBUTION INC,,541737649,500 VOLVO PARKWAY,CHESAPEAKE,VA,23320,,400000,0,ECONOMIC DEVELOPMENT
2023,202421369349306592,89,DOREL HOME FURNISHINGS INC,,344456321,410 E FIRST ST S,WRIGHT CITY,MO,63390,,425000,0,ECONOMIC DEVELOPMENT
2023,202421369349306592,90,DOVE DIE & STAMPING LLC,,843857873,15665 BROOKPARK RD,CLEVELAND,OH,44142,,33000,0,ECONOMIC DEVELOPMENT
2023,202421369349306592,91,DURAFLOW INDUSTRIES,,208295733,15706 GARFIELD RD,WAKEMAN,OH,44889,,50000,0,ECONOMIC DEVELOPMENT
2023,202421369349306592,92,ECCOZH2O LLC,,842617419,2775 BISHOP RD,WILLOUGHBY HILLS,OH,44092,,129573,0,ECONOMIC DEVELOPMENT
2023,202421369349306592,93,ECP OAKRIDGE LAU PARKWAY HOLDINGS LLC,,882083052,1220 DUBLIN RD,COLUMBUS,OH,43215,,800000,0,ECONOMIC DEVELOPMENT
2023,202421369349306592,94,EDW C LEVY CO,,383223296,6565 COUNTRY RD 9,DELTA,OH,43515,,75000,0,ECONOMIC DEVELOPMENT
2023,202421369349306592,95,EMINENT GLOBAL SOLUTIONS LLC,,822566679,600 SUPERIOR AVE E,CLEVELAND,OH,44114,,50000,0,ECONOMIC DEVELOPMENT
2023,202421369349306592,96,ENDLESS DISCOVERY HOLDINGS LLC,,873928846,9760 KIRTLAND CHARDON RD,CHARDON,OH,44024,,150000,0,ECONOMIC DEVELOPMENT
2023,202421369349306592,97,ERIE BONE BROTH LLC,,473360682,2203 SUPERIOR AVE E,CLEVELAND,OH,44114,,50000,0,ECONOMIC DEVELOPMENT
2023,202421369349306592,98,EVANS FOOD GROUP LTD,,363459913,4118 S HALSTED ST,CHICAGO,IL,60609,,100000,0,ECONOMIC DEVELOPMENT
2023,202421369349306592,99,FESTO CORPORATION,,112270659,1377 MOTOR PARKWAY,ISLANDIA,NY,11749,,800000,0,ECONOMIC DEVELOPMENT
2023,202421369349306592,100,FINDLAY MACHINE & TOOL INC,,341545822,2000 INDUSTRIAL DR,FINDLAY,OH,45840,,100000,0,ECONOMIC DEVELOPMENT
2023,202421369349306592,101,FIRST CHOICE PACKAGING,,341471454,1501 W STATE ST,FREMONT,OH,43420,,25000,0,ECONOMIC DEVELOPMENT
2023,202421369349306592,102,FORGE BIOLOGICS INC,,843555353,3900 GANTZ RD,GROVE CITY,OH,43123,,1000000,0,ECONOMIC DEVELOPMENT
2023,202421369349306592,103,FORT WINCHESTER INVESTMENT PARTNERS LLC,,810921790,24862 ELLIOTT RD,DEFIANCE,OH,43512,,400000,0,ECONOMIC DEVELOPMENT
2023,202421369349306592,104,FORWARD AIR INC,,621554972,4370 OLD DIXIE RD,ATLANTA,GA,30354,,750000,0,ECONOMIC DEVELOPMENT
2023,202421369349306592,105,FOUNDATION MILWORK AND STONE LLC,,844955156,315 PHILLIPI,COLUMBUS,OH,43228,,130000,0,ECONOMIC DEVELOPMENT
2023,202421369349306592,106,FOUNTAIN PLACE LLC,,833203630,1203 WALNUT ST,CINCINNATI,OH,45202,,100000,0,ECONOMIC DEVELOPMENT
2023,202421369349306592,107,G&J PEPSI COLA BOTTLERS INC,,341031008,9435 WATERSTONE BLVD,CINCINNATI,OH,45249,,100000,0,ECONOMIC DEVELOPMENT
2023,202421369349306592,108,GATED PROPERTIES GLOBAL I LLC,,862016546,5855 E NAPLES PLAZA DR,LONG BEACH,CA,90803,,925000,0,ECONOMIC DEVELOPMENT
2023,202421369349306592,109,GEMINI INDUSTRIAL MACHINE GROUP LLC,,475355898,1826 TECH PARK DR NE,NEW PHILADELPHIA,OH,44663,,50000,0,ECONOMIC DEVELOPMENT
2023,202421369349306592,110,GENERAL ELECTRIC COMPANY,,140689340,1 NEUMANN WAY,EVENDATE,OH,45215,,750000,0,ECONOMIC DEVELOPMENT
2023,202421369349306592,111,GENERAL MILLS INC,,410274440,1 GENERAL MILLS BLVD ATTN TREASURY,MINNEAPOLIS,MN,55426,,1000000,0,ECONOMIC DEVELOPMENT
2023,202421369349306592,112,GEST STREET DISTRIBUTIONS LLC,,854368179,1907 SOUTH ST,CINCINNATI,OH,45204,,122601,0,ECONOMIC DEVELOPMENT
2023,202421369349306592,113,GETWORKERFIT PARTNERS,,811178175,PO BOX 689,NEWBURY,OH,44065,,520000,0,ECONOMIC DEVELOPMENT
2023,202421369349306592,114,GOODLEVEL ENTERPRISES LLC,,814719550,55 NEWTON ST,NORWALK,OH,44857,,50000,0,ECONOMIC DEVELOPMENT
2023,202421369349306592,115,GRAMINEX LLC,,383360436,2300 COUNTY RD C,DESHLER,OH,43516,,25000,0,ECONOMIC DEVELOPMENT
2023,202421369349306592,116,GREEN CIRCLE GROWERS INC,,341102630,51051 US HWY 20,OBERLIN,OH,44074,,1250000,0,ECONOMIC DEVELOPMENT
2023,202421369349306592,117,GREEN PLANET 21 UTILITY SERVICES LLC,,453535042,1221 3RD STREET,OAKLAND,CA,94607,,5600,0,ECONOMIC DEVELOPMENT
2023,202421369349306592,118,GRIFFON HOLDINGS,,815275280,5280 AVON LAKE RD,LITCHFIELD,OH,44253,,86568,0,ECONOMIC DEVELOPMENT
2023,202421369349306592,119,H&H INDUSTRIES INC,,311775231,PO BOX 236,OAK HILL,OH,45656,,25000,0,ECONOMIC DEVELOPMENT
2023,202421369349306592,120,HANLON COMPOSITES LLC,,824027022,21611 TUNGSTEN RD,EUCLID,OH,44117,,50000,0,ECONOMIC DEVELOPMENT
2023,202421369349306592,121,HIGH ROAD HOLDINGS LLC,,842767756,6000 CREEK ROAD,CINCINNATI,OH,45242,,237700,0,ECONOMIC DEVELOPMENT
2023,202421369349306592,122,HOMETOWN APPAREL & SCREEN PRINTING LLC,,813525088,30 E MAIN ST,CHILLICOTHE,OH,45601,,25000,0,ECONOMIC DEVELOPMENT
2023,202421369349306592,123,IMCO CARBIDE TOOL INC,,341237442,28170 CEDAR PARK BLVD,PERRYSBURG,OH,43551,,500000,0,ECONOMIC DEVELOPMENT
2023,202421369349306592,124,INFRASTRUCTURE MANANGEMENT AND ENGINEERING INC,,311592788,2300 E KEMPER RD,CINCINNATI,OH,45241,,25000,0,ECONOMIC DEVELOPMENT
2023,202421369349306592,125,INNOVATIVE CARD SOLUTIONS,,743254340,ONE SHEAKLEY WAY,CINCINNATI,OH,45246,,50000,0,ECONOMIC DEVELOPMENT
2023,202421369349306592,126,INTEL CORPORATION,,941672743,2200 MISSION COLLEGE BLVD,SANTA CLARA,CA,95054,,123181109,0,ECONOMIC DEVELOPMENT
2023,202421369349306592,127,IRG MORAINE LLC,,274011682,4020 KINROSS LAKES PKWY,RICHFIELD,OH,44286,,656000,0,ECONOMIC DEVELOPMENT
2023,202421369349306592,128,ISLAND TIME MEDIA,,473375885,175 MAIN ST,JACKSON,OH,45640,,50000,0,ECONOMIC DEVELOPMENT
2023,202421369349306592,129,ISS AMERICA,,208192116,301 CARTER AVE,BELLEFONTAINE,OH,43311,,25000,0,ECONOMIC DEVELOPMENT
2023,202421369349306592,130,JBM PACKAGING COMPANY,,311277407,PO BOX 748025,CINCINNATI,OH,45274,,100000,0,ECONOMIC DEVELOPMENT
2023,202421369349306592,131,JO-ANN STORES,,340720629,ATTN TAX DEPARTMENT,HUDSON,OH,44236,,300000,0,ECONOMIC DEVELOPMENT
2023,202421369349306592,132,JOMAC LTD,,311599951,182 SCIO RD,CARROLLTON,OH,44615,,25000,0,ECONOMIC DEVELOPMENT
2023,202421369349306592,133,JPLC LLC,,205125549,2022 ADAMS ST,TOLEDO,OH,43604,,25000,0,ECONOMIC DEVELOPMENT
2023,202421369349306592,134,JPMORGAN CHASE BANK NA,,134994650,1111 POLARIS PARKWAY,COLUMBUS,OH,43240,,2900000,0,ECONOMIC DEVELOPMENT
2023,202421369349306592,135,JW OF ROCKY RIVER,,201299801,3000 LEAVITT RD UNIT 6,LORAIN,OH,44052,,50000,0,ECONOMIC DEVELOPMENT
2023,202421369349306592,136,KAO USA INC,,310332880,2535 SPRING GROVE AVE,CINCINNATI,OH,45214,,803701,0,ECONOMIC DEVELOPMENT
2023,202421369349306592,137,KC ROBOTICS INC,,311309353,9900 LE SAINT DR,WEST CHESTER,OH,45214,,71249,0,ECONOMIC DEVELOPMENT
2023,202421369349306592,138,KEBCO PRECISION FABRICATORS INC,,262052986,PO BOX 20057,CANTON,OH,44701,,40000,0,ECONOMIC DEVELOPMENT
2023,202421369349306592,139,KEIM LUMBER COMPANY,,341019273,4465 STATE ROUTE 557 PO BOX 40,CHARM,OH,44617,,75000,0,ECONOMIC DEVELOPMENT
2023,202421369349306592,140,KETTERING FOUNDERS LLC,,850851086,4020 KINROSS LAKES PKWY,RICHFIELD,OH,44286,,1000000,0,ECONOMIC DEVELOPMENT
2023,202421369349306592,141,KIRTLEY MOLD INC,,473550369,PO BOX 3937,AKRON,OH,44314,,5620,0,ECONOMIC DEVELOPMENT
2023,202421369349306592,142,KOCH FOODS OF CINCINNATI,,362924281,1300 W HIGGINS RD,PARK RIDGE,IL,60068,,1594415,0,ECONOMIC DEVELOPMENT
2023,202421369349306592,143,KOHLS INC,,133357362,N56 W17000 RIDGEWOOD DR,MENOMONEE FALLS,WI,53051,,1147586,0,ECONOMIC DEVELOPMENT
2023,202421369349306592,144,LATTE AT THE LOFTS,,463055355,840 GALLIA ST,PORTSMOUTH,OH,45662,,25000,0,ECONOMIC DEVELOPMENT
2023,202421369349306592,145,LAWRENCE ECONOMIC DEVELOPMENT CORPORATION,,311075744,216 COLLINS AVENUE,SOUTH POINT,OH,45680,501(C)(3),542772,0,ECONOMIC DEVELOPMENT
2023,202421369349306592,146,LG CHEM AMERICA INC,,800356966,3475 PIEDMONT RD NE,ATLANTA,GA,30305,,1000000,0,ECONOMIC DEVELOPMENT
2023,202421369349306592,147,LIBBEY GLASS,,222784107,300 MADISON AVE,TOLEDO,OH,43604,,1250000,0,ECONOMIC DEVELOPMENT
2023,202421369349306592,148,LION FIRST RESPONDER PPE INC,,471851866,7200 POE AVENUE SUITE 400,DAYTON,OH,45414,,15775,0,ECONOMIC DEVELOPMENT
2023,202421369349306592,149,LIONA ENTERPRISES,,471351569,1212 SYCAMORE ST SUITE 42,CINCINNATI,OH,45202,,50000,0,ECONOMIC DEVELOPMENT
2023,202421369349306592,150,LOC PERFORMANCE PRODUCTS LLC,,854115123,13505 N HAGGERTY RD,PLYMOUTH,MI,48170,,1728752,0,ECONOMIC DEVELOPMENT
2023,202421369349306592,151,LOPAUS POINT LLC,,471569655,4076 LONGHILL RD,COLUMBUS,OH,43220,,50000,0,ECONOMIC DEVELOPMENT
2023,202421369349306592,152,LOWER LLC,,463689142,8621 ROBERT FULTON DRIVE SUITE 150,COLUMBIA,MD,21046,,59696,0,ECONOMIC DEVELOPMENT
2023,202421369349306592,153,LUBRICATION SPECIALTIES INC,,311574034,PO BOX 3420,WESTERVILLE,OH,43086,,75000,0,ECONOMIC DEVELOPMENT
2023,202421369349306592,154,LUKE MANUFACTURING CO,,340970366,456 SOUTH BLVD,WADSWORTH,OH,44281,,25000,0,ECONOMIC DEVELOPMENT
2023,202421369349306592,155,M&M INDUSTRIES OF OHIO,,621260875,316 CORPORATE PLACE,CHATTANOOGA,TN,37419,,57946,0,ECONOMIC DEVELOPMENT
2023,202421369349306592,156,MAGNA SEATING OF AMERICA INC,,382628294,30020 CABOT DR,NOVI,MI,48377,,168941,0,ECONOMIC DEVELOPMENT
2023,202421369349306592,157,MATSU OHIO,,421769430,228 E MORRISON ST,EDGERTON,OH,43517,,73355,0,ECONOMIC DEVELOPMENT
2023,202421369349306592,158,MAX TECHNICAL TRAINING INC,,311593043,4900 PARKWAY DR,MASON,OH,45040,,25000,0,ECONOMIC DEVELOPMENT
2023,202421369349306592,159,MB SHETH OHIO LLC,,853384073,15 AMERICAN WAY,SPOTSWOOD,NJ,08884,,500000,0,ECONOMIC DEVELOPMENT
2023,202421369349306592,160,MCKESSON CORPORATION,,943207296,19200 HW FREEWAY,HOUSTON,TX,77065,,61538,0,ECONOMIC DEVELOPMENT
2023,202421369349306592,161,MCWANE INC,,630139000,2266 SOUTH SIXTH STREET,COSHOCTON,OH,43812,,13020,0,ECONOMIC DEVELOPMENT
2023,202421369349306592,162,MEDLINE INDUSTRIES INC,,362596612,VP TAX,NORTHFIELD,IL,60093,,150000,0,ECONOMIC DEVELOPMENT
2023,202421369349306592,163,MENTOR INDUSTRIAL DEVELOPMENT,,832167544,PO BOX 384,MENTOR,OH,44061,,200000,0,ECONOMIC DEVELOPMENT
2023,202421369349306592,164,MFM BUILDING PRODUCTS,,821565064,525 ORANGE ST,COSHOCTON,OH,43812,,75000,0,ECONOMIC DEVELOPMENT
2023,202421369349306592,165,MIAMI VALLEY PACKAGING SOLUTIONS INC,,270541571,PO BOX 296,DAYTON,OH,45404,,25000,0,ECONOMIC DEVELOPMENT
2023,202421369349306592,166,MIBA ENERGY HOLDING LLC,,311786929,5037 NORTH STATE ROUTE 60 NW,MC CONNELSVILLE,OH,43766,,99900,0,ECONOMIC DEVELOPMENT
2023,202421369349306592,167,MILE TWO LLC,,474094933,444 E 2ND ST,DAYTON,OH,45402,,95000,0,ECONOMIC DEVELOPMENT
2023,202421369349306592,168,MILLS BARNETT SIRRIS HOLDINGS II LLC,,852401464,3500 PENTAGON BLVD,BEAVERCREEK,OH,45431,,800000,0,ECONOMIC DEVELOPMENT
2023,202421369349306592,169,MILLS BARNETT SIRRIS HOLDINGS III LLC,,852416905,3500 PENTAGON BLVD,BEAVERCREEK,OH,45431,,150000,0,ECONOMIC DEVELOPMENT
2023,202421369349306592,170,MIX TALENT,,831235047,955 W 3RD AVE,COLUMBUS,OH,43212,,100000,0,ECONOMIC DEVELOPMENT
2023,202421369349306592,171,MONITOR THERAPEUTICS INC,,453997071,5160 BLAZER PKWY,DUBLIN,OH,43017,,50130,0,ECONOMIC DEVELOPMENT
2023,202421369349306592,172,MONROE COUNTY PORT AUTHORITY,,471636712,101 N MAIN ST,WOODSFIELD,OH,43793,,1000000,0,ECONOMIC DEVELOPMENT
2023,202421369349306592,173,MORGAN TRUCK BODY LLC,,251151457,PO BOX 27770,NEW YORK,NY,10087,,1000000,0,ECONOMIC DEVELOPMENT
2023,202421369349306592,174,MPW INDUSTRIAL SERVICES GROUP INC,,311567260,1300 PAYSPHERE CIRCLE,CHICAGO,IL,60674,,75000,0,ECONOMIC DEVELOPMENT
2023,202421369349306592,175,NATIONAL BEEF OHIO LLC,,832600215,2208 GRANT RD,NORTH BALTIMORE,OH,45872,,72500,0,ECONOMIC DEVELOPMENT
2023,202421369349306592,176,NEW DAY CREATIVE LLC,,831971507,45 S MULBERRY,MANSFIELD,OH,44906,,50000,0,ECONOMIC DEVELOPMENT
2023,202421369349306592,177,NEW WAYNE INC,,203509117,1555 RITCHEY PKWY,ZANESVILLE,OH,43701,,25000,0,ECONOMIC DEVELOPMENT
2023,202421369349306592,178,NEXUS ENGINEERING GROUP LLC,,760795388,1422 EUCLID AVE,CLEVELAND,OH,44115,,78953,0,ECONOMIC DEVELOPMENT
2023,202421369349306592,179,NOS VIGEO INC,,811096219,526 S MAIN ST,AKRON,OH,44311,,25000,0,ECONOMIC DEVELOPMENT
2023,202421369349306592,180,NOVAGARD SOLUTIONS INC,,020599025,PO BOX 932420,CLEVELAND,OH,44193,,821128,0,ECONOMIC DEVELOPMENT
2023,202421369349306592,181,NP DAYTON BUILDING VIII,,854339793,4825 NW 41ST ST,RIVERSIDE,MO,64150,,180000,0,ECONOMIC DEVELOPMENT
2023,202421369349306592,182,NULLABLE INC,,471671054,111 LIBERTY ST,COLUMBUS,OH,43215,,236257,0,ECONOMIC DEVELOPMENT
2023,202421369349306592,183,NUVASIVE MANUFACTURING LLC,,272408671,ATTNSUSAN TUEY 7475 LUSK BLVD,SAN DIEGO,CA,92121,,68702,0,ECONOMIC DEVELOPMENT
2023,202421369349306592,184,OHIO UNIVERSITY,,316402113,CASHIERS OFFICE,ATHENS,OH,45701,501(C)(3),87500,0,ECONOMIC DEVELOPMENT
2023,202421369349306592,185,OHIO VALLEY STAMPING & ASSEMBLIES INC,,341655024,500 NEWMAN ST,MANSFIELD,OH,44902,,50000,0,ECONOMIC DEVELOPMENT
2023,202421369349306592,186,OLDCASTLE LAWN & GARDEN INC,,204933610,400 PERIMETER CENTER TERRACE,ATLANTA,GA,30346,,71852,0,ECONOMIC DEVELOPMENT
2023,202421369349306592,187,OMNOVA SOLUTIONS INC,,341897652,25435 HARVARD ROAD,BEACHWOOD,OH,44122,,67212,0,ECONOMIC DEVELOPMENT
2023,202421369349306592,188,ONION BOY LLC,,203715075,PO BOX 495,SHELBY,OH,44875,,25000,0,ECONOMIC DEVELOPMENT
2023,202421369349306592,189,O'REILLY PRECISION PRODUCTS INC,,200277513,560 EAST MAIN ST,RUSSIA,OH,45363,,40000,0,ECONOMIC DEVELOPMENT
2023,202421369349306592,190,OXYRASE INCORPORATED,,341550221,325 N LEXINGTON-SPRINGMILL RD,ONTARIO,OH,44906,,25000,0,ECONOMIC DEVELOPMENT
2023,202421369349306592,191,PARKS ELECTRICAL SERVICES LLC,,834257094,10948 READING RD,CINCINNATI,OH,45241,,11176,0,ECONOMIC DEVELOPMENT
2023,202421369349306592,192,PATH ROBOTICS INC,,832135454,524 MALER PLACE,COLUMBUS,OH,43215,,307081,0,ECONOMIC DEVELOPMENT
2023,202421369349306592,193,PATTER FAM SAUCES LLC,,272027486,8019 HAYPORT RD,WHEELERSBURG,OH,45694,,10000,0,ECONOMIC DEVELOPMENT
2023,202421369349306592,194,PEACEFUL FRUITS LLC,,465667935,101 E TUSCARAWAS AVE,BARBERTON,OH,44203,,25000,0,ECONOMIC DEVELOPMENT
2023,202421369349306592,195,PEAK PARK HOLDCO LLC,,871507299,2011 RIVERSIDE DR,COLUMBUS,OH,43221,,1000000,0,ECONOMIC DEVELOPMENT
2023,202421369349306592,196,PERFORMANCE RESULTS PLUS INC,,852766469,PO BOX 2817,WESTERVILLE,OH,43086,,40000,0,ECONOMIC DEVELOPMENT
2023,202421369349306592,197,PERMA EDGE INDUSTRIES,,811581426,800 SCHOLZ RD,VANDALIA,OH,45377,,25000,0,ECONOMIC DEVELOPMENT
2023,202421369349306592,198,PHARMAVITE LLC,,911461045,8531 FALLBROOK AVE,WEST HILLS,CA,91304,,900000,0,ECONOMIC DEVELOPMENT
2023,202421369349306592,199,PHOENIX METALS COMPANY (PHOENIX CORPORATION),,581455083,PO BOX 932589,ATLANTA,GA,31193,,75000,0,ECONOMIC DEVELOPMENT
2023,202421369349306592,200,PICOBARN LLC,,453569330,635 CENTER HILL AVE NW,ATLANTA,GA,30318,,25000,0,ECONOMIC DEVELOPMENT
2023,202421369349306592,201,PIKE REALTY LLC,,263565519,PO BOX 555,MARIETTA,OH,45750,,437600,0,ECONOMIC DEVELOPMENT
2023,202421369349306592,202,PINNACLE PRESS INC,,341293999,2960 HARRISBURG RD NE,CANTON,OH,44705,,50000,0,ECONOMIC DEVELOPMENT
2023,202421369349306592,203,PIXELLE SPECIALTY SOLUTIONS LLC,,831623694,228 S MAIN ST,SPRING GROVE,PA,17362,,133645,0,ECONOMIC DEVELOPMENT
2023,202421369349306592,204,PLASTILENE INC,,861821916,1010 MEAD ST,WASHINGTON COURT HOUSE,OH,43160,,2000000,0,ECONOMIC DEVELOPMENT
2023,202421369349306592,205,PLATINUM RECOVERY LLC,,861564797,38322 APOLLO PARKWAY,WILLOUGHBY,OH,44094,,100000,0,ECONOMIC DEVELOPMENT
2023,202421369349306592,206,PLEASANT VALLEY TEARDROP TRAILERS LLC,,300389878,PO BOX 395,SUGARCREEK,OH,44681,,120000,0,ECONOMIC DEVELOPMENT
2023,202421369349306592,207,PLIBRICO COMPANY LLC,,201626973,1935 TECHNY RD,NORTHBROOK,IL,60062,,125000,0,ECONOMIC DEVELOPMENT
2023,202421369349306592,208,PLOGER TRANSPORTATION LLC,,421613564,300 CLEVELAND RD,NORWALK,OH,44857,,50000,0,ECONOMIC DEVELOPMENT
2023,202421369349306592,209,POINTE VENTURES LLC,,882608845,328 CIVIC CENTER DR,COLUMBUS,OH,43215,,720000,0,ECONOMIC DEVELOPMENT
2023,202421369349306592,210,POLARIS SALES INC,,411921490,PO BOX 86,MINNEAPOLIS,MN,55486,,75000,0,ECONOMIC DEVELOPMENT
2023,202421369349306592,211,PORT OF GREATER CINCINNATI DEVELOPMENT AUTHORITY,,311752368,3 EAST FOURTH STREET SUITE 300,CINCINNATI,OH,45202,,447055,0,ECONOMIC DEVELOPMENT
2023,202421369349306592,212,PRIME SOLON INVESTMENTS LLC,,822257804,1120 W 130TH ST,BRUNSWICK,OH,44212,,250000,0,ECONOMIC DEVELOPMENT
2023,202421369349306592,213,PRINCE & IZANT LLC,,340471740,12999 PLAZA DR,CLEVELAND,OH,44130,,150000,0,ECONOMIC DEVELOPMENT
2023,202421369349306592,214,PRINCIPLE BUSINESS ENTERPRISES INC,,340894745,PO BOX 129,DUNBRIDGE,OH,43414,,103196,0,ECONOMIC DEVELOPMENT
2023,202421369349306592,215,PRISTINE MARINE LLC,,832997411,PO BOX 244,PORT CLINTON,OH,43452,,25000,0,ECONOMIC DEVELOPMENT
2023,202421369349306592,216,PRODUCT CHEMICAL COMPANY,,372653777,6400 HERMAN AVE,CLEVELAND,OH,44102,,25000,0,ECONOMIC DEVELOPMENT
2023,202421369349306592,217,PROJECT BORON LLC,,871557737,4760 RICHMOND RD,CLEVELAND,OH,44128,,1600000,0,ECONOMIC DEVELOPMENT
2023,202421369349306592,218,QQE SUMMIT LLC,,850997867,131 JANNEY RD,DAYTON,OH,45404,,250000,0,ECONOMIC DEVELOPMENT
2023,202421369349306592,219,QUALITY 1 WELDING & FAB INC,,300059101,6285 LAKE AVE,ELYRIA,OH,44035,,40000,0,ECONOMIC DEVELOPMENT
2023,202421369349306592,220,RL COLE ENTERPRISE INC,,341761583,PO BOX 22088,BEACHWOOD,OH,44122,,50000,0,ECONOMIC DEVELOPMENT
2023,202421369349306592,221,RAVAGO AMERICAS LLC,,205345851,C/O WELLS FARGO BANK NA 800 NORTH,ORLANDO,FL,32803,,150000,0,ECONOMIC DEVELOPMENT
2023,202421369349306592,222,RED FOX REALESTATE LLC,,872935432,PO BOX 455,BERLIN,OH,44610,,40000,0,ECONOMIC DEVELOPMENT
2023,202421369349306592,223,RELIABILITY INSPECTIONS LLC,,853157191,48445 CANTER RD,RACINE,OH,45771,,50000,0,ECONOMIC DEVELOPMENT
2023,202421369349306592,224,RESERVE PREMIER LLC,,862790596,26555 RICHMOND RD,BEDFORD HEIGHTS,OH,44146,,631754,0,ECONOMIC DEVELOPMENT
2023,202421369349306592,225,RESONANT SCIENCES LLC,,471991500,3975 RESEARCH BLVD,DAYTON,OH,45430,,325000,0,ECONOMIC DEVELOPMENT
2023,202421369349306592,226,REVENUE ASSISTANCE CORPORATION,,341778077,3711 CHESTER AVE,CLEVELAND,OH,44114,,53987,0,ECONOMIC DEVELOPMENT
2023,202421369349306592,227,RIDGE CORPORATION,,311399268,1201 ETNA PARKWAY,PATASKALA,OH,43062,,81547,0,ECONOMIC DEVELOPMENT
2023,202421369349306592,228,RIPPLE JUNCTION DESIGN COMPANY,,311341799,6183 CENTRE PARK DR,WEST CHESTER,OH,45069,,60657,0,ECONOMIC DEVELOPMENT
2023,202421369349306592,229,RKDS,,831310303,4216 DEWITT AVE,MATTOON,IL,61938,,400000,0,ECONOMIC DEVELOPMENT
2023,202421369349306592,230,ROBINSON FIN MACHINES INC,,351491046,13670 US HWY 68,KENTON,OH,43326,,25000,0,ECONOMIC DEVELOPMENT
2023,202421369349306592,231,RONFELDT MANUFACTURING LLC,,262315760,2354 SOUTH BYRNE RD,TOLEDO,OH,43614,,400000,0,ECONOMIC DEVELOPMENT
2023,202421369349306592,232,ROTARY SEAMER SPECIALIST GROUP LLC,,834545895,1967 E MAPLE ST,NORTH CANTON,OH,44720,,25000,0,ECONOMIC DEVELOPMENT
2023,202421369349306592,233,RXQ COMPOUNDING LLC,,471235128,340 WEST STATE ST UNIT 9,ATHENS,OH,45701,,500000,0,ECONOMIC DEVELOPMENT
2023,202421369349306592,234,SANDVIK ROCK PROCESSING SOLUTIONS NORTH AMERICA LLC,,221717737,DEPT CH 14486,PALATINE,IL,60055,,100000,0,ECONOMIC DEVELOPMENT
2023,202421369349306592,235,SAREPTA THERAPEUTICS,,930797222,215 FIRST ST,CAMBRIDGE,MA,02142,,18800,0,ECONOMIC DEVELOPMENT
2023,202421369349306592,236,SATELYTICS,,943450803,1510 N WESTWOOD AVE,TOLEDO,OH,43606,,90940,0,ECONOMIC DEVELOPMENT
2023,202421369349306592,237,SCHAEFFER METAL PRODUCTS INC,,341273548,357 COMMERCE RD,RAVENNA,OH,44266,,50000,0,ECONOMIC DEVELOPMENT
2023,202421369349306592,238,SD HANGER PARTNERS LLC,,873423661,19 N HIGH ST,AKRON,OH,44308,,1500000,0,ECONOMIC DEVELOPMENT
2023,202421369349306592,239,SEAL-TITE LLC,,270733710,PO BOX 747,MIDDLETOWN,OH,45042,,50000,0,ECONOMIC DEVELOPMENT
2023,202421369349306592,240,SFG COLUMBUS PARSONS LLC,,871334704,3280 PEACHTREE RD NE,ATLANTA,GA,30305,,1560000,0,ECONOMIC DEVELOPMENT
2023,202421369349306592,241,SFG GEIS SHALERSVILLE LLC,,881571632,10020 AURORA HUDSON RD,STREETSBORO,OH,44241,,1600000,0,ECONOMIC DEVELOPMENT
2023,202421369349306592,242,SHIRLEY K'S LLC,,844755519,PO BOX 936,ZANESVILLE,OH,43702,,25000,0,ECONOMIC DEVELOPMENT
2023,202421369349306592,243,SIERRA NEVADA CORPORATION,,880094415,444 SALOMON CIR,SPARKS,NV,89434,,500000,0,ECONOMIC DEVELOPMENT
2023,202421369349306592,244,SILVER BRIDGE COFFEE COMPANY LLC,,464837984,5508 STATE ROUTE 7 S,GALLIPOLIS,OH,45631,,50000,0,ECONOMIC DEVELOPMENT
2023,202421369349306592,245,SIMPSON MANUFACTURING CO INC,,943196943,5956 W LAS POSITAS BOULEVARD,PLEASANTON,CA,94588,,73000,0,ECONOMIC DEVELOPMENT
2023,202421369349306592,246,SKINNER POWDER COATING INC,,271494348,PO BOX 1445,PIQUA,OH,45356,,25000,0,ECONOMIC DEVELOPMENT
2023,202421369349306592,247,SLD ENTERPRISES LLC,,463120860,7162 READING RD,CINCINNATI,OH,45237,,50000,0,ECONOMIC DEVELOPMENT
2023,202421369349306592,248,SMITH BROTHERS CREAMERY,,883732303,6849 N SMITH RD NW,MCCONNELSVILLE,OH,43756,,50000,0,ECONOMIC DEVELOPMENT
2023,202421369349306592,249,SOLUTIONS VENDING INTERNATIONAL INC,,461090667,1521 ALTON RD,MIAMI BEACH,FL,33139,,50000,0,ECONOMIC DEVELOPMENT
2023,202421369349306592,250,SOUTHERN OHIO COMMUNICATION SERIVCES INC,,310918771,PO BOX 488,WAVERLY,OH,45690,,50000,0,ECONOMIC DEVELOPMENT
2023,202421369349306592,251,SOUTHERN OHIO PORT AUTHORITY,,900398931,602 7TH ST ROOM 310,PORTSMOUTH,OH,45662,,486852,0,ECONOMIC DEVELOPMENT
2023,202421369349306592,252,SP OFFICE,,851015806,1533 LAKE SHORE DR,COLUMBUS,OH,43204,,150000,0,ECONOMIC DEVELOPMENT
2023,202421369349306592,253,SPECTRUM DISPERSIONS INC,,341282046,PO BOX 805,RAVENNA,OH,44266,,25000,0,ECONOMIC DEVELOPMENT
2023,202421369349306592,254,SPRINTS LLC,,844810330,3437 MOONEY AVE,CINCINNATI,OH,45208,,24208,0,ECONOMIC DEVELOPMENT
2023,202421369349306592,255,SR 29 WEST JEFF LLC,,884040984,130 DOCKS CORNER RD,DAYTON,NJ,08810,,800000,0,ECONOMIC DEVELOPMENT
2023,202421369349306592,256,STAHLSCOTT FETZER COMPANY,,470691265,PO BOX 5440-N,CLEVELAND,OH,44193,,75000,0,ECONOMIC DEVELOPMENT
2023,202421369349306592,257,STAQ PHARMA INC,,364670631,14135 E 42ND AVE,DENVER,CO,80239,,750000,0,ECONOMIC DEVELOPMENT
2023,202421369349306592,258,STAR TURBINE INC,,341576726,116 LATOURETTE ST,MARION,OH,43302,,50000,0,ECONOMIC DEVELOPMENT
2023,202421369349306592,259,STARSTONE US INTERMEDIARIES INC,,851804991,221 DAWSON RD,COLUMBIA,SC,29223,,150000,0,ECONOMIC DEVELOPMENT
2023,202421369349306592,260,STARWIN INDUSTRIES LLC,,310829698,3387 WOODMAN DR,KETTERING,OH,45429,,469470,0,ECONOMIC DEVELOPMENT
2023,202421369349306592,261,STAUB LASER CUTTING,,341709712,2501 THUNDERHAWK CT,DAYTON,OH,45414,,25000,0,ECONOMIC DEVELOPMENT
2023,202421369349306592,262,STRIDAS LLC,,900823691,463 OHIO PIKE SUITE 105,CINCINNATI,OH,45225,,100000,0,ECONOMIC DEVELOPMENT
2023,202421369349306592,263,SUPERIOR ROLL FORMING LLC,,825105839,5535 WEGMAN DR,VALLEY CITY,OH,44280,,750000,0,ECONOMIC DEVELOPMENT
2023,202421369349306592,264,SWINGLE ENTERPRISES,,311452347,620 MOXAHALA AVE,ZANESVILLE,OH,43701,,20000,0,ECONOMIC DEVELOPMENT
2023,202421369349306592,265,TARPSTOP LLC,,341954882,12000 WILLIAMS RD,PERRYSBURG,OH,43551,,100000,0,ECONOMIC DEVELOPMENT
2023,202421369349306592,266,TECH ELEVATOR INC,,474646314,7100 EUCLID AVE SUITE 140,CLEVELAND,OH,44103,,231428,0,ECONOMIC DEVELOPMENT
2023,202421369349306592,267,TENBY PARTNERS LLC,,843338280,2 MIRANOVA PL,COLUMBUS,OH,43215,,720000,0,ECONOMIC DEVELOPMENT
2023,202421369349306592,268,TESSENDERLO KERLEY INC,,860566930,PO BOX 15627,PHOENIX,AZ,85060,,100000,0,ECONOMIC DEVELOPMENT
2023,202421369349306592,269,THE BABCOCK & WILCOX COMPANY,,132933685,13024 BALLANTYNE CORPORATE PLACE,CHARLOTTE,NC,28277,,415726,0,ECONOMIC DEVELOPMENT
2023,202421369349306592,270,THE CHRISTIAN AND MISSIONARY ALLIANCE,,131623940,8595 EXPLORER DR,COLORADO SPRINGS,CO,80920,501(C)(3),819525,0,ECONOMIC DEVELOPMENT
2023,202421369349306592,271,THE DAVEY TREE EXPERT COMPANY,,340176110,1500 NORTH MANTUA ST,KENT,OH,44240,,75000,0,ECONOMIC DEVELOPMENT
2023,202421369349306592,272,THE DOWNTOWN EXCHANGE LLC,,881080457,525 MAIN ST,ZANESVILLE,OH,43701,,404312,0,ECONOMIC DEVELOPMENT
2023,202421369349306592,273,THE HILLMAN GROUP INC,,311623179,10590 HAMILTON AVE,CINCINNATI,OH,45231,,500000,0,ECONOMIC DEVELOPMENT
2023,202421369349306592,274,THE KROGER CO,,310345740,1014 VINE STREET,CINCINNATI,OH,45202,,200000,0,ECONOMIC DEVELOPMENT
2023,202421369349306592,275,THE LINCOLN ELECTRIC COMPANY,,340359955,22801 ST CLAIR AVENUE,CLEVELAND,OH,44117,,500000,0,ECONOMIC DEVELOPMENT
2023,202421369349306592,276,THE OHIO STATE UNIVERSITY,,316025986,ATTN MEG DICK 930 KINNEAR ROAD,COLUMBUS,OH,43212,STATE OF OHIO,7000000,0,ECONOMIC DEVELOPMENT
2023,202421369349306592,277,THE OHIO STATE UNIVERSITY FOUNDATION,,311145986,1480 W LANE AVE,COLUMBUS,OH,43321,501(C)(3),18690,0,ECONOMIC DEVELOPMENT
2023,202421369349306592,278,THE RESEARCH INSTITUTE AT NATIONWIDE CHILDREN'S HOSPITAL,,316056230,700 CHILDRENS DR,COLUMBUS,OH,43205,501(C)(3),3000000,0,ECONOMIC DEVELOPMENT
2023,202421369349306592,279,THE SHERWIN-WILLIAMS COMPANY,,340526850,101 WEST PROSPECT AVE,CLEVELAND,OH,44115,,38537280,0,ECONOMIC DEVELOPMENT
2023,202421369349306592,280,THE SMEAD MANUFACTURING COMPANY,,410543420,600 SMEAD BLVD,HASTINGS,MN,55033,,117079,0,ECONOMIC DEVELOPMENT
2023,202421369349306592,281,THE SUTPHEN CORPORATION,,310671786,6450 EITERMAN RD,DUBLIN,OH,43016,,200000,0,ECONOMIC DEVELOPMENT
2023,202421369349306592,282,THE ULTRA MET COMPANY,,311381123,720 N MAIN ST,URBANA,OH,43078,,40000,0,ECONOMIC DEVELOPMENT
2023,202421369349306592,283,THE VOICE OF YOUR CUSTOMER LLC,,300494586,2259 GILBERT AVE,CINCINNATI,OH,45206,,50000,0,ECONOMIC DEVELOPMENT
2023,202421369349306592,284,THERMOSEAL INC,,311401876,2350 CAMPBELL RD,SIDNEY,OH,45365,,82000,0,ECONOMIC DEVELOPMENT
2023,202421369349306592,285,TIMBERLANE FINISH SOLUTIONS,,830593246,361 W LONGVIEW AVE,MANSFIELD,OH,44903,,25000,0,ECONOMIC DEVELOPMENT
2023,202421369349306592,286,TOLEDO INNOVATION CENTER LANDLORD LLC,,871277852,100 MADISON AVE,TOLEDO,OH,43604,,1500000,0,ECONOMIC DEVELOPMENT
2023,202421369349306592,287,TOLEDO MOLDING AND DIE COMPANY,,341612053,24086 ST RT 697,DELPHOS,OH,45833,,40000,0,ECONOMIC DEVELOPMENT
2023,202421369349306592,288,TRIVERSITY CONSTRUCTION COMPANY,,203581585,5050 SECTION AVE SUITE 330,CINCINNATI,OH,45212,,50000,0,ECONOMIC DEVELOPMENT
2023,202421369349306592,289,TRUCENT RENEWABLE CHEMICALS LLC,,850660241,7400 NEWMAN BLVD,DEXTER,MI,48130,,100000,0,ECONOMIC DEVELOPMENT
2023,202421369349306592,290,UGN INC,,363435795,18410 CROSSING DRIVE SUITE C,TINLEY PARK,IL,60487,,35622,0,ECONOMIC DEVELOPMENT
2023,202421369349306592,291,ULTIUM CELLS,,844244377,300 RENAISSANCE CENTER,DETROIT,MI,48265,,20000000,0,ECONOMIC DEVELOPMENT
2023,202421369349306592,292,UNION ODC BREP I LLC,,872678863,10350 BREN RD W,MINNETONKA,MN,55343,,1000000,0,ECONOMIC DEVELOPMENT
2023,202421369349306592,293,UNIVERSITY HOSPITALS HEALTH SYSTEM INC,,340714775,11100 EUCLID AVE MCCO 5062,SOLON,OH,44139,501(C)(3),5000000,0,ECONOMIC DEVELOPMENT
2023,202421369349306592,294,UNIVERSITY OF CINCINNATI,,316000989,51 GOODMAN DR,CINCINNATI,OH,45221,STATE OF OHIO,7500000,0,ECONOMIC DEVELOPMENT
2023,202421369349306592,295,UNVERFERTH MANUFACTURING CO INC,,340936989,PO BOX 357,KALIDA,OH,45853,,50000,0,ECONOMIC DEVELOPMENT
2023,202421369349306592,296,UPS SUPPLY CHAIN SOLUTIONS INC,,943083515,ATTN REGION TAX 55 GLENLAKE PKWY NE,ATLANTA,GA,30328,,25000,0,ECONOMIC DEVELOPMENT
2023,202421369349306592,297,UPSTART NETWORK INC,,464332431,2950 S DELAWARE ST SUITE 300,SAN MATEO,CA,94403,,252858,0,ECONOMIC DEVELOPMENT
2023,202421369349306592,298,UPTOWN TRANSPORTATION AUTHORITY LLC,,200688727,619 OAK ST,CINCINNATI,OH,45206,,778151,0,ECONOMIC DEVELOPMENT
2023,202421369349306592,299,US BANK NATIONAL ASSOCIATION,,310841368,800 NICOLLET MALL BC-MN-H19U,MINNEAPOLIS,MN,55402,,650000,0,ECONOMIC DEVELOPMENT
2023,202421369349306592,300,V WERT 2 LLC,,872424262,PO BOX 508,BELLEFONTAINE,OH,43311,,360000,0,ECONOMIC DEVELOPMENT
2023,202421369349306592,301,VEEVA SYSTEMS INC,,208235463,4280 HACIENDA DRIVE,PLEASANTON,CA,945882719,,57949,0,ECONOMIC DEVELOPMENT
2023,202421369349306592,302,VELOCYS INC,,311728288,7950 CORPORATE BLVD,PLAIN CITY,OH,43064,,200000,0,ECONOMIC DEVELOPMENT
2023,202421369349306592,303,VIGILANT LLC,,800631677,7570 BALES STREET SUITE 250,WEST CHESTER,OH,45069,,394321,0,ECONOMIC DEVELOPMENT
2023,202421369349306592,304,VISCUS BIOLOGICS LLC,,454144957,26309 MILES RD,CLEVELAND,OH,44128,,52285,0,ECONOMIC DEVELOPMENT
2023,202421369349306592,305,VISPIRI INC,,833686461,1768 E 25TH ST,CLEVELAND,OH,44114,,50000,0,ECONOMIC DEVELOPMENT
2023,202421369349306592,306,WALTCO LIFT CORP,,952121355,285 NORTHEAST AVENUE,TALLMADGE,OH,44278,,101499,0,ECONOMIC DEVELOPMENT
2023,202421369349306592,307,WESTERN RESERVE PORT AUTHORITY,,341696662,100 E FEDERAL ST,YOUNGSTOWN,OH,44503,,250000,0,ECONOMIC DEVELOPMENT
2023,202421369349306592,308,WILLOWTREE LLC,,260422372,1835 BROADWAY STREET,CHARLOTTESVILLE,VA,22902,,13200,0,ECONOMIC DEVELOPMENT
2023,202421369349306592,309,WINANS LLC,,873286018,310 SPRING ST,PIQUA,OH,45356,,100000,0,ECONOMIC DEVELOPMENT
2023,202421369349306592,310,WINESBURG CHAIR COMPANY LTD,,020537099,2871 US ROUTE 62,DUNDEE,OH,44624,,50000,0,ECONOMIC DEVELOPMENT
2023,202421369349306592,311,XCESS LIMITED,,462990322,789 INDUSTRIAL BLVD,WOOSTER,OH,44691,,150000,0,ECONOMIC DEVELOPMENT
2023,202421369349306592,312,YELLOWSTONE INDUSTRIAL LLC,,881346424,PO BOX 120,GIRARD,OH,44420,,200000,0,ECONOMIC DEVELOPMENT
2023,202421369349306592,313,YORKVILLE INTERMODAL TERMINALS LLC,,814690065,100 BET-TECH DRIVE,ALIQUIPPA,PA,15001,,4000000,0,ECONOMIC DEVELOPMENT
2023,202421369349306592,314,ZEBCO INDUSTRIES INC,,310792900,211 N COLUMBUS ST,LANCASTER,OH,43130,,50000,0,ECONOMIC DEVELOPMENT
2023,202421369349306592,315,ZENNI BUCK LLC,,852215540,150 ALAMEDA DEL PRADO,NOVATO,CA,94949,,750000,0,ECONOMIC DEVELOPMENT
2024,202531359349316618,1,1865 LLC,,854364273,818 E LONG ST,COLUMBUS,OH,43203,,125709,0,ECONOMIC DEVELOPMENT
2024,202531359349316618,2,700 LIVERPOOL DRIVE OHIO LLC,,874711577,6161 OAKTREE BLVD SUITE 250,INDEPENDENCE,OH,44131,,500000,0,ECONOMIC DEVELOPMENT
2024,202531359349316618,3,ABBOTT LABORATORIES,,360698440,585 CLEVELAND AVE,COLUMBUS,OH,43215,,750000,0,ECONOMIC DEVELOPMENT
2024,202531359349316618,4,AC GREEN LLC,,873030540,16594 CANAANVILLE RD,ATHENS,OH,45701,,50000,0,ECONOMIC DEVELOPMENT
2024,202531359349316618,5,ACE PRODUCTS & CONSULTING LLC,,472427790,6800 N CHESTNUT ST SUITE C,RAVENNA,OH,44266,,25000,0,ECONOMIC DEVELOPMENT
2024,202531359349316618,6,ACI SERVICES,,311669468,125 STEUBENVILLE AVE,CAMBRIDGE,MA,43725,,50000,0,ECONOMIC DEVELOPMENT
2024,202531359349316618,7,ADAMS COUNTY CIC,,562341010,215 N CROSS ST,WEST UNION,OH,45693,,2984174,0,ECONOMIC DEVELOPMENT
2024,202531359349316618,8,ADB SAFEGATE AMERICAS LLC,,943470237,PO BOX 29160,NEW YORK,NY,10087,,200000,0,ECONOMIC DEVELOPMENT
2024,202531359349316618,9,ADDUP INC,,823980882,55 BEATTIE PLACE SUITE 120,GREENVILLE,SC,29601,,57892,0,ECONOMIC DEVELOPMENT
2024,202531359349316618,10,AER LINGUS LIMITED,,113523578,300 JERICHO QUADRANGLE SUITE 130,JERICHO,NY,11753,,400000,0,ECONOMIC DEVELOPMENT
2024,202531359349316618,11,AIP PROPERTIES LLC,,813197340,1205 S COLUMBUS AIRPORT RD,COLUMBUS,OH,43207,,50000,0,ECONOMIC DEVELOPMENT
2024,202531359349316618,12,AIRBORNE OUTFITTERS LLC,,812266905,1850 INDUSTRIAL DR,FINDLAY,OH,45840,,25000,0,ECONOMIC DEVELOPMENT
2024,202531359349316618,13,ALLIANCE AUTOMATION INC,,753164446,560 BONNEWITZ AVE,VAN WERT,OH,45891,,350000,0,ECONOMIC DEVELOPMENT
2024,202531359349316618,14,ALTERNALITE ELECTRIC INC,,451743915,4171 LINDEN CIRCLE,NORTH OLMSTED,OH,44070,,25000,0,ECONOMIC DEVELOPMENT
2024,202531359349316618,15,AMERICAN CRAFT BREWERY,,043537265,1 DESIGN CENTER PLACE SUITE 850,BOSTON,OH,02210,,550000,0,ECONOMIC DEVELOPMENT
2024,202531359349316618,16,AMERICAN HEAVY PLATE SOLUTION,,823959668,42722 ST RT 7 BOX 12,CLARINGTON,OH,43915,,75000,0,ECONOMIC DEVELOPMENT
2024,202531359349316618,17,AMERICAN NITRILE OPERATIONS LLC,,871928352,3500 SOUTHWEST BLVD,GROVE CITY,OH,43123,,95925,0,ECONOMIC DEVELOPMENT
2024,202531359349316618,18,AMGEN INC,,953540776,2710 MEDIA CENTER DR BUILDING 6,LOS ANGELES,CA,90065,,18157903,0,ECONOMIC DEVELOPMENT
2024,202531359349316618,19,AMPAC PLASTICS LLC,,311793525,12025 TRICON RD,CINCINNATI,OH,45246,,100000,0,ECONOMIC DEVELOPMENT
2024,202531359349316618,20,APA SOLAR LLC,,262673266,PO BOX 224,RIDGEVILLE CORNERS,OH,43555,,250000,0,ECONOMIC DEVELOPMENT
2024,202531359349316618,21,ARDAGH METAL BEVERAGE USA INC,,812419784,PO BOX 74008485,CHICAGO,IL,60674,,250000,0,ECONOMIC DEVELOPMENT
2024,202531359349316618,22,ARTISAN TECHNOLOGIES INC,,832064278,3121 EVELYN DR SUITE 120,BEAVERCREEK,OH,45434,,19996,0,ECONOMIC DEVELOPMENT
2024,202531359349316618,23,ATHENS COUNTY PORT AUTHORITY,,311492675,340 WEST STATE ST UNIT 26,ATHENS,OH,45701,,1516600,0,ECONOMIC DEVELOPMENT
2024,202531359349316618,24,AUNT FLOW CORP,,830722506,757 GARDEN RD 205,COLUMBUS,OH,43214,,50000,0,ECONOMIC DEVELOPMENT
2024,202531359349316618,25,AUTOMATED MACHINE SYSTEMS INC,,311709638,10525 CHESTER RD UNIT C,CINCINNATI,OH,45215,,25000,0,ECONOMIC DEVELOPMENT
2024,202531359349316618,26,AUTOMATION SYSTEMS & DESIGNS INC,,341924589,3540 VANCE RD,MORAINE,OH,45439,,50000,0,ECONOMIC DEVELOPMENT
2024,202531359349316618,27,AVELO AIRLINES INC,,911387913,12 GREENWAY PLAZA SUITE 400,HOUSTON,TX,77046,,40000,0,ECONOMIC DEVELOPMENT
2024,202531359349316618,28,AVT BECKETT ELEVATORS USA INC,,611853400,30130 INDUSTRIAL DR,LOGAN,OH,43138,,75000,0,ECONOMIC DEVELOPMENT
2024,202531359349316618,29,AXIS CORPORATION,,341293786,PO BOX 668,BELLEFONTAINE,OH,43311,,25000,0,ECONOMIC DEVELOPMENT
2024,202531359349316618,30,B&T ASSOCIATES,,881542227,7260 ERIE ST SW,NAVARRE,OH,44602,,75000,0,ECONOMIC DEVELOPMENT
2024,202531359349316618,31,BARN VIEW INVESTMENTS,,863411379,7574 JUSTUS AVE,NAVARRE,OH,44662,,50000,0,ECONOMIC DEVELOPMENT
2024,202531359349316618,32,BELLISIO FOODS INC,,593015985,DEPT CH 17598,PALATINE,IL,60055,,393773,0,ECONOMIC DEVELOPMENT
2024,202531359349316618,33,BLUE TECHNOLOGIES INC,,341804827,5885 GRANT AVE,CLEVELAND,OH,44105,,20000,0,ECONOMIC DEVELOPMENT
2024,202531359349316618,34,BMW FINANCIAL SERVICES NA LLC,,222568977,5550 BRITTON PKWY,HILLIARD,OH,43026,,672598,0,ECONOMIC DEVELOPMENT
2024,202531359349316618,35,BOLLIN LABEL SYSTEMS,,341200570,6001 BRENT DR,TOLEDO,OH,43611,,50000,0,ECONOMIC DEVELOPMENT
2024,202531359349316618,36,BRANCH FINANCIAL INC,,820628587,875 N HIGH STREET SUITE 300,COLUMBUS,OH,43215,,31200,0,ECONOMIC DEVELOPMENT
2024,202531359349316618,37,BREEZE AVIATION GROUP,,822644964,6340 S 3000 E SUITE 400,COTTONWOOD HEIGHTS,UT,84121,,466046,0,ECONOMIC DEVELOPMENT
2024,202531359349316618,38,BROCK AIR PRODUCTS INC,,260013885,2331 W MARKET ST,TROY,MI,45373,,150000,0,ECONOMIC DEVELOPMENT
2024,202531359349316618,39,BROWNIE POINTS LLC,,452894956,5712 WESTBOURNE AVE,COLUMBUS,OH,43213,,50000,0,ECONOMIC DEVELOPMENT
2024,202531359349316618,40,BURROWS PAPER CORPORATION,,150257610,2000 COMMERCE CENTER DR,FRANKLIN,OH,45005,,175000,0,ECONOMIC DEVELOPMENT
2024,202531359349316618,41,C H SMITH & ASSOCIATES LLC,,453861068,1329 E KEMPER RD SUITE 4218E,CINCINNATI,OH,45246,,50000,0,ECONOMIC DEVELOPMENT
2024,202531359349316618,42,CALDWELL MOBILE HOME SALES INC,,310816401,17990 WOODSFIELD RD,CALDWELL,OH,43724,,724998,0,ECONOMIC DEVELOPMENT
2024,202531359349316618,43,CANDOR TRANSPORTATION,,270092221,PO BOX 553,TWINSBURG,OH,44087,,50000,0,ECONOMIC DEVELOPMENT
2024,202531359349316618,44,CANTON DROP FORGE INC,,340130090,PO BOX 772164,DETROIT,MI,48277,,250000,0,ECONOMIC DEVELOPMENT
2024,202531359349316618,45,CASE WESTERN RESERVE UNIVERSITY,,341018992,10900 EUCLID AVENUE,CLEVELAND,OH,44106,501(C)(3),5000000,0,ECONOMIC DEVELOPMENT
2024,202531359349316618,46,CBIZ INC,,222769024,6050 OAK TREE BLVD SOUTH SUITE 500,CLEVELAND,OH,44131,,700000,0,ECONOMIC DEVELOPMENT
2024,202531359349316618,47,CDC INVESTMENT PARTNERSHIP LLC,,853769189,207 S CENTRAL,LIMA,OH,45801,,1012000,0,ECONOMIC DEVELOPMENT
2024,202531359349316618,48,CEMLEB PROPERTIES,,872803324,11315 ELLERMAN RD,MINSTER,OH,45865,,457564,0,ECONOMIC DEVELOPMENT
2024,202531359349316618,49,CERKL INCORPORATED,,270733747,PO BOX 42458,BLUE ASH,OH,45242,,20200,0,ECONOMIC DEVELOPMENT
2024,202531359349316618,50,CFD RESEARCH CORPORATION,,630944385,6820 MOQUIN DR NW,HUNTSVILLE,AL,35824,,120196,0,ECONOMIC DEVELOPMENT
2024,202531359349316618,51,CHARLES RIVER LABORATORIES INC,,760509980,GPO BOX 27812,NEW YORK,NY,10087,,300000,0,ECONOMIC DEVELOPMENT
2024,202531359349316618,52,CITY APPAREL INC,,208765780,116 E MAIN CROSS ST,FINDLAY,OH,45840,,25000,0,ECONOMIC DEVELOPMENT
2024,202531359349316618,53,CITY OF SPRINGFIELD OHIO,,316000056,76 E HIGH ST ATTN TREASURY,SPRINGFIELD,OH,45502,STATE OF OHIO,2900000,0,ECONOMIC DEVELOPMENT
2024,202531359349316618,54,CITY OF TRENTON OHIO,,316001089,11 E STATE ST,TRENTON,OH,45067,STATE OF OHIO,284984,0,ECONOMIC DEVELOPMENT
2024,202531359349316618,55,CLASSIC NORTHERN INVESTMENTS LTD,,205316317,PO BOX 742,MARION,OH,43301,,167500,0,ECONOMIC DEVELOPMENT
2024,202531359349316618,56,CLEARESTATES LLC,,882627991,112 WHITTINGTON RIDGE DR,TAYLORSVILLE,NC,28681,,100000,0,ECONOMIC DEVELOPMENT
2024,202531359349316618,57,CLEVELAND KITCHEN CO,,830846896,7501 CARNEGIE AVE,CLEVELAND,OH,44103,,350000,0,ECONOMIC DEVELOPMENT
2024,202531359349316618,58,CLEVELAND SPECIALTY PRODUCTS INC,,270404394,PO BOX 16894,ROCKY RIVER,OH,44116,,25000,0,ECONOMIC DEVELOPMENT
2024,202531359349316618,59,CLEVELAND STATE UNIVERSITY,,340966056,2121 EUCLID AVE PH 217,CLEVELAND,OH,44115,STATE OF OHIO,5000000,0,ECONOMIC DEVELOPMENT
2024,202531359349316618,60,CLEVELAND TOFU LLC,,810685370,3800 WOODLAND AVE,CLEVELAND,OH,44115,,50000,0,ECONOMIC DEVELOPMENT
2024,202531359349316618,61,COFFMAN CORVETTE LLC,,320053774,490 DEWEY AVE,MANSFIELD,OH,44902,,25000,0,ECONOMIC DEVELOPMENT
2024,202531359349316618,62,COLUMBUS DOWTOWN DEVELOPMENT,,760704655,150 S FRONT STREET SUITE 210,COLUMBUS,OH,43215,501(C)(3),25000,0,ECONOMIC DEVELOPMENT
2024,202531359349316618,63,COLUMBUS REGIONAL AIRPORT AUTHORITY,,311335829,CRAA L-3459,COLUMBUS,OH,43260,,600000,0,ECONOMIC DEVELOPMENT
2024,202531359349316618,64,CONNECTE TECHNOLOGY LLC,,830856691,3847 BLOSSOM CT,MASON,OH,45040,,25000,0,ECONOMIC DEVELOPMENT
2024,202531359349316618,65,CORE SPECIALTY INSURANCE SERVICES INC,,270173350,201 E FIFTH ST SUITE 1000-1200,CINCINNATI,OH,45202,,75000,0,ECONOMIC DEVELOPMENT
2024,202531359349316618,66,COSTUME SPECIALISTS INC,,311364595,211 N 5TH ST,COLUMBUS,OH,43215,,25000,0,ECONOMIC DEVELOPMENT
2024,202531359349316618,67,COTSWORKS LLC,,204055028,749 MINER ROAD,HIGHLAND HEIGHTS,OH,44134,,200000,0,ECONOMIC DEVELOPMENT
2024,202531359349316618,68,COVETRUS NORTH AMERICA LLC,,611607695,400 METRO PLACE N,DUBLIN,OH,43017,,100000,0,ECONOMIC DEVELOPMENT
2024,202531359349316618,69,CUSTOM GLASS SOLUTIONS LLC,,205871676,600 LAKEVIEW PLAZA BLVD SUITE A,WORTHINGTON,OH,43085,,40000,0,ECONOMIC DEVELOPMENT
2024,202531359349316618,70,CUYAHOGA COUNTY LAND REUTILIZATION CORP,,264753241,812 HURON RD E SUTIE 800,AKRON,OH,44321,,1000000,0,ECONOMIC DEVELOPMENT
2024,202531359349316618,71,DEFORD BUILDING LLC,,341412951,PO BOX 307,OTTAWA,OH,45875,,136775,0,ECONOMIC DEVELOPMENT
2024,202531359349316618,72,DEVELOPMENT SOLUTIONS,,000000000,4382 WEST TOWNSHIP RD 90,NEW RIEGEL,OH,44853,,140580,0,ECONOMIC DEVELOPMENT
2024,202531359349316618,73,DIGITAL ACCESS OHIO LLC,,882074726,213 MARKET AVE N SUITE 310,CANTON,OH,44702,,6600000,0,ECONOMIC DEVELOPMENT
2024,202531359349316618,74,DIGITAL ROOM LLC,,814442785,8000 HASKELL AVE,VAN NUYS,CA,91406,,150000,0,ECONOMIC DEVELOPMENT
2024,202531359349316618,75,DISTRAN STEEL,,720728139,PO BOX 5109,ALEXANDRIA,LA,71307,,100000,0,ECONOMIC DEVELOPMENT
2024,202531359349316618,76,DIVISIONS INC,,611346414,3513 SOLUTIONS CENTER,CHICAGO,IL,60677,,184411,0,ECONOMIC DEVELOPMENT
2024,202531359349316618,77,DNK ARCHITECTS INC,,311408665,2616 CENTRAL PKWY,CINCINNATI,OH,45214,,30483,0,ECONOMIC DEVELOPMENT
2024,202531359349316618,78,DOC SPARTAN LLC,,814985539,549 THIRD ST,PORTSMOUTH,OH,45662,,50000,0,ECONOMIC DEVELOPMENT
2024,202531359349316618,79,DROF BP I LLC,,863988020,4760 RICHMOND RD,CLEVELAND,OH,44128,,1000000,0,ECONOMIC DEVELOPMENT
2024,202531359349316618,80,DUNCAN AND DANIELS ENTERPRISES LLC,,464852821,1498 STATE ROUTE 850,BIDWELL,OH,45614,,45000,0,ECONOMIC DEVELOPMENT
2024,202531359349316618,81,ECP OAKRIDGE LAU PARKWAY HOLDINGS LLC,,882083052,1220 DUBLIN RD,COLUMBUS,OH,43215,,200000,0,ECONOMIC DEVELOPMENT
2024,202531359349316618,82,ECS TUNING LLC,,471395397,1000 SEVILLE RD,WADSWORTH,OH,44281,,100000,0,ECONOMIC DEVELOPMENT
2024,202531359349316618,83,EDGAR JOSEPH GROUP LLC,,873403589,8594 HIDDEN HILLS DR,WARREN,OH,44484,,50000,0,ECONOMIC DEVELOPMENT
2024,202531359349316618,84,ENGINEERED PRODUCT OF OHIO LLC,,812762797,4191 YOUNGSTOWN KINGSVILLE RD,CORTLAND,OH,44410,,24886,0,ECONOMIC DEVELOPMENT
2024,202531359349316618,85,ENVELOPE MART OF NORTHEAST OHIO INC,,341459124,1540 LOWELL ST,ELYRIA,OH,44035,,50000,0,ECONOMIC DEVELOPMENT
2024,202531359349316618,86,EVANSTON INVESTMENTS LLC,,264715674,3221 ELIDA RD SUITE 202,LIMA,OH,45805,,100000,0,ECONOMIC DEVELOPMENT
2024,202531359349316618,87,EVE ENERGY NORTH AMERICA CORPORATION,,371888955,7910 N CENTRAL DR,LEWIS CENTER,OH,43035,,460124,0,ECONOMIC DEVELOPMENT
2024,202531359349316618,88,EVOLVE SOLUTIONS LLC,,843192180,2933 105TH ST,STURTEVANT,WI,53177,,125000,0,ECONOMIC DEVELOPMENT
2024,202531359349316618,89,EXPERT CRANE INC,,341224718,5755 GRANT AVE,CUYAHOGA HEIGHTS,OH,44105,,100000,0,ECONOMIC DEVELOPMENT
2024,202531359349316618,90,FABA MACHINE SERIVCES LLC,,812679212,2001 COURTRIGHT RD,COLUMBUS,OH,43232,,50000,0,ECONOMIC DEVELOPMENT
2024,202531359349316618,91,FIRE MANUFACTURING INNOVATIONS LLC,,260295908,5325 PROSPERITY DR,SPRINGFIELD,OH,45502,,100000,0,ECONOMIC DEVELOPMENT
2024,202531359349316618,92,FORMLABS OHIO INC,,320536305,27800 LEMOYNE RD SUITE J,MILLBURY,OH,43447,,32680,0,ECONOMIC DEVELOPMENT
2024,202531359349316618,93,FORSEE POWER INC,,882794171,250 WEST ST SUITE 700,COLUMBUS,OH,43215,,596000,0,ECONOMIC DEVELOPMENT
2024,202531359349316618,94,FORT WINCHESTER INVESTMENT PARTNERS LLC,,810921790,24862 ELLIOTT RD,DEFIANCE,OH,43512,,100000,0,ECONOMIC DEVELOPMENT
2024,202531359349316618,95,FRONT BURNER MARKETING LLC,,800404705,9821 OLDE 8 RD SUITE B,NORTHFIELD,IL,44067,,25000,0,ECONOMIC DEVELOPMENT
2024,202531359349316618,96,GARRETT DAY LLC,,272573145,558 CENTRAL AVE,LEXINGTON,KY,40502,,151007,0,ECONOMIC DEVELOPMENT
2024,202531359349316618,97,GEIGER BROTHERS INC,,310733949,PO BOX 469 OH 4,JACKSON,OH,45640,,80000,0,ECONOMIC DEVELOPMENT
2024,202531359349316618,98,GENERAL ELECTRIC COMPANY,,140689340,1 NEUMANN WAY,EVENDATE,OH,45215,,2000000,0,ECONOMIC DEVELOPMENT
2024,202531359349316618,99,GENERAL TOOL COMPANY,,310533100,101 LANDY LANE,CINCINNATI,OH,45215,,29194,0,ECONOMIC DEVELOPMENT
2024,202531359349316618,100,GLAZING SYSTEMS INC,,341400789,PO BOX 233,TALLMADGE,OH,44278,,50000,0,ECONOMIC DEVELOPMENT
2024,202531359349316618,101,GLOBAL BODY & EQUIPMENT COMPANY,,412066094,2061 SYLVAN RD,WOOSTER,OH,44691,,50000,0,ECONOMIC DEVELOPMENT
2024,202531359349316618,102,GLOBAL CLEVELAND,,275245539,200 PUBLIC SQUARE SUITE 150,CLEVELAND,OH,44114,501(C)(3),200000,0,ECONOMIC DEVELOPMENT
2024,202531359349316618,103,GLOBAL MEDICAL FOAM INC,,341897953,2748 LEXINGTON AVE,LEXINGTON,OH,44904,,25000,0,ECONOMIC DEVELOPMENT
2024,202531359349316618,104,GOTARA LLC,,872470689,8350 HOPEWELL RD,CINCINNATI,OH,45242,,50000,0,ECONOMIC DEVELOPMENT
2024,202531359349316618,105,GREEN PLANET 21 UTILITY SERVICES LLC,,453535042,1221 3RD STREET,OAKLAND,CA,94607,,61004,0,ECONOMIC DEVELOPMENT
2024,202531359349316618,106,GREGORY INDUSTRIES INC,,340818723,4100 13TH ST SW,CANTON,OH,44710,,250000,0,ECONOMIC DEVELOPMENT
2024,202531359349316618,107,GRIFFIN FIRE & PIPE LLC,,862372918,2128 SCHAPPELLE LN,FAIRFIELD,OH,45014,,20000,0,ECONOMIC DEVELOPMENT
2024,202531359349316618,108,GROB SYSTEMS INC,,133059174,1070 NAVAJO DR,BLUFFTON,OH,45817,,500000,0,ECONOMIC DEVELOPMENT
2024,202531359349316618,109,GUIDED BY MUSHROOMS,,834001633,6410 PHILADELPHIA DR,DAYTON,OH,45415,,30000,0,ECONOMIC DEVELOPMENT
2024,202531359349316618,110,GVS FILTRATION INC,,452676797,2150 INDUSTRIAL DR,FINDLAY,OH,45840,,150000,0,ECONOMIC DEVELOPMENT
2024,202531359349316618,111,HEARTH PRODUCTS CONTROLS CO,,310882102,2225 LYONS RD,MIAMISBURG,OH,45342,,50000,0,ECONOMIC DEVELOPMENT
2024,202531359349316618,112,HERBERT E ORR COMPANY INC,,344493159,335 W WALL ST,PAULDING,OH,45879,,25000,0,ECONOMIC DEVELOPMENT
2024,202531359349316618,113,HIGH ROAD HOLDINGS LLC,,842767756,6000 CREEK ROAD,CINCINNATI,OH,45242,,75545,0,ECONOMIC DEVELOPMENT
2024,202531359349316618,114,HILLSBORO BUSINESS COMPLEX LLC,,923287153,137 N HIGH ST,HILLSBORO,OR,45133,,415200,0,ECONOMIC DEVELOPMENT
2024,202531359349316618,115,HOMEGOODS INC,,043183269,770 COCHITUATE ROAD,FRAMINGHAM,MA,01701,,500000,0,ECONOMIC DEVELOPMENT
2024,202531359349316618,116,HONDA DEVELOPMENT & MANUFACTURING OF AMERICA LLC,,952041006,24025 HONDA PKWY,MARYSVILLE,PA,43040,,10700000,0,ECONOMIC DEVELOPMENT
2024,202531359349316618,117,HSB SERVICES LLC,,873412426,297 DIXON RUN RD,JACKSON,OH,45614,,25000,0,ECONOMIC DEVELOPMENT
2024,202531359349316618,118,HYPHEN INNOVATIONS LLC,,880741490,1875 RADIO RD,DAYTON,OH,45431,,25000,0,ECONOMIC DEVELOPMENT
2024,202531359349316618,119,INDUSTRIAL GRINDING INC,,311130926,2306 ONTARIO AVE,DAYTON,OH,45414,,25000,0,ECONOMIC DEVELOPMENT
2024,202531359349316618,120,INDUSTRIAL RELIABILITY AND REPAIR,,203815844,PO BOX 186,CHILLICOTHE,OH,45601,,50000,0,ECONOMIC DEVELOPMENT
2024,202531359349316618,121,INFINITY LABS LLC,,851418989,171 E KREPPS RD,XENIA,OH,45385,,113780,0,ECONOMIC DEVELOPMENT
2024,202531359349316618,122,INNOVATIVE CLEANING SERVICE AND SUPPLY,,474281000,4903 VINE ST,CINCINNATI,OH,45217,,50000,0,ECONOMIC DEVELOPMENT
2024,202531359349316618,123,INTEL CORPORATION,,941672743,2200 MISSION COLLEGE BLVD,SANTA CLARA,CA,95054,,1241684,0,ECONOMIC DEVELOPMENT
2024,202531359349316618,124,J AND M HOLDINGS LLC,,300537225,116 LENA DR,AURORA,CO,44202,,300000,0,ECONOMIC DEVELOPMENT
2024,202531359349316618,125,J&B FEED COMPANY LLC,,871653544,140 S BRUNELL ST,WAUSEON,OH,43567,,25000,0,ECONOMIC DEVELOPMENT
2024,202531359349316618,126,J&M INVESTMENTS OF NW OHIO LLC,,474217340,PO BOX 742,PIQUA,OH,45356,,280000,0,ECONOMIC DEVELOPMENT
2024,202531359349316618,127,JB-NETS LLC,,463037482,102 STATE ROUTE 850,GALLIPOLIS,OH,45631,,25000,0,ECONOMIC DEVELOPMENT
2024,202531359349316618,128,JCS MANUFACTURING LLC,,471425443,252 S SYCAMORE ST,RAVENNA,OH,44266,,25000,0,ECONOMIC DEVELOPMENT
2024,202531359349316618,129,JDL RENTAL LLC,,851462264,128 E MAIN ST,BARNESVILLE,GA,43713,,25000,0,ECONOMIC DEVELOPMENT
2024,202531359349316618,130,JO-ANN STORES,,340720629,ATTN TAX DEPARTMENT 5555 DARROW RD,HUDSON,OH,44236,,500000,0,ECONOMIC DEVELOPMENT
2024,202531359349316618,131,JTW INC,,274037354,PO BOX 444,MANSFIELD,OH,44901,,50000,0,ECONOMIC DEVELOPMENT
2024,202531359349316618,132,JUGGERBOT 3D LLC,,471505953,241 W FEDERAL ST,YOUNGSTOWN,OH,44503,,25000,0,ECONOMIC DEVELOPMENT
2024,202531359349316618,133,K&M INTERNATIONAL,,341282776,1955 MIDWAY DR UNIT A,TWINSBURG,OH,44087,,200000,0,ECONOMIC DEVELOPMENT
2024,202531359349316618,134,KAIKER DEVELOPMENT LLC,,474344181,2819 HARRISON AVE,CINCINNATI,OH,45211,,39905,0,ECONOMIC DEVELOPMENT
2024,202531359349316618,135,KARSS GROUP LLC,,831771797,52 WILLMAN ST,FORT LORAMIE,OH,45845,,450000,0,ECONOMIC DEVELOPMENT
2024,202531359349316618,136,KD HEALTHCARE SOLUTIONS LLC,,472873646,5423 SHERFIELD DR,TROTWOOD,OH,45426,,25000,0,ECONOMIC DEVELOPMENT
2024,202531359349316618,137,KELLER LOGISTICS GROUP INC,,341942414,24862 ELLIOTT RD,DEFIANCE,OH,43512,,400000,0,ECONOMIC DEVELOPMENT
2024,202531359349316618,138,K-NOVA LLC,,833169626,700 HOME AVE,AKRON,OH,44310,,100000,0,ECONOMIC DEVELOPMENT
2024,202531359349316618,139,KOCH FOODS OF CINCINNATI,,362924281,1300 W HIGGINS RD SUITE 100,PARK RIDGE,IL,60068,,19785,0,ECONOMIC DEVELOPMENT
2024,202531359349316618,140,KOHART SURPLUS & SALVAGE INC,,200731750,15360 ST RT 613,PAULDING,GA,45879,,25000,0,ECONOMIC DEVELOPMENT
2024,202531359349316618,141,KOHLS INC,,133357362,N56 W17000 RIDGEWOOD DR,MENOMONEE FALLS,WI,53051,,204265,0,ECONOMIC DEVELOPMENT
2024,202531359349316618,142,KRAFT HEINZ FOODS COMPANY,,250542520,800 WAUKEGAN RD,GLENVIEW,IL,60025,,150000,0,ECONOMIC DEVELOPMENT
2024,202531359349316618,143,KWEEN AND CO,,844116479,994 VALLEY BELT RD,BROOKLYN HEIGHTS,NY,44131,,100000,0,ECONOMIC DEVELOPMENT
2024,202531359349316618,144,LAKE SHORE CRYOTRONICS INC,,310914553,575 MCCORKLE BLVD,WESTERVILLE,OH,43082,,600000,0,ECONOMIC DEVELOPMENT
2024,202531359349316618,145,LAND-AIR LLC,,200721176,9072 COUNTY ROAD 424,NAPOLEON,OH,43545,,150000,0,ECONOMIC DEVELOPMENT
2024,202531359349316618,146,LIQUID MANUFACTURING SOLUTIONS,,873879236,401 SHOTWELL DR,FRANKLIN,TN,45005,,150000,0,ECONOMIC DEVELOPMENT
2024,202531359349316618,147,LIVI STEEL INC,,341229509,PO BOX 2217,WARREN,OH,44484,,25000,0,ECONOMIC DEVELOPMENT
2024,202531359349316618,148,LOC PERFORMANCE PRODUCTS LLC,,854115123,13505 N HAGGERTY RD,PLYMOUTH,MI,48170,,278350,0,ECONOMIC DEVELOPMENT
2024,202531359349316618,149,LOGOPLASTE LIMA LLC,,844569918,14420 VAN DYKE RD,PLAINFIELD,NJ,60544,,365000,0,ECONOMIC DEVELOPMENT
2024,202531359349316618,150,LORIS PRINTING INC,,341689472,2111 CLEVELAND RD,SANDUSKY,OH,44870,,46983,0,ECONOMIC DEVELOPMENT
2024,202531359349316618,151,LUBRISOURCE,,813722879,2900 CINCINNATI-DAYTON RD,MIDDLETOWN,OH,45044,,50000,0,ECONOMIC DEVELOPMENT
2024,202531359349316618,152,M&M INDUSTRIES OF OHIO,,621260875,316 CORPORATE PLACE,CHATTANOOGA,TN,37419,,1000000,0,ECONOMIC DEVELOPMENT
2024,202531359349316618,153,MADDOX INDUSTRIAL TRANSFORMER LLC,,473134140,865 VICTOR HILL RD,GREER,SC,29651,,200000,0,ECONOMIC DEVELOPMENT
2024,202531359349316618,154,MAGNODE LLC,,823898039,400 E STATE STREET,TRENTON,NJ,45067,,210250,0,ECONOMIC DEVELOPMENT
2024,202531359349316618,155,MAK ENGINEERING SERVICES,,465380502,772 NORTH DAWSON,COLUMBUS,OH,43219,,25000,0,ECONOMIC DEVELOPMENT
2024,202531359349316618,156,MANE INC,,311611663,DEPT CH 16555,PALATINE,IL,600556555,,100000,0,ECONOMIC DEVELOPMENT
2024,202531359349316618,157,MARKT LLC,,263196092,314 W BURGESS ST,MOUNT VERNON,OH,43050,,25000,0,ECONOMIC DEVELOPMENT
2024,202531359349316618,158,MARYSVILLE FLEX LLC,,921602928,2028 E BEN WHITE BLVD SUITE,AUSTIN,TX,78741,,600000,0,ECONOMIC DEVELOPMENT
2024,202531359349316618,159,MASTERS PRECISION MACHINING INC,,471779165,4465 CRYSTAL PKWY,KENT,OH,44240,,50000,0,ECONOMIC DEVELOPMENT
2024,202531359349316618,160,MAVERICK LABEL LLC,,874643870,PO BOX 450,OTTAWA,OH,45875,,25000,0,ECONOMIC DEVELOPMENT
2024,202531359349316618,161,MCDONALD BROTHERS FOOD SERVICE LLC,,263333961,2655 MARKET ST NE,CANTON,OH,44705,,50000,0,ECONOMIC DEVELOPMENT
2024,202531359349316618,162,MCW CERTIFIED WELDING LTD,,814419315,12490 COUNTY RD 5,DELTA,OH,43515,,24682,0,ECONOMIC DEVELOPMENT
2024,202531359349316618,163,MCWANE INC,,630139000,2266 SOUTH SIXTH STREET,COSHOCTON,OH,43812,,199684,0,ECONOMIC DEVELOPMENT
2024,202531359349316618,164,MENARDS,,390989248,5101 MENARD DRIVE,EAU CLAIRE,WI,54703,,1000000,0,ECONOMIC DEVELOPMENT
2024,202531359349316618,165,MIDDLE WEST SPIRITS LLC,,262908300,1165 ALUM CREEK DR,COLUMBUS,OH,43209,,1000000,0,ECONOMIC DEVELOPMENT
2024,202531359349316618,166,MILLS BARNETT SIRRIS HOLDINGS II LLC,,852401464,3500 PENTAGON BLVD SUITE 500,BEAVERCREEK,OH,45431,,200000,0,ECONOMIC DEVELOPMENT
2024,202531359349316618,167,MJM LOGISTICS LLC,,262393746,626 ALBRIGHT MILL RD,CHILLICOTHE,OH,45601,,400000,0,ECONOMIC DEVELOPMENT
2024,202531359349316618,168,MOMENTIVE PERFORMANCE MATERIALS QUARTZ INC,,341839929,22557 LUNN RD,STRONGSVILLE,OH,44149,,107900,0,ECONOMIC DEVELOPMENT
2024,202531359349316618,169,MONROE COUNTY PORT AUTHORITY,,471636712,101 N MAIN ST ROOM 34,WOODSFIELD,OH,43793,,100000,0,ECONOMIC DEVELOPMENT
2024,202531359349316618,170,MONTGOMERY COUNTY TRANSPORTION IMPROVEMENT,,311815237,COUNTY ADMIN BUILDING 451 W 3RD ST,DAYTON,OH,45422,STATE OF OHIO,60000,0,ECONOMIC DEVELOPMENT
2024,202531359349316618,171,MULLET CABINETS INC,,341440886,6086 STATE ROUTE 241,MILLERSBURG,OH,44654,,65000,0,ECONOMIC DEVELOPMENT
2024,202531359349316618,172,MUM INDUSTRIES,,341845975,PO BOX 1870,MENTOR,OH,44061,,100000,0,ECONOMIC DEVELOPMENT
2024,202531359349316618,173,NATIONAL ASSOCIATION OF CORPORATE DIRECTORS,,522314113,1515 NORTH COURTHOUSE RD SUITE 1200,ARLINGTON,VA,22201,,50000,0,ECONOMIC DEVELOPMENT
2024,202531359349316618,174,NATURES BEAUTY TREE SERVICE LLC,,452605974,PO BOX 21488,SOUTH EUCLID,OH,44121,,50000,0,ECONOMIC DEVELOPMENT
2024,202531359349316618,175,NEXUS ENGINEERING GROUP LLC,,760795388,1422 EUCLID AVE SUITE 1400,CLEVELAND,OH,44115,,104542,0,ECONOMIC DEVELOPMENT
2024,202531359349316618,176,NICHOLAS YUST FINE METAL ART,,000000000,3420 WALWORTH AVE,CINCINNATI,OH,45226,,50000,0,ECONOMIC DEVELOPMENT
2024,202531359349316618,177,NOVAGARD SOLUTIONS INC,,020599025,PO BOX 932420,CLEVELAND,OH,44193,,102381,0,ECONOMIC DEVELOPMENT
2024,202531359349316618,178,NP FTC LLC,,883438708,3315 N OAK TRAFFICWAY,KANSAS CITY,MO,64116,,800000,0,ECONOMIC DEVELOPMENT
2024,202531359349316618,179,NULLABLE INC,,471671054,111 LIBERTY ST SUITE 102,COLUMBUS,OH,43215,,42370,0,ECONOMIC DEVELOPMENT
2024,202531359349316618,180,NUPRODUCE SOLUTIONS,,810611942,1300 GEZON PKWY SW PO BOX 2992,GRAND RAPIDS,MI,49501,,400000,0,ECONOMIC DEVELOPMENT
2024,202531359349316618,181,NUVASIVE MANUFACTURING LLC,,272408671,ATTNSUSAN TUEY 7475 LUSK BLVD,SAN DIEGO,CA,92121,,100377,0,ECONOMIC DEVELOPMENT
2024,202531359349316618,182,OATS OVERNIGHT INC,,812174460,2420 W 14TH ST,TEMPE,AZ,85281,,225000,0,ECONOMIC DEVELOPMENT
2024,202531359349316618,183,OBJECTIVE REALITY GAMES LLC,,842383829,559 E 2ND ST,CHILLICOTHE,OH,45601,,47775,0,ECONOMIC DEVELOPMENT
2024,202531359349316618,184,ODW LOGISTICS INC,,310807991,400 W NATIONWIDE BLVD STE 200,COLUMBUS,OH,43215,,150000,0,ECONOMIC DEVELOPMENT
2024,202531359349316618,185,OHIO CONCRETE CRUSHING AND AG LLC,,813233328,6247 ROAD 11,OTTAWA,OH,45875,,25000,0,ECONOMIC DEVELOPMENT
2024,202531359349316618,186,OHIO LOGISTICS LTD,,341827019,PO BOX 952,FINDLAY,OH,45839,,1000000,0,ECONOMIC DEVELOPMENT
2024,202531359349316618,187,OHIO ORDNANCE WORKS INC,,341721701,PO BOX 687,CHARDON,OH,44024,,500000,0,ECONOMIC DEVELOPMENT
2024,202531359349316618,188,OHIO STEEL INDUSTRIES INC,,314427476,2575 FERRIS RD,COLUMBUS,OH,43224,,250000,0,ECONOMIC DEVELOPMENT
2024,202531359349316618,189,OHIO UNIVERSITY,,316402113,1 OHIO UNIVERSITY HRTC 216,ATHENS,OH,45701,501(C)(3),112500,0,ECONOMIC DEVELOPMENT
2024,202531359349316618,190,OMNNOVA SOLUTIONS INC,,341897652,25435 HARVARD ROAD,BEACHWOOD,OH,44122,,266002,0,ECONOMIC DEVELOPMENT
2024,202531359349316618,191,OPRONA INC,,208040748,14120 INTERDRIVE EAST,HOUSTON,TX,77032,,200000,0,ECONOMIC DEVELOPMENT
2024,202531359349316618,192,OVERDRIVE INC,,341522786,PO BOX 72117,CLEVELAND,OH,44192,,200000,0,ECONOMIC DEVELOPMENT
2024,202531359349316618,193,P&L METAL CRAFTS LLC,,462196621,1050 OHIO WORKS DR,YOUNGSTOWN,OH,44406,,50000,0,ECONOMIC DEVELOPMENT
2024,202531359349316618,194,P&THE MANUFACTURING ACQUISITION LLC,,874718796,PO BOX 4487,SIDNEY,OH,45365,,280698,0,ECONOMIC DEVELOPMENT
2024,202531359349316618,195,PACCAR INC,,910351110,777 106TH AVE NE,BELLEVUE,WA,98004,,300000,0,ECONOMIC DEVELOPMENT
2024,202531359349316618,196,PAINTED COWGIRL TACK LLC,,510619732,40 MAIN ST,GREENWICH,OH,44837,,50000,0,ECONOMIC DEVELOPMENT
2024,202531359349316618,197,PALMER-DONAVIN,,314274980,PO BOX 2109,COLUMBUS,OH,43216,,50000,0,ECONOMIC DEVELOPMENT
2024,202531359349316618,198,PARAGON TEMPERED GLASS LLC,,452349532,5406 CR 424,ANTWERP,OH,45813,,50000,0,ECONOMIC DEVELOPMENT
2024,202531359349316618,199,PARK AVENUE MUFFIN,,341831021,8525 GARFIELD BLVD,GARFIELD HEIGHTS,OH,44125,,50000,0,ECONOMIC DEVELOPMENT
2024,202531359349316618,200,PARKS ELECTRICAL SERVICES LLC,,834257094,10948 READING RD SUITE 102,CINCINNATI,OH,45241,,13039,0,ECONOMIC DEVELOPMENT
2024,202531359349316618,201,PATH ROBOTICS INC,,832135454,524 MAIER PLACE,COLUMBUS,OH,43215,,27462,0,ECONOMIC DEVELOPMENT
2024,202531359349316618,202,PEAK FOODS LLC,,820515535,877 W MAIN ST SUITE 700,BOISE,ID,83702,,75000,0,ECONOMIC DEVELOPMENT
2024,202531359349316618,203,PEGASUS INDUSTRIES LLC,,611322994,421 HAVEN HILL RD,SHELBYVILLE,KY,40065,,100000,0,ECONOMIC DEVELOPMENT
2024,202531359349316618,204,PEPPER CONSTRUCTION COMPANY OF OHIO LLC,,010866461,411 LAKE ZURICH RD,BARRINGTON,IL,60010,,100000,0,ECONOMIC DEVELOPMENT
2024,202531359349316618,205,PETIT AUTO WASH INC,,341625509,697 TAMARAC TR,WADSWORTH,OH,44281,,50000,0,ECONOMIC DEVELOPMENT
2024,202531359349316618,206,PHARMAVITE LLC,,911461045,8531 FALLBROOK AVE,WEST HILLS,CA,91304,,900000,0,ECONOMIC DEVELOPMENT
2024,202531359349316618,207,PHILLIPS MEAT PROCESSING LLC,,611493910,2790 RIDGE RD,ZANESVILLE,OH,43701,,50000,0,ECONOMIC DEVELOPMENT
2024,202531359349316618,208,PHOENIX FACILITY III LLC,,872959043,1500 CHERRY ST SUITE A,LOUISVILLE,CO,80027,,50000,0,ECONOMIC DEVELOPMENT
2024,202531359349316618,209,PLATINUM RECOVERY LLC,,861564797,38322 APOLLO PARKWAY,WILLOUGHBY,OH,44094,,24000,0,ECONOMIC DEVELOPMENT
2024,202531359349316618,210,POINTE VENTURES LLC,,882608845,328 CIVIC CENTER DR,COLUMBUS,OH,43215,,180000,0,ECONOMIC DEVELOPMENT
2024,202531359349316618,211,POLYMERICS INC,,341148853,2828 2ND ST,CUYAHOGA FALLS,OH,44221,,75000,0,ECONOMIC DEVELOPMENT
2024,202531359349316618,212,PORT OF GREATER CINCINNATI DEVELOPMENT AUTHORITY,,311752368,3 EAST FOURTH STREET SUITE 300,CINCINNATI,OH,45202,,592945,0,ECONOMIC DEVELOPMENT
2024,202531359349316618,213,PREMIER GLOBAL TRANSPORTATION LLC,,850848748,1252 STATE ROUTE 28,MILFORD,OH,45150,,100000,0,ECONOMIC DEVELOPMENT
2024,202531359349316618,214,PREMIUM METALS INC,,921419914,4650 JOHNSTON PKWY,CLEVELAND,OH,44128,,100000,0,ECONOMIC DEVELOPMENT
2024,202531359349316618,215,PRESCRIPTION BLISS,,831858753,210 W COLUMBUS AVE SUITE 4,BELLEFONTAINE,OH,43311,,50000,0,ECONOMIC DEVELOPMENT
2024,202531359349316618,216,PRINCIPLE BUSINESS ENTERPRISES INC,,340894745,PO BOX 129,DUNBRIDGE,OH,43414,,121804,0,ECONOMIC DEVELOPMENT
2024,202531359349316618,217,PROJECT BORON LLC,,871557737,4760 RICHMOND RD,CLEVELAND,OH,44128,,400000,0,ECONOMIC DEVELOPMENT
2024,202531359349316618,218,PROPEL PHARMACY OHIO LLC,,873325044,4150 TULLER RD 230,DUBLIN,OH,43017,,99430,0,ECONOMIC DEVELOPMENT
2024,202531359349316618,219,PURE BEAUTY & EXTENSION BAR LLC,,474255172,4850 IMPERIAL DR,LIBERTY TOWNSHIP,OH,45011,,35000,0,ECONOMIC DEVELOPMENT
2024,202531359349316618,220,QUES INDUSTRIES INC,,341402791,5420 W 140TH ST,CLEVELAND,OH,44142,,50000,0,ECONOMIC DEVELOPMENT
2024,202531359349316618,221,R&R TOOL INC,,311290621,1449 MIDDLEBORO RD,BLANCHESTER,OH,45107,,82226,0,ECONOMIC DEVELOPMENT
2024,202531359349316618,222,RAY HAMILTON LOGISTICS LLC,,872574202,PO BOX 12370,CINCINNATI,OH,45212,,50000,0,ECONOMIC DEVELOPMENT
2024,202531359349316618,223,REALEFLOW LLC,,208679477,294 PEARL RD,BRUNSWICK,OH,44212,,57216,0,ECONOMIC DEVELOPMENT
2024,202531359349316618,224,REMOTE VANS LLC,,863328721,131 E MCMICKEN AVE,CINCINNATI,OH,45202,,50000,0,ECONOMIC DEVELOPMENT
2024,202531359349316618,225,RESILIENCE US INC,,853165520,3115 MERRYFIELD ROW SUITE 200,SAN DIEGO,CA,92121,,1000000,0,ECONOMIC DEVELOPMENT
2024,202531359349316618,226,REYNOLDS INVESTMENT PROPERTIES LLC,,852727087,PO BOX 3664,DUBLIN,OH,43016,,480000,0,ECONOMIC DEVELOPMENT
2024,202531359349316618,227,RGH ENTERPRISES LLC,,341650951,7000 CARDINAL PLACE,DUBLIN,OH,43017,,200000,0,ECONOMIC DEVELOPMENT
2024,202531359349316618,228,RIDGE CORPORATION,,311399268,1201 ETNA PARKWAY,PATASKALA,OH,43062,,21950,0,ECONOMIC DEVELOPMENT
2024,202531359349316618,229,RIPPLE JUNCTION DESIGN COMPANY,,311341799,6183 CENTRE PARK DR,WEST CHESTER,OH,45069,,39343,0,ECONOMIC DEVELOPMENT
2024,202531359349316618,230,RMF NOOTER INC,,200154319,915 MATZINGER RD,TOLEDO,OH,43612,,690000,0,ECONOMIC DEVELOPMENT
2024,202531359349316618,231,RON-AL MOLD & MACHINE INC,,341631954,1057 MASON AVE,KENT,OH,44240,,25000,0,ECONOMIC DEVELOPMENT
2024,202531359349316618,232,ROUTE 43 NORTH,,852762571,10020 AURORA-HUDSON RD,STREETSBORO,OH,44241,,260000,0,ECONOMIC DEVELOPMENT
2024,202531359349316618,233,RUST BELT RIDERS COMPOSTING LLC,,465133072,2701 ST CLAIR AVE NE,CLEVELAND,OH,44120,,25000,0,ECONOMIC DEVELOPMENT
2024,202531359349316618,234,SCOTT STEEL LLC,,262885325,125 CLARK AVE,PIQUA,OH,45356,,63094,0,ECONOMIC DEVELOPMENT
2024,202531359349316618,235,SEQUOIA FINANCIAL GROUP LLC,,341913858,3500 EMBASSY PKWY SUITE 100,AKRON,OH,44333,,75000,0,ECONOMIC DEVELOPMENT
2024,202531359349316618,236,SFG COLUMBUS PARSONS LLC,,871334704,3280 PEACHTREE RD NE SUITE 2770,ATLANTA,GA,30305,,390000,0,ECONOMIC DEVELOPMENT
2024,202531359349316618,237,SI DISTRIBUTING,,341756687,13540 SPENCERVILLE RD,SPENCERVILLE,OH,45887,,25000,0,ECONOMIC DEVELOPMENT
2024,202531359349316618,238,SIERRA NEVADA CORPORATION,,880094415,444 SALOMON CIR,SPARKS,NV,89434,,5505,0,ECONOMIC DEVELOPMENT
2024,202531359349316618,239,SIGN SOLUTIONS INC,,203462426,2601 CENTRAL POINT PKWY,LIMA,OH,45804,,25000,0,ECONOMIC DEVELOPMENT
2024,202531359349316618,240,SKULD LLC,,814100770,7340 CORRELL MAXEY RD,LONDON,OH,43140,,250000,0,ECONOMIC DEVELOPMENT
2024,202531359349316618,241,SKYLIGHT PARTNERS INC,,811781311,1110 MAIN ST 200,CINCINNATI,OH,45202,,50000,0,ECONOMIC DEVELOPMENT
2024,202531359349316618,242,SOCIETY BRANDS OF OHIO INC,,873225116,2014 CHAMPIONS GATEWAY SUITE 300,CANTON,OH,44708,,120600,0,ECONOMIC DEVELOPMENT
2024,202531359349316618,243,SOUTHERN OHIO PORT AUTHORITY,,900398931,602 7TH ST ROOM 310,PORTSMOUTH,OH,45662,,121713,0,ECONOMIC DEVELOPMENT
2024,202531359349316618,244,SPECIAL POWER SOURCES LLC,,843448596,PO BOX 14682,AKRON,OH,44321,,50000,0,ECONOMIC DEVELOPMENT
2024,202531359349316618,245,SPERRY & RICE LLC,,811145148,1088 N MAIN ST,KILL BUCK,OH,44637,,100000,0,ECONOMIC DEVELOPMENT
2024,202531359349316618,246,SPRING & MAIN LLC,,881728901,1860 S DIXIE HWY,LIMA,OH,45804,,240000,0,ECONOMIC DEVELOPMENT
2024,202531359349316618,247,SPRINTS LLC,,844810330,3437 MOONEY AVE,CINCINNATI,OH,45208,,25792,0,ECONOMIC DEVELOPMENT
2024,202531359349316618,248,STANDARD MACHINE LLC,,863801176,1952 W 93RD ST,CLEVELAND,OH,44102,,25000,0,ECONOMIC DEVELOPMENT
2024,202531359349316618,249,STAR DYNAMICS CORPORATION,,311424288,4455 REYNOLDS DR,HILLIARD,OH,43026,,50000,0,ECONOMIC DEVELOPMENT
2024,202531359349316618,250,STAT INDUSTRIES INC,,311392639,137 STONE RD,CHILLICOTHE,OH,45601,,50000,0,ECONOMIC DEVELOPMENT
2024,202531359349316618,251,STEELITE INTERNATIONAL USA INC,,223062521,154 KEYSTONE DR,NEW CASTLE,PA,16105,,400000,0,ECONOMIC DEVELOPMENT
2024,202531359349316618,252,SUNSTAR ENGINEERING AMERICAS INC,,222760260,85 S PIONEER BLVD,SPRINGBORO,OH,45066,,300000,0,ECONOMIC DEVELOPMENT
2024,202531359349316618,253,SUPERIOR ALUMINUM PRODUCTS INC,,340806947,PO BOX 430,RUSSIA,OH,45363,,100000,0,ECONOMIC DEVELOPMENT
2024,202531359349316618,254,SUPPLYNOW INC,,881160783,2800 EUCLID AVE SUITE 310,CLEVELAND,OH,44115,,25000,0,ECONOMIC DEVELOPMENT
2024,202531359349316618,255,TC RANDAL CONSTRUCTION LLC,,261384199,1106 BELLFLOWER RD NW,MINERVA,OH,44657,,25000,0,ECONOMIC DEVELOPMENT
2024,202531359349316618,256,TCC DELAWARE II LLC,,882459843,6760 COLT CT,DUBLIN,OH,43017,,600000,0,ECONOMIC DEVELOPMENT
2024,202531359349316618,257,TECHMETALS INC,,310826775,PO BOX 1266,DAYTON,NJ,45401,,50000,0,ECONOMIC DEVELOPMENT
2024,202531359349316618,258,TECHNICOTE INC,,341313085,222 MOUND AVE,MIAMISBURG,OH,45342,,350000,0,ECONOMIC DEVELOPMENT
2024,202531359349316618,259,TEKION CORP,,811354314,5934 GIBRALTAR DR,PLEASANTON,CA,94588,,100000,0,ECONOMIC DEVELOPMENT
2024,202531359349316618,260,TEKNI-PLEX INC,,223286312,460 E SWEDESFORD RD,WAYNE,PA,19087,,400000,0,ECONOMIC DEVELOPMENT
2024,202531359349316618,261,TENBY PARTNERS LLC,,843338280,2 MIRANOVA PL SUITE 210,COLUMBUS,OH,43215,,180000,0,ECONOMIC DEVELOPMENT
2024,202531359349316618,262,TERRY THOMSEN LLC,,823446932,25325 MAPLE RIDGE,NORTH OLMSTED,OH,44070,,50000,0,ECONOMIC DEVELOPMENT
2024,202531359349316618,263,TER-WAL TOOL & MFG INC,,341280883,4501 WEST 160TH,CLEVELAND,OH,44135,,25000,0,ECONOMIC DEVELOPMENT
2024,202531359349316618,264,TEXTUM OPCO LLC,,844863234,3 CALDWELL DR,BELMONT,NC,28012,,142892,0,ECONOMIC DEVELOPMENT
2024,202531359349316618,265,THE AKA TEAM INC,,371591120,1306 E 55TH ST,CLEVELAND,OH,44103,,50000,0,ECONOMIC DEVELOPMENT
2024,202531359349316618,266,THE CLEVELAND CLINIC FOUNDATION,,340714585,PO BOX 931531,CLEVELAND,OH,44193,501(C)(3),21850725,0,ECONOMIC DEVELOPMENT
2024,202531359349316618,267,THE COLUMBUS CLUB,,314153030,181 E BROAD ST,COLUMBUS,OH,43215,,200000,0,ECONOMIC DEVELOPMENT
2024,202531359349316618,268,THE CONNOR GROUP A REAL ESTATE INVESTMENT FIRM LLC,,311313904,10510 N SPRINGBORO PIKE,MIAMISBURG,OH,45342,,640000,0,ECONOMIC DEVELOPMENT
2024,202531359349316618,269,THE ERICSON MANUFACTURING COMPANY,,340680692,4323 HAMANN PKWY,WILLOUGHBY,OH,44094,,50000,0,ECONOMIC DEVELOPMENT
2024,202531359349316618,270,THE GLOCKNER CHEVROLET COMPANY,,314190600,PO BOX 1308,PORTSMOUTH,OH,45662,,150000,0,ECONOMIC DEVELOPMENT
2024,202531359349316618,271,THE HILSINGER COMPANY PARENT LLC,,810608730,33 W BACON ST,PLAINVILLE,MA,02762,,350000,0,ECONOMIC DEVELOPMENT
2024,202531359349316618,272,THE HYLAND MACHINE,,310617669,1900 KUNTZ RD,DAYTON,OH,45404,,25000,0,ECONOMIC DEVELOPMENT
2024,202531359349316618,273,THE MENNEL MILLING COMPANY,,344302060,PO BOX 806,FOSTORIA,OH,44830,,75000,0,ECONOMIC DEVELOPMENT
2024,202531359349316618,274,THE METROHEALTH SYSTEM,,346004382,2500 METROHEALTH DR,CLEVELAND,OH,44109,,5000000,0,ECONOMIC DEVELOPMENT
2024,202531359349316618,275,THE METZ DENTAL LABORATORY INC,,263858688,1271 E BROAD ST,COLUMBUS,OH,43205,,50000,0,ECONOMIC DEVELOPMENT
2024,202531359349316618,276,THE OHIO STATE UNIVERSITY,,316025986,ATTN MEG DICK 930 KINNEAR ROAD,COLUMBUS,OH,43212,STATE OF OHIO,7500000,0,ECONOMIC DEVELOPMENT
2024,202531359349316618,277,THE PROCTER & GAMBLE MANUFACTURING COMPANY,,310411982,ONE PROCTER GAMBLE PLAZA,CINCINNATI,OH,45202,,41850,0,ECONOMIC DEVELOPMENT
2024,202531359349316618,278,THE RESEARCH INSTITUTE AT NATIONWIDE CHILDREN'S HOSPITAL,,316056230,700 CHILDRENS DR,COLUMBUS,OH,43205,501(C)(3),2500000,0,ECONOMIC DEVELOPMENT
2024,202531359349316618,279,THE SHERWIN-WILLIAMS COMPANY,,340526850,101 WEST PROSPECT AVE,CLEVELAND,OH,44115,,3453285,0,ECONOMIC DEVELOPMENT
2024,202531359349316618,280,THE SUTPHEN CORPORATION,,310671786,6450 EITERMAN RD,DUBLIN,OH,43016,,200000,0,ECONOMIC DEVELOPMENT
2024,202531359349316618,281,THOMASLANE INC,,010656293,1550 ENTERPRISE PKWY,TWINSBURG,OH,44087,,100000,0,ECONOMIC DEVELOPMENT
2024,202531359349316618,282,TOPCRAFT INC,,341158960,2340 SHEPLER CHURCH RD SW,CANTON,OH,44706,,50000,0,ECONOMIC DEVELOPMENT
2024,202531359349316618,283,TOTAL QUALITY LOGISTICS LLC,,205152109,PO BOX 799,MILFORD,OH,45150,,149175,0,ECONOMIC DEVELOPMENT
2024,202531359349316618,284,TRANS-STATES EXPRESS,,311044595,7750 REINHOLD DR,CINCINNATI,OH,45237,,50000,0,ECONOMIC DEVELOPMENT
2024,202531359349316618,285,TREW LLC,,831502676,5855 UNION CENTRE BLVD SUITE 100,FAIRFIELD,OH,45014,,1237397,0,ECONOMIC DEVELOPMENT
2024,202531359349316618,286,TRI TECH LABORATORIES LLC,,364883768,8825 SMITHS MILL RD N,NEW ALBANY,OH,43054,,250000,0,ECONOMIC DEVELOPMENT
2024,202531359349316618,287,TRIO TRUCKING INC,,311068810,7750 REMHOLD DR,CINCINNATI,OH,45237,,28489,0,ECONOMIC DEVELOPMENT
2024,202531359349316618,288,TRIVIUM ALUMINUM PACKAGING USA CORPORATION,,341727300,ONE PERFORMANCE PLACE,YOUNGSTOWN,OH,44502,,400000,0,ECONOMIC DEVELOPMENT
2024,202531359349316618,289,TROY INNOVATIVE INSTRUMENTS INC,,341705149,15111 WHITE RD,MIDDLEFIELD,OH,44062,,50000,0,ECONOMIC DEVELOPMENT
2024,202531359349316618,290,UNION HOME MORTGAGE CORP,,341084436,8241 DOW CIRCLE W,STRONGSVILLE,OH,44136,,2000000,0,ECONOMIC DEVELOPMENT
2024,202531359349316618,291,UNITED AIRLINES INC,,742099724,PO BOX 301707,DALLAS,TX,75303,,473975,0,ECONOMIC DEVELOPMENT
2024,202531359349316618,292,UNIVAR SOLUTIONS USA INC,,911347935,3075 HIGHLAND PKWY SUITE 200,DOWNERS GROVE,IL,60515,,179456,0,ECONOMIC DEVELOPMENT
2024,202531359349316618,293,UNIVERSITY HOSPITALS HEALTH SYSTEM INC,,340714775,11100 EUCLID AVE MCCO 5062,SOLON,OH,44139,501(C)(3),5000000,0,ECONOMIC DEVELOPMENT
2024,202531359349316618,294,UPRYS LLC,,272364762,2740 AIRPORT DR SUITE 120,COLUMBUS,OH,43219,,50000,0,ECONOMIC DEVELOPMENT
2024,202531359349316618,295,VALUTEX REINFORCEMENTS INC,,275378467,2302 KENSKILL AVE,WASHINGTON COURT HOUSE,OH,43160,,45000,0,ECONOMIC DEVELOPMENT
2024,202531359349316618,296,VEEVA SYSTEMS INC,,208235463,4280 HACIENDA DRIVE,PLEASANTON,CA,94588,,37500,0,ECONOMIC DEVELOPMENT
2024,202531359349316618,297,VIGILANT LLC,,800631677,7570 BALE STREET SUITE 250,WEST CHESTER,OH,45069,,120287,0,ECONOMIC DEVELOPMENT
2024,202531359349316618,298,VINYLMAX LLC,,311564962,2921 MCBRIDE CT,HAMILTON,OH,45011,,83707,0,ECONOMIC DEVELOPMENT
2024,202531359349316618,299,VISCUS BIOLOGICS LLC,,454144957,26309 MILES RD SUITE 1,CLEVELAND,OH,44128,,47715,0,ECONOMIC DEVELOPMENT
2024,202531359349316618,300,VYA,,311450435,1325 GLENDALE MILFORD RD,CINCINNATI,OH,45215,,40000,0,ECONOMIC DEVELOPMENT
2024,202531359349316618,301,WAGNER MACHINE INC,,341096771,5151 WOOSTER RD W,NORTON,OH,44203,,25000,0,ECONOMIC DEVELOPMENT
2024,202531359349316618,302,WC FELTON AGENCY INC,,341452106,PO BOX 708,TIFFIN,OH,44883,,25000,0,ECONOMIC DEVELOPMENT
2024,202531359349316618,303,WELCH PACKAGING GROUP INC,,352022237,1020 HERMAN ST,ELKHART,IN,46516,,150000,0,ECONOMIC DEVELOPMENT
2024,202531359349316618,304,WESTERN RESERVE PORT AUTHORITY,,341696662,100 E FEDERAL ST SUITE 422,YOUNGSTOWN,OH,44503,,1900000,0,ECONOMIC DEVELOPMENT
2024,202531359349316618,305,WIKA SENSOR TECHNOLOGY LP,,262093343,1000 WIEGAND BLVD,LAWRENCEVILLE,GA,30043,,75000,0,ECONOMIC DEVELOPMENT
2024,202531359349316618,306,WILSON SPORTING GOODS COMPANY,,222379300,217 N LIBERTY ST,ADA,OH,45810,,150000,0,ECONOMIC DEVELOPMENT
2024,202531359349316618,307,WINE HOUSE OTR LLC,,474126743,111 E 12TH ST,CINCINNATI,OH,45202,,40000,0,ECONOMIC DEVELOPMENT
2024,202531359349316618,308,WISCO PRODUCTS INCORPORATED,,310517028,109 COMMERCIAL ST,DAYTON,OH,45402,,25000,0,ECONOMIC DEVELOPMENT
2024,202531359349316618,309,WODIN INC,,341016421,5441 PERKINS RD,BEDFORD HEIGHTS,OH,44146,,50000,0,ECONOMIC DEVELOPMENT
2024,202531359349316618,310,WOODHILL PLATING WORKS COMPANY,,340840360,9114 RENO AVE,CLEVELAND,OH,44105,,25000,0,ECONOMIC DEVELOPMENT
2024,202531359349316618,311,YORKVILLE INTERMODAL TERMINALS LLC,,814690065,100 BET-TECH DRIVE,ALIQUIPPA,PA,15001,,1000000,0,ECONOMIC DEVELOPMENT
2024,202531359349316618,312,BRITISH AIRWAYS PLC,,,,,,,,5681149,0,ECONOMIC DEVELOPMENT
