recipient_id,name,ein,city,state,irc_section,total_cash,n_rows,years,recipient_class_auto,edgar_cik,edgar_name,edgar_state_inc,edgar_hq_state,f5500_participants_2015,f5500_participants_2019,f5500_participants_2023,f5500_sponsor,f5500_sponsor_state,metrics_company,metrics_programs,metrics_jobs_retained_max,metrics_industry,metrics_commit_total,recipient_class,parent,parent_hq_state,hq_source,emp_bucket,emp_source,emp_asof,confidence,founded_in_ohio,notes
EIN:941672743,INTEL CORPORATION,941672743,SANTA CLARA,CA,,124422793,2,2023 2024,business,0000050863,INTEL CORP,DE,CA,64535,73355,85013,INTEL CORPORATION,CA,Intel Corporation,Economic Development Grant; Workforce Grant,0,Technology,150000000,business,Intel Corporation,CA,https://www.sec.gov/Archives/edgar/data/50863/000005086324000010/intc-20231230.htm,5000+,https://www.sec.gov/Archives/edgar/data/50863/000005086324000010/intc-20231230.htm; https://stockanalysis.com/stocks/intc/employees/,2023,A,no,"Intel's FY2023 10-K reports 124,800 employees as of Dec. 30, 2023 (131,900 in 2022), headquartered in Santa Clara, CA. The recipient is the public parent itself; the grants fund the New Albany (Licking County) fab project."
EIN:844244377,ULTIUM CELLS,844244377,DETROIT,MI,,50000000,2,2022 2023,business,,,,,,,,,,Ultium Cells LLC,Economic Development Grant,0,Automotive,50000000,business,Ultium Cells LLC (50/50 joint venture of General Motors Co. and LG Energy Solution),MI,https://www.jobsohio.com/newsroom/ohio-success/ultium-cells,5000+,https://www.tribtoday.com/news/local-news/2022/03/ultium-charges-up-hiring/; https://www.jobsohio.com/newsroom/ohio-success/ultium-cells,2022,B,no,"Ultium Cells is a JV formed in Dec. 2019 by GM (Detroit, MI) and LG Chem/LG Energy Solution (South Korea); the Lordstown plant itself had about 200 workers at end of 2021, 600+ at end of 2022 and a 1,100+ target for 2023. Bucket reflects the two owners (GM alone reports well over 100,000 employees in its 10-K); no single ultimate parent, so a skeptic could argue for either owner or a 'Korea' HQ."
EIN:340526850,THE SHERWIN-WILLIAMS COMPANY,340526850,CLEVELAND,OH,,41990565,2,2023 2024,business,0000089800,SHERWIN WILLIAMS CO,OH,OH,57650,56029,63090,THE SHERWIN-WILLIAMS COMPANY,OH,The Sherwin-Williams Company,Economic Development Grant; Revitalization Grant,3524,Energy and Chemicals,37500000,business,The Sherwin-Williams Company,OH,https://www.sec.gov/Archives/edgar/data/89800/000008980024000033/shw-20231231.htm,5000+,https://www.sec.gov/Archives/edgar/data/89800/000008980024000033/shw-20231231.htm,2023,A,yes,"FY2023 10-K: 64,088 employees worldwide at Dec. 31, 2023, about 75% in the US; headquartered in Cleveland, founded there in 1866. Grants support the new downtown Cleveland HQ and Brecksville R&D center; JobsOhio metrics list 3,524 retained jobs."
EIN:316000989,UNIVERSITY OF CINCINNATI,316000989,CINCINNATI,OH,STATE OF OHIO,37500000,3,2020 2022 2023,university,,,,,,,,,,University of Cincinnati,Spec Development (OSIP),,TBD,1000000,university,University of Cincinnati (State of Ohio public university),OH,https://dam.assets.ohio.gov/image/upload/development.ohio.gov/research/obs/Ohio-Major-Employers-Report.pdf,5000+,https://dam.assets.ohio.gov/image/upload/development.ohio.gov/research/obs/Ohio-Major-Employers-Report.pdf; https://www.uc.edu/news/articles/2022/04/working-at-the-university-of-cincinnati.html,2022,B,yes,"Ohio Department of Development's Dec. 2022 Major Employers report lists University of Cincinnati at 10,512 Ohio employees (UC Health separately at 10,118); UC's own 2022 release says over 15,000 employees. Grants are Spec Development (OSIP) money for the Cincinnati Innovation District, not an operating business."
EIN:316025986,THE OHIO STATE UNIVERSITY,316025986,COLUMBUS,OH,STATE OF OHIO,24500000,4,2021 2022 2023 2024,university,,,,,,,,,,,,,,,university,The Ohio State University (State of Ohio public university),OH,https://dam.assets.ohio.gov/image/upload/development.ohio.gov/research/obs/Ohio-Major-Employers-Report.pdf,5000+,https://dam.assets.ohio.gov/image/upload/development.ohio.gov/research/obs/Ohio-Major-Employers-Report.pdf; https://irp.osu.edu/sites/default/files/documents/2024/01/2023-24-Statistical-Summary_0.pdf,2022,B,yes,"Ohio Department of Development's Dec. 2022 Major Employers report lists Ohio State University and Medical Center at 35,656 Ohio employees, fifth-largest employer in the state. No JobsOhio project-metrics row matched; the grants are likely innovation-district and research commitments (Columbus)."
EIN:340714585,THE CLEVELAND CLINIC FOUNDATION,340714585,CLEVELAND,OH,501(C)(3),21850725,1,2024,hospital,0001372440,Cleveland Clinic Foundation,OH,OH,56922,59852,71821,THE CLEVELAND CLINIC FOUNDATION,OH,The Cleveland Clinic Foundation,Economic Development Grant,17745,Healthcare,10000000,hospital,The Cleveland Clinic Foundation,OH,https://dam.assets.ohio.gov/image/upload/development.ohio.gov/research/obs/Ohio-Major-Employers-Report.pdf,5000+,https://dam.assets.ohio.gov/image/upload/development.ohio.gov/research/obs/Ohio-Major-Employers-Report.pdf; https://newsroom.clevelandclinic.org/2025/01/27/state-of-the-clinic-in-2024-cleveland-clinic-serves-most-patients-in-its-history,2024,B,yes,"Cleveland Clinic reports 82,600 caregivers worldwide for 2024; the Dec. 2022 Ohio Major Employers report ranks it Ohio's largest employer at 56,986 in-state. Form 5500 shows 71,821 plan participants in 2023. Nonprofit 501(c)(3) health system, not an operating business; JobsOhio metrics show 17,745 retained jobs."
EIN:942681915,BECHTEL OIL GAS AND CHEMICALS INC,942681915,HOUSTON,TX,,20000000,1,2020,business,0001110785,BECHTEL GROUP INC,DE,CA,,,,,,,,,,,business,"Bechtel Group, Inc.",VA,https://www.bechtel.com/press-releases/bechtel-global-headquarters-moves-to-the-washington-d-c-area/,5000+,https://en.wikipedia.org/wiki/Bechtel; https://www.heraldstaronline.com/news/local-news/2020/02/jobsohio-investing-another-20m-toward-proposed-cracker-plant/,2022,C,no,"Bechtel Oil, Gas & Chemicals is the Houston-based unit of privately held Bechtel Group, which moved its HQ from San Francisco to Reston, VA by end of 2018 (EDGAR lists a CA address from older filings). The $20M paid in FY2020 was JobsOhio's site-work money for the PTTGC/Daelim Belmont County ethane cracker, routed to Bechtel as contractor. Bechtel's exact 2020 headcount was not found in its 2020 report; ~55,000 employees in 2022 per Wikipedia, and Bechtel was founded in California in 1898."
EIN:953540776,AMGEN INC,953540776,LOS ANGELES,CA,,18759972,2,2023 2024,business,0000318154,AMGEN INC,DE,CA,15695,17328,20260,AMGEN INC.,CA,Amgen Inc.,Economic Development Grant,400,Healthcare,23000000,business,Amgen Inc.,CA,https://www.sec.gov/Archives/edgar/data/318154/000031815424000011/amgn-20231231.htm,5000+,https://www.sec.gov/Archives/edgar/data/318154/000031815424000011/amgn-20231231.htm; https://stockanalysis.com/stocks/amgn/employees/,2023,A,no,"Amgen's FY2023 10-K lists Thousand Oaks, CA as principal executive office; approximately 26,700 staff at end of 2023 (28,000 in 2024). Grants support the New Albany biomanufacturing plant; JobsOhio metrics show 400 retained jobs."
EIN:340714775,UNIVERSITY HOSPITALS HEALTH SYSTEM INC,340714775,SOLON,OH,501(C)(3),17500000,4,2021 2022 2023 2024,hospital,,,,,28615,30320,34924,UNIVERSITY HOSPITALS HEALTH SYSTEM,OH,,,,,,hospital,"University Hospitals Health System, Inc.",OH,https://dam.assets.ohio.gov/image/upload/development.ohio.gov/research/obs/Ohio-Major-Employers-Report.pdf,5000+,https://dam.assets.ohio.gov/image/upload/development.ohio.gov/research/obs/Ohio-Major-Employers-Report.pdf; https://www.uhhospitals.org/about-uh/publications/uh-annual-report/2022-annual-report,2022,B,yes,"Ohio Major Employers report (Dec. 2022) lists University Hospitals Health System at 30,891 Ohio employees, headquartered in Shaker Heights; UH's 2021 annual report says more than 30,000 employees. Form 5500 shows 34,924 participants in 2023. Nonprofit 501(c)(3) health system; no JobsOhio metrics row matched."
EIN:341018992,CASE WESTERN RESERVE UNIVERSITY,341018992,CLEVELAND,OH,501(C)(3),15000000,3,2021 2023 2024,university,0001732073,Case Western Reserve University,OH,OH,6210,6154,5852,CASE WESTERN RESERVE UNIVERSITY,OH,,,,,,university,Case Western Reserve University,OH,https://case.edu/ir/cwru-facts/faculty-and-staff-facts,5000+,https://www.univstats.com/staffs/case-western-reserve-university/; https://case.edu/ir/cwru-facts/faculty-and-staff-facts,2023,B,yes,"IPEDS-derived counts show about 1,485 faculty and 4,766 non-instructional staff (about 6,250 total) in 2023; Form 5500 shows 5,852 participants in 2023, consistent with 5,000+. Private nonprofit university in Cleveland, founded there (Western Reserve College 1826, Case School 1880). Grants likely tied to the Cleveland Innovation District."
EIN:340966056,CLEVELAND STATE UNIVERSITY,340966056,CLEVELAND,OH,STATE OF OHIO,15000000,3,2022 2023 2024,university,,,,,,,,,,,,,,,university,Cleveland State University (State of Ohio public university),OH,https://en.wikipedia.org/wiki/Cleveland_State_University,500-4999,https://www.univstats.com/salary/cleveland-state-university/; https://en.wikipedia.org/wiki/Cleveland_State_University,2023,C,yes,"IPEDS-derived counts show roughly 1,200 faculty and 1,000 administrative staff (about 2,300 total; a narrower count gives 1,369). Public university established in Cleveland in 1964. Grants likely tied to the Cleveland Innovation District; no JobsOhio metrics row matched."
EIN:821661828,SEEFRIED DEVELOPMENT SERVICES INC,821661828,ATLANTA,GA,,14055000,3,2018 2019 2020,business,,,,,,,,,,,,,,,site_development,"Seefried Industrial Properties, Inc.",GA,https://www.seefriedproperties.com/,<100,https://www.linkedin.com/company/seefried-industrial-properties-inc-; https://www.crainscleveland.com/article/20170720/news/170729980/amazon-may-stake-claim-old-randall-park-mall-site,2024,C,no,"Seefried is a privately held Atlanta industrial developer (founded 1984) with a few dozen employees (about 36 per directory data); it built and leased Amazon fulfillment centers in Ohio at North Randall (former Randall Park Mall, opened 2018) and Euclid, with JobsOhio revitalization money. The $14M in FY2018-2020 is a pass-through for Amazon-tenanted buildings, so the real beneficiary is Amazon (Seattle, WA, 5000+), not a small business."
EIN:341920747,IRONUNITS LLC,341920747,TOLEDO,OH,,14000000,3,2019 2020 2022,business,0001785182,IronUnits LLC,DE,OH,,,,,,IronUnits LLC,Economic Development Grant; Revitalization Grant; Workforce Grant,0,Other,14000000,business,Cleveland-Cliffs Inc.,OH,https://www.sec.gov/Archives/edgar/data/0000764065/000076406520000041/clf-2019123110xk.htm,5000+,https://www.sec.gov/Archives/edgar/data/0000764065/000076406520000041/clf-2019123110xk.htm; https://www.sec.gov/Archives/edgar/data/764065/000076406521000084/clf-20201231.htm,2020,A,yes,"IronUnits LLC is the Cleveland-Cliffs subsidiary that owns the Toledo HBI plant (130 permanent jobs). Cliffs' FY2019 10-K reports 2,372 employees at Dec. 31, 2019 (500-4999 for the FY2019 grant), then about 25,000 after the AK Steel and ArcelorMittal USA acquisitions in 2020, so the FY2020 and FY2022 grants fall in 5000+. Cleveland-based since 1847."
EIN:310833936,CINCINNATI CHILDREN'S HOSPITAL MEDICAL CENTER,310833936,CINCINNATI,OH,501(C)(3),12500000,2,2020 2022,hospital,,,,,18818,20344,27933,CHILDREN'S HOSPITAL MEDICAL CENTER,OH,Cincinnati Children's Hospital Medical Center,Other Loan,,Healthcare,32000000,hospital,Cincinnati Children's Hospital Medical Center,OH,https://dam.assets.ohio.gov/image/upload/development.ohio.gov/research/obs/Ohio-Major-Employers-Report.pdf,5000+,https://dam.assets.ohio.gov/image/upload/development.ohio.gov/research/obs/Ohio-Major-Employers-Report.pdf; https://www.cincinnatichildrens.org/about/corporate/facts-figures,2022,B,yes,"Ohio Major Employers report (Dec. 2022) lists Cincinnati Children's at 17,204 Ohio employees; Form 5500 shows 20,344 participants in 2019 and 27,933 in 2023. Nonprofit 501(c)(3) pediatric system founded in Cincinnati in 1883. JobsOhio metrics classify the $32M commitment as 'Other Loan'."
EIN:341940561,FirstEnergy Generation LLC,341940561,Akron,OH,,12408019,1,2017,business,0001407702,FirstEnergy Generation Corp.,OH,OH,,,,,,"FirstEnergy Generation, LLC",Revitalization Grant; Revitalization Grant Phase II,,Shale Energy and Petrochemicals,2200000,business,FirstEnergy Corp.,OH,https://www.sec.gov/Archives/edgar/data/1031296/000103129618000015/fe-12312017x10k.htm,5000+,https://stockanalysis.com/stocks/fe/employees/; https://www.sec.gov/Archives/edgar/data/1031296/000103129618000015/fe-12312017x10k.htm,2017,A,yes,"FirstEnergy Generation LLC was a wholly owned subsidiary of FirstEnergy Solutions, itself a subsidiary of Akron-based FirstEnergy Corp. (about 15,600 employees at end of 2017 per the 10-K). The $12.4M is the JobsOhio revitalization loan for cleanup of the retired R.E. Burger coal plant site in Belmont County, later forgiven and reported by Ohio Capital Journal; FES entered bankruptcy in 2018 and became Energy Harbor in 2020."
EIN:474510612,PTTGC AMERICA LLC,474510612,HOUSTON,TX,,11451981,3,2017 2020 2021,business,,,,,,,,,,PTTGC America LLC,Economic Development Grant; Revitalization Grant,0,Energy and Chemicals,51451980,business,"PTT Global Chemical Public Company Limited (PTTGC), majority-owned by PTT Plc",Thailand,https://www.set.or.th/en/market/product/stock/quote/pttgc/factsheet,5000+,https://www.zoominfo.com/c/ptt-global-chemical-public-company-ltd/347530219; https://www.theintelligencer.net/news/top-headlines/2022/03/ptt-global-pays-jobsohio-20m-for-failing-to-move-on-belmont-county-cracker-plant/,2020,C,no,"PTTGC America is the US arm of Bangkok-listed PTT Global Chemical (5,000-10,000 employees per directory data; PTT Plc, the Thai state oil company, holds the controlling stake). Partner Daelim (South Korea) withdrew in 2020. JobsOhio grants funded Belmont County cracker-site work; PTTGC repaid $20M in 2022 after failing to reach a final investment decision."
EIN:952041006,HONDA DEVELOPMENT & MANUFACTURING OF AMERICA LLC,952041006,MARYSVILLE,PA,,10700000,1,2024,business,,,,,30800,35791,41442,"AMERICAN HONDA MOTOR COMPANY, INC.",CA,"Honda Development & Manufacturing of America, LLC",Economic Development Grant; Research & Development Grant,8023,Automotive,232000000,business,"Honda Motor Co., Ltd.",Japan,https://global.honda/en/newsroom/news/2020/c201107eng.html,5000+,https://stockanalysis.com/stocks/hmc/employees/; https://www.prnewswire.com/news-releases/honda-motor-co-ltd-files-annual-report-on-form-20-f-for-fiscal-year-ended-march-31-2024-302177986.html,2024,A,no,"Honda Development & Manufacturing of America LLC (Marysville, OH; the 990 lists 'PA' in error) was formed April 1, 2021 by merging Honda's US manufacturing companies; its parent is Tokyo-based Honda Motor Co., about 194,993 consolidated employees at March 31, 2024 per the Form 20-F. Form 5500 for the EIN shows 41,442 participants under American Honda Motor Co. in 2023; JobsOhio metrics show 8,023 retained jobs and a $232M commitment tied to the EV hub."
EIN:383928174,Fuyao Glass America Inc,383928174,Moraine,OH,,10600000,3,2015 2017 2018,business,,,,,233,3729,2207,FUYAO GLASS AMERICA INC.,OH,Fuyao Glass America Inc.,Economic Development Grant; Workforce Grant,1589,Automotive,9000000,business,"Fuyao Glass Industry Group Co., Ltd.",China,https://www.dnb.com/business-directory/company-profiles/fuyao-glass-industry-group-co-ltd.698fe3f436b3635a6dea9ede7d781e50,5000+,https://www.daytondailynews.com/news/breaking-news/fuyao-set-double-hiring-moraine-plant-500-jobs/XIW2hI9dJ3w0Rw5Uw8KVnL/; https://www.dnb.com/business-directory/company-profiles/fuyao-glass-industry-group-co-ltd.698fe3f436b3635a6dea9ede7d781e50,2017,B,no,"Fuyao Glass America is the Moraine, OH subsidiary of Fuyao Glass Industry Group, Fuqing, Fujian, China (Shanghai/Hong Kong listed; about 18,000 employees worldwide per Dayton Daily News in 2016 and about 26,000 per D&B). The Moraine plant alone grew past 2,000 workers by 2017; Form 5500 participants rose from 233 in 2015 to 3,729 in 2019. JobsOhio grants: $5.6M for 800 jobs, $4M workforce, $6.6M for the 2016 expansion."
EIN:140689340,GENERAL ELECTRIC COMPANY,140689340,EVENDATE,OH,,10091471,5,2018 2020 2021 2023 2024,business,0000040545,GENERAL ELECTRIC CO,NY,OH,490975,422409,163876,GENERAL ELECTRIC COMPANY,OH,General Electric Company,Research & Development Grant,6450,Aerospace and Aviation,16500000,business,General Electric Company (GE Aerospace),MA,https://www.ge.com/sites/default/files/ge_10k_02022024.pdf,5000+,https://www.ge.com/sites/default/files/ge_10k_02022024.pdf,2023,A,no,"GE's FY2023 10-K reports about 125,000 employees at Dec. 31, 2023 (283,000 at end of 2018), headquartered in Boston, MA during FY2018-2023; after the April 2024 spin-offs GE Aerospace moved the HQ to Evendale, OH, so the FY2024 grant went to an Ohio-headquartered parent. The R&D grants go to GE Aviation/Aerospace in Evendale (6,450 retained jobs). GE was founded in New York in 1892."
EIN:320561106,PETMIN USA INC,320561106,ASHTABULA,OH,,10000000,2,2020 2021,business,,,,,,,,,,"Petmin USA, Inc.",Economic Development Grant; Revitalization Grant,0,Other,10000000,business,Petmin (Pty) Ltd,South Africa,https://businessjournaldaily.com/474m-pig-iron-plant-gets-permits-for-ashtabula-site/,500-4999,https://www.petmin.co.za/somkhele.php; https://www.miningreview.com/top-stories/petmin-announces-r350m-bbbee-deal-for-somkhele-anthracite-mine/,2020,C,no,"Petmin USA is the subsidiary of Johannesburg-based Petmin, a private mining company (delisted from the JSE in 2017 after a private-equity-backed buyout) whose Somkhele anthracite mine employs roughly 1,000-1,600 people per company and trade-press sources. JobsOhio paid $5M economic development plus $5M revitalization for the $474M Ashtabula pig-iron plant, promised 110 jobs; the plant was still not built as of 2024, and no audited headcount for 2020 was found."
EIN:346004382,THE METROHEALTH SYSTEM,346004382,CLEVELAND,OH,,10000000,2,2022 2024,hospital,,,,,,,,,,,,,,,hospital,The MetroHealth System,OH,https://en.wikipedia.org/wiki/MetroHealth,5000+,https://en.wikipedia.org/wiki/MetroHealth,2023,C,yes,"Cuyahoga County's public hospital system, governed by a county-appointed board; almost 9,000 employees as of December 2023 and the 10th largest employer in Northeast Ohio. Not a business; grant was $10M in FY2022 and FY2024."
EIN:471304221,Cleveland 2016 Host Committee Inc,471304221,Cleveland,OH,501(c)(3),9000000,2,2015 2016,nonprofit,,,,,,,,,,,,,,,nonprofit,Cleveland 2016 Host Committee Inc,OH,https://projects.propublica.org/nonprofits/organizations/471304221,<100,https://projects.propublica.org/nonprofits/organizations/471304221,2016,B,yes,"Single-purpose 501(c)(3) that raised money for the 2016 Republican National Convention in Cleveland; revenue of $34.2M (2014), $7.4M (2015) and $16.3M (2016), then wound down to zero by 2018. Its 990s list a handful of officers (David Gilbert, Jon Pinney) and no large staff, so the bucket is a floor from the filings rather than a stated headcount."
EIN:311228202,TRANSPORTATION RESEARCH CENTER INC,311228202,EAST LIBERTY,OH,,9000000,3,2020 2021 2022,business,,,,,460,471,454,TRANSPORTATION RESEARCH CENTER INC.,OH,Transportation Research Center Inc.,Research & Development Grant,347,Automotive,8500000,nonprofit,Transportation Research Center Inc. (affiliate of The Ohio State University),OH,https://projects.propublica.org/nonprofits/organizations/311228202,100-499,https://en.wikipedia.org/wiki/Transportation_Research_Center,2021,B,yes,"TRC Inc. is a 501(c)(3) affiliated with Ohio State that operates the East Liberty proving grounds on Honda-owned land under a 1988 management agreement; Wikipedia says more than 400 employees, JobsOhio's own report shows 347 retained jobs, and its Form 5500 counted 454-471 participants in 2015-2023. Auto class said business; the grants were $9M of R&D money for the SMART Center, so a reader may ask whether this is really a university or Honda project."
EIN:316056230,THE RESEARCH INSTITUTE AT NATIONWIDE CHILDREN'S HOSPITAL,316056230,COLUMBUS,OH,501(C)(3),8500000,3,2022 2023 2024,hospital,,,,,,,,,,,,,,,hospital,Nationwide Children's Hospital,OH,https://projects.propublica.org/nonprofits/organizations/316056230,5000+,https://en.wikipedia.org/wiki/Nationwide_Children%27s_Hospital,2023,C,yes,"The Research Institute is a 501(c)(3) arm of Nationwide Children's Hospital in Columbus, which reports about 11,900 employees. ProPublica lists the EIN under 'Nationwide Childrens Hospital Inc (Research Institute At Nationwide)'."
EIN:882074726,DIGITAL ACCESS OHIO LLC,882074726,CANTON,OH,,7470000,2,2023 2024,business,,,,,,,,,,,,,,,business,"altafiber (Cincinnati Bell Inc.), owned by Macquarie Infrastructure Partners; Digital Access Ohio is its joint venture with JobsOhio",OH,https://www.sec.gov/Archives/edgar/data/716133/000095017023009198/ck0000716133-20221231.htm,5000+,https://www.sec.gov/Archives/edgar/data/716133/000095017023009198/ck0000716133-20221231.htm,2022,A,yes,"Digital Access Ohio LLC was formed in 2022 by Canton-based Agile Networks with JobsOhio committing up to $40M; altafiber (Cincinnati Bell) bought Agile on May 2, 2022 for $65.5M, and its FY2022 10-K calls DAO 'our Joint Venture with the State of Ohio', carries the JobsOhio money as a 'Digital Access Ohio Advance' and reports about 5,800 employees at December 31, 2022. Cincinnati Bell itself has been owned by Macquarie's Red Fiber Parent LLC since September 2021, so JobsOhio's grants flowed into a JV it co-owns with a PE-held telecom, not a small business."
EIN:311075744,LAWRENCE ECONOMIC DEVELOPMENT CORPORATION,311075744,SOUTH POINT,OH,501(C)(3),7338676,6,2018 2019 2020 2021 2022 2023,nonprofit,,,,,,,,,,Lawrence Economic Development Corporation,Revitalization Grant; Revitalization Loan; Spec Development (OSIP),0,N/a,9450000,nonprofit,Lawrence Economic Development Corporation,OH,https://projects.propublica.org/nonprofits/organizations/311075744,<100,https://projects.propublica.org/nonprofits/organizations/311075744,2022,B,yes,"County economic development corporation and JobsOhio network partner (via OhioSE) in South Point; its 990s list three key staff (Bill Dingus, Jeremy Clay, Jesse Layne) and revenue of $3.6M-$14.3M a year in 2018-2024. Grants were revitalization and spec-building (OSIP) money for The Point industrial park, not an operating business."
EIN:263446223,COVERMYMEDS LLC,263446223,COLUMBUS,OH,,6613235,5,2017 2019 2020 2021 2022,business,,,,,158,1052,,"COVERMYMEDS, LLC",OH,CoverMyMeds LLC,Economic Development Grant; Workforce Grant,592,Healthcare,5650000,business,McKesson Corporation,TX,https://www.sec.gov/Archives/edgar/data/927653/000092765320000033/mck10k3312020.htm,5000+,https://www.sec.gov/Archives/edgar/data/927653/000092765320000033/mck10k3312020.htm,2020,A,yes,"CoverMyMeds was founded in Twinsburg in 2008 and bought by McKesson in January 2017 for $1.1B (about 450 employees then), before the first grant year; McKesson's FY2020 10-K reports about 80,000 employees. McKesson moved its HQ from San Francisco, CA to Irving, TX effective April 1, 2019, so the FY2017 grant was under a CA parent and the 2019-2022 grants under a TX parent."
EIN:204623678,FIRST SOLAR INC,204623678,TEMPE,AZ,,6345649,3,2019 2020 2021,business,0001274494,"FIRST SOLAR, INC.",DE,AZ,2239,2616,3467,"FIRST SOLAR, INC.",OH,"First Solar, Inc.",Economic Development Grant; Research & Development Grant; Workforce Grant,2430,Advanced Manufacturing,14150000,business,"First Solar, Inc.",AZ,https://www.sec.gov/Archives/edgar/data/1274494/000162828021003343/fslr-20201231.htm,5000+,https://www.sec.gov/Archives/edgar/data/1274494/000162828021003343/fslr-20201231.htm,2020,A,no,"Public company (NASDAQ: FSLR) headquartered in Tempe, AZ; FY2020 10-K reports approximately 5,100 associates as of December 31, 2020. Its predecessor Solar Cells Inc. started in Toledo, but the parent was formed in Arizona in 1999 and the Ohio plants in Perrysburg and Lake Township are subsidiaries."
EIN:430470580,NESTLE PURINA PETCARE COMPANY,430470580,SAINT LOUIS,MO,,6000000,1,2021,business,0000735256,RALSTON PURINA CO                                       /TA,,MO,,,,,,Nestle Purina PetCare Company,Economic Development Grant,0,Food and Agribusiness,6000000,business,Nestlé S.A.,Switzerland,https://en.wikipedia.org/wiki/Nestl%C3%A9,5000+,https://www.jobsohio.com/newsroom/news-press/nestle-purina-petcare-will-build-a-new-factory-in-ohio-to-meet-growing-pet-food-demand,2021,B,no,"Nestlé Purina PetCare (St. Louis, MO) is a wholly owned division of Nestlé S.A. of Vevey, Switzerland, which employs roughly 270,000-275,000 people; the JobsOhio release says Nestlé alone had 3,300 Ohio employees when it announced the $550M Williamsburg Township plant. The EDGAR match is the legacy Ralston Purina registrant, not a current filer."
EIN:134994650,JPMORGAN CHASE BANK NA,134994650,COLUMBUS,OH,,5900000,2,2019 2023,business,0001669574,"Warehouse Funding Avery Point VII, LLC",DE,MA,301571,302478,293723,"JPMORGAN CHASE BANK, NATIONAL ASSOCIATION",NJ,,,,,,business,JPMorgan Chase & Co.,NY,https://www.sec.gov/Archives/edgar/data/19617/000001961720000257/corp10k2019.htm,5000+,https://www.sec.gov/Archives/edgar/data/19617/000001961720000257/corp10k2019.htm,2019,A,no,"JPMorgan Chase Bank, N.A. (Columbus-chartered) is the main bank subsidiary of JPMorgan Chase & Co., New York; the FY2019 10-K reports headcount of 256,981 and JobsOhio's 2018 release puts its central Ohio workforce at 19,200. The EDGAR match to 'Warehouse Funding Avery Point VII' is a trust filing under the bank's EIN, not the parent."
NAME:british airways,BRITISH AIRWAYS PLC,,,,,5681149,1,2024,business,,,,,,,,,,,,,,,business,"International Consolidated Airlines Group, S.A. (IAG)",United Kingdom,https://en.wikipedia.org/wiki/International_Airlines_Group,5000+,https://en.wikipedia.org/wiki/International_Airlines_Group,2024,B,no,"British Airways has been a wholly owned subsidiary of IAG since 2011; IAG is registered in Madrid, Spain with corporate headquarters in London and about 76,000 employees. The FY2024 payment is an Air Service Restoration Program route incentive for the CVG-London Heathrow flight that began June 2023, not a site project."
EIN:814690065,YORKVILLE INTERMODAL TERMINALS LLC,814690065,ALIQUIPPA,PA,,5200000,3,2018 2023 2024,business,,,,,,,,,,Yorkville Intermodal Terminals LLC*,Revitalization Grant; Revitalization Grant Phase II,0,Other,5200000,site_development,Yorkville Intermodal Terminals LLC (Charles J. Betters and Victor DiGeronimo),PA,https://www.dln.com/newcorporations/details/ref_index/116965,<100,https://www.timesleaderonline.com/news/local-news/2017/05/yorkville-officials-brainstorm-ideas-to-create-growth/,2018,D,no,"Project LLC formed December 2016 (Ohio charter 3965739) by Aliquippa, PA developer Charles J. Betters (C.J. Betters Enterprises) with Cleveland's Victor DiGeronimo (Independence Excavating) to buy and clean up the former Wheeling-Pittsburgh Steel mill in Yorkville for a barge terminal; a 2024 Jefferson County Port Authority report still calls it an ownership group marketing the site. The LLC itself has no staff; the owners' companies are private and no source gives their size, so the bucket reflects the LLC only."
EIN:341015620,GREAT LAKES CHEESE CO INC,341015620,HIRAM,OH,,5100000,2,2020 2021,business,,,,,2372,3507,4879,GREAT LAKES CHEESE CO,OH,"Great Lakes Cheese Co., Inc.",Economic Development Grant,671,Food Sciences and Agriculture,5100000,business,"Great Lakes Cheese Co., Inc.",OH,https://www.greatlakescheese.com/,500-4999,https://www.geaugamapleleaf.com/news/john-epprecht-describes-huge-expansion-of-glc-operation/,2020,C,yes,"Privately held, Epprecht family-controlled cheese packer headquartered in Hiram with employees holding a 20% ESOP stake; a February 2020 presentation put the Hiram plant at more than 500 workers and the new headquarters at 253, its Form 5500 counted 3,507 participants in 2019 (4,879 by 2023), and JobsOhio shows 671 retained jobs on the $5.1M grant. Company-wide it sat under 5,000 in 2020-2021 but is close to that line now."
EIN:310925242,Honda of America Mfg Inc,310925242,Anna,OH,,5000000,2,2015 2016,business,,,,,,,,,,Honda of America Mfg Inc.,Economic Development Grant,2520,Automotive,6800000,business,"Honda Motor Co., Ltd.",Japan,https://en.wikipedia.org/wiki/Honda,5000+,https://en.wikipedia.org/wiki/Honda,2016,B,no,"Honda of America Mfg., Inc. (Marysville, Anna and East Liberty plants) was the U.S. manufacturing subsidiary of Tokyo-based Honda Motor Co., which employed roughly 200,000 people worldwide in 2015-2016 (194,173 in 2025); JobsOhio shows 2,520 retained jobs on the Anna engine plant project. In 2020 the entity was folded into Honda Development & Manufacturing of America, LLC."
EIN:341823010,JEFFERIS REAL ESTATE LLC,341823010,BARNESVILLE,OH,,5000000,2,2019 2020,site_development,,,,,,,,,,"Jefferis Real Estate, LLC *",Revitalization Grant,0,Other,5000000,site_development,"Jefferis Real Estate, LLC (T.J. and John Jefferis Sr.)",OH,https://www.daily-jeff.com/story/news/2018/05/09/barnesville-firm-honored-by-development/12214242007/,<100,https://www.daily-jeff.com/story/news/2018/05/09/barnesville-firm-honored-by-development/12214242007/,2018,C,yes,"Family real-estate developer founded in Barnesville in 2001 by brothers T.J. and John Jefferis Sr.; by 2018 it had built nine leased industrial buildings in Barnesville-area industrial parks, mostly for oil and gas tenants employing over 400 people, and JobsOhio's June 2018 report shows a $5M Revitalization Grant against $6.4M of investment and zero direct jobs. No headcount is published; a two-owner developer of this kind is very likely under 100 employees, and the 400 jobs belong to tenants, not to Jefferis."
EIN:344269370,MIDMARK CORPORATION,344269370,VERSAILLES,OH,,5000000,2,2019 2020,business,,,,,1246,1678,2467,MIDMARK CORPORATION,OH,Midmark Corporation,Economic Development Grant; Research & Development Grant,1082,Healthcare,5150000,business,Midmark Corporation,OH,https://www.jobsohio.com/newsroom/news-press/midmark-expands-its-healthcare-manufacturing-footprint-in-ohio,500-4999,https://www.jobsohio.com/newsroom/news-press/midmark-expands-its-healthcare-manufacturing-footprint-in-ohio,2020,B,yes,"Private, family-controlled medical and dental equipment maker founded in Versailles in 1915 with corporate offices in Miamisburg (Dayton area); the JobsOhio release on the Versailles expansion cites nearly 2,000 employees worldwide, 1,002 retained and 99 new jobs, and its Form 5500 shows 1,678 participants in 2019."
EIN:311609283,ANDELYN BIOSCIENCES INC,311609283,COLUMBUS,OH,,5000000,1,2022,business,,,,,,,,,,"Andelyn Biosciences, Inc.",Growth Fund Loan; Research & Development Grant,170,Healthcare,8500000,business,Nationwide Children's Hospital,OH,https://www.jobsohio.com/newsroom/news-press/andelyn-biosciences-establishes-commercial-scale-gene-therapy-manufacturing-facility-in-ohio,5000+,https://en.wikipedia.org/wiki/Nationwide_Children%27s_Hospital,2022,B,yes,"Andelyn is a for-profit gene-therapy contract manufacturer spun out of Nationwide Children's clinical manufacturing group in 2020 and wholly owned by the hospital, which has about 11,900 employees; Andelyn itself committed 170 jobs and JobsOhio gave a $5M R&D Center Grant plus a Growth Fund loan for its 185,000 sq ft Columbus plant. On its own Andelyn would be 100-499; the bucket follows the ultimate parent rule."
EIN:384050738,ENSEMBLE HP,384050738,CINCINNATI,OH,,4919985,3,2019 2020 2021,business,,,,,,,,,,"Ensemble HP, LLC",Economic Development Grant,480,Healthcare,4250000,business,Ensemble Health Partners (majority owned by Golden Gate Capital from August 2019; founded by Bon Secours Mercy Health),OH,https://www.sec.gov/Archives/edgar/data/1865597/000119312521286798/d132904ds1.htm,5000+,https://www.sec.gov/Archives/edgar/data/1865597/000119312521286798/d132904ds1.htm,2021,A,yes,"Cincinnati (Blue Ash) hospital revenue-cycle firm founded 2014 by Mercy Health; Golden Gate Capital took a majority stake on August 1, 2019 and the September 2021 S-1 reports 6,492 full-time employees as of June 30, 2021 with principal offices at 11511 Reed Hartman Highway, Cincinnati. At the first grant year it was smaller (3,600 employees in May 2019 per the Golden Gate deal coverage), so the bucket reflects the later grant years; the IPO was pulled and Warburg Pincus and Berkshire Partners bought in during 2022."
EIN:341421920,Ohio-West Virginia Excavating Co,341421920,Shadyside,OH,,4739868,4,2015 2016 2017 2018,business,,,,,,,,,,Ohio-West Virginia Excavating Co.,Revitalization Grant; Revitalization Grant Phase II,,Shale Energy and Petrochemicals,3277275,site_development,Ohio-West Virginia Excavating Co. (Dennis Hendershot and Roger Lewis),OH,https://wtov9.com/news/local/work-underway-at-future-sight-of-cracker-plant,100-499,https://www.timesleaderonline.com/news/local-news/2022/02/shadyside-approves-ohio-business-for-water-project/,2015,D,unknown,"Shadyside excavating contractor run by Dennis Hendershot and Roger Lewis that owned the largest tract of the 500-acre Dilles Bottom site beside FirstEnergy's Burger plant, which JobsOhio's 2015 Revitalization Grants ($3M plus $277,275) helped prepare for PTT Global Chemical's proposed ethane cracker; the cracker was never built. No source gives a headcount; it bids roughly $1M municipal jobs, so 100-499 is a guess between a small local contractor and a mid-size one, and the grant really paid for site work, hence site_development."
EIN:330054861,HONDA DEVELOPMENT & MANUFACTURING OF AMERICA LLC,330054861,RAYMOND,OH,,4700000,2,2019 2021,business,,,,,,,,,,"Honda Development & Manufacturing of America, LLC",Economic Development Grant; Research & Development Grant,8023,Automotive,232000000,business,"Honda Motor Co., Ltd.",Japan,https://en.wikipedia.org/wiki/Honda,5000+,https://en.wikipedia.org/wiki/Honda,2021,B,no,"Honda Development & Manufacturing of America, LLC (Raymond/Marysville) is the 2020 merger of Honda's North American manufacturing and R&D subsidiaries, wholly owned by Tokyo-based Honda Motor Co. with roughly 200,000 employees worldwide; JobsOhio shows 8,023 retained jobs and $232M of total commitments, most of it the 2022 EV and battery package. The EIN predates the LLC (it was Honda R&D Americas' EIN), which is why grants appear under it in 2019."
EIN:270187277,FCA US LLC,270187277,TOLEDO,OH,,4540017,4,2018 2019 2020 2021,business,,,,,,,,,,FCA US LLC,Economic Development Grant; Workforce Grant,5164,Automotive,4553500,business,Fiat Chrysler Automobiles N.V. (Stellantis N.V. from Jan 2021),United Kingdom,https://www.sec.gov/Archives/edgar/data/1605484/000160548420000011/fca20191231annualreportand.htm,5000+,https://www.sec.gov/Archives/edgar/data/1605484/000160548420000011/fca20191231annualreportand.htm,2019,A,no,"FCA N.V. 20-F for 2019 reports 191,752 employees, incorporated in the Netherlands with principal executive offices in London. FCA US LLC (Toledo Jeep plants) became a Stellantis N.V. (Netherlands) subsidiary on Jan 16, 2021, which covers the FY2021 grant."
EIN:311752368,PORT OF GREATER CINCINNATI DEVELOPMENT AUTHORITY,311752368,CINCINNATI,OH,,4499294,6,2017 2018 2019 2021 2023 2024,government,,,,,,,,,,Port of Greater Cincinnati Development Authority,Revitalization Grant; Revitalization Grant Phase II; Spec Development (OSIP),0,Other,5265238,government,Port of Greater Cincinnati Development Authority,OH,https://www.cincinnatiport.org/about/,<100,https://www.cincinnatiport.org/wp-content/uploads/Port_of_Greater_Cincinnati_Dev_Authority_2024-Hamilton_FINAL-1.pdf,2024,C,yes,Public port authority created by the City of Cincinnati and Hamilton County; grants were Revitalization and OSIP spec-development money passed through to sites. Staff is a few dozen per its website and audited financial report; no exact headcount was published.
EIN:813308222,JSW STEEL USA OHIO INC,813308222,MINGO JUNCTION,OH,,4437946,3,2020 2021 2022,business,,,,,,333,345,"JSW STEEL USA OHIO, INC.",OH,"JSW Steel USA Ohio, Inc.",Revitalization Grant,400,Advanced Manufacturing,6000000,business,JSW Steel Ltd,India,https://www.jobsohio.com/newsroom/news-press/jsw-steel-usa-plans-to-invest-at-least-119-4-million-to-bring-new-jobs-and-technology-to-jefferson-county-plant,5000+,https://en.wikipedia.org/wiki/JSW_Steel,2021,B,no,"JSW Steel USA Ohio is the former Acero Junction mill in Mingo Junction, bought in 2018 by JSW Steel Ltd of Mumbai (JSW Group), which reported well over 10,000 employees through the grant years. Form 5500 shows 333 to 345 participants at the Ohio entity alone; JobsOhio counted 400 retained jobs."
EIN:341797943,NORTH STAR BLUESCOPE STEEL LLC,341797943,DELTA,OH,,4000000,1,2020,business,,,,,432,477,656,NORTH STAR BLUESCOPE STEEL LLC,OH,North Star Bluescope Steel LLC,Economic Development Grant,577,Other,4450000,business,BlueScope Steel Ltd,Australia,https://en.wikipedia.org/wiki/BlueScope,5000+,https://en.wikipedia.org/wiki/BlueScope,2020,C,no,"North Star BlueScope Steel in Delta became wholly owned by Melbourne-based BlueScope Steel after it bought Cargill's 50 percent in 2015; BlueScope reported roughly 14,000 employees in FY2020 and 16,500 in 2024. Form 5500 shows 477 to 656 participants at the Delta mill alone."
EIN:205699765,SILFEX INC,205699765,EATON,OH,,3882369,3,2018 2019 2020,business,,,,,301,636,,SILFEX INC.,OH,"Silfex, Inc.",Economic Development Grant; Workforce Grant,366,Advanced Manufacturing,3700000,business,Lam Research Corporation,CA,https://www.sec.gov/Archives/edgar/data/707549/000070754919000124/lrcx10k2019document.htm,5000+,https://www.sec.gov/Archives/edgar/data/707549/000070754919000124/lrcx10k2019document.htm,2019,A,no,"Silfex is a wholly owned subsidiary of Lam Research (Fremont, CA), whose FY2019 10-K reports approximately 10,700 regular employees. Silfex has operated in Eaton since 1971 and expanded into Springfield, but the parent is Californian."
EIN:020599025,NOVAGARD SOLUTIONS INC,020599025,CLEVELAND,OH,,3876963,3,2022 2023 2024,business,,,,,,,,,,"Novagard Solutions, Inc.",Research & Development Grant,113,Energy and Chemicals,4000000,business,"Novagard Solutions, Inc.",OH,https://novagard.com/about/,100-499,https://www.jobsohio.com/annual-report-2021/economy-results/innovation,2022,B,unknown,"Privately held, woman-owned silicone maker with a single 200,000 sq ft Cleveland site; JobsOhio counted 113 retained jobs and 50 new jobs tied to the R&D Center Grant, and the company cites 45 percent workforce growth from 2018 to 2022. No exact total headcount was published, but one site with roughly 113 to 170 jobs puts it in 100-499."
EIN:316400080,ZANESVILLE MUSKINGUM COUNTY PORT AUTHORITY,316400080,ZANESVILLE,OH,,3865976,3,2017 2021 2022,government,,,,,,,,,,Zanesville Muskingum County Port Authority,Spec Development (OSIP),0,Other,3090000,government,Zanesville-Muskingum County Port Authority,OH,https://zmcport.com/,<100,https://www.chmura.com/blog/how-zanesville-muskingum-county-used-jobseq-to-win-3.1-million-state-grant,2021,C,yes,County economic development port authority that received a $3.09 million JobsOhio spec-development (OSIP) grant to buy and prepare the National Road Business Park site. It is a small public agency with a handful of staff; no headcount is published.
EIN:222784107,LIBBEY GLASS,222784107,TOLEDO,OH,,3750000,2,2022 2023,business,0001377500,LIBBEY GLASS INC.,DE,OH,,,2349,LIBBEY GLASS LLC,OH,Libbey Glass LLC,Economic Development Grant,986,Advanced Manufacturing,5000000,business,Libbey Glass LLC (formerly Libbey Inc.),OH,https://www.sec.gov/Archives/edgar/data/902274/000143774920003729/lby20191231_10k.htm,5000+,https://www.sec.gov/Archives/edgar/data/902274/000143774920003729/lby20191231_10k.htm,2019,B,no,"Libbey's last 10-K (2019) reports 5,872 employees, about 70 percent outside the US; the company went through Chapter 11 in 2020 and emerged privately held by its former lenders as Libbey Glass LLC, still headquartered in Toledo. Founded in 1818 in Massachusetts and moved to Toledo in 1888; Form 5500 shows 2,349 US participants in 2023, so post-bankruptcy worldwide headcount near 5,000 is an estimate."
EIN:340659953,GOJO INDUSTRIES INC,340659953,WOOSTER,OH,,3500000,2,2021 2022,business,,,,,1574,2086,2373,"GOJO INDUSTRIES, INC.",OH,"GOJO Industries, Inc.",Economic Development Grant; Growth Fund Loan,358,Healthcare,17000000,business,"GOJO Industries, Inc.",OH,https://en.wikipedia.org/wiki/GOJO_Industries,500-4999,https://en.wikipedia.org/wiki/GOJO_Industries,2021,B,yes,"Family-owned Purell maker founded in Akron in 1946 and headquartered there; Wooster is a plant. Roughly 2,500 employees, consistent with Form 5500 participant counts of 2,086 (2019) and 2,373 (2023); Clorox agreed to buy GOJO in January 2026, after the grant years."
EIN:822631781,PRATT PAPER (OH) LLC,822631781,WAPAKONETA,OH,,3350000,2,2018 2020,business,,,,,,,,,,"Pratt Paper (OH), LLC",Economic Development Grant; Workforce Grant,0,Advanced Manufacturing,4250000,business,"Pratt Industries, Inc. (Anthony Pratt / Visy group)",GA,https://www.prattindustries.com/,5000+,https://en.wikipedia.org/wiki/Visy_Industries,2020,C,no,"Pratt Paper (OH) LLC is the Wapakoneta recycled-paper mill of Pratt Industries, the Conyers, Georgia US arm of Anthony Pratt's privately held Visy group of Melbourne, Australia; the combined group reported about 11,000 employees in 2020. Pratt Industries alone does not publish a headcount, but with six mills and dozens of plants it is well above 5,000."
EIN:311299990,PAYCOR INC,311299990,CINCINNATI,OH,,3346355,1,2020,business,0001138779,"PAYCOR, INC",DE,OH,936,2069,2935,"PAYCOR, INC.",OH,"Paycor, Inc.",Economic Development Grant,731,Financial Services,4000000,business,"Paycor, Inc. (Paycor HCM, Inc.)",OH,https://www.sec.gov/Archives/edgar/data/1839439/000183943921000011/pycr-20210630.htm,500-4999,https://www.sec.gov/Archives/edgar/data/1839439/000183943921000011/pycr-20210630.htm,2021,A,unknown,"Paycor's first 10-K (FY ended June 30, 2021) reports 2,067 associates and Cincinnati headquarters; Form 5500 shows 2,069 participants in 2019. During the FY2020 grant Paycor was majority owned by private equity firm Apax Partners (acquired Nov 2018), and it went public in July 2021."
EIN:822644964,BREEZE AVIATION GROUP,822644964,COTTONWOOD HEIGHTS,UT,,3318587,3,2022 2023 2024,business,,,,,,,1025,"BREEZE AVIATION GROUP, INC",UT,,,,,,business,"Breeze Aviation Group, Inc.",UT,https://en.wikipedia.org/wiki/Breeze_Airways,500-4999,https://en.wikipedia.org/wiki/Breeze_Airways,2023,B,no,"Breeze Airways, founded by David Neeleman in 2018 and based in Cottonwood Heights, Utah, began flying in May 2021; Form 5500 shows 1,025 plan participants in 2023 and the airline reports about 2,262 employees in 2026. The grants are JobsOhio Air Service Restoration payments for routes at Akron-Canton, not a plant or office project."
EIN:871928352,AMERICAN NITRILE OPERATIONS LLC,871928352,GROVE CITY,OH,,3303561,3,2022 2023 2024,business,,,,,,,33,"AMERICAN NITRILE OPERATIONS, LLC",OH,"American Nitrile Operations, LLC",Economic Development Grant,0,Advanced,3000000,business,American Nitrile LLC,OH,https://www.americannitrile.com/about/,100-499,https://abc6onyourside.com/news/local/american-nitrile-plant-ppe-factory-produce-medical-gloves-bring-hundreds-of-jobs-to-grove-city-central-ohio-founder-jacob-block-3-9-2022,2023,C,yes,"Privately held glove startup founded in Grove City in 2021 by Jacob Block, financed with $105 million from Orion Infrastructure Capital, and the first pre-revenue company to get a JobsOhio grant ($3.5 million committed). It planned 400 jobs, but Form 5500 shows only 33 plan participants in 2023, so actual headcount in the grant years may have been under 100."
EIN:951572209,NESTLE USA INC,951572209,SOLON,OH,,3200000,5,2016 2018 2020 2021,business,,,,,52831,44615,50603,"NESTLE USA, INC. SAVINGS PLAN ADMINISTRATION",OH,"Nestle USA, Inc.",Economic Development Grant; Workforce Grant,1251,Food and Agribusiness,1200000,business,Nestlé S.A.,Switzerland,https://en.wikipedia.org/wiki/Nestl%C3%A9,5000+,https://en.wikipedia.org/wiki/Nestl%C3%A9,2019,B,no,"Nestle USA (Solon R&D and headquarters functions) is a subsidiary of Nestlé S.A. of Vevey, Switzerland, which reported 291,000 employees in 2019 and 276,000 in 2021. Form 5500 shows over 44,000 US plan participants."
EIN:454081743,SEEFRIED DEVELOPMENT MANAGEMENT INC,454081743,ATLANTA,GA,,3150000,1,2021,business,,,,,,,,,,,,,,,site_development,"Seefried Industrial Properties, Inc.",GA,https://www.seefriedproperties.com/,<100,https://www.linkedin.com/company/seefried-industrial-properties-inc-,2021,C,no,"Seefried is a privately held Atlanta industrial developer (founded 1984 by Ferdinand Seefried) with roughly 58 employees per LinkedIn; it built Amazon's Ohio fulfillment centers, including the Akron Rolling Acres site named in JobsOhio's 2019 release. The FY2021 grant is site money for an Amazon building, so the beneficiary tenant was Amazon, not a small company."
EIN:316000056,CITY OF SPRINGFIELD OHIO,316000056,SPRINGFIELD,OH,STATE OF OHIO,3126105,2,2023 2024,government,,,,,,,,,,City of Springfield,Aerospace and Defense Opportunity Grant; Spec Development (OSIP),0,Other Western,3476105,government,"City of Springfield, Ohio",OH,https://www.springfieldohio.gov/,500-4999,https://www.jobsohio.com/industries/advanced-aerospace-defense/advanced-air-mobility,2023,D,yes,"Municipal government; grants were an Aerospace and Defense Opportunity Grant and OSIP money for the National Advanced Air Mobility Center of Excellence and related infrastructure at Springfield-Beckley Municipal Airport. City workforce is in the several hundreds, but no published headcount was found on the city site or in JobsOhio materials."
EIN:474927987,ALTIVIA PETROCHEMICALS LLC,474927987,HAVERHILL,OH,,3100000,5,2017 2018 2019 2020 2021,business,,,,,,,418,"ALTIVIA PETROCHEMICALS, LLC",TX,"Altivia Petrochemicals, LLC",Economic Development Grant; Revitalization Grant; Workforce Grant,137,Shale Energy and Petrochemicals,1700000,business,ALTIVIA Corporation,TX,https://www.jobsohio.com/newsroom/news-press/altivia-expands-for-a-second-time-at-ohio-facility,100-499,https://www.linkedin.com/company/altivia-corporation,2021,C,no,"Altivia Petrochemicals is a unit of privately owned ALTIVIA of Houston (founded 1986), which bought the Haverhill phenol plant in 2015; JobsOhio counted 137 retained jobs there and LinkedIn lists about 220 employees company-wide. Form 5500 shows 418 participants at the petrochemicals unit in 2023, so total headcount across ALTIVIA's seven units could be near 500."
EIN:205152100,TOTAL QUALITY LOGISTICS LLC,205152100,CINCINNATI,OH,,3050000,2,2020 2021,business,,,,,,,,,,"Total Quality Logistics, LLC",Economic Development Grant; Workforce Grant,2623,Logistics and Distribution,7575000,business,"Total Quality Logistics, LLC",OH,https://www.jobsohio.com/newsroom/ohio-success/total-quality-logistics-continues-to-invest-millions-in-ohio,5000+,https://www.jobsohio.com/newsroom/ohio-success/total-quality-logistics-continues-to-invest-millions-in-ohio,2020,B,yes,"Privately held freight brokerage founded in Cincinnati in 1997 by Ken Oaks and headquartered in Union Township, Clermont County; JobsOhio's 2022 release puts headcount over 9,000 after 49 percent growth in 2021, implying roughly 6,000 in 2020. JobsOhio counted 2,623 retained Ohio jobs."
EIN:753033627,MEDPACE INC,753033627,CINCINNATI,OH,,3000000,3,2018 2019 2020,business,,,,,1529,2189,3462,"MEDPACE, INC.",OH,"Medpace, Inc.",Economic Development Grant; Workforce Grant,1916,Biohealth,26000000,business,"Medpace Holdings, Inc.",OH,https://www.sec.gov/Archives/edgar/data/1668397/000156459020006385/medp-10k_20191231.htm,500-4999,https://www.sec.gov/Archives/edgar/data/1668397/000156459020006385/medp-10k_20191231.htm,2019,A,yes,"Medpace's 2019 10-K reports approximately 3,500 employees worldwide and Cincinnati headquarters; founded there in 1992 by August Troendle. Form 5500 shows 2,189 participants in 2019 and 3,462 in 2023, and JobsOhio counted 1,916 retained Ohio jobs."
EIN:261531856,DANA LIMITED,261531856,MAUMEE,OH,,3000000,1,2019,business,0000026780,DANA Inc,DE,OH,,,,,,Dana Limited,Economic Development Grant; Research & Development Grant,929,Automotive,3700000,business,Dana Incorporated,OH,https://www.sec.gov/Archives/edgar/data/26780/000002678019000004/dan-20181231x10k.htm,5000+,https://www.sec.gov/Archives/edgar/data/26780/000002678019000004/dan-20181231x10k.htm,2018,A,unknown,"Dana Limited is a subsidiary of Dana Incorporated (NYSE: DAN), headquartered in Maumee, whose 2018 10-K reports approximately 30,900 employees. The 10-K traces the business to 1904 but does not name the founding city."
EIN:831622986,NSG GLASS NORTH AMERICA INC,831622986,LUCKEY,OH,,3000000,3,2019 2020 2021,business,,,,,,,,,,"NSG Glass North America, Inc",Economic Development Grant; Workforce Grant,0,Advanced Manufacturing,3000000,business,"Nippon Sheet Glass Co., Ltd. (NSG Group)",Japan,https://rgp.org/nsg-group-creates-new-solar-glass-production-line-in-northwest-ohio/,5000+,https://en.wikipedia.org/wiki/Nippon_Sheet_Glass,2024,B,no,"NSG Glass North America Inc. is the U.S. subsidiary that built the Luckey/Troy Township float and TCO glass plant (announced Oct 2018, opened Nov 2020, 125-150 jobs) to supply First Solar. Parent NSG Group is Tokyo-based with 25,356 employees as of March 2024 (higher, around 27,000, in the 2019-2021 grant years); it acquired Ohio-rooted Pilkington North America in 2006."
EIN:251635459,PRO-TEC COATING COMPANY LLC,251635459,LEIPSIC,OH,,3000000,1,2019,business,,,,,329,397,763,PRO-TEC COATING COMPANY,OH,"Pro-Tec Coating Company, LLC.",Economic Development Grant,310,Other,3000000,business,United States Steel Corp. and Kobe Steel Ltd. (50/50 joint venture),PA,https://www.sec.gov/Archives/edgar/data/1163302/000116330217000058/exhibit991pro-teccglline.htm,5000+,https://en.wikipedia.org/wiki/U.S._Steel,2019,A,no,"PRO-TEC is a 50/50 JV of U.S. Steel (Pittsburgh, PA) and Kobe Steel (Kobe, Japan) per U.S. Steel's SEC exhibit on the $400M Leipsic galvanizing line that started up in 2019; neither partner alone controls, so PA is the U.S. partner's HQ and Japan is the other half. Both parents have tens of thousands of employees (U.S. Steel about 22,000-28,000; Kobe Steel about 38,000); the JV itself reported 397 Form 5500 participants in 2019 and 310 retained jobs."
EIN:562341010,ADAMS COUNTY CIC,562341010,WEST UNION,OH,,2984174,1,2024,government,,,,,,,,,,Adams County CIC,Spec Development (OSIP),0,N/a,4234600,nonprofit,Adams County Community Improvement Corporation,OH,https://www.adamscountyohecd.com/adams-county-community-improvement-corporation-cic-receives-4-2-million-jobsohio-grant-to-develop-the-winchester-industrial-park-and-attract-new-business/,<100,https://www.adamscountyohecd.com/adams-county-community-improvement-corporation-cic-receives-4-2-million-jobsohio-grant-to-develop-the-winchester-industrial-park-and-attract-new-business/,2024,B,yes,"County community improvement corporation (a nonprofit economic development corporation under Ohio law) that received a $4.2M JobsOhio site grant through the JobsOhio-Ohio Southeast Site Initiative/OSIP to build water, sewer and a road for the Winchester Industrial Park. Staffed by the county's economic development office, so headcount is a handful; no employee figure is published."
EIN:113751366,QUALITY ELECTRODYNAMICS LLC,113751366,MAYFIELD VILLAGE,OH,,2700001,3,2018 2021 2022,business,,,,,119,178,191,"QUALITY ELECTRODYNAMICS, LLC",OH,Quality Electrodynamics LLC,Research & Development Grant,149,Biohealth,2100000,business,Canon Inc.,Japan,https://qedinnovations.com/canon-inc-acquires-qed-majority-interest/,5000+,https://en.wikipedia.org/wiki/Canon_Inc.,2021,B,no,"Canon Inc. (Tokyo, about 184,000 employees in 2021) bought 70% of QED on Oct 31, 2019 and consolidates it, covering the 2021 and 2022 grants; the 2018 grant predates the sale, when QED was founder-owned with about 175 employees. QED itself was founded in Mayfield Village in 2006 by Hiroyuki Fujita, who kept the remaining 30%."
EIN:420497670,PELLA CORPORATION,420497670,PELLA,IA,,2600000,1,2022,business,,,,,7257,8521,11593,PELLA CORPORATION,IA,Pella Corporation,Revitalization Grant; Workforce Grant,0,Advanced Manufacturing,2600000,business,Pella Corporation,IA,https://en.wikipedia.org/wiki/Pella_Corporation,5000+,https://en.wikipedia.org/wiki/Pella_Corporation,2019,B,no,"Privately held window and door maker founded 1925 in Pella, Iowa, with about 7,000 employees (2019) to 10,000 nationwide; its own Form 5500 plan shows 8,521 participants in 2019 and 11,593 in 2023, consistent with 5000+. The grant supported a new Troy, Ohio manufacturing plant."
EIN:820544687,AMAZONCOM SERVICES LLC,820544687,WASHNGTON,DC,,2535025,2,2018 2022,business,,,,,,397908,1295394,"AMAZON.COM SERVICES, LLC",WA,,,,,,business,"Amazon.com, Inc.",WA,https://www.sec.gov/Archives/edgar/data/1018724/000101872423000004/amzn-20221231.htm,5000+,https://www.sec.gov/Archives/edgar/data/1018724/000101872423000004/amzn-20221231.htm,2022,A,no,"Amazon.com Services LLC is the operating subsidiary of Amazon.com, Inc. (Seattle), which reported about 1,541,000 full- and part-time employees at Dec 31, 2022 in its 10-K. The Form 5500 plan under this EIN had 1,295,394 participants in 2023."
EIN:341699247,HYLAND SOFTWARE INC,341699247,WESTLAKE,OH,,2500001,2,2018 2020,business,0001064226,HYLAND SOFTWARE INC,,OH,1827,3242,4119,"HYLAND SOFTWARE, INC.",OH,"Hyland Software, Inc.",Economic Development Grant; Workforce Grant,1507,Information Services and Software,2500000,business,"Hyland Software, Inc. (majority owned by Thoma Bravo)",OH,https://www.thomabravo.com/portfolio/hyland,500-4999,https://topworkplaces.com/company/hyland-software-inc/,2019,B,yes,"Founded 1991 and headquartered in Westlake; private equity firm Thoma Bravo has been majority owner since 2007. Form 5500 participants were 3,242 in 2019 and Top Workplaces lists about 3,500 US employees, so the company was under 5,000 in the 2018-2020 grant years (it reached roughly 5,000 by 2023, when it cut 1,000 jobs)."
EIN:360698440,ABBOTT LABORATORIES,360698440,COLUMBUS,OH,,2500000,2,2023 2024,business,0000001800,ABBOTT LABORATORIES,IL,IL,28954,48274,59088,ABBOTT LABORATORIES,IL,Abbott Laboratories,Economic Development Grant; Revitalization Grant,428,Healthcare,2950000,business,Abbott Laboratories,IL,https://www.sec.gov/Archives/edgar/data/1800/000162828024005348/abt-20231231.htm,5000+,https://www.sec.gov/Archives/edgar/data/1800/000162828024005348/abt-20231231.htm,2023,A,no,"Public company headquartered in Abbott Park, Illinois; its FY2023 10-K reports approximately 114,000 employees, 69% outside the U.S. The Ohio grants relate to the Columbus nutrition plant (428 retained jobs per JobsOhio metrics)."
EIN:371700146,SOFIDEL AMERICA CORP,371700146,CIRCLEVILLE,OH,,2400000,3,2018 2019 2020,business,,,,,347,1244,1971,SOFIDEL AMERICA CORP.,PA,Sofidel America Corp.,Economic Development Grant; Growth Fund Loan; Workforce Grant,469,Advanced Manufacturing,10900000,business,Sofidel S.p.A. (Sofidel Group; Stefani and Lazzareschi families),Italy,https://en.wikipedia.org/wiki/Sofidel_Group,5000+,https://en.wikipedia.org/wiki/Sofidel_Group,2019,C,no,"Sofidel America Corp. is the U.S. arm of the family-owned Sofidel Group of Porcari, Italy, which had more than 6,400 employees around 2019 (6,900 by 2023); the Circleville tissue plant opened Oct 2018 as the group's largest. The U.S. entity's own Form 5500 plan grew from 347 participants (2015) to 1,244 (2019)."
EIN:202931565,AMG VANADIUM LLC,202931565,CAMBRIDGE,OH,,2400000,1,2020,business,,,,,133,183,260,AMG VANADIUM LLC,OH,AMG Vanadium LLC,Revitalization Grant,0,Energy and Chemicals,2400000,business,AMG Advanced Metallurgical Group N.V.,Netherlands,https://www.globenewswire.com/en/news-release/2021/03/11/2191615/0/en/AMG-Advanced-Metallurgical-Group-N-V-Publishes-2020-Annual-Report.html,500-4999,https://www.globenewswire.com/en/news-release/2021/03/11/2191615/0/en/AMG-Advanced-Metallurgical-Group-N-V-Publishes-2020-Annual-Report.html,2020,A,no,"AMG Vanadium LLC (Cambridge, OH, about 155 employees) is a wholly owned subsidiary of Amsterdam-listed AMG Advanced Metallurgical Group N.V., whose 2020 annual report states approximately 3,000 employees worldwide. The grant supported the $300M second plant in Zanesville."
EIN:341696662,WESTERN RESERVE PORT AUTHORITY,341696662,YOUNGSTOWN,OH,,2349478,3,2017 2023 2024,government,,,,,,,,,,Western Reserve Port Authority,Aerospace and Defense Opportunity Grant; Revitalization Grant Phase II; Spec Development (OSIP),,TBD,4809478,government,Western Reserve Port Authority,OH,https://en.wikipedia.org/wiki/Youngstown%E2%80%93Warren_Regional_Airport,<100,https://codes.ohio.gov/ohio-revised-code/chapter-4582,2023,C,yes,Port authority created under Ohio Revised Code Chapter 4582 with board members appointed by the Mahoning and Trumbull county commissioners; it owns the Youngstown-Warren Regional Airport and received OSIP spec-building and aerospace grants. A political subdivision with a small staff; no employee count published.
EIN:930797222,SAREPTA THERAPEUTICS,930797222,CAMBRIDGE,MA,,2348087,3,2021 2022 2023,business,0000873303,"Sarepta Therapeutics, Inc.",DE,MA,217,575,1415,"SAREPTA THERAPEUTICS, INC.",MA,"Sarepta Therapeutics, Inc.",Economic Development Grant,138,Healthcare,4000000,business,"Sarepta Therapeutics, Inc.",MA,https://www.sec.gov/Archives/edgar/data/873303/000095017023005062/srpt-20221231.htm,500-4999,https://stockanalysis.com/stocks/srpt/employees/,2022,B,no,"Public biotech headquartered in Cambridge, MA (FY2022 10-K); 10-K-derived headcounts were 840 (2021), 1,162 (2022) and 1,314 (2023), with 575 Form 5500 participants in 2019 and 1,415 in 2023. The grants supported its Columbus gene therapy facilities (138 retained jobs)."
EIN:311492675,ATHENS COUNTY PORT AUTHORITY,311492675,ATHENS,OH,,2313600,3,2021 2022 2024,government,,,,,,,,,,,,,,,government,Athens County Port Authority,OH,https://codes.ohio.gov/ohio-revised-code/chapter-4582,<100,https://codes.ohio.gov/ohio-revised-code/chapter-4582,2022,C,yes,"County port authority, a political subdivision organized under Ohio Revised Code Chapter 4582, used as the public vehicle for JobsOhio site grants in Athens County. No project release or staffing figure was found online (searched OhioSE, JobsOhio and Athens news sites); a small-staff public body regardless."
EIN:311703368,CARESOURCE MANAGEMENT SERVICES LLC,311703368,DAYTON,OH,,2300000,1,2020,business,,,,,2186,4622,,CARESOURCE MANAGEMENT GROUP CO,OH,"CareSource Management Services, LLC",Workforce Grant,2767,Healthcare,560000,nonprofit,CareSource (nonprofit managed care organization),OH,https://en.wikipedia.org/wiki/CareSource,500-4999,https://en.wikipedia.org/wiki/CareSource,2020,B,yes,"CareSource Management Services LLC is the management subsidiary of CareSource, a Dayton nonprofit Medicaid/Medicare health plan founded in 1989 with about 4,500 employees and $11.8B revenue in 2020 (Form 5500 sponsor CareSource Management Group had 4,622 participants in 2019). Classed nonprofit rather than hospital because it is an insurer, not a health system."
EIN:132933685,THE BABCOCK & WILCOX COMPANY,132933685,CHARLOTTE,NC,,2272675,2,2020 2023,business,,,,,7803,7259,6551,THE BABCOCK & WILCOX COMPANY,OH,The Babcock & Wilcox Company,Economic Development Grant,750,Advanced Manufacturing,2500000,business,"Babcock & Wilcox Enterprises, Inc.",OH,https://www.sec.gov/Archives/edgar/data/1630805/000163080521000004/bw-20201231.htm,500-4999,https://www.sec.gov/Archives/edgar/data/1630805/000163080521000004/bw-20201231.htm,2020,A,no,"NYSE-listed B&W moved its headquarters from Charlotte to Akron on Dec 30, 2019 (the Charlotte address in the 990 is the old one), and its FY2020 10-K reports approximately 2,100 employees worldwide. Form 5500 participants (7,259 in 2019) run far above headcount because they include retirees and former employees of the much larger pre-2015 company."
EIN:381888757,JAC PRODUCTS INC,381888757,SALINE,MI,,2270325,3,2019 2020 2021,business,,,,,1363,1910,1599,"JAC PRODUCTS, INC.",MI,"JAC Products, Inc.",Economic Development Grant; Workforce Grant,0,Automotive,1775000,business,"JAC Products, Inc. (privately held)",MI,https://archive.businessviewmagazine.com/jac-products-inc/,500-4999,https://archive.businessviewmagazine.com/jac-products-inc/,2019,B,unknown,"Private automotive roof-rack maker headquartered in Saline, Michigan (technical center in Pontiac) with about 1,500 North American employees in 2015 and 1,910 Form 5500 participants in 2019; the Ohio project is a Napoleon, OH plant. Ownership has been reported as venture/private capital in the past, but no current owner filing was found."
EIN:344412691,CROWN EQUIPMENT CORPORATION,344412691,NEW BREMEN,OH,,2229000,2,2019 2023,business,,,,,8280,11737,13625,CROWN EQUIPMENT CORPORATION,OH,Crown Equipment Corporation,Economic Development Grant; Workforce Grant,4348,Advanced Manufacturing,2329000,business,Crown Equipment Corporation (Dicke family),OH,https://www.crown.com/en-us/about-us.html,5000+,https://en.wikipedia.org/wiki/Crown_Equipment_Corporation,2019,B,yes,"Family-owned lift truck maker founded 1945 in New Bremen, Ohio, with about 20,900 employees worldwide today and 11,737 Form 5500 participants in 2019; JobsOhio counts 4,348 retained Ohio jobs. Fourth generation of the Dicke family still leads it."
EIN:471150410,XELLIA PHARMACEUTICALS USA LLC,471150410,BEDFORD,OH,,2200000,2,2018 2020,business,,,,,,419,457,XELLIA PHARMACEUTICALS USA LLC,IL,Xellia Pharmaceuticals USA LLC,Economic Development Grant; Revitalization Grant; Workforce Grant,180,Healthcare,2200000,business,Xellia Pharmaceuticals ApS (wholly owned by Novo Holdings A/S),Denmark,https://www.biospace.com/xellia-pharmaceuticals-cleveland-ohio-manufacturing-facility-commercially-operational-for-production-of-key-anti-infective-drug-products-for-us-hospitals-and-patients,500-4999,https://www.biospace.com/xellia-pharmaceuticals-cleveland-ohio-manufacturing-facility-commercially-operational-for-production-of-key-anti-infective-drug-products-for-us-hospitals-and-patients,2021,B,no,"Copenhagen-based anti-infectives maker with over 1,800 employees globally (2021) and more than 300 at the Bedford, Ohio plant it bought from Boehringer Ingelheim in 2015; wholly owned since 2013 by Novo Holdings A/S, the Novo Nordisk Foundation's investment arm. Form 5500 participants at the U.S. entity were 419 in 2019."
EIN:310816401,CALDWELL MOBILE HOME SALES INC,310816401,CALDWELL,OH,,2065524,2,2023 2024,business,,,,,,,,,,,,,,,site_development,"Caldwell Mobile Home Sales, Inc. / Crock Construction (family-owned)",OH,https://www.jobsohio.com/newsroom/news-press/new-business-park-in-noble-county-announces-4-8-million-investment,<100,https://www.jobsohio.com/newsroom/news-press/new-business-park-in-noble-county-announces-4-8-million-investment,2022,D,yes,"Landowner and developer of the Caldwell East of I-77 Business Park in Noble County, funded with over $2.4M in JobsOhio-Ohio Southeast Site Initiative grants (April 2022 release), described as a third-generation family-owned local construction and manufactured-home retail company. No employee count, Form 5500 or directory listing was found; a rural family retailer with no pension filing is almost certainly under 100."
EIN:340891000,VOSS INDUSTRIES LLC,340891000,CLEVELAND,OH,,2026129,2,2019 2020,business,,,,,291,170,,"VOSS INDUSTRIES, INC. EMPLOYEE STOCK OWNERSHIP PLAN AND TRUST",OH,"Voss Industries, LLC",Economic Development Grant; Revitalization Grant; Revitalization Grant Phase II; Workforce Grant,335,Aerospace and Aviation,2834000,business,"Stanley Black & Decker, Inc. (via Consolidated Aerospace Manufacturing; CAM was Tinicum-owned until Feb 2020)",CT,https://www.sec.gov/Archives/edgar/data/93556/000009355620000012/swk-q12020.htm,5000+,https://www.sec.gov/Archives/edgar/data/93556/000009355621000008/swk-20210102.htm,2020,B,no,"Voss was bought from its ESOP in Sept 2014 by Consolidated Aerospace Manufacturing (CAM), a Tinicum private equity portfolio company, which Stanley Black & Decker (New Britain, CT; about 53,100 employees) acquired for $1.46B on Feb 24, 2020, inside the FY2020 grant year. During the FY2019 grant the owner was PE-backed CAM, whose group headcount was not published; Voss alone had 170-291 Form 5500 participants."
EIN:980380782,TOPRE AMERICA CORPORATION,980380782,SPRINGFIELD,OH,,2025000,4,2018 2019 2020 2022,business,,,,,597,920,1925,TOPRE AMERICA CORPORATION,AL,Topre America Corporation,Economic Development Grant; Workforce Grant,580,Automotive,2525000,business,Topre Corporation,Japan,https://www.topre.co.jp/en/company/profile.html,5000+,https://www.topre.co.jp/en/company/profile.html; https://www.jobsohio.com/newsroom/news-press/automotive-supplier-topre-goes-big-on-second-expansion,2026,C,no,"Topre America is the Springfield subsidiary of Tokyo-listed Topre Corporation; the company profile lists 6,860 consolidated employees as of March 2026, and the Springfield plant alone had 920 Form 5500 participants in 2019 and 580 retained jobs. A grant-year (2018-2022) consolidated figure was not fetched, so the 5000+ bucket rests on the 2026 count."
EIN:854115123,LOC PERFORMANCE PRODUCTS LLC,854115123,PLYMOUTH,MI,,2007102,2,2023 2024,business,0001837752,"CP Prime Holdings, L.P.",DE,DC,,,,,,"Loc Performance Products, LLC",Economic Development Grant; Workforce Grant,450,Advanced Manufacturing,2200000,business,"Loc Performance Products, LLC",MI,https://www.prnewswire.com/news-releases/loc-performance-adds-capacity-for-trackman-in-st-marys-facility-301764105.html,500-4999,https://www.prnewswire.com/news-releases/loc-performance-adds-capacity-for-trackman-in-st-marys-facility-301764105.html; https://www.jobsohio.com/newsroom/news-press/defense-contractor-loc-performance-products-to-create-250-new-jobs-in-auglaize-county,2023,B,no,"Plymouth, Michigan defense and ag-track maker with more than 980 employees (Feb 2023 release) that bought Continental's St. Marys plant in Dec 2021 and committed 250 new jobs plus 450 retained. The EIN maps to CP Prime Holdings, L.P., a Form D filer c/o The Carlyle Group (sec.gov CIK 1837752), so the operating company is treated as the parent with Carlyle as private-equity owner."
EIN:341517671,ProMedica Health System Inc,341517671,Toledo,OH,,2000000,1,2018,hospital,,,,,16527,19307,21076,"PROMEDICA HEALTH SYSTEM, INC.",OH,"ProMedica Health System, Inc.",Revitalization Grant; Revitalization Loan,900,Biohealth,6000000,hospital,"ProMedica Health System, Inc.",OH,https://en.wikipedia.org/wiki/ProMedica,5000+,"Form 5500 participants 19,307 (2019) for EIN 341517671; https://en.wikipedia.org/wiki/ProMedica",2019,B,yes,"Toledo-based nonprofit health system founded 1986; its own retirement plan had 16,527 participants in 2015 and 19,307 in 2019, and the 2018 HCR ManorCare acquisition pushed total headcount well above that. Grant was a Revitalization Grant and Loan for the downtown Toledo headquarters project (900 jobs retained)."
EIN:814480790,NANOGATE NORTH AMERICA,814480790,MANSFIELD,OH,,2000000,2,2019 2020,business,,,,,,,,,,,,,,,business,Nanogate SE,Germany,https://richlandsource.com/business/nanogate-jay-to-bring-7-million-research-development-center-to-mansfield/article_a34973a6-3e53-11e8-a2f5-0fa677662a0f.html,500-4999,https://de.wikipedia.org/wiki/Nanogate,2017,C,no,"Nanogate North America (Nanogate Jay Systems, the former Jay Plastics of Mansfield) was the US arm of Nanogate SE of Goettelborn, Germany, which had 1,209 employees in 2017 and about 400 in Mansfield; the $2 million JobsOhio grant funded a Mansfield R&D center announced April 2018. Nanogate SE filed for insolvency in June 2020 and its core business went to Techniplas in 2021, so ownership changed right at the end of the grant years."
EIN:300998435,UPTOWN SEQ HOLDINGS LLC,300998435,CINCINNATI,OH,,2000000,1,2020,business,,,,,,,,,,"Uptown SEQ Holdings, LLC*",Revitalization Grant,0,Other,2000000,site_development,Terrex Development & Construction (Uptown Gateway),OH,https://terrexllc.com/uptown-gateway-project-groundbreaking/; https://www.cincinnatiport.org/projects/uptown-gateway/,<100,https://terrexllc.com/about/,2020,D,unknown,"SEQ matches the southeast quadrant of MLK Drive and Reading Road in Cincinnati, the 5.8-acre Uptown Gateway site developed by Cincinnati-based Terrex (founded 2014) with Messer Construction; the asterisk in JobsOhio's metrics marks it as a project entity. No source was found that names Uptown SEQ Holdings LLC's owner directly, and Terrex publishes no headcount, so parent and size are inferred."
EIN:340688825,SWAGELOK MANUFACTURING COMPANY LLC,340688825,SOLON,OH,,2000000,1,2021,business,,,,,5104,5777,6940,SWAGELOK COMPANY,OH,"Swagelok Manufacturing Company, LLC",Economic Development Grant,5237,Advanced Manufacturing,2000000,business,Swagelok Company,OH,https://en.wikipedia.org/wiki/Swagelok,5000+,"Form 5500 participants 5,777 (2019) for sponsor Swagelok Company; https://en.wikipedia.org/wiki/Swagelok",2021,B,yes,"Swagelok Manufacturing Company LLC is a unit of privately held Swagelok Company of Solon, founded in Cleveland in 1947, with over 5,700 associates; JobsOhio's own report shows 5,237 jobs retained on this grant. The company is private, so no SEC figure exists."
EIN:844259311,3251 WESTERVILLE RD LLC,844259311,COLUMBUS,OH,,2000000,1,2023,business,,,,,,,,,,3251 Westerville Rd LLC,Revitalization Grant; Revitalization Loan,0,Advanced Manufacturing,4000000,site_development,Connect Realty (Connect Housing Blocks),OH,https://www.financefund.org/wp-content/uploads/2022/12/Connect-Housing-Blocks.pdf,<100,https://www.financefund.org/wp-content/uploads/2022/12/Connect-Housing-Blocks.pdf,2022,C,unknown,"Address-named LLC for the former 500,000 sq ft retail site at 3251 Westerville Road, converted into a modular-home factory by Connect Housing Blocks, a subsidiary of Columbus developer Connect Realty (founder Brad DeHays), with a 300-job target. The factory was a startup at the 2023 grant, so the <100 bucket reflects the developer, not the planned jobs."
EIN:861821916,PLASTILENE INC,861821916,WASHINGTON COURT HOUSE,OH,,2000000,1,2023,business,,,,,,,,,,Plastilene Inc.,Research & Development Grant,0,Food and Agribusiness,2000000,business,Grupo Plastilene S.A.S.,Colombia,https://www.jobsohio.com/newsroom/news-press/world-leader-in-food-packaging-to-open-rd-center-establish-u-s-operations-in-washington-court-house; https://en.grupoplastilene.com/plastilene-group-opened-production-facility-in-usa/,500-4999,https://www.wosu.org/2023-06-08/major-food-packaging-company-opens-first-location-washington-court-house-ohio,2023,D,no,"Plastilene Inc. is the first US operation of Bogota-based Grupo Plastilene, which runs plants in Colombia, Ecuador and Guatemala and committed 58 R&D jobs and about $41-48 million in Washington Court House. No source giving the group's worldwide headcount was found (company site, JobsOhio release, WOSU and Dayton Development Coalition checked), so the bucket is a guess for a multi-country packaging manufacturer."
EIN:871557737,PROJECT BORON LLC,871557737,CLEVELAND,OH,,2000000,2,2023 2024,business,,,,,,,,,,,,,,,site_development,Orlando Baking Company (with developer Weston Inc.),OH,https://www.clevelandohio.gov/city-hall/departments/law/divisions/office-equal-opportunity/cba/projects/boron-orlando-baking; https://thelandcle.org/stories/despite-empty-land-companies-see-improvements-along-opportunity-corridor-with-promises-of-more-to-come/,100-499,https://thelandcle.org/stories/despite-empty-land-companies-see-improvements-along-opportunity-corridor-with-promises-of-more-to-come/,2023,B,yes,"Project Boron is the 156,000 sq ft Cleveland Cold Storage building on Broadway Avenue, built by Cleveland industrial developer Weston Inc. for family-owned Orlando Baking (about 330 employees in 2023) with a $2 million JobsOhio Ohio Site Inventory Program grant. The city's community benefits page lists the entity as Boron Orlando Baking Co., LLC - Weston, Inc., so Weston co-owns the vehicle."
EIN:341084436,UNION HOME MORTGAGE CORP,341084436,STRONGSVILLE,OH,,2000000,1,2024,business,,,,,301,1145,1590,UNION HOME MORTGAGE CORPORATION,OH,Union Home Mortgage Corp.,Revitalization Grant,245,Financial Services,2000000,business,Union Home Mortgage Corp.,OH,https://northeastohioregion.com/news/union-home-mortgage-to-expand/,500-4999,"https://northeastohioregion.com/news/union-home-mortgage-to-expand/; Form 5500 participants 1,590 (2023)",2023,B,unknown,"Privately held Strongsville mortgage lender with 1,300+ employees in July 2020 and 1,590 plan participants in 2023; the Revitalization Grant supported reuse of a vacant Strongsville building as its headquarters with 450 new jobs promised. Company materials describe it as Strongsville-based but the fetched sources do not state where it was founded."
EIN:273218415,URBAN RENEWABLES II LLC,273218415,RITTMAN,OH,,1994151,2,2018 2020,business,,,,,,,,,,"Urban Renewables II, LLC*",Revitalization Grant,,Advanced Manufacturing,1994151,site_development,"Hull & Associates (John Hull), now Verdantas",OH,https://properties.zoomprospector.com/OHIO/property/100-Industrial-Ave-Rittman-Ohio/146055AE-409B-4263-81AD-914661EFDCDD,100-499,https://www.verdantas.com/about,2020,D,unknown,"Urban Renewables II LLC is the brownfield redevelopment vehicle for the former Caraustar paperboard site in Rittman, taken over in 2012 by Ohio environmental firm Hull & Associates and its subsidiary, with John Hull listed as contact; Hull later merged into Verdantas (2,800 staff today). No grant-year headcount for Hull & Associates was found, so the bucket is a guess for a mid-size regional consultancy."
EIN:871334704,SFG COLUMBUS PARSONS LLC,871334704,ATLANTA,GA,,1950000,2,2023 2024,business,,,,,,,,,,,,,,,site_development,Stonemont Financial Group,GA,https://stonemontfinancial.com/work-to-begin-on-columbus-castings-redevelopment/; https://rebusinessonline.com/stonemont-financial-group-to-build-859240-sf-spec-industrial-development-in-columbus/,<100,https://stonemontfinancial.com/team/,2026,C,no,"SFG Columbus Parsons LLC is the Stonemont subsidiary building the three-building, 859,240 sq ft speculative Castings Commerce Park on the former Buckeye Steel/Columbus Castings site at 2211 Parsons Avenue; Stonemont is an Atlanta industrial developer whose team page lists 96 people. The headcount is a 2026 website roster, not a 2023 figure."
EIN:363435795,UGN INC,363435795,TINLEY PARK,IL,,1916261,5,2017 2020 2021 2022 2023,business,,,,,1531,1886,1911,"UGN, INC.",IL,"UGN, Inc.",Economic Development Grant,234,Automotive,600000,business,"UGN, Inc. (joint venture of Autoneum Holding AG and Nihon Tokushu Toryo)",IL,https://ugn.com/about/,500-4999,"Form 5500 participants 1,886 (2019) for sponsor UGN, Inc.; https://ugn.com/about/",2019,B,no,"UGN is a Tinley Park, Illinois acoustic-parts maker formed in 1986 as a partnership of Nittoku (Japan) and what is now Autoneum (Switzerland); neither partner is treated as sole parent, and Autoneum alone has about 16,000 employees. Grants supported the Monroe, Ohio plant (opened 2015, 111-job expansion 2018)."
EIN:341482024,STERIS CORPORATION,341482024,MENTOR,OH,,1850000,2,2016 2020,business,0000815065,STERIS CORP,OH,OH,6356,8647,12391,STERIS CORPORATION,OH,Steris Corporation,Economic Development Grant,1576,Healthcare,1600000,business,STERIS plc,Ireland,https://en.wikipedia.org/wiki/Steris; https://www.sec.gov/cgi-bin/browse-edgar?action=getcompany&CIK=0001757898&type=10-K,5000+,"https://www.sec.gov/cgi-bin/browse-edgar?action=getcompany&CIK=0001757898&type=10-K; Form 5500 participants 8,647 (2019)",2020,A,yes,"Steris Corporation of Mentor is the US operating subsidiary of SEC registrant STERIS plc, which reported roughly 12,000-13,000 employees in its FY2016-FY2020 10-Ks; the parent was UK-domiciled from 2015 and Ireland-domiciled from 2019 after tax inversions, while executive operations stayed in Mentor. Founded in Ohio in 1985, so a reader may fairly call this an Ohio company with a foreign legal address."
EIN:311124927,SOUTHGATE COMPANY LIMITED PARTNERSHIP,311124927,NEWARK,OH,,1850000,2,2021 2022,business,,,,,,,,,,Southgate Company Limited Partnership,Spec Development (OSIP),,N/A,750000,site_development,Southgate Corporation,OH,https://www.southgatecorporation.com/; https://www.jobsohio.com/newsroom/news-press/jobsohios-ohio-site-inventory-program-supports-an-industrial-and-rd-speculative-development-project,<100,https://www.southgatecorporation.com/,2021,D,yes,"Southgate Company LP is a partnership of Southgate Corporation, a Newark, Ohio industrial-park developer founded 1953, which received an OSIP grant for an 84,000 sq ft speculative building at 33 Innovation Park in Marysville (Nov 2020). The company publishes no headcount; the <100 bucket is a guess for a regional developer."
EIN:232472830,ALKERMES INC,232472830,WILMINGTON,OH,,1800000,3,2017 2018 2021,business,0000874663,ALKERMES INC,PA,MA,1145,2336,2686,"ALKERMES, INC.",MA,"Alkermes, Inc.",Economic Development Grant; Workforce Grant,427,BioHealth,1800000,business,Alkermes plc,Ireland,https://www.sec.gov/cgi-bin/browse-edgar?action=getcompany&CIK=0001520262&type=10-K,500-4999,"https://www.sec.gov/cgi-bin/browse-edgar?action=getcompany&CIK=0001520262&type=10-K; Form 5500 participants 2,336 (2019)",2021,A,no,"Alkermes Inc. (Wilmington plant) is the US subsidiary of Dublin-based SEC registrant Alkermes plc, whose 10-Ks report about 2,000-2,300 employees across 2017-2021; the EDGAR HQ state MA reflects the Waltham US base. Founded 1987 in Massachusetts."
EIN:204055028,COTSWORKS LLC,204055028,HIGHLAND HEIGHTS,OH,,1800000,3,2020 2021 2024,business,0001940303,"COTSWORKS, INC.",DE,OH,53,105,108,"COTSWORKS, INC.",OH,"COTSWORKS, LLC",Research & Development Grant,73,Aerospace and Aviation,1200000,business,"COTSWORKS, Inc.",OH,https://www.cotsworks.moog.com/about?src=legacy,100-499,"Form 5500 participants 105 (2019) and 108 (2023) for sponsor COTSWORKS, Inc.",2021,B,unknown,"Highland Heights fiber-optic maker, an EDGAR Form D filer, with 105-108 plan participants and 73 jobs retained, so it sits at the line between <100 and 100-499. The company was acquired by Moog Inc. (NY) at a date not verified here, which may postdate the 2024 grant year."
EIN:911461045,PHARMAVITE LLC,911461045,WEST HILLS,CA,,1800000,2,2023 2024,business,,,,,95,4276,4912,"OTSUKA AMERICA, INC.",CA,Pharmavite LLC,Economic Development Grant,0,Healthcare,1800000,business,"Otsuka Holdings Co., Ltd.",Japan,https://en.wikipedia.org/wiki/Pharmavite; https://en.wikipedia.org/wiki/Otsuka_Holdings,5000+,"Form 5500 participants 4,912 (2023) for sponsor Otsuka America, Inc.; https://en.wikipedia.org/wiki/Otsuka_Holdings",2023,B,no,"Pharmavite (Nature Made) of West Hills, California has been owned by Tokyo-based Otsuka since 1989; its US plan is sponsored by Otsuka America with 4,912 participants and the Otsuka group employs tens of thousands worldwide. The grant supported the $200 million New Albany gummy plant begun in 2023."
EIN:133163498,ADS ALLIANCE DATA SYSTEMS,133163498,COLUMBUS,OH,,1750000,2,2017 2022,business,,,,,15264,20130,13064,"BREAD FINANCIAL PAYMENTS, INC.",OH,ADS Alliance Data System Inc.,Economic Development Grant; Workforce Grant,1300,Financial Services,2000000,business,Bread Financial Holdings (formerly Alliance Data Systems),OH,https://www.sec.gov/cgi-bin/browse-edgar?action=getcompany&CIK=0001101215&type=10-K; https://en.wikipedia.org/wiki/Bread_Financial,5000+,"https://www.sec.gov/cgi-bin/browse-edgar?action=getcompany&CIK=0001101215&type=10-K; Form 5500 participants 20,130 (2019)",2022,A,no,"ADS Alliance Data Systems is the Columbus card-services unit of Alliance Data, renamed Bread Financial in 2022, whose 10-Ks show roughly 20,000 employees in 2017 and about 7,500 in 2022. Headquarters was Plano, Texas at the 2017 grant and moved to Columbus in 2019, so the OH label applies to the 2022 grant only."
EIN:311312684,BELCAN LLC,311312684,BLUE ASH,OH,,1750000,2,2021 2022,business,,,,,4050,5320,8048,"BELCAN, LLC",OH,"Belcan, LLC",Economic Development Grant,560,Aerospace and Aviation,1750000,business,"Belcan, LLC",OH,https://en.wikipedia.org/wiki/Belcan,5000+,"Form 5500 participants 5,320 (2019) and 8,048 (2023) for sponsor Belcan, LLC; https://en.wikipedia.org/wiki/Belcan",2022,B,yes,"Cincinnati (Blue Ash) engineering services firm founded 1958 with about 10,000 employees, owned by private-equity firm AE Industrial Partners from 2015 until Cognizant bought it in August 2024, after the grant years. Resolved to the operating company per the PE rule."
EIN:271287018,SPEEDWAY LLC,271287018,ENON,OH,,1700000,3,2018 2020 2021,business,,,,,,,,,,Speedway LLC,Economic Development Grant; Workforce Grant,1175,Energy and Chemicals,2300000,,,,,,,,,,
EIN:208423895,QUANTUM HEALTH INC,208423895,COLUMBUS,OH,,1700000,3,2020 2021 2022,business,,,,,453,990,2101,"QUANTUM HEALTH, INC.",OH,"Quantum Health, Inc.",Economic Development Grant; Workforce Grant,1099,Healthcare,1700000,business,QUANTUM HEALTH INC,OH,Form 5500 plan sponsor address (2023),500-4999,"Form 5500 2023: 2101 participants, largest plan, sponsor QUANTUM HEALTH, INC.; metrics jobs retained 1099",2023,B,,"Rule R3: own plan at 1,500 or more participants; counts include retirees, so the bucket is conservative."
EIN:362924281,KOCH FOODS OF CINCINNATI,362924281,PARK RIDGE,IL,,1669900,3,2022 2023 2024,business,,,,,5213,5215,6790,"KOCH FOODS, INC.",IL,Koch Foods of Cincinnati LLC,Economic Development Grant,1281,Food and Agribusiness,1500000,business,KOCH FOODS OF CINCINNATI,IL,Form 5500 plan sponsor address (2023),500-4999,"Form 5500 2023: 6790 participants, largest plan, sponsor KOCH FOODS, INC.; metrics jobs retained 1281",2023,B,,"Rule R3: own plan at 1,500 or more participants; counts include retirees, so the bucket is conservative."
EIN:382628294,MAGNA SEATING OF AMERICA INC,382628294,NOVI,MI,,1668941,2,2021 2023,business,,,,,,,,,,"Magna Seating of America, Inc.",Economic Development Grant; Workforce Grant,390,Automotive,2850000,,,,,,,,,,
EIN:310536715,UNIVERSITY OF DAYTON RESEARCH,310536715,DAYTON,OH,501(C)(3),1660735,5,2017 2018 2019 2020 2021,university,,,,,4556,5103,6244,UNIVERSITY OF DAYTON,OH,,,,,,university,UNIVERSITY OF DAYTON RESEARCH,OH,Schedule I address; Ohio public or nonprofit entity,500-4999,Form 5500 2023: 6244 participants,2023,B,,Rule R4: university by name and IRC section; not in the business headline.
EIN:352487058,SUPPLY LINE INTERNATIONAL MEDICAL LLC,352487058,NOVI,MI,,1612500,1,2020,business,,,,,,,,,,,,,,,,,,,,,,,,
EIN:881571632,SFG GEIS SHALERSVILLE LLC,881571632,STREETSBORO,OH,,1600000,1,2023,business,,,,,,,,,,,,,,,,,,,,,,,,
EIN:135381590,BDO USA LLP,135381590,COLUMBUS,OH,,1594318,2,2018 2020,business,0001991618,"BDO USA, P.A.",VA,IL,6687,9873,14565,"BDO USA, P.C.",IL,"BDO USA, LLP",Economic Development Grant; Workforce Grant,0,Financial Services,1750000,,,,,,,,,,
EIN:133357362,KOHLS INC,133357362,MENOMONEE FALLS,WI,,1580970,3,2022 2023 2024,business,,,,,84968,95336,111393,"KOHL'S, INC.",WI,,,,,,business,KOHLS INC,WI,Form 5500 plan sponsor address (2023),5000+,"Form 5500 2023: 111393 participants, largest plan, sponsor KOHL'S, INC.",2023,B,,"Rule R3: own plan at 1,500 or more participants; counts include retirees, so the bucket is conservative."
EIN:310332880,KAO USA INC,310332880,CINCINNATI,OH,,1517314,2,2022 2023,business,,,,,835,949,960,KAO USA INC.,OH,Kao USA Inc.,Revitalization Grant,521,Energy and Chemicals,1950000,,,,,,,,,,
EIN:341604927,JACKSON COUNTY ECONOMIC DEVELOPMENT PARTNERSHIP,341604927,JACKSON,OH,501(C)(3),1510000,3,2019 2020 2021,government,,,,,,,,,,Jackson County Economic Development Partnership*,Revitalization Grant,0,Other,1699371,government,JACKSON COUNTY ECONOMIC DEVELOPMENT PARTNERSHIP,OH,Schedule I address; Ohio public or nonprofit entity,,,,B,,Rule R4: government by name and IRC section; not in the business headline.
EIN:311815356,Intelligrated Systems LLC,311815356,Mason,OH,,1500000,1,2016,business,,,,,,,,,,"Intelligrated Systems, LLC",Economic Development Grant,510,Advanced Manufacturing,1500000,,,,,,,,,,
EIN:270552823,Milacron Plastics Technologies Group LLC,270552823,Batavia,OH,,1500000,1,2016,business,0002009847,Milacron Plastics Technologies Group LLC,DE,IN,,,,,,,,,,,,,,,,,,,,
EIN:841651449,LuK USA LLC,841651449,Wooster,OH,,1500000,1,2017,business,,,,,,,,,,Luk USA LLC,Economic Development Grant,1767,Automotive,1500000,,,,,,,,,,
EIN:200721176,LAND-AIR LLC,200721176,NAPOLEON,OH,,1500000,3,2020 2022 2024,site_development,,,,,,,,,,"Land-Air, LLC",Revitalization Grant; Revitalization Loan; Spec Development (OSIP),0,Logistics and Distribution,3500000,site_development,LAND-AIR LLC,OH,Schedule I address; Ohio public or nonprofit entity,,,,B,,Rule R4: site_development by name and IRC section; not in the business headline.
EIN:390989248,MENARDS,390989248,EAU CLAIRE,WI,,1500000,3,2020 2021 2024,business,,,,,29514,36286,50999,"MENARD, INC.",WI,,,,,,business,MENARDS,WI,Form 5500 plan sponsor address (2023),5000+,"Form 5500 2023: 50999 participants, largest plan, sponsor MENARD, INC.",2023,B,,"Rule R3: own plan at 1,500 or more participants; counts include retirees, so the bucket is conservative."
EIN:341205930,NOTTINGHAM-SPIRK DESIGN ASSOCIATES INC,341205930,CLEVELAND,OH,,1500000,2,2021 2022,business,,,,,60,67,71,"NOTTINGHAM SPIRK DESIGN ASSOCIATES, INC.",OH,"Nottingham-Spirk Design Associates, Inc.",Research & Development Grant,53,Other,1500000,business,NOTTINGHAM-SPIRK DESIGN ASSOCIATES INC,OH,Form 5500 plan sponsor address (2023),<100,"Form 5500 2023: 71 participants, largest plan, sponsor NOTTINGHAM SPIRK DESIGN ASSOCIATES, INC.; metrics jobs retained 53",2023,B,,"Rule R2: own plan under 250 participants, no subsidiary marker in the name, not an SEC registrant."
EIN:851015806,SP OFFICE,851015806,COLUMBUS,OH,,1500000,2,2021 2023,business,,,,,,,,,,,,,,,,,,,,,,,,
EIN:133139732,TRACTOR SUPPLY COMPANY,133139732,BRENTWOOD,TN,,1500000,1,2021,business,0000916365,TRACTOR SUPPLY CO /DE/,DE,TN,11024,31469,53609,TRACTOR SUPPLY COMPANY,TN,Tractor Supply Company,Economic Development Grant,0,Logistics and Distribution,1500000,business,TRACTOR SUPPLY COMPANY,TN,Form 5500 plan sponsor address (2023),5000+,"Form 5500 2023: 53609 participants, largest plan, sponsor TRACTOR SUPPLY COMPANY",2023,B,,"Rule R3: own plan at 1,500 or more participants; counts include retirees, so the bucket is conservative."
EIN:834384943,COMET PROCESSING,834384943,ST LOUIS,MO,,1500000,1,2023,business,,,,,,,,,,"Comet Processing, Inc",Economic Development Grant,0,Food and Agribusiness,1500000,,,,,,,,,,
EIN:873423661,SD HANGER PARTNERS LLC,873423661,AKRON,OH,,1500000,1,2023,site_development,,,,,,,,,,,,,,,site_development,SD Hanger Partners LLC (developer unidentified),OH,https://www.jobsohio.com/incentives-programs/ohio-site-inventory-program,<100,https://www.jobsohio.com/incentives-programs/ohio-site-inventory-program,2023,D,unknown,"Searched JobsOhio, Team NEO, Crain's Cleveland and Akron press for a 2023 Akron hangar project and found no release naming this LLC; the name suggests a single-purpose aircraft-hangar real estate vehicle (possibly Akron Fulton or Akron-Canton airport), with no Form 5500 or JobsOhio metrics record. Developer and size unresolved; bucket is a best guess for a project LLC."
EIN:871277852,TOLEDO INNOVATION CENTER LANDLORD LLC,871277852,TOLEDO,OH,,1500000,1,2023,business,,,,,,,,,,,,,,,site_development,Bitwise Industries (joint venture with ProMedica Health System),CA,https://www.financefund.org/project/toledo-innovation-center/,500-4999,https://en.wikipedia.org/wiki/Bitwise_Industries,2023,C,no,"Landlord LLC for the Toledo Innovation Center, a 107,000 sq ft former post office rehab sponsored by Fresno-based Bitwise Industries with Toledo nonprofit ProMedica, financed with NMTC allocations plus JobsOhio grant and loan support. Bitwise had about 900 employees when it furloughed all staff in May 2023 and entered Chapter 7 in June 2023; which JV partner controlled the LLC is not stated in the sources found."
EIN:593015985,BELLISIO FOODS INC,593015985,PALATINE,IL,,1490504,4,2015 2019 2023 2024,business,0001083751,LUIGINOS INC,MN,MN,1887,2091,1189,"BELLISIO FOODS, INC.",MN,"Bellisio Foods, Inc.",Economic Development Grant,1663,Food and Agribusiness,1200000,business,Charoen Pokphand Foods (CP Foods),Thailand,https://en.wikipedia.org/wiki/Bellisio_Foods,5000+,https://en.wikipedia.org/wiki/Bellisio_Foods,2019,B,no,"Bellisio Foods (formerly Luigino's, the EDGAR registrant) is headquartered in Minneapolis, MN and was acquired by Thailand's CP Foods for $1.08 billion in late 2016; CP Foods employs well over 100,000 worldwide. At the time of the 2015 grant, Bellisio was owned by private equity firm Centre Partners and would resolve to Bellisio itself (MN, 500-4999; Form 5500 showed 1,887 participants and JobsOhio lists 1,663 jobs retained at the Jackson, OH plant)."
EIN:471235128,RXQ COMPOUNDING LLC,471235128,ATHENS,OH,,1450000,4,2019 2020 2021 2023,business,,,,,,16,25,"RXQ COMPOUNDING, LLC",OH,"RXQ Compounding, LLC",Workforce Grant,17,Biohealth,100000,business,RXQ Compounding LLC,OH,https://www.rxqcompounding.com/,<100,https://www.rxqcompounding.com/,2021,B,yes,"Independent 503B outsourcing pharmacy in Athens, OH; Form 5500 participant counts of 16 (2019) and 25 (2023) and JobsOhio's 17 jobs retained on a Workforce Grant all point to a company under 100 employees. No parent found."
EIN:275245539,GLOBAL CLEVELAND,275245539,CLEVELAND,OH,501(C)(3),1400000,5,2014 2018 2020 2021 2024,nonprofit,,,,,8,9,17,GLOBAL CLEVELAND,OH,,,,,,nonprofit,Global Cleveland,OH,https://projects.propublica.org/nonprofits/organizations/275245539,<100,https://projects.propublica.org/nonprofits/organizations/275245539,2021,A,yes,Cleveland 501(c)(3) immigrant-attraction nonprofit with revenue of $1.0-1.9 million a year (2020-2024 Form 990s) and Form 5500 participants of 8 to 17. Not an operating business.
EIN:341879859,LEL OPERATING COMPANY,341879859,CANTON,OH,,1400000,1,2020,business,,,,,,270,,LEL OPERATING COMPANY,OH,LEL Operating Company,Economic Development Grant,298,Food Processing,100000,business,LEL Operating Company (Superior Dairy),OH,https://www.dairyreporter.com/Article/2021/12/07/Michigan-Milk-Producers-Association-to-acquire-Superior-Dairy/,100-499,https://www.dairyreporter.com/Article/2021/12/07/Michigan-Milk-Producers-Association-to-acquire-Superior-Dairy/,2020,B,yes,"Canton, OH holding company for Superior Dairy (founded 1922 in Canton), Creative Edge Design Group and LEL Logistics; JobsOhio lists 298 jobs retained and Form 5500 shows 270 participants in 2019. Sold to Michigan Milk Producers Association (Novi, MI) effective Dec. 31, 2021, after the FY2020 grant."
EIN:911986543,VADATA INC,911986543,SEATTLE,WA,,1400000,1,2020,business,,,,,,,,,,"Vadata, Inc.",Economic Development Grant; Workforce Grant,0,Information Technology,1400000,business,"Amazon.com, Inc.",WA,https://www.sec.gov/Archives/edgar/data/1018724/000101872421000004/0001018724-21-000004-index.htm,5000+,https://www.sec.gov/Archives/edgar/data/1018724/000101872421000004/0001018724-21-000004-index.htm,2020,A,no,"Vadata, Inc. is the Amazon Web Services subsidiary that builds and owns Amazon's data centers, including its central Ohio campuses, and shares Amazon's Seattle address. Amazon reported about 1,298,000 employees at Dec. 31, 2020 in its FY2020 10-K."
EIN:454660612,UPSTART NETWORK INC,454660612,COLUMBUS,OH,,1400000,2,2021 2022,business,0001555581,"Upstart Network, Inc.",DE,CA,,,2060,"UPSTART NETWORK, INC.",CA,"Upstart Network, Inc.",Economic Development Grant; Workforce Grant,257,Financial Services,1400000,business,"Upstart Holdings, Inc.",CA,https://www.sec.gov/Archives/edgar/data/1647639/000164763922000009/upst-20211231.htm,500-4999,https://www.sec.gov/Archives/edgar/data/1647639/000164763922000009/upst-20211231.htm,2021,A,no,"Upstart Network is the operating subsidiary of Nasdaq-listed Upstart Holdings, headquartered in San Mateo, CA, with its second office in Columbus. The FY2021 10-K reported about 1,500 employees at Dec. 31, 2021, consistent with 2,060 Form 5500 participants in 2023."
EIN:832877212,ONMAIN INC,832877212,DAYTON,OH,,1389780,2,2020 2021,business,,,,,,,,,,,,,,,nonprofit,onMain Inc. (University of Dayton and Premier Health joint venture),OH,https://projects.propublica.org/nonprofits/organizations/832877212,<100,https://udayton.edu/news/articles/onmain_taking_next_steps_to_redevelop_former_fairgrounds.php,2021,B,yes,"Dayton 501(c)(3) formed in 2019 by the University of Dayton and Premier Health to redevelop the 38-acre former Montgomery County fairgrounds; Form 990 expenses were under $1 million a year through 2024, so its own staff is small. The two sponsoring institutions are large (Premier Health alone exceeds 5,000 employees), but the grant went to the redevelopment entity."
EIN:844324560,GRAVITY 2 - OFFICE LLC,844324560,COLUMBUS,OH,,1350000,1,2022,business,,,,,,,,,,"Gravity 2 - Office, LLC",Spec Development (OSIP),0,N/a,1500000,site_development,Kaufman Development,OH,https://www.livekaufman.com/,<100,https://columbusunderground.com/gravity-2-0-has-new-owner-name-bw1/,2022,C,yes,"Project LLC for the office component of Gravity 2.0 in Franklinton, developed by Columbus-based Kaufman Development with a JobsOhio Spec Development (OSIP) grant; no Form 5500 plan. Kaufman is a small private developer that later sold Gravity 2.0 pieces; no employee figure published, so the bucket reflects a small real estate firm."
EIN:262908300,MIDDLE WEST SPIRITS LLC,262908300,COLUMBUS,OH,,1300000,3,2016 2022 2024,business,,,,,,,32,"MIDDLE WEST SPIRITS, LLC",OH,"Middle West Spirits, LLC",Economic Development Grant; Revitalization Grant,166,Food and,450000,business,Middle West Spirits LLC,OH,https://middlewestspirits.com/,100-499,https://middlewestspirits.com/,2022,C,yes,"Independent craft distillery founded in Columbus in 2008 by Brady Konya and Ryan Lang, building a new 100,000+ sq ft distillery campus with JobsOhio Economic Development and Revitalization grants. JobsOhio lists 166 jobs retained but the 2023 Form 5500 shows only 32 plan participants, so headcount may be closer to 100 with many hospitality or part-time roles."
EIN:910351110,PACCAR INC,910351110,BELLEVUE,WA,,1300000,2,2021 2024,business,0000075362,PACCAR INC,DE,WA,15646,15072,16537,PACCAR INC,WA,PACCAR Inc.,Economic Development Grant,2344,Automotive,1300000,business,PACCAR Inc,WA,https://www.sec.gov/Archives/edgar/data/75362/000156459022006237/0001564590-22-006237-index.htm,5000+,https://www.sec.gov/Archives/edgar/data/75362/000156459022006237/0001564590-22-006237-index.htm,2021,A,no,"Nasdaq-listed truck maker headquartered in Bellevue, WA; FY2021 10-K reported about 28,800 employees worldwide, and Form 5500 shows 15,000-16,500 participants. Grants supported the Kenworth plant in Chillicothe (2,344 jobs retained)."
EIN:852762571,ROUTE 43 NORTH,852762571,STREETSBORO,OH,,1300000,2,2021 2024,business,,,,,,,,,,"Route 43 North, LLC",Spec Development (OSIP),0,N/a,1300000,site_development,Geis Companies,OH,https://www.geiscompanies.com/about,100-499,https://www.geiscompanies.com/about,2021,C,yes,"Route 43 North LLC is the Geis Companies project vehicle for spec industrial buildings along State Route 43 in Streetsboro (Gateway Commerce Center), funded through JobsOhio's OSIP with Atlanta-based Stonemont as co-owner on part of the site. Geis, founded 1967 in Streetsboro and family-owned, says it has over 150 professional staff."
EIN:364894629,UNION METAL INDUSTRIES CORPORATION,364894629,CANTON,OH,,1250000,2,2020 2021,business,,,,,,,135,UNION METAL INDUSTRIES CORPORATION,OH,Union Metal Industries Corporation,Economic Development Grant; Revitalization Grant; Workforce Grant,0,Advanced Manufacturing,1900000,business,Union Metal Industries Corporation,OH,https://northeastohioregion.com/news/union-metal/,100-499,https://www.news5cleveland.com/news/local-news/akron-canton-news/cantons-union-metal-gets-new-owners-hopes-to-hire-back-90-workers-initially,2020,B,yes,"Canton light-pole maker (founded 1906) re-formed in May 2018 when New York industrial investment firm American Industrial Acquisition Corp (AIAC, 8,000+ employees across its portfolio) bought the bankrupt Union Metal Corp; treated as PE-style ownership so the operating company is the parent. AIAC planned about 250 Canton jobs by 2020 and the 2023 Form 5500 shows 135 participants."
EIN:341006008,LEWCO INC,341006008,SANDUSKY,OH,,1250000,1,2021,business,,,,,138,186,369,"LEWCO, INC",OH,"Lewco, Inc.",Economic Development Grant; Revitalization Grant,467,Advanced Manufacturing,2050000,business,"LEWCO, Inc.",OH,https://www.lewcoinc.com/about-us,100-499,https://www.lewcoinc.com/about-us,2021,C,unknown,"Privately held conveyor and industrial oven manufacturer headquartered at 706 Lane Street, Sandusky, OH with three north central Ohio locations. JobsOhio lists 467 jobs retained and Form 5500 shows 186 (2019) to 369 (2023) participants, supporting 100-499; no parent found."
EIN:341102630,GREEN CIRCLE GROWERS INC,341102630,OBERLIN,OH,,1250000,1,2023,business,,,,,593,844,880,"GREEN CIRCLE GROWERS, INC.",OH,"Green Circle Growers, Inc.",Economic Development Grant,692,Food & Agribusiness,1250000,business,"Green Circle Growers, Inc.",OH,https://www.greencirclegrowers.com/about,500-4999,https://www.greencirclegrowers.com/about,2023,C,yes,"Family-owned greenhouse in Oberlin, OH operating for over 50 years with 150+ acres under glass; the company site cites over 800 employees and Form 5500 shows 880 participants in 2023, with JobsOhio listing 692 jobs retained. No outside parent."
EIN:471636712,MONROE COUNTY PORT AUTHORITY,471636712,WOODSFIELD,OH,,1246469,3,2017 2023 2024,government,,,,,,,,,,Monroe County Port Authority,Spec Development (OSIP),,TBD,1000000,government,Monroe County Port Authority,OH,https://www.monroecountyohio.net/port-authority,<100,https://www.jobsohio.com/incentives-programs/ohio-site-inventory-program,2023,C,yes,"County-created public port authority in Woodsfield, OH that received JobsOhio OSIP spec-development money for industrial sites in Monroe County; a small public body with no Form 5500 plan. Not an operating business."
EIN:831502676,TREW LLC,831502676,FAIRFIELD,OH,,1237397,1,2024,business,,,,,,,415,"TREW, LLC",OH,"Trew, LLC",Economic Development Grant; Research & Development Grant,220,Advanced Manufacturing,5000000,business,"Trew, LLC",OH,https://www.trewautomation.com/about,100-499,https://www.trewautomation.com/about,2023,C,yes,"Privately held material handling systems maker formed in 2018 in the Cincinnati area by former Intelligrated executives, headquartered in West Chester/Fairfield, OH with a plant in Guelph, Canada. The 2023 Form 5500 shows 415 participants and JobsOhio lists 220 jobs retained; no published headcount found."
EIN:814145031,V WERT 1 LLC,814145031,VAN WERT,OH,,1224966,1,2019,business,,,,,,,,,,,,,,,site_development,"Robinson Investments, Ltd.",OH,https://rgp.org/planned-spec-building-in-van-wert-expected-to-attract-new-investment-and-jobs/,<100,https://www.bdcvw.com/bdc-news,2019,C,yes,"Project LLC for the 100,000 sq ft OSIP-funded spec building on Bonnewitz Road in Van Wert announced in 2018 by Robinson Investments, a northwest Ohio developer with prior spec buildings in Findlay and Van Wert. The LLC-to-developer link is inferred from the project's timing and location; Robinson's own headcount is unpublished but it is a small private real estate firm."
EIN:381490038,WHIRLPOOL CORPORATION,381490038,FINDLAY,OH,,1200000,2,2015 2020,business,0000106640,WHIRLPOOL CORP /DE/,DE,MI,27924,31297,31078,WHIRLPOOL CORPORATION,MI,Whirlpool Corporation,Economic Development Grant; Revitalization Grant; Workforce Grant,2175,Advanced Manufacturing,2270000,business,Whirlpool Corporation,MI,https://www.sec.gov/Archives/edgar/data/106640/000010664021000022/0000106640-21-000022-index.htm,5000+,https://www.sec.gov/Archives/edgar/data/106640/000010664021000022/0000106640-21-000022-index.htm,2020,A,no,"NYSE-listed appliance maker headquartered in Benton Harbor, MI; the FY2020 10-K reported about 78,000 employees (about 97,000 in FY2015), and Form 5500 shows 28,000-31,000 participants. Grants supported the Findlay, Clyde, Marion and Ottawa plants (2,175 jobs retained)."
EIN:814750045,The Gravity Project LLC,814750045,Columbus,OH,,1200000,1,2018,business,,,,,,,,,,"The Gravity Project, LLC *",Revitalization Grant; Revitalization Loan,0,Other,4000000,site_development,Kaufman Development,OH,https://www.linkedin.com/company/kaufman-development,<100,https://www.linkedin.com/company/kaufman-development,2018,C,unknown,"Project LLC for Gravity, Kaufman Development's mixed-use project at 500 W. Broad St. in Franklinton; the 990 lists the LLC at 30 Warren St., Columbus, which is Kaufman Development's office, and JobsOhio's 2017 metrics show a $1.2M Revitalization Grant plus a $2.8M loan on a $20.6M investment. Kaufman is a private Columbus developer founded 2011 that LinkedIn now lists at 51-200 employees, so the 2018 bucket is a judgment call at the boundary."
EIN:341827019,OHIO LOGISTICS LTD,341827019,FINDLAY,OH,,1110000,2,2018 2024,business,,,,,,,,,,"Ohio Logistics, Ltd.",Economic Development Grant; Spec Development (OSIP),0,TBD,2110000,business,"Ohio Logistics, Ltd.",OH,https://www.ohiologistics.com/,100-499,https://www.linkedin.com/company/ohio-logistics,2024,C,yes,"Privately held Findlay third-party logistics firm (CEO Chuck Bills) that began in a single Findlay warehouse in June 1988 and now runs about 25 sites in several states; LinkedIn lists 201-500 employees and the company says 'over 400 associates.' The 2018 grant was a $110K economic development grant in Huron County and the 2024 grant a $1M OSIP spec-building grant, a site program, though the recipient is the operating company."
EIN:911347935,UNIVAR SOLUTIONS USA INC,911347935,DOWNERS GROVE,IL,,1100001,2,2020 2024,business,,,,,5583,5850,8613,UNIVAR SOLUTIONS USA INC.,IL,Univar Solutions USA Inc.,Workforce Grant,313,Energy and Chemicals,1100000,business,Univar Solutions Inc.,IL,https://www.sec.gov/Archives/edgar/data/1494319/000149431920000009/unvr-20191231.htm,5000+,https://www.sec.gov/Archives/edgar/data/1494319/000149431920000009/unvr-20191231.htm,2019,A,no,"Operating subsidiary of Univar Solutions Inc. (NYSE: UNVR until 2023), Downers Grove, IL, whose 2019 10-K reports about 10,300 full-time-equivalent employees worldwide; Form 5500 shows 5,850 participants in 2019 and 8,613 in 2023. Apollo Funds took Univar private in August 2023, so the FY2024 grant year falls under private-equity ownership with the same operating company and HQ."
EIN:510389504,Campbell Soup Supply Company LLC,510389504,Camden,NJ,,1100000,2,2017 2018,business,,,,,,,,,,"Campbell Soup Supply Company, LLC",Workforce Grant,1382,Food Processing,100000,business,Campbell Soup Company,NJ,https://www.sec.gov/Archives/edgar/data/16732/000001673217000058/cpb-7302017x10xk.htm,5000+,https://www.sec.gov/Archives/edgar/data/16732/000001673217000058/cpb-7302017x10xk.htm,2017,A,no,"Supply-chain subsidiary of Campbell Soup Company (NYSE: CPB), Camden, NJ, whose FY2017 10-K reports approximately 18,000 employees; the JobsOhio workforce grant supported the Napoleon, OH plant, where 1,382 jobs were retained."
EIN:451257111,MADTREE BREWING LLC,451257111,CINCINNATI,OH,,1100000,2,2017 2021,business,0001541962,"MadTree Brewing, LLC",OH,OH,,,0,"MADTREE BREWING, LLC",OH,"MadTree Brewing, LLC",Revitalization Grant; Revitalization Loan,31,Food Processing,2000000,business,"MadTree Brewing, LLC",OH,https://www.sec.gov/cgi-bin/browse-edgar?action=getcompany&CIK=0001541962,100-499,https://www.sec.gov/cgi-bin/browse-edgar?action=getcompany&CIK=0001541962,2017,D,yes,"Independent Cincinnati craft brewer founded in 2013 that filed a 2012 Form D with the SEC listing a Cincinnati address; the 2017 Revitalization Grant and loan funded its Oakley brewery and taproom, where JobsOhio recorded 31 retained jobs. The company site and LinkedIn page could not be fetched, so the bucket rests on the retained-jobs floor plus a taproom-and-restaurant workforce that grew past 100 after the Oakley opening; confirm the 2017 headcount before use."
EIN:341059601,MAR-BAL INC,341059601,PAINESVILLE,OH,,1100000,2,2017 2021,business,,,,,510,521,627,"MAR-BAL, INC.",OH,"Mar-Bal, Inc.",Revitalization Grant; Revitalization Loan,116,Advanced Manufacturing,2000000,business,"Mar-Bal, Inc.",OH,https://www.mar-bal.com/about-us/,100-499,https://www.linkedin.com/company/mar-bal-inc,2019,B,yes,"Private thermoset composite molder founded 1970 and headquartered in Chagrin Falls, OH, with four North American plants (Painesville, OH among them) and a China facility; Form 5500 shows 510 participants in 2015 and 521 in 2019, counts that include former employees with balances, and LinkedIn lists 201-500 employees. The company sits near the 500 line, and the Painesville site retained 116 jobs."
EIN:340142230,THE CHILCOTE COMPANY,340142230,CLEVELAND,OH,,1100000,2,2020 2021,business,,,,,436,315,155,THE CHILCOTE COMPANY,OH,The Chilcote Company,Economic Development Grant,120,Advanced Manufacturing,500000,business,The Chilcote Company,OH,https://www.chilcotecompany.com/,100-499,https://www.linkedin.com/company/the-chilcote-company,2020,B,unknown,"Privately held Cleveland maker of photo mounts and specialty packaging; its own Form 5500 plan shows 436 participants in 2015, 315 in 2019 and 155 in 2023, and JobsOhio recorded 120 retained jobs for the 2020 grant. No parent found; the LinkedIn page understates the company at 2-10 employees, so the Form 5500 count decides the bucket."
EIN:272696689,ISSQUARED INC,272696689,WESTLAKE VILLAGE,CA,,1100000,1,2022,business,,,,,5,36,81,"ISSQUARED, INC.",CA,"ISSQUARED, Inc.",Economic Development Grant; Workforce Grant,0,IT,1300000,business,"ISSQUARED, Inc.",CA,https://www.issquaredinc.com/about-us,100-499,https://www.linkedin.com/company/issquared-inc,2022,C,no,"Private IT services firm founded 2010 in Simi Valley, CA, headquartered in Westlake Village, CA, with offices in India, the UK, Singapore and the Middle East; Team NEO's December 2020 release on its Solon, OH security operations center promised 109 new jobs. Form 5500 shows only 36 US participants in 2019 and 81 in 2023, while LinkedIn now lists 586 employees worldwide, so the 2022 global figure likely fell in the low hundreds."
EIN:621260875,M&M INDUSTRIES OF OHIO,621260875,CHATTANOOGA,TN,,1089346,3,2022 2023 2024,business,,,,,280,400,503,M & M INDUSTRIES INC,TN,"M & M Industries of Ohio, Inc. (M & M Industries,",Economic Development Grant; Revitalization Grant,0,Advanced,1000000,business,"M&M Industries, Inc.",TN,https://www.mmindustries.com/,500-4999,https://www.mmindustries.com/,2023,D,no,"Ohio affiliate of M&M Industries, Inc., the privately held Chattanooga, TN plastic pail and container maker whose EIN this is; the Form 5500 plan sponsored by M & M Industries Inc shows 280 participants in 2015, 400 in 2019 and 503 in 2023, which includes former employees. The company site could not be fetched and no press release with a headcount was found, so the bucket is a coin flip at the 500 line based on the 2023 plan count and the new Ohio plant."
EIN:814058205,HUMBLE ROBINSON GROUP LLC,814058205,FINDLAY,OH,,1075970,2,2019 2020,business,,,,,,,,,,Humble Robinson Group LLC *,Revitalization Grant; Revitalization Loan,0,Other,3031000,site_development,Humble Robinson Group LLC (developer unidentified),OH,https://www.jobsohio.com/incentives-programs/revitalization-program,<100,https://www.jobsohio.com/incentives-programs/revitalization-program,2019,D,unknown,"Project LLC at 2615 Crystal Ave., Findlay, that received a $1.08M JobsOhio Revitalization Grant (October 2017) and a $1.96M Revitalization Loan on a $6.95M Hancock County project with no jobs recorded. JobsOhio newsroom, The Courier and web searches returned nothing on the LLC or its principals (search engines were blocked this session), so the developer, its size and any operating tenant remain unresolved."
EIN:271251275,KIRCHHOFF AUTOMOTIVE WAVERLY INC,271251275,WAVERLY,OH,,1060911,2,2021 2022,business,,,,,,,,,,KIRCHHOFF Automotive Waverly Inc.,Economic Development Grant; Workforce Grant,230,Automotive,1100000,business,KIRCHHOFF Automotive GmbH (KIRCHHOFF Group),Germany,https://de.wikipedia.org/wiki/Kirchhoff_Gruppe,5000+,https://de.wikipedia.org/wiki/Kirchhoff_Gruppe,2021,C,no,"Waverly, OH stamping plant of KIRCHHOFF Automotive, the largest division of the family-owned KIRCHHOFF Group of Iserlohn, Germany (automotive division based in Attendorn), which employs roughly 13,000 people worldwide with several thousand in the automotive unit alone. JobsOhio recorded 230 retained jobs at Waverly for the 2021-2022 grants."
EIN:810889811,Midtown 59th Street Partners LLC,810889811,Cleveland,OH,,1056318,1,2018,site_development,,,,,,,,,,"Midtown 59th Street Partners, LLC *",Revitalization Grant; Revitalization Loan,0,Other,4421240,site_development,Midtown 59th Street Partners LLC (developer unidentified),OH,https://www.jobsohio.com/incentives-programs/revitalization-program,<100,https://www.jobsohio.com/incentives-programs/revitalization-program,2018,D,unknown,"Project LLC listed at 6001 Euclid Ave., Cleveland, that received a $1.06M Revitalization Grant (August 2017) and a $3.36M Revitalization Loan on a $22M Cuyahoga County MidTown project; the name and address point to a building at Euclid and E. 59th St. in the MidTown corridor, where Geis Companies' Hemingway Development built Link59, but no release naming the developer was found. Search engines were blocked this session and OpenCorporates and Crain's could not be fetched, so the developer and size are unresolved."
EIN:800278036,2509 HAYES LLC,800278036,LOMBARD,IL,,1040000,1,2023,business,,,,,,,,,,2509 Hayes LLC,Spec Development (OSIP),0,Other,1300000,site_development,"2509 Hayes LLC (Lombard, IL developer unidentified)",IL,https://www.jobsohio.com/incentives-programs/ohio-site-inventory-program,<100,https://www.jobsohio.com/incentives-programs/ohio-site-inventory-program,2023,D,no,"Single-purpose LLC for a spec industrial building at 2509 Hayes Ave. in Sandusky (Erie County) funded by a $1.3M JobsOhio OSIP spec development grant (May 2021) on a $21.3M investment; the 990 lists it at 2500 S. Highland Ave., Lombard, IL, a suburban Chicago office address for an industrial developer whose name could not be confirmed. Searched JobsOhio and web sources (search engines blocked this session); the parent is an out-of-state real estate developer of unknown size."
EIN:853769189,CDC INVESTMENT PARTNERSHIP LLC,853769189,LIMA,OH,,1012000,1,2024,business,,,,,,,,,,,,,,,site_development,CDC Investment Partnership LLC (developer unidentified),OH,https://www.jobsohio.com/incentives-programs/revitalization-program,<100,https://www.jobsohio.com/incentives-programs/revitalization-program,2024,D,unknown,"LLC formed around 2020 (EIN prefix 85) at 207 S. Central Ave., Lima, with a $1.01M FY2024 JobsOhio grant and no matching JobsOhio metrics record, which fits a revitalization or site grant to a local real estate vehicle rather than an operating company. Lima News and JobsOhio pages could not be fetched and search engines were blocked this session, so the developer and size are unresolved; the class is inferred from the name and the missing metrics row."
EIN:272408671,NUVASIVE MANUFACTURING LLC,272408671,SAN DIEGO,CA,,1011227,5,2018 2020 2022 2023 2024,business,,,,,,,,,,"NuVasive Manufacturing, LLC",Revitalization Grant; Workforce Grant,97,Biohealth,750000,business,"NuVasive, Inc.",CA,https://www.sec.gov/Archives/edgar/data/1142596/000156459019003470/nuva-10k_20181231.htm,500-4999,https://www.sec.gov/Archives/edgar/data/1142596/000156459019003470/nuva-10k_20181231.htm,2018,A,no,"West Carrollton, OH manufacturing subsidiary of NuVasive, Inc. (NASDAQ: NUVA), San Diego, whose 10-Ks report about 2,600 employees at end of 2018 and about 3,000 at end of 2022; JobsOhio recorded 97 retained jobs. Globus Medical (Audubon, PA) acquired NuVasive on September 1, 2023, so the FY2024 grant year falls under Globus, which had over 5,000 employees after the merger."
EIN:202552348,SURGERE INC,202552348,NORTH CANTON,OH,,1010000,1,2020,business,,,,,31,43,94,"SURGERE, INC.",OH,"Surgere, Inc.",Economic Development Grant; Workforce Grant,52,IT,1010000,business,"Surgere, Inc.",OH,https://www.linkedin.com/company/surgere,<100,https://www.linkedin.com/company/surgere,2020,B,unknown,"Independent supply-chain IoT software firm founded 2004, based in North Canton/Green, OH; its Form 5500 plan shows 31 participants in 2015, 43 in 2019 and 94 in 2023, and JobsOhio recorded 52 retained jobs for the 2020 grant. LinkedIn now lists 51-200 employees, so the company likely crossed 100 after the grant year."
EIN:208764829,MORGAN STANLEY & CO LLC,208764829,NEW YORK,NY,,1006031,3,2019 2020 2021,business,0001827796,MORGAN STANLEY CAPITAL PRODUCTS LLC,DE,NY,59666,61784,80740,"MORGAN STANLEY DOMESTIC HOLDINGS, LLC",NY,Morgan Stanley & Co. LLC,Workforce Grant,426,Financial Services,1500000,business,Morgan Stanley,NY,https://www.sec.gov/Archives/edgar/data/895421/000089542120000265/0000895421-20-000265-index.htm,5000+,https://www.sec.gov/Archives/edgar/data/895421/000089542120000265/0000895421-20-000265-index.htm,2019,A,no,"Broker-dealer subsidiary of Morgan Stanley (NYSE: MS), New York, whose 2019 10-K reports 60,431 employees worldwide; the Form 5500 plan sponsored by Morgan Stanley Domestic Holdings shows 61,784 participants in 2019. The workforce grants supported an Ohio operations site where 426 jobs were retained."
EIN:310411981,The Procter & Gamble Distributing LLC,310411981,Cincinnati,OH,,1000000,1,2015,business,,,,,,,,,,,,,,,business,The Procter & Gamble Company,OH,https://www.sec.gov/Archives/edgar/data/80424/000008042415000070/fy141510-kreport.htm,5000+,https://www.sec.gov/Archives/edgar/data/80424/000008042415000070/fy141510-kreport.htm,2015,A,yes,"Distribution subsidiary of The Procter & Gamble Company (NYSE: PG), Cincinnati, whose FY2015 10-K reports 110,000 employees as of June 30, 2015. P&G was founded in Cincinnati in 1837; no JobsOhio metrics row matched this $1M FY2015 grant."
EIN:271453375,Assurex Health Inc,271453375,Mason,OH,,1000000,1,2016,business,,,,,241,,,"ASSUREX HEALTH, INC.",OH,"Assurex Health, Inc.",Economic Development Grant; Growth Fund Loan,124,Biohealth,5000000,business,"Assurex Health, Inc.",OH,https://www.sec.gov/Archives/edgar/data/899923/000119312516767889/d200649dex991.htm,100-499,https://www.sec.gov/Archives/edgar/data/899923/000119312516767889/d200649dex991.htm,2016,B,unknown,"Privately held, venture-backed pharmacogenomics lab in Mason, OH (GeneSight test) that was independent during FY2016; Myriad Genetics (Salt Lake City, UT) closed its $225M acquisition on August 31, 2016, after the grant year, and filed Assurex's audited financials in a November 2016 8-K/A. Form 5500 shows 241 participants in 2015 and JobsOhio recorded 124 retained jobs, which places the 2016 headcount in the low hundreds."
EIN:340359955,THE LINCOLN ELECTRIC COMPANY,340359955,CLEVELAND,OH,,1000000,2,2017 2023,business,0000059527,LINCOLN ELECTRIC HOLDINGS INC,OH,OH,4003,4981,6713,THE LINCOLN ELECTRIC COMPANY,OH,The Lincoln Electric Company,Economic Development Grant,2475,Advanced Manufacturing,1000000,business,"Lincoln Electric Holdings, Inc.",OH,https://www.sec.gov/Archives/edgar/data/59527/000005952718000006/leco-20171231x10k.htm,5000+,https://www.sec.gov/Archives/edgar/data/59527/000005952718000006/leco-20171231x10k.htm,2017,A,yes,"Principal operating subsidiary of Lincoln Electric Holdings, Inc. (NASDAQ: LECO), Cleveland (Euclid), OH, whose 2017 10-K reports approximately 11,000 employees worldwide; Form 5500 shows 4,981 participants in 2019. Founded in Cleveland in 1895; JobsOhio recorded 2,475 retained jobs at the Euclid campus."
EIN:311145612,ATHENS MOLD AND MACHINE INC,311145612,ATHENS,OH,,1000000,2,2017 2021,business,,,,,,,68,"ATHENS MOLD & MACHINE, INC.",OH,"Athens Mold and Machine, Inc.",Revitalization Grant,,Advanced Manufacturing,400000,business,ATHENS MOLD AND MACHINE INC,OH,Form 5500 plan sponsor address (2023),<100,"Form 5500 2023: 68 participants, largest plan, sponsor ATHENS MOLD & MACHINE, INC.",2023,B,,"Rule R2: own plan under 250 participants, no subsidiary marker in the name, not an SEC registrant."
EIN:812463049,711 LLC,812463049,Columbus,OH,,1000000,1,2018,business,,,,,,,,,,"711, LLC *",Revitalization Grant; Revitalization Loan,0,Other,2000000,,,,,,,,,,
EIN:384013255,AIR SOUTH COMMERCE CENTER PHASE II LLC,384013255,WHITEHALL,OH,,1000000,2,2018 2019,business,,,,,,,,,,Air South Commerce Center Phase II LLC *,Revitalization Grant; Revitalization Loan,0,Other,2000000,,,,,,,,,,
EIN:814251752,Nordson Xaloy Incoporated,814251752,Austintown,OH,,1000000,1,2018,business,,,,,,,340,XALOY LLC,OH,Nordson Xaloy Incorporated,Economic Development Grant,106,Advanced Manufacturing,1000000,,,,,,,,,,
EIN:813568315,476 BRIDGE STREET LLC,813568315,WHITE PLAINS,NY,,1000000,2,2019 2020,business,,,,,,,,,,,,,,,,,,,,,,,,
EIN:314183710,FRANKLIN INTERNATIONAL INC,314183710,COLUMBUS,OH,,1000000,1,2019,business,,,,,335,385,448,"FRANKLIN INTERNATIONAL, INC.",OH,"Franklin International, Inc.",Research & Development Grant,372,Shale Energy and Petrochemicals,1000000,,,,,,,,,,
EIN:310783143,STEWART-MACDONALD MANUFACTURING COMPANY,310783143,ATHENS,OH,,1000000,2,2019 2021,business,,,,,54,89,139,"STEWART-MACDONALD MFG. CO., INC.",OH,,,,,,business,STEWART-MACDONALD MANUFACTURING COMPANY,OH,Form 5500 plan sponsor address (2023),100-499,"Form 5500 2023: 139 participants, largest plan, sponsor STEWART-MACDONALD MFG. CO., INC.",2023,B,,"Rule R2: own plan under 250 participants, no subsidiary marker in the name, not an SEC registrant."
EIN:310966785,THE HUNTINGTON NATIONAL BANK,310966785,COLUMBUS,OH,,1000000,2,2019 2022,business,0000838966,HUNTINGTON NATIONAL BANK/OH/ /TA,OH,OH,,,,,,The Huntington National Bank,Revitalization Grant; Workforce Grant,4677,Financial Services,1725000,,,,,,,,,,
EIN:316001691,VILLAGE OF EVENDALE,316001691,EVENDALE,OH,,1000000,3,2019 2020 2022,government,,,,,,,,,,Village of Evendale,Revitalization Grant; Spec Development (OSIP),0,Other,1500000,government,VILLAGE OF EVENDALE,OH,Schedule I address; Ohio public or nonprofit entity,,,,B,,Rule R4: government by name and IRC section; not in the business headline.
EIN:475174203,BIG HEART PET BRANDS,475174203,ORRVILLE,OH,,1000000,2,2020 2021,business,,,,,,,,,,"Big Heart Pet, Inc.",Economic Development Grant; Workforce Grant,,Food Processing,1000000,,,,,,,,,,
EIN:822298836,DUPONT SPECIALTY PRODUCTS USA LLC,822298836,CIRCLEVILLE,OH,,1000000,1,2020,business,,,,,,,,,,"DuPont Specialty Products USA, LLC",Economic Development Grant,500,Energy and Chemicals,1000000,,,,,,,,,,
EIN:464113583,EXACT CARE PHARMACY LLC,464113583,VALLEY VIEW,OH,,1000000,1,2020,business,,,,,284,356,,EXACT CARE PHARMACY LLC,OH,"Exact Care Pharmacy, LLC",Economic Development Grant; Workforce Grant,185,Biohealth,1000000,,,,,,,,,,
EIN:311176515,WEASTEC INC,311176515,DUBLIN,OH,,1000000,1,2020,business,,,,,349,177,196,"WEASTEC, INC.",OH,"Weastec, Incorporated",Research & Development Grant,184,Automotive,1500000,,,,,,,,,,
EIN:473049829,ROOT HOLDINGS INC (ROOT INC),473049829,COLUMBUS,OH,,1000000,1,2021,business,0001637429,"ROOT, INC.",DE,OH,,236,1286,"CARET HOLDINGS, INC.",OH,"Root Holdings, Inc. (Root, Inc.)",Workforce Grant,551,Financial Services,1000000,,,,,,,,,,
EIN:813064148,BOLD PENGUIN INC,813064148,COLUMBUS,OH,,1000000,1,2022,business,0001750410,"Bold Penguin, Inc.",DE,OH,,101,451,"BOLD PENGUIN, INC.",OH,"Bold Penguin, Inc.",Economic Development Grant,78,Financial Services,1000000,,,,,,,,,,
EIN:560751341,CASE FARMS PROCESSING INC,560751341,WINESBURG,OH,,1000000,1,2022,business,,,,,,,,,,"Case Farms Processing, Inc",Economic Development Grant,346,Food and Agribusiness,1000000,,,,,,,,,,
EIN:853515557,CLEVELAND AMERICAN LAND LLC,853515557,RICHFIELD,OH,,1000000,2,2022 2023,site_development,,,,,,,,,,"Cleveland American Land, LLC",Spec Development (OSIP),0,Other,1000000,site_development,CLEVELAND AMERICAN LAND LLC,OH,Schedule I address; Ohio public or nonprofit entity,,,,B,,Rule R4: site_development by name and IRC section; not in the business headline.
EIN:833203630,FOUNTAIN PLACE LLC,833203630,CINCINNATI,OH,,1000000,2,2022 2023,business,,,,,,,,,,"Fountain Place, LLC*",Spec Development (OSIP),0,,2000000,,,,,,,,,,
EIN:832167544,MENTOR INDUSTRIAL DEVELOPMENT,832167544,MENTOR,OH,,1000000,2,2022 2023,business,,,,,,,,,,Mentor Industrial Development LLC,Spec Development (OSIP),0,Other,1000000,,,,,,,,,,
EIN:871064326,AQUABOUNTY FARMS OHIO LLC,871064326,MAYNARD,MA,,1000000,1,2023,business,,,,,,,,,,AquaBounty Farms Ohio LLC,Economic Development Grant,0,Food and Agribusiness,1000000,,,,,,,,,,
EIN:951801944,BEHR PROCESS CORPORATION,951801944,SANTA ANA,CA,,1000000,1,2023,business,,,,,,,,,,Behr Process Corporation,Economic Development Grant,0,Energy and Chemicals,1000000,,,,,,,,,,
EIN:310804159,BULLEN ULTRASONICS INC,310804159,EATON,OH,,1000000,1,2023,business,,,,,76,112,169,"BULLEN ULTRASONICS, INC.",OH,"Bullen Ultrasonics, Inc.",Research & Development Grant,120,Advanced Manufacturing,1000000,business,BULLEN ULTRASONICS INC,OH,Form 5500 plan sponsor address (2023),100-499,"Form 5500 2023: 169 participants, largest plan, sponsor BULLEN ULTRASONICS, INC.; metrics jobs retained 120",2023,B,,"Rule R2: own plan under 250 participants, no subsidiary marker in the name, not an SEC registrant."
EIN:832880614,CC SUPERIOR ACQUISITION LLC,832880614,BEACHWOOD,OH,,1000000,1,2023,business,,,,,,,,,,,,,,,,,,,,,,,,
EIN:882083052,ECP OAKRIDGE LAU PARKWAY HOLDINGS LLC,882083052,COLUMBUS,OH,,1000000,2,2023 2024,business,,,,,,,,,,"ECP OAKRIDGE LAU PARKWAY HOLDINGS, LLC",Spec Development (OSIP),,TBD,1000000,,,,,,,,,,
EIN:843555353,FORGE BIOLOGICS INC,843555353,GROVE CITY,OH,,1000000,1,2023,business,,,,,,,298,FORGE BIOLOGICS INC,OH,"Forge Biologics, Inc.",Workforce Grant,26,Healthcare,1500000,,,,,,,,,,
EIN:410274440,GENERAL MILLS INC,410274440,MINNEAPOLIS,MN,,1000000,1,2023,business,0000040704,GENERAL MILLS INC,DE,MN,38080,20137,22757,"GENERAL MILLS, INC.",MN,"General Mills Operations, LLC",Economic Development Grant,1004,Food and Agribusiness,2200000,business,GENERAL MILLS INC,MN,Form 5500 plan sponsor address (2015),5000+,"Form 5500 2015: 38080 participants, largest plan, sponsor GENERAL MILLS, INC.; metrics jobs retained 1004",2015,B,,"Rule R3: own plan at 1,500 or more participants; counts include retirees, so the bucket is conservative."
EIN:850851086,KETTERING FOUNDERS LLC,850851086,RICHFIELD,OH,,1000000,1,2023,business,,,,,,,,,,Kettering Founders LLC,Spec Development (OSIP),0,Other,1000000,,,,,,,,,,
EIN:800356966,LG CHEM AMERICA INC,800356966,ATLANTA,GA,,1000000,1,2023,business,,,,,,38,199,LG CHEM AMERICA,GA,"LG Chem America, Inc.",Economic Development Grant,0,Automotive,1000000,,,,,,,,,,
EIN:852401464,MILLS BARNETT SIRRIS HOLDINGS II LLC,852401464,BEAVERCREEK,OH,,1000000,2,2023 2024,site_development,,,,,,,,,,"Mills Barnett Sirris Holdings II, LLC",Spec Development (OSIP),,TBD,1000000,site_development,MILLS BARNETT SIRRIS HOLDINGS II LLC,OH,Schedule I address; Ohio public or nonprofit entity,,,,B,,Rule R4: site_development by name and IRC section; not in the business headline.
EIN:251151457,MORGAN TRUCK BODY LLC,251151457,NEW YORK,NY,,1000000,1,2023,business,,,,,3725,,,MORGAN TRAILER MFG CO.,PA,"Morgan Truck Body, LLC",Revitalization Grant; Workforce Grant,0,Automotive,1000000,business,MORGAN TRUCK BODY LLC,PA,Form 5500 plan sponsor address (2015),500-4999,"Form 5500 2015: 3725 participants, largest plan, sponsor MORGAN TRAILER MFG CO.",2015,B,,"Rule R3: own plan at 1,500 or more participants; counts include retirees, so the bucket is conservative."
EIN:871507299,PEAK PARK HOLDCO LLC,871507299,COLUMBUS,OH,,1000000,1,2023,business,,,,,,,,,,"Peak Park Holdco, LLC",Spec Development (OSIP),0,,1000000,,,,,,,,,,
EIN:872678863,UNION ODC BREP I LLC,872678863,MINNETONKA,MN,,1000000,1,2023,business,,,,,,,,,,,,,,,,,,,,,,,,
EIN:264753241,CUYAHOGA COUNTY LAND REUTILIZATION CORP,264753241,AKRON,OH,,1000000,1,2024,government,,,,,34,46,49,CUYAHOGA COUNTY LAND REUTILIZATI,OH,Cuyahoga County Land Reutilization Corporation,Spec Development (OSIP),,TBD,1500000,government,CUYAHOGA COUNTY LAND REUTILIZATION CORP,OH,Schedule I address; Ohio public or nonprofit entity,<100,Form 5500 2023: 49 participants,2023,B,,Rule R4: government by name and IRC section; not in the business headline.
EIN:863988020,DROF BP I LLC,863988020,CLEVELAND,OH,,1000000,1,2024,business,,,,,,,,,,,,,,,,,,,,,,,,
EIN:853165520,RESILIENCE US INC,853165520,SAN DIEGO,CA,,1000000,1,2024,business,,,,,,,,,,"Resilience US, Inc.",Economic Development Grant,916,Healthcare,7000000,,,,,,,,,,
EIN:311054769,FAXON MACHINING INC,311054769,CINCINNATI,OH,,992400,3,2019 2020 2021,business,,,,,129,122,154,"FAXON MACHINING, INC.",OH,"Faxon Machining, Inc.",Economic Development Grant; Workforce Grant,90,Advanced Manufacturing,380000,business,FAXON MACHINING INC,OH,Form 5500 plan sponsor address (2023),100-499,"Form 5500 2023: 154 participants, largest plan, sponsor FAXON MACHINING, INC.; metrics jobs retained 90",2023,B,,"Rule R2: own plan under 250 participants, no subsidiary marker in the name, not an SEC registrant."
EIN:471885117,TERREX HARRIS AVE LLC,471885117,CINCINNATI,OH,,990000,2,2018 2019,business,,,,,,,,,,"Terrex Harris Ave, LLC *",Revitalization Grant,0,Other,990000,,,,,,,,,,
EIN:550805988,AXOGEN CORPORATION,550805988,ALACHUA,FL,,950000,1,2022,business,,,,,,344,578,AXOGEN CORPORATION,FL,AxoGen Corporation,Economic Development Grant,28,Healthcare,950000,,,,,,,,,,
EIN:611697358,HANON SYSTEMS USA LLC,611697358,VAN BUREN TOWNSHIP,MI,,949495,4,2018 2020 2021 2022,business,,,,,319,548,669,"HANON SYSTEMS USA, LLC",MI,"Hanon Systems USA, LLC",Economic Development Grant,139,Automotive,810000,,,,,,,,,,
EIN:862016546,GATED PROPERTIES GLOBAL I LLC,862016546,LONG BEACH,CA,,925000,1,2023,site_development,,,,,,,,,,"GATED Properties Global I, LLC",Spec Development (OSIP),,TBD,925000,,,,,,,,,,
EIN:822976846,NA Busche LLC,822976846,FT Wayne,IN,,900000,1,2018,business,,,,,,,,,,,,,,,,,,,,,,,,
EIN:980390818,ST BERNARD SOAP COMPANY,980390818,CINCINNATI,OH,,900000,1,2019,business,,,,,783,389,403,ST. BERNARD SOAP COMPANY,OH,St. Bernard Soap Company,Economic Development Grant,240,Shale Energy and Petrochemicals,900000,,,,,,,,,,
EIN:901020167,CHEWY INC,901020167,DAYTON,OH,,900000,2,2020 2021,business,0001766502,"Chewy, Inc.",DE,FL,528,10056,17899,"CHEWY, INC.",FL,"Chewy, Inc.",Economic Development Grant; Workforce Grant,0,Distribution,900000,business,CHEWY INC,FL,Form 5500 plan sponsor address (2023),5000+,"Form 5500 2023: 17899 participants, largest plan, sponsor CHEWY, INC.",2023,B,,"Rule R3: own plan at 1,500 or more participants; counts include retirees, so the bucket is conservative."
EIN:346401532,CITY OF WAPAKONETA OHIO,346401532,WAPAKONETA,OH,GOVERNMENT ENTITY,900000,1,2020,government,,,,,,,,,,,,,,,government,CITY OF WAPAKONETA OHIO,OH,Schedule I address; Ohio public or nonprofit entity,,,,B,,Rule R4: government by name and IRC section; not in the business headline.
EIN:824786509,YOUNGSTOWN TOOL & DIE COMPANY INC,824786509,YOUNGSTOWN,OH,,900000,2,2020 2021,business,,,,,,46,73,YOUNGSTOWN TOOL AND DIE CO LLC,OH,Youngstown Tool and Die Company LLC,Economic Development Grant,44,Advanced Manufacturing,300000,business,YOUNGSTOWN TOOL & DIE COMPANY INC,OH,Form 5500 plan sponsor address (2023),<100,"Form 5500 2023: 73 participants, largest plan, sponsor YOUNGSTOWN TOOL AND DIE CO LLC; metrics jobs retained 44",2023,B,,"Rule R2: own plan under 250 participants, no subsidiary marker in the name, not an SEC registrant."
EIN:854339793,NP DAYTON BUILDING VIII,854339793,RIVERSIDE,MO,,900000,2,2022 2023,business,,,,,,,,,,,,,,,,,,,,,,,,
EIN:882608845,POINTE VENTURES LLC,882608845,COLUMBUS,OH,,900000,2,2023 2024,business,,,,,,,,,,,,,,,,,,,,,,,,
EIN:843338280,TENBY PARTNERS LLC,843338280,COLUMBUS,OH,,900000,2,2023 2024,site_development,,,,,,,,,,"Tenby Partners, LLC",Spec Development (OSIP),,Other,900000,site_development,TENBY PARTNERS LLC,OH,Schedule I address; Ohio public or nonprofit entity,,,,B,,Rule R4: site_development by name and IRC section; not in the business headline.
EIN:340897539,ROGERS INDUSTRIAL PRODUCTS INC,340897539,AKRON,OH,,899641,2,2019 2021,business,,,,,27,39,71,ROGERS INDUSTRIAL PRODUCTS INC,OH,"Rogers Industrial Products, Inc.",Workforce Grant,33,Advanced Manufacturing,100000,business,ROGERS INDUSTRIAL PRODUCTS INC,OH,Form 5500 plan sponsor address (2023),<100,"Form 5500 2023: 71 participants, largest plan, sponsor ROGERS INDUSTRIAL PRODUCTS INC; metrics jobs retained 33",2023,B,,"Rule R2: own plan under 250 participants, no subsidiary marker in the name, not an SEC registrant."
EIN:471842264,OCULII CORP,471842264,BEAVERCREEK,OH,,895008,3,2020 2021 2022,business,0001708023,Oculii Corp.,DE,OH,4,25,,OCULII CORP,OH,Oculii Corp.,Economic Development Grant,21,IT,550000,,,,,,,,,,
EIN:351989444,ITM MARKETING INC,351989444,COSHOCTON,OH,,885000,2,2019 2021,business,,,,,68,77,68,ITM MARKETING INC.,OH,"Itm Marketing, Inc.",Revitalization Grant,85,Information Services and Software,285000,business,ITM MARKETING INC,OH,Form 5500 plan sponsor address (2019),<100,"Form 5500 2019: 77 participants, largest plan, sponsor ITM MARKETING INC.; metrics jobs retained 85",2019,B,,"Rule R2: own plan under 250 participants, no subsidiary marker in the name, not an SEC registrant."
EIN:261737051,TRUE INSPECTION SERVICES LLC,261737051,URBANA,OH,,883947,2,2019 2020,business,,,,,13,45,70,"TRUE INSPECTION SERVICES, LLC",OH,True Inspection Services LLC *,Revitalization Grant,0,Other,883947,business,TRUE INSPECTION SERVICES LLC,OH,Form 5500 plan sponsor address (2023),<100,"Form 5500 2023: 70 participants, largest plan, sponsor TRUE INSPECTION SERVICES, LLC",2023,B,,"Rule R2: own plan under 250 participants, no subsidiary marker in the name, not an SEC registrant."
EIN:472373487,MUNICIPAL LIGHT PLANT LLC,472373487,COLUMBUS,OH,,880931,2,2016 2019,government,,,,,,,,,,Municipal Light Plant LLC,Revitalization Grant; Revitalization Grant Phase II; Revitalization Loan,51,Other,2353012,government,MUNICIPAL LIGHT PLANT LLC,OH,Schedule I address; Ohio public or nonprofit entity,,,,B,,Rule R4: government by name and IRC section; not in the business headline.
EIN:232790930,NORTHWEST BANCSHARES INC,232790930,WARREN,PA,,875000,1,2022,business,,,,,3008,3412,3486,NORTHWEST BANK,PA,,,,,,business,NORTHWEST BANCSHARES INC,PA,Form 5500 plan sponsor address (2023),500-4999,"Form 5500 2023: 3486 participants, largest plan, sponsor NORTHWEST BANK",2023,B,,"Rule R3: own plan at 1,500 or more participants; counts include retirees, so the bucket is conservative."
EIN:310789412,FORTNER UPHOLSTERING INC,310789412,COLUMBUS,OH,,851500,3,2017 2018 2021,business,,,,,,,,,,"Fortner Upholstering, Inc.",Revitalization Grant; Revitalization Grant Phase II,37,Other,231500,,,,,,,,,,
EIN:472532936,NAVARRE FACILITY LLC,472532936,NAVARRE,OH,,850000,1,2019,business,,,,,,,,,,,,,,,,,,,,,,,,
EIN:481299541,GLOBAL COOLING INC,481299541,ATHENS,OH,,850000,2,2020 2021,business,0001517379,"Global Cooling, Inc.",DE,OH,,105,,"GLOBAL COOLING, INC.",OH,"Global Cooling, Inc.",Economic Development Grant; Workforce Grant,82,Advanced Manufacturing,250000,,,,,,,,,,
EIN:821056572,COMPLETE FILTER MEDIA LLC,821056572,LANCASTER,OH,,832508,2,2021 2022,business,,,,,,,,,,"Complete Filter Media, LLC",Revitalization Grant,0,Advanced Manufacturing,300000,,,,,,,,,,
EIN:131623940,THE CHRISTIAN AND MISSIONARY ALLIANCE,131623940,COLORADO SPRINGS,CO,501(C)(3),819525,1,2023,nonprofit,,,,,,,,,,The Christian and Missionary Alliance,Economic Development Grant; Revitalization Grant,0,Other,1000000,,,,,,,,,,
EIN:043590028,SPRAY PRODUCTS CORPORATION,043590028,MEDINA,OH,,810855,3,2020 2021 2022,business,,,,,102,219,258,SPRAY PRODUCTS CORPORATION,PA,Spray Products Corporation,Revitalization Grant; Revitalization Grant Phase II,0,Shale Energy and Petrochemicals,948000,,,,,,,,,,
EIN:825105839,SUPERIOR ROLL FORMING LLC,825105839,VALLEY CITY,OH,,800450,2,2022 2023,business,,,,,,418,,SRF OHIO LLC,OH,Superior Roll Forming LLC,Revitalization Grant; Revitalization Grant Phase II,223,Advanced Manufacturing,800450,,,,,,,,,,
EIN:271499609,MRI SOFTWARE,271499609,SOLON,OH,,800000,3,2018 2019 2021,business,,,,,387,1063,1300,"MRI SOFTWARE, LLC.",OH,MRI Software LLC,Economic Development Grant; Workforce Grant,418,Information Services and Software,500000,,,,,,,,,,
EIN:680600078,TREVES INC,680600078,FOSTORIA,OH,,800000,2,2018 2021,business,,,,,,,,,,"Treves, Inc.",Economic Development Grant,0,Automotive,200000,,,,,,,,,,
EIN:310841368,US BANK NATIONAL ASSOCIATION,310841368,MINNEAPOLIS,MN,,800000,2,2019 2023,business,0000830013,US BANK NATIONAL ASSOCIATION,DE,MN,,,,,,,,,,,,,,,,,,,,
EIN:341940305,ATRICURE INC,341940305,MASON,OH,,800000,1,2020,business,0001323885,"AtriCure, Inc.",DE,OH,363,657,1099,"ATRICURE, INC.",OH,"AtriCure, Inc.",Economic Development Grant,602,Healthcare,7300000,,,,,,,,,,
EIN:341568276,GRIFFETH & SON TRUCKING INC,341568276,CARROLLTON,OH,,800000,2,2020 2021,business,,,,,,9,,"GRIFFETH AND SON TRUCKING, INC.",OH,"Griffeth & Son Trucking, Inc.",Revitalization Grant,26,Logistics and Distribution,200000,business,GRIFFETH & SON TRUCKING INC,OH,Form 5500 plan sponsor address (2019),<100,"Form 5500 2019: 9 participants, largest plan, sponsor GRIFFETH AND SON TRUCKING, INC.; metrics jobs retained 26",2019,B,,"Rule R2: own plan under 250 participants, no subsidiary marker in the name, not an SEC registrant."
EIN:341522786,OVERDRIVE INC,341522786,CLEVELAND,OH,,800000,2,2020 2024,business,,,,,221,,564,"OVERDRIVE, INC.",OH,"Overdrive, Inc.",Economic Development Grant; Workforce Grant,391,Technology,800000,,,,,,,,,,
EIN:943207296,MCKESSON CORPORATION,943207296,HOUSTON,TX,,800000,2,2021 2023,business,0001039362,MCKESSON FINANCING TRUST/ CA,DE,CA,40876,44699,44457,MCKESSON CORPORATION - DELAWARE,TX,McKesson Corporation,Economic Development Grant; Workforce Grant,129,Healthcare,800000,business,MCKESSON CORPORATION,TX,Form 5500 plan sponsor address (2019),5000+,"Form 5500 2019: 44699 participants, largest plan, sponsor MCKESSON CORPORATION - DELAWARE; metrics jobs retained 129",2019,B,,"Rule R3: own plan at 1,500 or more participants; counts include retirees, so the bucket is conservative."
EIN:341838868,BH (OHIO) LEASING LLC,341838868,AKRON,OH,,800000,1,2022,business,,,,,,,,,,"BH (OHIO) LEASING, LLC",Spec Development (OSIP),0,Other,1000000,,,,,,,,,,
EIN:822202906,COOKE BUILDING LLC,822202906,SAN DIEGO,CA,,800000,1,2022,business,,,,,,,,,,Hogrefe-Cooke Building,Vibrant Community Grant,16,Other,1000000,,,,,,,,,,
EIN:200307941,MACYS CORPORATE SERVICES LLC,200307941,NORTH JACKSON,OH,,800000,1,2022,business,,,,,,,,,,"Macy's Corporate Services, LLC",Economic Development Grant; Workforce Grant,55,Logistics and,800000,,,,,,,,,,
EIN:112270659,FESTO CORPORATION,112270659,ISLANDIA,NY,,800000,1,2023,business,,,,,550,1013,1107,FESTO CORPORATION,NY,Festo Corporation,Economic Development Grant; Workforce Grant,250,Advanced Manufacturing,1050000,,,,,,,,,,
EIN:340720629,JO-ANN STORES,340720629,HUDSON,OH,,800000,2,2023 2024,business,0000034151,JO-ANN STORES INC,OH,OH,25526,24715,22063,"JO-ANN STORES, LLC",OH,"Jo-Ann Stores, LLC",Economic Development Grant; Workforce Grant,0,Logistics and,800000,business,JO-ANN STORES,OH,Form 5500 plan sponsor address (2015),5000+,"Form 5500 2015: 25526 participants, largest plan, sponsor JO-ANN STORES, LLC",2015,B,,"Rule R3: own plan at 1,500 or more participants; counts include retirees, so the bucket is conservative."
EIN:884040984,SR 29 WEST JEFF LLC,884040984,DAYTON,NJ,,800000,1,2023,business,,,,,,,,,,SR 29 West Jeff LLC,Spec Development (OSIP),,TBD,1000000,,,,,,,,,,
EIN:883438708,NP FTC LLC,883438708,KANSAS CITY,MO,,800000,1,2024,business,,,,,,,,,,,,,,,,,,,,,,,,
EIN:453836837,EXSURCO MEDICAL INC,453836837,WAKEMAN,OH,,793576,2,2019 2021,business,,,,,,,,,,"Exsurco Medical, Inc.",Workforce Grant,199,Biohealth,300000,,,,,,,,,,
EIN:341667697,P GRAHAM DUNN INC,341667697,DALTON,OH,,790000,2,2017 2021,business,,,,,106,219,217,"P. GRAHAM DUNN, INC.",OH,"P. Graham Dunn, Inc.",Revitalization Grant,125,Advanced Manufacturing,190000,business,P GRAHAM DUNN INC,OH,Form 5500 plan sponsor address (2019),100-499,"Form 5500 2019: 219 participants, largest plan, sponsor P. GRAHAM DUNN, INC.; metrics jobs retained 125",2019,B,,"Rule R2: own plan under 250 participants, no subsidiary marker in the name, not an SEC registrant."
EIN:752303920,TYLER TECHNOLOGIES INC,752303920,MORAINE,OH,,790000,1,2020,business,0000860731,TYLER TECHNOLOGIES INC,DE,TX,3297,5231,8973,"TYLER TECHNOLOGIES, INC.",TX,"Tyler Technologies, Inc.",Economic Development Grant,158,Information Technology,790000,business,TYLER TECHNOLOGIES INC,TX,Form 5500 plan sponsor address (2023),500-4999,"Form 5500 2023: 8973 participants, largest plan, sponsor TYLER TECHNOLOGIES, INC.; metrics jobs retained 158",2023,B,,"Rule R3: own plan at 1,500 or more participants; counts include retirees, so the bucket is conservative."
EIN:200688727,UPTOWN TRANSPORTATION AUTHORITY LLC,200688727,CINCINNATI,OH,,778151,1,2023,business,,,,,,,,,,,,,,,,,,,,,,,,
EIN:311422564,MANIFEST SOLUTIONS CORP,311422564,UPPER ARLINGTON,OH,,775000,3,2020 2021 2022,business,,,,,,75,99,MANIFEST SOLUTIONS CORP.,OH,Manifest Solutions Corp.,Workforce Grant,60,Information Services and Software,175000,business,MANIFEST SOLUTIONS CORP,OH,Form 5500 plan sponsor address (2023),<100,"Form 5500 2023: 99 participants, largest plan, sponsor MANIFEST SOLUTIONS CORP.; metrics jobs retained 60",2023,B,,"Rule R2: own plan under 250 participants, no subsidiary marker in the name, not an SEC registrant."
EIN:862790596,RESERVE PREMIER LLC,862790596,BEDFORD HEIGHTS,OH,,754554,2,2022 2023,business,,,,,,,,,,Reserve Premier LLC,Revitalization Grant Phase II; Spec Development (OSIP),0,Other,2022800,,,,,,,,,,
EIN:310792103,BRAUN INDUSTRIES INC,310792103,VAN WERT,OH,,751000,4,2015 2019 2020 2021,business,,,,,244,301,402,"BRAUN INDUSTRIES, INC.",OH,"Braun Industries, Inc.",Workforce Grant,265,Automotive,55000,,,,,,,,,,
EIN:311588140,APPALACHIAN WOOD FLOORS INC,311588140,PORTSMOUTH,OH,,750000,2,2016 2021,business,,,,,,157,301,APPALACHIAN WOOD FLOORS INC.,OH,"Appalachian Wood Floors, Inc.",Revitalization Grant,167,Advanced,300000,,,,,,,,,,
EIN:251872814,HJ Heinz Company LP,251872814,Pittsburgh,PA,,750000,1,2016,business,0001599727,"H.J. Heinz Company, L.P.",DE,PA,,,,,,,,,,,,,,,,,,,,
EIN:134133473,Hunter Defense Technologies Inc,134133473,Solon,OH,,750000,1,2016,business,,,,,837,1129,1141,"HUNTER DEFENSE TECHNOLOGIES, INC.",OH,,,,,,,,,,,,,,,
EIN:431192063,Stanley Electric US Co Inc,431192063,London,OH,,750000,1,2017,business,,,,,996,820,,STANLEY ELECTRIC US CO INC.,OH,,,,,,,,,,,,,,,
EIN:582514686,Tronair Inc,582514686,Swanton,OH,,750000,1,2018,business,,,,,132,369,392,"TRONAIR, INC.",OH,"Tronair, Inc.",Economic Development Grant,104,Aerospace and Aviation,750000,,,,,,,,,,
EIN:461185968,JUST4CONSTRUCTIONCOM LLC,461185968,STRONGSVILLE,OH,,750000,1,2019,business,,,,,,,,,,,,,,,,,,,,,,,,
EIN:474578433,AMG INDUSTRIES LLC,474578433,MOUNT VERNON,OH,,750000,2,2020 2021,business,0001651254,"AMG Industries Acquisition, LLC",OH,OH,21,117,140,"AMG INDUSTRIES, LLC",OH,"AMG Industries, LLC",Economic Development Grant,123,Automotive,150000,,,,,,,,,,
EIN:474646314,TECH ELEVATOR INC,474646314,CLEVELAND,OH,,750000,4,2020 2021 2022 2023,business,,,,,,,,,,"Tech Elevator, Inc.",Economic Development Grant,29,IT,750000,,,,,,,,,,
EIN:361924025,WALGREEN CO,361924025,DEERFIELD,IL,,750000,1,2020,business,,,,,269600,255822,273508,WALGREEN CO.,IL,Walgreen Co.,Economic Development Grant,679,Healthcare,1150000,business,WALGREEN CO,IL,Form 5500 plan sponsor address (2023),5000+,"Form 5500 2023: 273508 participants, largest plan, sponsor WALGREEN CO.; metrics jobs retained 679",2023,B,,"Rule R3: own plan at 1,500 or more participants; counts include retirees, so the bucket is conservative."
EIN:852416905,MILLS BARNETT SIRRIS HOLDINGS III LLC,852416905,BEAVERCREEK,OH,,750000,2,2022 2023,business,,,,,,,,,,"Mills Barnett Sirris Holdings III, LLC",Spec Development (OSIP),0,Aerospace and Aviation,750000,,,,,,,,,,
EIN:825215665,PURECYCLE OHIO LLC,825215665,CHICAGO,IL,,750000,1,2022,business,,,,,,,,,,PureCycle: Ohio LLC,Revitalization Grant,22,Advanced Manufacturing,750000,,,,,,,,,,
EIN:112695700,AMERICAN REGENT INC,112695700,SHIRLEY,NY,,750000,1,2023,business,,,,,872,1431,1768,"AMERICAN REGENT, INC.",NY,"American Regent, Inc.",Economic Development Grant; Workforce Grant,447,Healthcare,800000,business,AMERICAN REGENT INC,NY,Form 5500 plan sponsor address (2023),500-4999,"Form 5500 2023: 1768 participants, largest plan, sponsor AMERICAN REGENT, INC.; metrics jobs retained 447",2023,B,,"Rule R3: own plan at 1,500 or more participants; counts include retirees, so the bucket is conservative."
EIN:621554972,FORWARD AIR INC,621554972,ATLANTA,GA,,750000,1,2023,business,,,,,1923,3354,3887,"FORWARD AIR, INC",TN,"Forward Air, Inc.",Revitalization Grant,403,Logistics and Distribution,750000,business,FORWARD AIR INC,TN,Form 5500 plan sponsor address (2023),500-4999,"Form 5500 2023: 3887 participants, largest plan, sponsor FORWARD AIR, INC; metrics jobs retained 403",2023,B,,"Rule R3: own plan at 1,500 or more participants; counts include retirees, so the bucket is conservative."
EIN:364670631,STAQ PHARMA INC,364670631,DENVER,CO,,750000,1,2023,business,0001722397,"STAQ Pharma, Inc.",CO,CO,10,21,,"QUALMED PHARMACY, INC.",CO,"STAQ Pharma of Ohio, LLC",Revitalization Grant,0,Healthcare,750000,,,,,,,,,,
EIN:852215540,ZENNI BUCK LLC,852215540,NOVATO,CA,,750000,1,2023,business,,,,,,,,,,,,,,,,,,,,,,,,
EIN:562546716,CLINTON COUNTY PORT AUTHORITY,562546716,WILMINGTON,OH,,742687,1,2020,government,,,,,,,,,,Clinton County Port Authority,Revitalization Grant; Spec Development (OSIP),,TBD,2961290,government,CLINTON COUNTY PORT AUTHORITY,OH,Schedule I address; Ohio public or nonprofit entity,,,,B,,Rule R4: government by name and IRC section; not in the business headline.
EIN:453720765,BARKBOX INC,453720765,NEW YORK,NY,,727108,1,2023,business,0001539019,"Barkbox, Inc.",DE,NY,,442,684,"BARKBOX, INC.",NY,"Barkbox, Inc.",Workforce Grant,249,Other,805000,,,,,,,,,,
EIN:474350524,T&C RAIL HOLDINGS INC,474350524,BUCYRUS,OH,,725000,2,2018 2021,business,,,,,,,,,,"T&C Rail Holdings, Inc.",Economic Development Grant,40,Advanced Manufacturing,125000,,,,,,,,,,
EIN:271256368,NOVA STEEL INC,271256368,DELTA,OH,,725000,1,2020,business,,,,,,,,,,Nova Tube and Steel LLC,Economic Development Grant,0,Other,725000,,,,,,,,,,
EIN:341816209,A & P TOOL INC,341816209,HICKSVILLE,OH,,712233,2,2019 2021,business,,,,,65,128,104,"A&P TOOL, INC.",OH,"A & P Tool, Inc.",Workforce Grant,130,Advanced Manufacturing,100000,business,A & P TOOL INC,OH,Form 5500 plan sponsor address (2019),100-499,"Form 5500 2019: 128 participants, largest plan, sponsor A&P TOOL, INC.; metrics jobs retained 130",2019,B,,"Rule R2: own plan under 250 participants, no subsidiary marker in the name, not an SEC registrant."
EIN:341789017,AUTOTOOL INC,341789017,PLAIN CITY,OH,,703352,3,2019 2020 2021,business,,,,,25,63,54,AUTOTOOL INC,OH,"Autotool, Inc.",Workforce Grant,63,Automotive,175000,business,AUTOTOOL INC,OH,Form 5500 plan sponsor address (2019),<100,"Form 5500 2019: 63 participants, largest plan, sponsor AUTOTOOL INC; metrics jobs retained 63",2019,B,,"Rule R2: own plan under 250 participants, no subsidiary marker in the name, not an SEC registrant."
EIN:930768561,AIRSTREAM INC,930768561,JACKSON CENTER,OH,,700000,2,2016 2019,business,,,,,,,,,,"Airstream, Inc.",Economic Development Grant,900,Automotive,600000,,,,,,,,,,
EIN:461590730,RELATECARE LLC,461590730,CLEVELAND,OH,,700000,3,2018 2019 2021,business,,,,,,19,331,"SLAINTE HEALTHCARE SERVICES, INC.",OH,"RelateCare, LLC",Workforce Grant,10,Biohealth,100000,,,,,,,,,,
EIN:821921127,FORTUITY CALLING LLC,821921127,COLUMBUS,OH,,700000,2,2019 2021,business,,,,,,,,,,"Fortuity Calling, LLC",Revitalization Grant,0,Other,400000,,,,,,,,,,
EIN:341269925,NATIONAL DOOR AND TRIM INC,341269925,VAN WERT,OH,,700000,3,2019 2020 2021,business,,,,,72,75,,"NATIONAL DOOR & TRIM, INC.",OH,"National Door and Trim, Inc.",Economic Development Grant,51,Advanced Manufacturing,100000,business,NATIONAL DOOR AND TRIM INC,OH,Form 5500 plan sponsor address (2019),<100,"Form 5500 2019: 75 participants, largest plan, sponsor NATIONAL DOOR & TRIM, INC.; metrics jobs retained 51",2019,B,,"Rule R2: own plan under 250 participants, no subsidiary marker in the name, not an SEC registrant."
EIN:311260509,5 B'S INC,311260509,ZANESVILLE,OH,,700000,2,2020 2021,business,,,,,,,172,"5BS, INC.",OH,"5 B's, Inc.",Revitalization Grant,280,Logistics and Distribution,100000,business,5 B'S INC,OH,Form 5500 plan sponsor address (2023),100-499,"Form 5500 2023: 172 participants, largest plan, sponsor 5BS, INC.; metrics jobs retained 280",2023,B,,"Rule R2: own plan under 250 participants, no subsidiary marker in the name, not an SEC registrant."
EIN:311581466,REVLOCAL LLC,311581466,GRANVILLE,OH,,700000,3,2020 2021 2022,business,0001676213,"REVLOCAL, LLC",OH,OH,186,408,532,"REVLOCAL, LLC",OH,"RevLocal, LLC",Workforce Grant,167,IT,100000,,,,,,,,,,
EIN:310308370,THE HAMILTON CASTER & MFG COMPANY,310308370,HAMILTON,OH,,700000,2,2020 2021,business,,,,,95,84,77,HAMILTON CASTER & MFG. CO.,OH,The Hamilton Caster & Mfg. Company,Revitalization Grant,85,Advanced Manufacturing,100000,business,THE HAMILTON CASTER & MFG COMPANY,OH,Form 5500 plan sponsor address (2015),<100,"Form 5500 2015: 95 participants, largest plan, sponsor HAMILTON CASTER & MFG. CO.; metrics jobs retained 85",2015,B,,"Rule R2: own plan under 250 participants, no subsidiary marker in the name, not an SEC registrant."
EIN:133160717,WILLIAMS LEA INC,133160717,COLUMBUS,OH,,700000,2,2020 2022,business,0001019336,DONNELLEY ENTERPRISE SOLUTIONS INC,DE,IL,3736,4008,2445,"WILLIAMS LEA, LLC",WV,Williams Lea Inc.,Workforce Grant,3,Other,700000,business,WILLIAMS LEA INC,WV,Form 5500 plan sponsor address (2019),500-4999,"Form 5500 2019: 4008 participants, largest plan, sponsor WILLIAMS LEA, LLC; metrics jobs retained 3",2019,B,,"Rule R3: own plan at 1,500 or more participants; counts include retirees, so the bucket is conservative."
EIN:208883202,CONAGRA FOODS PACKAGED FOODS LLC,208883202,ARCHBOLD,OH,,700000,1,2021,business,,,,,,,,,,"Conagra Foods Packaged Foods, LLC",Economic Development Grant; Workforce Grant,929,Food and Agribusiness,1250000,,,,,,,,,,
EIN:316034125,KEMBA CREDIT UNION INC,316034125,WEST CHESTER,OH,,700000,1,2021,business,,,,,167,248,315,"KEMBA CREDIT UNION, INC.",OH,"Kemba Credit Union, Inc.",Economic Development Grant,108,Financial Services,100000,,,,,,,,,,
EIN:473802496,RELINK MEDICAL LLC,473802496,TWINSBURG,OH,,700000,2,2021 2022,business,,,,,,,,,,"Relink Medical, LLC",Workforce Grant,28,Healthcare,100000,,,,,,,,,,
EIN:222769024,CBIZ INC,222769024,CLEVELAND,OH,,700000,1,2024,business,0000944148,"CBIZ, Inc.",DE,OH,5778,6377,8402,"CBIZ, INC.",OH,"CBIZ, Inc.",Economic Development Grant,202,Financial Services,700000,business,CBIZ INC,OH,Form 5500 plan sponsor address (2023),500-4999,"Form 5500 2023: 8402 participants, largest plan, sponsor CBIZ, INC.; metrics jobs retained 202",2023,B,,"Rule R3: own plan at 1,500 or more participants; counts include retirees, so the bucket is conservative."
EIN:200154319,RMF NOOTER INC,200154319,TOLEDO,OH,,690000,1,2024,business,,,,,5,6,,"RMF NOOTER, LLC",MO,"RMF Nooter, LLC",Economic Development Grant,85,Advanced Manufacturing,200000,business,"CIC Group, Inc. (via Nooter Construction Company)",MO,https://cicgroup.com/nooter/history/,500-4999,https://profiles.crustdata.com/company/nooter-construction,2024,C,no,"RMF Nooter (Toledo, founded 1947 as RMF Industrial Contracting) is a wholly owned subsidiary of Nooter Construction, which is held by employee-owned CIC Group of St. Louis, MO. Nooter Construction alone shows roughly 617 employees in Dec 2024 (LinkedIn-derived), and the Toledo unit's own 5500 plan had only 5-6 participants, so the bucket rests on the parent; JobsOhio lists 85 jobs retained at the site."
EIN:311225519,LONDON COMPUTER SYSTEMS INC,311225519,CINCINNATI,OH,,685000,2,2020 2021,business,,,,,122,255,437,"LONDON COMPUTER SYSTEMS, INC.",OH,"London Computer Systems, Inc.",Workforce Grant,177,IT,85000,business,"London Computer Systems, Inc.",OH,https://www.lcs.com/about-lcs/,100-499,https://www.lcs.com/about-lcs/,2020,C,yes,"Founder-owned (Dave Hegemann, founded 1987, incorporated 1988) maker of Rent Manager software, HQ 9140 Waterstone Blvd, Cincinnati. Company timeline says 350 employees in 2020, matching 255 Form 5500 participants in 2019 and 177 jobs retained; it has since passed 500 (2026), but not in the grant years."
EIN:471671054,NULLABLE INC,471671054,COLUMBUS,OH,,681756,3,2022 2023 2024,business,0001702264,"Nullable, Inc.",DE,OH,,,133,"NULLABLE, INC.",OH,"Nullable, Inc.",Workforce Grant,33,Technology,450000,business,"Nullable, Inc. dba Aware",OH,https://columbusregion.com/press-release/aware-expands-headquarters-in-the-columbus-region-creating-50-new-jobs/,100-499,https://getlatka.com/companies/aware,2023,B,yes,"Venture-backed Columbus startup (founded 2017, HQ 111 Liberty St) whose EDGAR record is Form D equity raises, not a 10-K; about 60 employees at its Oct 2021 Series C and 158 in 2023, consistent with 133 Form 5500 participants in 2023. Acquired by Mimecast in Aug 2024, after the grant years."
EIN:272573145,GARRETT DAY LLC,272573145,LEXINGTON,KY,,675230,2,2016 2024,business,,,,,,,,,,Garrett Day LLC,Revitalization Grant Phase II,0,Other,880289,site_development,"Garrett Day LLC (Michael Heitz, 50% owner)",KY,https://caselaw.findlaw.com/court/crt-app-ohi-sec-dis-mon-cou/2033904.html,<100,https://caselaw.findlaw.com/court/crt-app-ohi-sec-dis-mon-cou/2033904.html,2019,C,unknown,"Brownfield remediation developer that has cleaned up about 14 Dayton industrial sites (Howard Paper, Dayton Electroplate) with Clean Ohio and later JobsOhio revitalization grants; the 2019 appeals opinion names Michael Heitz as 50% owner but not the other half. No Form 5500, zero jobs retained, and the Lexington KY address is the LLC's mailing address; no headcount source found, so <100 is inferred from the business model."
EIN:341483237,WAUSEON MACHINE & MANUFACTURING INC,341483237,WAUSEON,OH,,675000,2,2018 2021,business,,,,,204,218,,"CORNERSTONE WAUSEON, INC.",OH,"Wauseon Machine & Manufacturing, Inc.",Economic Development Grant,179,Advanced Manufacturing,75000,business,"Cornerstone Corporation (Cornerstone Wauseon, Inc.)",OH,https://www.newswire.com/news/wauseon-machine-announces-strategic-reorganization-introducing-22677590,100-499,https://bbb.org/us/oh/wauseon/profile/sheet-metal-fabrication/wauseon-machine-manufacturing-inc-0422-9006805,2019,B,yes,"Wauseon Machine (founded 1983 in Wauseon) is held by Cornerstone Corporation, an Ohio industrial holding company led by Peter Paras III whose plan sponsor name is Cornerstone Wauseon, Inc.; Form 5500 shows 204 participants in 2015 and 218 in 2019, BBB lists 200 employees, and JobsOhio lists 179 jobs retained. Reorganized in Nov 2025 into Integrion Automation and Steelcrest Precision."
EIN:310821189,CITYWIDE DEVELOPMENT CORPORATION,310821189,DAYTON,OH,501(C)(4),675000,1,2020,nonprofit,,,,,19,20,20,CITYWIDE DEVELOPMENT CORPORATION,OH,,,,,,nonprofit,CityWide Development Corporation,OH,https://projects.propublica.org/nonprofits/organizations/310821189,<100,https://citywidedev.com/our-team/,2020,A,yes,"Dayton 501(c)(4) economic development corporation formed in 1972 by city and business leaders; Form 990 revenue was $1.5M in 2020 and the Form 5500 plan had 20 participants, with a staff of about six listed today. Likely a pass-through for a Dayton site or revitalization project."
EIN:311697398,POWERBUILT MATERIAL HANDLING SOLUTIONS LLC,311697398,BELLEFONTAINE,OH,,675000,2,2020 2021,business,,,,,,,,,,Powerbuilt Material Handling Solutions LLC,Revitalization Grant,25,Automotive,75000,business,"PowerBuilt Material Handling Solutions, LLC",OH,https://www.jobsohio.com/newsroom/news-press/powerbuilt-material-handling-solutions-expands-headquarters-in-ohio,<100,https://www.jobsohio.com/newsroom/news-press/powerbuilt-material-handling-solutions-expands-headquarters-in-ohio,2019,B,yes,"Founder-owned (Rick Hauck, 2000) Bellefontaine material-handling equipment maker; JobsOhio's June 2019 release says 25 employees with 18 new jobs planned and a $2M move into a vacant 52,399 sq ft building, which is the revitalization grant project."
EIN:800631677,VIGILANT LLC,800631677,WEST CHESTER,OH,,674095,3,2022 2023 2024,business,,,,,5,20,,"VIGILANT, LLC DBA VIGILANT TECHNOLOGY SOLUTIONS",OH,,,,,,business,"Vigilant, LLC dba Vigilant Technology Solutions",OH,https://www.zoominfo.com/c/vigilant-llc/358741847,<100,https://www.buzzfile.com/business/Vigilant-Technology-Solutions-513-309-0672,2023,C,unknown,"Privately held West Chester cybersecurity firm; directories list about 39-40 employees and Form 5500 had 20 participants in 2019. No JobsOhio or REDI Cincinnati release found for the 2022-2024 grants, which total $674K, large for a company this size, so the count is unverified."
EIN:222568977,BMW FINANCIAL SERVICES NA LLC,222568977,HILLIARD,OH,,672598,1,2024,business,0001541188,"BMW Financial Services NA, LLC",DE,NJ,1794,1812,3134,"BMW FINANCIAL SERVICES NA, LLC",OH,"BMW Financial Services NA, LLC",Workforce Grant,760,Financial Services,1000000,business,Bayerische Motoren Werke AG (BMW Group),Germany,https://www.bmwgroup.com/en/report/2023/downloads/BMW-Group-Report-2023-en.pdf,5000+,https://www.bmwgroup.com/en/report/2023/downloads/BMW-Group-Report-2023-en.pdf,2023,A,no,"BMW Financial Services NA (US captive finance arm, Hilliard operations center, EDGAR registrant via asset-backed trusts) is wholly owned by BMW AG of Munich; BMW Group reported 154,950 employees at end of 2023. Form 5500 shows 3,134 participants at the US entity in 2023."
EIN:463867345,CANDLE-LITE COMPANY LLC,463867345,LEESBURG,OH,,666796,5,2017 2019 2020 2021 2022,business,,,,,509,1022,1035,"CANDLE-LITE COMPANY, LLC",OH,"Candle-lite Company, LLC",Economic Development Grant; Workforce Grant,535,Advanced Manufacturing,330000,business,Luminex Home Decor & Fragrance Holding Corp.,OH,https://www.happi.com/top-company-profile/luminex-home-decor-fragrance/,500-4999,https://pitchbook.com/profiles/company/13341-97,2019,B,yes,"Candle-lite (founded in Cincinnati in 1840, Leesburg plant) merged with PartyLite in 2016 into Luminex Home Decor & Fragrance, Cincinnati, owned by PE firms Centre Lane Partners and The Carlyle Group. Form 5500 shows 1,022 participants at Candle-lite in 2019 and JobsOhio lists 535 jobs retained; PitchBook puts Luminex at about 1,020 employees."
EIN:540582680,GENERAL DYNAMICS LAND SYSTEMS INC,540582680,STERLING HEIGHTS,MI,,665470,2,2020 2021,site_development,0001165493,GENERAL DYNAMICS LAND SYSTEMS INC,DE,MI,6488,5898,5434,"GENERAL DYNAMICS LAND SYSTEMS, INC.",MI,,,,,,business,General Dynamics Corporation,VA,https://www.sec.gov/Archives/edgar/data/40533/000004053321000010/gd-20201231.htm,5000+,https://www.sec.gov/Archives/edgar/data/40533/000004053321000010/gd-20201231.htm,2020,A,no,"General Dynamics Land Systems (Sterling Heights, MI) is the GD subsidiary that operates the Lima Army Tank Plant; parent General Dynamics of Reston, VA reported more than 100,000 employees in its FY2020 10-K. The automatic site_development class is overridden because GDLS is an operating business, though the grant likely supported the Lima plant."
EIN:341940366,Dealer Tire LLC,341940366,Cleveland,OH,,660000,1,2018,business,0001473390,"Dealer Tire, LLC",DE,OH,1122,1520,10179,"DEALER TIRE, LLC",OH,,,,,,business,"Dealer Tire, LLC",OH,https://www.baincapital.com/news/dealer-tire-announces-significant-investment-bain-capital-private-equity,500-4999,https://pitchbook.com/profiles/company/12232-54,2018,B,yes,"Cleveland tire distributor founded 1999 by the Mueller family; majority-owned by PE firm Lindsay Goldberg from Dec 2014, then Bain Capital Private Equity from Dec 2018 (deal valued above $2B). Form 5500 shows 1,520 participants in 2019 and PitchBook lists about 1,583 employees; the 2023 jump to 10,179 participants reflects later acquisitions."
EIN:341965647,FULTON COUNTY PROCESSING LTD,341965647,DELTA,OH,,658000,4,2014 2019 2021 2022,government,,,,,,119,119,FULTON COUNTY PROCESSING,OH,"Fulton County Processing, Ltd.",Economic Development Grant; Workforce Grant,127,Other,108000,business,"Fulton County Processing, Ltd. (three-way JV incl. Heidtman Steel; Heidtman sole owner since June 2022)",OH,https://www.steelmarketupdate.com/2022/06/02/heidtman-steel-acquires-full-ownership-of-fulton-county-processing/,100-499,https://www.zoominfo.com/c/fulton-county-processing-ltd/,2019,B,yes,"Delta steel pickling and slitting toll processor founded 2001; during the grant years it was a three-way joint venture with Toledo-based Heidtman Steel holding one-third since 2006, and Heidtman bought out the other partners in June 2022. Form 5500 shows 119 participants and JobsOhio 127 jobs retained; the automatic government class is wrong, this is a for-profit LLC. If rolled up to Heidtman (700+ employees) the bucket would be 500-4999."
EIN:274011682,IRG MORAINE LLC,274011682,RICHFIELD,OH,,656000,1,2023,business,,,,,,,,,,"IRG Moraine, LLC",Spec Development (OSIP),,TBD,820000,site_development,"Industrial Realty Group, LLC",CA,https://www.industrialrealtygroup.com/,<100,https://rocketreach.co/industrial-realty-group-llc-profile_b589f54bf64cad6f,2023,B,no,"Project LLC for the redevelopment of the former GM Moraine paint building (392,800 sq ft) in Progress Park, a joint venture of Industrial Realty Group (Stuart Lichter, Los Angeles; Ohio office in Richfield) and Industrial Commercial Properties (Cleveland), backed by a JobsOhio spec-building grant in 2023. IRG itself is a small real-estate staff (directories list 25 to 51-200 employees) managing 100M+ sq ft."
EIN:271123127,S&P DATA OHIO LLC,271123127,CLEVELAND,OH,,650000,2,2018 2021,business,,,,,,,,,,"S&P Data Ohio, LLC",Workforce Grant,122,Information Services and Software,150000,business,S&P Data LLC (S&P Data Digital),Canada,https://www.zoominfo.com/c/s--p-data-llc/1110866061,500-4999,https://www.datanyze.com/companies/s-p-data/266027458,2021,C,no,"Cleveland Warehouse District call center (1500 W 3rd St) is the Ohio arm of S&P Data, a privately held Toronto-based contact-center group; directories put the group at roughly 1,075-1,319 employees and the Cleveland site at about 400, with JobsOhio listing 122 jobs retained. No Form 5500 for the Ohio LLC and no JobsOhio release found."
EIN:310345740,THE KROGER CO,310345740,CINCINNATI,OH,,650000,3,2018 2020 2023,business,0000056873,KROGER CO,OH,OH,215908,227916,247911,THE KROGER CO.,OH,The Kroger Co.,Economic Development Grant; Workforce Grant,387,Food and Agribusiness,1205000,business,The Kroger Co.,OH,https://www.sec.gov/Archives/edgar/data/56873/000155837019002756/kr-20190202x10k.htm,5000+,https://www.sec.gov/Archives/edgar/data/56873/000155837019002756/kr-20190202x10k.htm,2019,A,yes,"Public company (NYSE: KR) headquartered in Cincinnati since 1883; the 10-K for the year ended Feb 2, 2019 reports about 453,000 full- and part-time employees, and Form 5500 shows 227,916 participants in 2019. Grants over 2018-2023 total $650K against a $1.2M commitment."
EIN:341715965,RIMECO PRODUCTS INC,341715965,WILLOUGHBY,OH,,650000,2,2019 2021,business,,,,,36,57,,"RIMECO PRODUCTS, INC.",OH,"Rimeco Products, Inc.",Economic Development Grant,38,Aerospace and Aviation,50000,business,"Rimeco Products, Inc.",OH,https://northeastohioregion.com/news/rimeco-products/,<100,https://www.crainscleveland.com/manufacturing/cnc-machine-shop-rimeco-products-expands-willoughby,2018,B,yes,"Family-owned CNC aerospace machine shop (Ribic family, founded 1992, Willoughby since 2003); Team NEO's Oct 2018 release covers a $3.6M expansion retaining 38 jobs and adding 38, and Crain's put the headcount at about 50. Form 5500 shows 57 participants in 2019."
EIN:362513626,BOOZ ALLEN HAMILTON INC,362513626,MCLEAN,VA,,650000,3,2020 2022 2023,business,,,,,67040,69557,51549,BOOZ ALLEN HAMILTON INC.,VA,Booz Allen Hamilton Inc.,Economic Development Grant; Workforce Grant,290,IT,650000,business,Booz Allen Hamilton Holding Corporation,VA,https://www.sec.gov/Archives/edgar/data/0001443646/000144364620000086/bah-20200331x10k.htm,5000+,https://www.sec.gov/Archives/edgar/data/0001443646/000144364620000086/bah-20200331x10k.htm,2020,A,no,"Booz Allen Hamilton Inc. is the operating subsidiary of public Booz Allen Hamilton Holding Corp (NYSE: BAH), McLean, VA; the FY2020 10-K reports about 27,200 employees as of March 31, 2020. Form 5500 shows 69,557 participants in 2019 and JobsOhio lists 290 jobs retained in Ohio (Dayton/Beavercreek area)."
EIN:346401447,CITY OF TOLEDO,346401447,TOLEDO,OH,GOVERNMENT ENTITY,650000,1,2020,government,,,,,,,,,,,,,,,government,City of Toledo,OH,https://cdn.toledo.oh.gov/uploads/documents/Finance/2020-Annual-Information-Statement.pdf,500-4999,https://cdn.toledo.oh.gov/uploads/documents/Finance/2020-Annual-Information-Statement.pdf,2020,A,yes,"Municipal government; the city's 2020 Annual Information Statement reports 2,680 full- and part-time employees as of Sept 15, 2020. The specific 2020 JobsOhio project for the $650K was not identified, likely a site or infrastructure grant passed through the city."
EIN:273889959,INGAGE PARTNERS INC,273889959,CINCINNATI,OH,,650000,2,2020 2021,business,,,,,36,117,,"INGAGE PARTNERS, INC.",OH,"Ingage Partners, Inc.",Workforce Grant,89,IT,50000,business,"Ingage Partners, Inc.",OH,https://www.ingagepartners.com/about-us,100-499,https://www.zoominfo.com/c/ingage-partners-inc/355684212,2019,B,yes,"Employee-owned Cincinnati (Blue Ash) IT and management consulting B Corp founded 2011; Form 5500 shows 117 participants in 2019, up from 36 in 2015, and JobsOhio lists 89 jobs retained. Headcount sits near the 100 line, so the bucket could be <100 if the plan count includes many former staff."
EIN:311441978,NEXTECH MATERIALS LTD,311441978,LEWIS CENTER,OH,,650000,1,2021,business,,,,,45,58,79,NEXCERIS LLC,OH,"NexTech Materials, Ltd.",Economic Development Grant,45,Energy and Chemicals,50000,business,NEXTECH MATERIALS LTD,OH,Form 5500 plan sponsor address (2023),<100,"Form 5500 2023: 79 participants, largest plan, sponsor NEXCERIS LLC; metrics jobs retained 45",2023,B,,"Rule R2: own plan under 250 participants, no subsidiary marker in the name, not an SEC registrant."
EIN:160834011,BENDERSON PROPERTIES INC,160834011,UNIVERSITY PARK,FL,,647172,1,2021,site_development,,,,,,,,,,"Benderson Properties, Inc.*",Revitalization Grant,0,Other,825000,,,,,,,,,,
EIN:310963794,BLUE LABEL PACKAGING COMPANY,310963794,LANCASTER,OH,,645000,2,2020 2021,business,,,,,0,68,162,BLUE LABEL PACKAGING CO.,OH,Blue Label Packaging Company,Growth Fund Loan; Workforce Grant,146,Other,1645000,business,BLUE LABEL PACKAGING COMPANY,OH,Form 5500 plan sponsor address (2023),100-499,"Form 5500 2023: 162 participants, largest plan, sponsor BLUE LABEL PACKAGING CO.; metrics jobs retained 146",2023,B,,"Rule R2: own plan under 250 participants, no subsidiary marker in the name, not an SEC registrant."
EIN:363621191,KENO KOZIE ASSOCIATES LTD,363621191,COLUMBUS,OH,,640000,2,2019 2021,business,,,,,212,332,,"KENO KOZIE ASSOCIATES, INC.",IL,"Keno Kozie Associates, LTD.",Workforce Grant,0,Information Services and Software,40000,,,,,,,,,,
EIN:311313904,THE CONNOR GROUP A REAL ESTATE INVESTMENT FIRM LLC,311313904,MIAMISBURG,OH,,640000,1,2024,site_development,,,,,304,447,566,"THE CONNOR GROUP, A REAL ESTATE INVESTMENT FIRM, LLC",OH,"The Connor Group, A Real Estate Investment Firm, LLC",Spec Development (OSIP),0,Building,800000,site_development,THE CONNOR GROUP A REAL ESTATE INVESTMENT FIRM LLC,OH,Schedule I address; Ohio public or nonprofit entity,,Form 5500 2023: 566 participants,2023,B,,Rule R4: site_development by name and IRC section; not in the business headline.
EIN:363143159,TAIHO CORPORATION OF AMERICA,363143159,TIFFIN,OH,,635000,2,2018 2021,business,,,,,156,291,288,TAIHO CORPORATION OF AMERICA,OH,Taiho Corporation of America,Economic Development Grant,177,Automotive,35000,,,,,,,,,,
EIN:310940115,DYSINGER INCORPORATED,310940115,DAYTON,OH,,635000,2,2020 2021,business,,,,,66,55,59,"DYSINGER, INC.",OH,Dysinger Incorporated,Economic Development Grant,53,Aerospace and Aviation,35000,business,DYSINGER INCORPORATED,OH,Form 5500 plan sponsor address (2015),<100,"Form 5500 2015: 66 participants, largest plan, sponsor DYSINGER, INC.; metrics jobs retained 53",2015,B,,"Rule R2: own plan under 250 participants, no subsidiary marker in the name, not an SEC registrant."
EIN:341679064,ALKON CORPORATION,341679064,FREMONT,OH,,630000,2,2019 2021,business,,,,,89,167,251,ALKON CORPORATION,OH,Alkon Corporation,Workforce Grant,156,Advanced Manufacturing,30000,,,,,,,,,,
EIN:310653828,GREENFIELD PRODUCTS INCORPORATED,310653828,GREENFIELD,OH,,630000,2,2020 2021,business,,,,,,,,,,Greenfield Products Incorporated,Economic Development Grant,43,Energy & Chemicals,30000,,,,,,,,,,
EIN:842767756,HIGH ROAD HOLDINGS LLC,842767756,CINCINNATI,OH,,629052,4,2021 2022 2023 2024,business,,,,,,,,,,,,,,,,,,,,,,,,
EIN:274356106,CRANE CONSUMABLES INC,274356106,MIDDLETOWN,OH,,625000,2,2019 2021,business,,,,,,26,,CRANE CONSUMABLES,OH,Crane Consumables Inc.,Economic Development Grant,66,Advanced Manufacturing,125000,business,CRANE CONSUMABLES INC,OH,Form 5500 plan sponsor address (2019),<100,"Form 5500 2019: 26 participants, largest plan, sponsor CRANE CONSUMABLES; metrics jobs retained 66",2019,B,,"Rule R2: own plan under 250 participants, no subsidiary marker in the name, not an SEC registrant."
EIN:541737649,DOLLAR TREE DISTRIBUTION INC,541737649,CHESAPEAKE,VA,,613277,4,2019 2020 2021 2023,business,,,,,,,,,,"Dollar Tree Distribution, Inc.",Workforce Grant,0,Logistics and Distribution,400000,,,,,,,,,,
EIN:900398931,SOUTHERN OHIO PORT AUTHORITY,900398931,PORTSMOUTH,OH,,608565,2,2023 2024,government,,,,,,,,,,Southern Ohio Port Authority*,Spec Development (OSIP),,,608565,government,SOUTHERN OHIO PORT AUTHORITY,OH,Schedule I address; Ohio public or nonprofit entity,,,,B,,Rule R4: government by name and IRC section; not in the business headline.
EIN:900951383,THEKEN COMPANIES LLC,900951383,AKRON,OH,,608529,2,2019 2020,business,,,,,23,55,,"THEKEN COMPANIES, LLC",OH,"Theken Companies, LLC",Research & Development Grant,33,Biohealth,2000000,business,THEKEN COMPANIES LLC,OH,Form 5500 plan sponsor address (2019),<100,"Form 5500 2019: 55 participants, largest plan, sponsor THEKEN COMPANIES, LLC; metrics jobs retained 33",2019,B,,"Rule R2: own plan under 250 participants, no subsidiary marker in the name, not an SEC registrant."
EIN:910699706,Pyrotek Incorporated,910699706,Aurora,OH,,600000,1,2016,business,,,,,931,992,888,PYROTEK INCORPORATED,WA,Pyrotek Incorporated,Economic Development Grant,88,Advanced Manufacturing,800000,,,,,,,,,,
EIN:341888626,CardinalCommerce Corporation,341888626,Mentor,OH,,600000,1,2017,business,0001143446,CARDINALCOMMERCE CORP,DE,OH,136,,,CARDINALCOMMERCE CORPORATION,OH,CardinalCommerce Corporation,Revitalization Grant,146,Financial Services,600000,,,,,,,,,,
EIN:341899036,NRP INVESTMENTS LLC,341899036,CLEVELAND,OH,,600000,1,2019,business,,,,,516,829,988,NRP INVESTMENTS LLC,OH,NRP Investments LLC,Revitalization Grant,116,Other,600000,,,,,,,,,,
EIN:262958880,CONSOLIDATED STORAGE SOLUTIONS INC,262958880,ZANESVILLE,OH,,600000,2,2020 2021,business,,,,,21,37,59,MATTINGLY COLD STORAGE,OH,"Consolidated Storage Solutions, Inc",Revitalization Grant; Revitalization Loan,35,Food and Agribusiness,125000,business,CONSOLIDATED STORAGE SOLUTIONS INC,OH,Form 5500 plan sponsor address (2023),<100,"Form 5500 2023: 59 participants, largest plan, sponsor MATTINGLY COLD STORAGE; metrics jobs retained 35",2023,B,,"Rule R2: own plan under 250 participants, no subsidiary marker in the name, not an SEC registrant."
EIN:813632762,SONGS AT THE CENTER,813632762,WORTHINGTON,OH,,600000,1,2020,business,,,,,,,,,,,,,,,,,,,,,,,,
EIN:471756027,BOCCHI LABORATORIES OHIO LLC,471756027,NEW ALBANY,OH,,600000,1,2021,business,,,,,,,100,"BRIGHT INNOVATION LABS, LLC",OH,"Bocchi Laboratories Ohio, LLC",Growth Fund Loan,,Advanced Manufacturing,4000000,business,BOCCHI LABORATORIES OHIO LLC,OH,Form 5500 plan sponsor address (2023),100-499,"Form 5500 2023: 100 participants, largest plan, sponsor BRIGHT INNOVATION LABS, LLC",2023,B,,"Rule R2: own plan under 250 participants, no subsidiary marker in the name, not an SEC registrant."
EIN:273929785,FEW AUTOMOTIVE GLASS APPLICATIONS INC,273929785,WOOSTER,OH,,600000,1,2021,business,,,,,,37,34,"FEW AUTOMOTIVE GLASS APPLICATION, INC.",OH,"FEW Automotive Glass Applications, Inc.",Workforce Grant,43,Automotive,30000,business,FEW AUTOMOTIVE GLASS APPLICATIONS INC,OH,Form 5500 plan sponsor address (2019),<100,"Form 5500 2019: 37 participants, largest plan, sponsor FEW AUTOMOTIVE GLASS APPLICATION, INC.; metrics jobs retained 43",2019,B,,"Rule R2: own plan under 250 participants, no subsidiary marker in the name, not an SEC registrant."
EIN:461560163,GRAPHIC VILLAGE LLC,461560163,BLUE ASH,OH,,600000,1,2021,business,,,,,,140,176,GRAPHIC VILLAGE LLC,OH,"Graphic Village, LLC",Revitalization Grant,152,Other,350000,business,GRAPHIC VILLAGE LLC,OH,Form 5500 plan sponsor address (2023),100-499,"Form 5500 2023: 176 participants, largest plan, sponsor GRAPHIC VILLAGE LLC; metrics jobs retained 152",2023,B,,"Rule R2: own plan under 250 participants, no subsidiary marker in the name, not an SEC registrant."
EIN:815429950,MIMI FARMS INC,815429950,HURON,OH,,600000,1,2021,business,,,,,,13,,MUCCI FARMS,OH,MIMI Farms Inc.,Economic Development Grant,0,Food and Agribusiness,200000,business,MIMI FARMS INC,OH,Form 5500 plan sponsor address (2019),<100,"Form 5500 2019: 13 participants, largest plan, sponsor MUCCI FARMS",2019,B,,"Rule R2: own plan under 250 participants, no subsidiary marker in the name, not an SEC registrant."
EIN:820878051,OHIO PACK LLC,820878051,JOHNSTOWN,OH,,600000,1,2021,business,,,,,,13,,"OHIO PACK, LLC",OH,"Ohio Pack, LLC",Economic Development Grant,0,Advanced Manufacturing,150000,business,OHIO PACK LLC,OH,Form 5500 plan sponsor address (2019),<100,"Form 5500 2019: 13 participants, largest plan, sponsor OHIO PACK, LLC",2019,B,,"Rule R2: own plan under 250 participants, no subsidiary marker in the name, not an SEC registrant."
EIN:611403731,PRODUCE PACKAGING INC,611403731,WILLOUGHBY HILLS,OH,,600000,1,2021,business,,,,,118,180,195,"PRODUCE PACKAGING, INC.",OH,"Produce Packaging, Inc.",Revitalization Loan,308,Food & Agribusiness,2500000,business,PRODUCE PACKAGING INC,OH,Form 5500 plan sponsor address (2023),100-499,"Form 5500 2023: 195 participants, largest plan, sponsor PRODUCE PACKAGING, INC.; metrics jobs retained 308",2023,B,,"Rule R2: own plan under 250 participants, no subsidiary marker in the name, not an SEC registrant."
EIN:341848737,RIFFLE MACHINE WORKS INC,341848737,CHILLICOTHE,OH,,600000,1,2021,business,,,,,162,283,355,RIFFLE MACHINE WORKS,OH,"Riffle Machine Works, Inc.",Economic Development Grant; Inclusion Grant,293,Automotive,75000,,,,,,,,,,
EIN:311462897,RIPLEY METALWORKS LTD,311462897,RIPLEY,OH,,600000,1,2021,business,,,,,,,37,RIPLEY METALWORKS,OH,"Ripley Metalworks, Ltd.",Economic Development Grant,55,Advanced Manufacturing,180000,business,RIPLEY METALWORKS LTD,OH,Form 5500 plan sponsor address (2023),<100,"Form 5500 2023: 37 participants, largest plan, sponsor RIPLEY METALWORKS; metrics jobs retained 55",2023,B,,"Rule R2: own plan under 250 participants, no subsidiary marker in the name, not an SEC registrant."
EIN:344079588,SELMAN & COMPANY LLC,344079588,RICHMOND HEIGHTS,OH,,600000,1,2021,business,,,,,,,,,,"Selman & Company, LLC",Economic Development Grant,125,Financial Services,300000,,,,,,,,,,
EIN:202694811,STANDARD TECHNOLOGIES LLC,202694811,FREMONT,OH,,600000,1,2021,business,,,,,,,,,,"Standard Technologies, LLC",Inclusion Grant,119,Advanced,25000,business,STANDARD TECHNOLOGIES LLC,OH,JobsOhio Inclusion Grant program rule (Ohio small business); JobsOhio monthly metrics report,100-499,"JobsOhio Inclusion Grant eligibility (small business, cap $50,000); metrics jobs retained 119",2021,B,,Rule R1: Inclusion Grant recipient with no contrary size signal.
EIN:310999166,SUPERIOR MARINE WAYS INC,310999166,SOUTH POINT,OH,,600000,1,2021,business,,,,,106,101,143,"SUPERIOR MARINE WAYS, INC.",OH,,,,,,business,SUPERIOR MARINE WAYS INC,OH,Form 5500 plan sponsor address (2023),100-499,"Form 5500 2023: 143 participants, largest plan, sponsor SUPERIOR MARINE WAYS, INC.",2023,B,,"Rule R2: own plan under 250 participants, no subsidiary marker in the name, not an SEC registrant."
EIN:311274364,VALUED RELATIONSHIPS INC,311274364,FRANKLIN,OH,,600000,1,2021,business,,,,,252,371,512,"VALUED RELATIONSHIPS, INC.",OH,"Valued Relationships, Inc.",Economic Development Grant,259,Healthcare,42000,,,,,,,,,,
EIN:311815237,MONTGOMERY COUNTY TRANSPORTION IMPROVEMENT,311815237,DAYTON,OH,STATE OF OHIO,600000,2,2022 2024,government,,,,,,,,,,,,,,,government,MONTGOMERY COUNTY TRANSPORTION IMPROVEMENT,OH,Schedule I address; Ohio public or nonprofit entity,,,,B,,Rule R4: government by name and IRC section; not in the business headline.
EIN:311335829,COLUMBUS REGIONAL AIRPORT AUTHORITY,311335829,COLUMBUS,OH,,600000,1,2024,business,,,,,,,,,,Columbus Regional Airport Authority,Spec Development (OSIP),0,Other,600000,,,,,,,,,,
EIN:310914553,LAKE SHORE CRYOTRONICS INC,310914553,WESTERVILLE,OH,,600000,1,2024,business,,,,,177,193,291,"LAKE SHORE CRYOTRONICS, INC.",OH,"Lake Shore Cryotronics, Inc.",Economic Development Grant,168,Advanced Manufacturing,600000,,,,,,,,,,
EIN:921602928,MARYSVILLE FLEX LLC,921602928,AUSTIN,TX,,600000,1,2024,business,,,,,,,,,,Marysville Flex LLC,Spec Development (OSIP),,TBD,750000,,,,,,,,,,
EIN:882459843,TCC DELAWARE II LLC,882459843,DUBLIN,OH,,600000,1,2024,business,,,,,,,,,,"TCC Delaware II, LLC",Spec Development (OSIP),,TBD,3750000,,,,,,,,,,
EIN:882794171,FORSEE POWER INC,882794171,COLUMBUS,OH,,596000,1,2024,business,,,,,,,1,"FORSEE POWER, INC.",OH,Forsee Power Inc.,Economic Development Grant; Inclusion Grant,26,Advanced Manufacturing,525000,business,FORSEE POWER INC,OH,Form 5500 plan sponsor address (2023),<100,"Form 5500 2023: 1 participants, largest plan, sponsor FORSEE POWER, INC.; metrics jobs retained 26",2023,B,,"Rule R2: own plan under 250 participants, no subsidiary marker in the name, not an SEC registrant."
EIN:842834508,PHOENIX TOLEDO INDUSTRIAL INVESTORS LLC,842834508,MILWAUKEE,WI,,577680,1,2021,site_development,,,,,,,,,,,,,,,,,,,,,,,,
EIN:391138388,CHARTER MANUFACTURING COMPANY INC,391138388,MEQUON,WI,,575000,2,2018 2023,business,,,,,2158,2374,2872,"CHARTER MANUFACTURING COMPANY, INC.",WI,"Charter Manufacturing Company, Inc.",Economic Development Grant; Workforce Grant,425,Advanced Manufacturing,695000,business,CHARTER MANUFACTURING COMPANY INC,WI,Form 5500 plan sponsor address (2023),500-4999,"Form 5500 2023: 2872 participants, largest plan, sponsor CHARTER MANUFACTURING COMPANY, INC.; metrics jobs retained 425",2023,B,,"Rule R3: own plan at 1,500 or more participants; counts include retirees, so the bucket is conservative."
EIN:316000064,CITY OF CINCINNATI,316000064,CINCINNATI,OH,,570000,1,2019,government,,,,,,,,,,,,,,,government,CITY OF CINCINNATI,OH,Schedule I address; Ohio public or nonprofit entity,,,,B,,Rule R4: government by name and IRC section; not in the business headline.
EIN:832648721,DEFIANCE HARMON,832648721,COLUMBUS,OH,,565000,2,2021 2023,business,,,,,,,,,,,,,,,,,,,,,,,,
EIN:464455633,OLIVE AI INC,464455633,COLUMBUS,OH,,560770,3,2020 2021 2022,business,,,,,,158,,"OLIVE AI, INC.",OH,,,,,,business,OLIVE AI INC,OH,Form 5500 plan sponsor address (2019),100-499,"Form 5500 2019: 158 participants, largest plan, sponsor OLIVE AI, INC.",2019,B,,"Rule R2: own plan under 250 participants, no subsidiary marker in the name, not an SEC registrant."
EIN:821260781,Fintech71,821260781,Columbus,OH,,557500,1,2018,business,,,,,,,,,,,,,,,,,,,,,,,,
EIN:263498215,MCDANIEL PRODUCTS INC,263498215,MANSFIELD,OH,,556964,2,2019 2021,business,,,,,20,18,15,MCDANIEL PRODUCTS INC. DBA AUTOMATIC PARTS,OH,"McDaniel Products, Inc.",Revitalization Grant,24,Advanced Manufacturing,75000,business,MCDANIEL PRODUCTS INC,OH,Form 5500 plan sponsor address (2015),<100,"Form 5500 2015: 20 participants, largest plan, sponsor MCDANIEL PRODUCTS INC. DBA AUTOMATIC PARTS; metrics jobs retained 24",2015,B,,"Rule R2: own plan under 250 participants, no subsidiary marker in the name, not an SEC registrant."
EIN:203246696,ERNST METAL TECHNOLOGIES LLC,203246696,MORAINE,OH,,550000,2,2017 2021,business,,,,,,137,131,ERNST METAL TECHNOLOGIES LLC,OH,Ernst Metal Technologies LLC,Revitalization Grant,85,Advanced Manufacturing,150000,business,ERNST METAL TECHNOLOGIES LLC,OH,Form 5500 plan sponsor address (2019),100-499,"Form 5500 2019: 137 participants, largest plan, sponsor ERNST METAL TECHNOLOGIES LLC; metrics jobs retained 85",2019,B,,"Rule R2: own plan under 250 participants, no subsidiary marker in the name, not an SEC registrant."
EIN:842008607,OMEC SMART CARD LLC,842008607,STRONGSVILLE,OH,,550000,1,2021,business,,,,,,,,,,"OMEC Smart Card, LLC",Economic Development Grant,0,Technology,550000,,,,,,,,,,
EIN:310829698,STARWIN INDUSTRIES LLC,310829698,KETTERING,OH,,550000,2,2022 2023,business,,,,,38,34,,STARWIN INDUSTRIES,OH,"Starwin Industries, LLC",Economic Development Grant,42,Aerospace and Aviation,550000,business,STARWIN INDUSTRIES LLC,OH,Form 5500 plan sponsor address (2015),<100,"Form 5500 2015: 38 participants, largest plan, sponsor STARWIN INDUSTRIES; metrics jobs retained 42",2015,B,,"Rule R2: own plan under 250 participants, no subsidiary marker in the name, not an SEC registrant."
EIN:043537265,AMERICAN CRAFT BREWERY,043537265,BOSTON,OH,,550000,1,2024,business,,,,,1486,1341,3247,BOSTON BEER CORPORATION,MA,American Craft Brewery LLC,Economic Development Grant,118,Food and Agribusiness,550000,business,AMERICAN CRAFT BREWERY,MA,Form 5500 plan sponsor address (2023),500-4999,"Form 5500 2023: 3247 participants, largest plan, sponsor BOSTON BEER CORPORATION; metrics jobs retained 118",2023,B,,"Rule R3: own plan at 1,500 or more participants; counts include retirees, so the bucket is conservative."
EIN:410543420,THE SMEAD MANUFACTURING COMPANY,410543420,HASTINGS,MN,,549921,2,2022 2023,business,,,,,1897,1339,830,THE SMEAD MANUFACTURING COMPANY,MN,The Smead Manufacturing Company,Economic Development Grant,182,Advanced,400000,business,THE SMEAD MANUFACTURING COMPANY,MN,Form 5500 plan sponsor address (2015),500-4999,"Form 5500 2015: 1897 participants, largest plan, sponsor THE SMEAD MANUFACTURING COMPANY; metrics jobs retained 182",2015,B,,"Rule R3: own plan at 1,500 or more participants; counts include retirees, so the bucket is conservative."
EIN:340941570,CREDIT ADJUSTMENTS INC,340941570,DEFIANCE,OH,,542546,4,2019 2020 2021 2022,business,,,,,81,291,,CREDIT ADJUSTMENTS,OH,"Credit Adjustments, Inc.",Workforce Grant,64,Financial Services,50000,,,,,,,,,,
EIN:341942414,KELLER LOGISTICS GROUP INC,341942414,DEFIANCE,OH,,530000,2,2018 2024,business,,,,,376,464,822,"KELLER LOGISTICS GROUP, INC.",OH,"Keller Logistics Group, Inc.",Economic Development Grant; Spec Development (OSIP),126,Other,750000,,,,,,,,,,
EIN:341193031,HUMTOWN ADDITIVE,341193031,LEETONIA,OH,,525000,2,2017 2021,business,,,,,78,49,77,HUMTOWN PATTERN COMPANY,OH,,,,,,business,HUMTOWN ADDITIVE,OH,Form 5500 plan sponsor address (2015),<100,"Form 5500 2015: 78 participants, largest plan, sponsor HUMTOWN PATTERN COMPANY",2015,B,,"Rule R2: own plan under 250 participants, no subsidiary marker in the name, not an SEC registrant."
EIN:834185692,UNITED CANDLE COMPANY LLC,834185692,NORWICH,OH,,525000,2,2021 2022,business,,,,,,,,,,United Candle Company LLC,Economic Development Grant,0,Advanced Manufacturing,125000,,,,,,,,,,
EIN:811178175,GETWORKERFIT PARTNERS,811178175,NEWBURY,OH,,520000,1,2023,business,,,,,,,,,,,,,,,,,,,,,,,,
EIN:463981791,SAFEWAY PACKAGING INC,463981791,NEW BREMEN,OH,,519263,2,2018 2021,business,,,,,205,315,809,"OPUS PACKAGING GROUP, INC.",MI,"Safeway Packaging, Inc.",Workforce Grant,111,Advanced Manufacturing,20000,,,,,,,,,,
EIN:341003685,NORTHWEST STATE COMMUNITY COLLEGE,341003685,ARCHBOLD,OH,,513210,1,2020,university,,,,,,,,,,,,,,,university,NORTHWEST STATE COMMUNITY COLLEGE,OH,Schedule I address; Ohio public or nonprofit entity,,,,B,,Rule R4: university by name and IRC section; not in the business headline.
EIN:770616243,STOLLE MACHINERY COMPANY LLC,770616243,CANTON,OH,,510000,3,2015 2019 2021,business,,,,,,,,,,"Stolle Machinery Company, LLC",Economic Development Grant; Workforce Grant,188,Advanced Manufacturing,220000,,,,,,,,,,
EIN:815476676,Recleim OH LLC,815476676,Atlanta,GA,,510000,1,2018,business,,,,,,,,,,,,,,,,,,,,,,,,
EIN:880094415,SIERRA NEVADA CORPORATION,880094415,SPARKS,NV,,505505,2,2023 2024,business,,,,,3219,4689,6660,"SIERRA NEVADA COMPANY, LLC",NV,Sierra Nevada Corporation,Economic Development Grant; Spec Development (OSIP),147,Aerospace and Aviation,6500000,business,SIERRA NEVADA CORPORATION,NV,Form 5500 plan sponsor address (2023),500-4999,"Form 5500 2023: 6660 participants, largest plan, sponsor SIERRA NEVADA COMPANY, LLC; metrics jobs retained 147",2023,B,,"Rule R3: own plan at 1,500 or more participants; counts include retirees, so the bucket is conservative."
EIN:471392335,Matalco Realty Inc,471392335,Lordstown,OH,,500000,1,2015,site_development,,,,,,,,,,,,,,,site_development,Matalco Realty Inc,OH,Schedule I address; Ohio public or nonprofit entity,,,,B,,Rule R4: site_development by name and IRC section; not in the business headline.
EIN:455425231,The New Carlisle LLC,455425231,Materials Park,OH,,500000,2,2015 2016,business,,,,,,,,,,,,,,,,,,,,,,,,
EIN:271202150,Zulily Inc,271202150,Seattle,WA,,500000,2,2015 2017,business,0001478484,"zulily, inc.",DE,WA,,,,,,"zulily, inc.",Workforce Grant,,Other,250000,,,,,,,,,,
EIN:061678153,Columbus Steel Castings Company,061678153,Columbus,OH,,500000,1,2016,business,,,,,783,,,COLUMBUS STEEL CASTINGS,OH,,,,,,,,,,,,,,,
EIN:341339938,FirstMerit Corporation,341339938,Akron,OH,,500000,1,2016,business,0000354869,FIRSTMERIT CORP /OH/,OH,OH,6143,,,FIRSTMERIT CORPORATION,OH,,,,,,business,FirstMerit Corporation,OH,Form 5500 plan sponsor address (2015),500-4999,"Form 5500 2015: 6143 participants, largest plan, sponsor FIRSTMERIT CORPORATION",2015,B,,"Rule R3: own plan at 1,500 or more participants; counts include retirees, so the bucket is conservative."
EIN:311125853,MULTI-COLOR CORPORATION,311125853,BATAVIA,OH,,500000,2,2016 2019,business,0002134523,Multi-Color Corp,OH,GA,2188,3102,5337,MULTI-COLOR CORPORATION,IL,Multi-Color Corporation,Economic Development Grant,535,Advanced Mfg.,500000,business,MULTI-COLOR CORPORATION,IL,Form 5500 plan sponsor address (2023),500-4999,"Form 5500 2023: 5337 participants, largest plan, sponsor MULTI-COLOR CORPORATION; metrics jobs retained 535",2023,B,,"Rule R3: own plan at 1,500 or more participants; counts include retirees, so the bucket is conservative."
EIN:250317820,HOWMET AEROSPACE INC,250317820,CUYAHOGA HEIGHTS,OH,,500000,3,2017 2019 2022,business,0000004281,Howmet Aerospace Inc.,DE,PA,49799,22651,12471,HOWMET AEROSPACE INC.,PA,Howmet Aerospace Inc.,Economic Development Grant; Revitalization Grant,1000,Aerospace and,200000,business,HOWMET AEROSPACE INC,PA,Form 5500 plan sponsor address (2015),5000+,"Form 5500 2015: 49799 participants, largest plan, sponsor HOWMET AEROSPACE INC.; metrics jobs retained 1000",2015,B,,"Rule R3: own plan at 1,500 or more participants; counts include retirees, so the bucket is conservative."
EIN:611728225,Drury Southwest Inc,611728225,Saint Louis,MO,,500000,1,2017,business,,,,,,,,,,,,,,,,,,,,,,,,
EIN:130871985,International Business Machines Corporation,130871985,Armonk,NY,,500000,1,2017,business,0000051143,INTERNATIONAL BUSINESS MACHINES CORP,NY,NY,294925,269426,179075,INTERNATIONAL BUSINESS MACHINES CORPORATION,NY,International Business Machines Corporation,Economic Development Grant,170,Information Technology,1000000,,,,,,,,,,
EIN:821369338,4560 Darrow Road LLC,821369338,Stow,OH,,500000,1,2018,business,,,,,,,,,,,,,,,,,,,,,,,,
EIN:200046535,Carlisle Brake & Friction Inc,200046535,Solon,OH,,500000,1,2018,business,,,,,,,,,,"Carlisle Brake & Friction, Inc",Economic Development Grant,240,Automotive,500000,,,,,,,,,,
EIN:344210902,Emerson Climate Technologies Inc,344210902,Sidney,OH,,500000,1,2018,business,,,,,1931,1925,5028,"COPELAND, LP",MO,"Emerson Climate Technologies, Inc.",Economic Development Grant,1565,Advanced Manufacturing,500000,business,Emerson Climate Technologies Inc,MO,Form 5500 plan sponsor address (2023),500-4999,"Form 5500 2023: 5028 participants, largest plan, sponsor COPELAND, LP; metrics jobs retained 1565",2023,B,,"Rule R3: own plan at 1,500 or more participants; counts include retirees, so the bucket is conservative."
EIN:311423221,R & L Carriers Inc,311423221,Wilmington,OH,,500000,1,2018,business,,,,,9695,10920,18836,"R&L CARRIERS, INC.",OH,"R&L Carriers, Inc.",Economic Development Grant,1456,Logistics and Distribution,600000,business,R & L Carriers Inc,OH,Form 5500 plan sponsor address (2023),5000+,"Form 5500 2023: 18836 participants, largest plan, sponsor R&L CARRIERS, INC.; metrics jobs retained 1456",2023,B,,"Rule R3: own plan at 1,500 or more participants; counts include retirees, so the bucket is conservative."
EIN:953323502,Sterigenics US LLC,953323502,Oak Brook,IL,,500000,1,2018,business,0001009988,STERIGENICS INTERNATIONAL INC,CA,CA,847,1425,,"SOTERA HEALTH, LLC",OH,,,,,,,,,,,,,,,
EIN:811701544,Taylor Communications of Minnesota (Taylor Communi,811701544,Dayton,OH,,500000,1,2018,business,,,,,,,,,,"Communications of Taylor Minnesota (Taylor Communications, Inc.)",Economic Development Grant,500,Other,500000,,,,,,,,,,
EIN:384031342,777 LENA LLC,384031342,AURORA,OH,,500000,1,2019,business,,,,,,,,,,,,,,,,,,,,,,,,
EIN:311229422,ADVICS MANUFACTURING OHIO INC,311229422,LEBANON,OH,,500000,2,2019 2020,business,,,,,,,,,,"Advics Manufacturing Ohio, Inc.",Workforce Grant,714,Automotive,500000,,,,,,,,,,
EIN:521843583,BENDIX COMMERCIAL VEHICLE SYSTEMS LLC,521843583,ELYRIA,OH,,500000,1,2019,business,,,,,,,,,,,,,,,,,,,,,,,,
EIN:800595003,DAISY BRAND LLC,800595003,WOOSTER,OH,,500000,2,2019 2020,business,,,,,493,702,796,DAISY BRAND LLC,TX,"Daisy Brand, LLC",Economic Development Grant; Workforce Grant,172,Food Processing,725000,,,,,,,,,,
EIN:330989359,INOGEN INC,330989359,GOLETA,CA,,500000,1,2019,business,,,,,437,1249,1708,"INOGEN, INC.",CA,"Inogen, Inc.",Economic Development Grant,240,Healthcare,500000,business,INOGEN INC,CA,Form 5500 plan sponsor address (2023),500-4999,"Form 5500 2023: 1708 participants, largest plan, sponsor INOGEN, INC.; metrics jobs retained 240",2023,B,,"Rule R3: own plan at 1,500 or more participants; counts include retirees, so the bucket is conservative."
EIN:230628360,PH GLATFELTER COMPANY,230628360,CHILLICOTHE,OH,,500000,1,2019,business,0000041719,Magnera Corp,PA,NC,5830,5707,1481,GLATFELTER CORPORATION,NC,,,,,,business,PH GLATFELTER COMPANY,NC,Form 5500 plan sponsor address (2015),500-4999,"Form 5500 2015: 5830 participants, largest plan, sponsor GLATFELTER CORPORATION",2015,B,,"Rule R3: own plan at 1,500 or more participants; counts include retirees, so the bucket is conservative."
EIN:464521270,RUDOLPH DEVELOPMENT LLC,464521270,RONKONKOMA,NY,,500000,1,2019,site_development,,,,,,,,,,,,,,,,,,,,,,,,
EIN:202057743,SEARCH DISCOVERY INC,202057743,CLEVELAND,OH,,500000,1,2019,business,,,,,36,117,,"SEARCH DISCOVERY, INC",GA,"Search Discovery, Inc.",Economic Development Grant,22,Information Technology,500000,business,SEARCH DISCOVERY INC,GA,Form 5500 plan sponsor address (2019),100-499,"Form 5500 2019: 117 participants, largest plan, sponsor SEARCH DISCOVERY, INC; metrics jobs retained 22",2019,B,,"Rule R2: own plan under 250 participants, no subsidiary marker in the name, not an SEC registrant."
EIN:833394582,80 ACRES URBAN AGRICULTURE INC,833394582,HAMILTON,OH,,500000,1,2020,business,0001925495,"80 Acres Urban Agriculture, Inc.",DE,OH,,,354,"80 ACRES URBAN AGRICULTURE, INC.",OH,"80 Acres Urban Agriculture, Inc.",Economic Development Grant,29,Food and Agribusiness,500000,,,,,,,,,,
EIN:300796726,CMG STRATEGY CO LLC,300796726,DENVER,CO,,500000,1,2020,business,,,,,,,,,,"CMG Strategy Co, LLC",Workforce Grant,82,Food & Agribusiness,500000,,,,,,,,,,
EIN:455145307,EDU EVERYTHING INC,455145307,CALEDONIA,OH,501(C)(3),500000,1,2020,nonprofit,,,,,,,,,,,,,,,nonprofit,EDU EVERYTHING INC,OH,Schedule I address; Ohio public or nonprofit entity,,,,B,,Rule R4: nonprofit by name and IRC section; not in the business headline.
EIN:462417625,QUICK LOADZ CONTAINER SYSTEM LLC,462417625,ATHENS,OH,,500000,2,2020 2021,business,0001880827,"Quick Loadz Container System, LLC",OH,OH,,,,,,"Quick Loadz Container System, LLC",Revitalization Grant,9,Advanced Manufacturing,300000,,,,,,,,,,
EIN:823296382,HYDROFRESH LTD,823296382,DELPHOS,OH,,500000,1,2021,business,,,,,,15,,HYDROFRESH LTD,OH,"Hydrofresh, LTD.",Economic Development Grant,0,Food Sciences and Agriculture,130000,business,HYDROFRESH LTD,OH,Form 5500 plan sponsor address (2019),<100,"Form 5500 2019: 15 participants, largest plan, sponsor HYDROFRESH LTD",2019,B,,"Rule R2: own plan under 250 participants, no subsidiary marker in the name, not an SEC registrant."
EIN:621151687,MARELLI NORTH AMERICA INC,621151687,BOWLING GREEN,OH,,500000,1,2021,business,,,,,2547,2950,3929,"MARELLI NORTH AMERICA, INC.",TN,"Marelli North America, Inc.",Economic Development Grant,0,Automotive,500000,,,,,,,,,,
EIN:341014989,MCBEE SUPPLY CORPORATION,341014989,CLEVELAND,OH,,500000,1,2021,business,,,,,,,,,,McBee Supply Corporation,Economic Development Grant,272,Automotive,500000,,,,,,,,,,
EIN:311474045,MEDISYNC INC,311474045,CINCINNATI,OH,,500000,1,2021,business,,,,,89,111,126,MEDISYNC INC.,OH,Medisync Inc.,Growth Fund Loan,13,Healthcare,2600000,business,MEDISYNC INC,OH,Form 5500 plan sponsor address (2023),100-499,"Form 5500 2023: 126 participants, largest plan, sponsor MEDISYNC INC.; metrics jobs retained 13",2023,B,,"Rule R2: own plan under 250 participants, no subsidiary marker in the name, not an SEC registrant."
EIN:680208702,OPTION CARE ENTERPRISES INC,680208702,HUDSON,OH,,500000,1,2021,business,0001640177,"OPTION CARE ENTERPRISES, INC.",DE,IL,4815,5256,8608,"OPTION CARE HEALTH, INC.",IL,"Option Care Enterprises, Inc.",Economic Development Grant,148,Healthcare,500000,business,OPTION CARE ENTERPRISES INC,IL,Form 5500 plan sponsor address (2023),500-4999,"Form 5500 2023: 8608 participants, largest plan, sponsor OPTION CARE HEALTH, INC.; metrics jobs retained 148",2023,B,,"Rule R3: own plan at 1,500 or more participants; counts include retirees, so the bucket is conservative."
EIN:310854367,POSITROL INC,310854367,CINCINNATI,OH,,500000,1,2021,business,,,,,31,34,34,"POSITROL, INCORPORATED",OH,"Positrol, Inc.",Workforce Grant,31,Advanced Manufacturing,25000,business,POSITROL INC,OH,Form 5500 plan sponsor address (2023),<100,"Form 5500 2023: 34 participants, largest plan, sponsor POSITROL, INCORPORATED; metrics jobs retained 31",2023,B,,"Rule R2: own plan under 250 participants, no subsidiary marker in the name, not an SEC registrant."
EIN:823358014,PROVIA HOLDINGS INC,823358014,SUGARCREEK,OH,,500000,1,2021,business,,,,,,,,,,ProVia LLC,Economic Development Grant,0,Advanced Manufacturing,500000,,,,,,,,,,
EIN:823023919,SCANNELL PROPERTIES #317 LLC,823023919,INDIANAPOLIS,IN,,500000,1,2021,site_development,,,,,,,,,,"Scannell Properties #317, LLC*",Revitalization Grant; Revitalization Loan,0,Logistics and Distribution,3500000,,,,,,,,,,
EIN:862070397,CW PARTNERS LLC,862070397,COLUMBUS,OH,,500000,2,2022 2023,site_development,,,,,,,,,,,,,,,site_development,CW PARTNERS LLC,OH,Schedule I address; Ohio public or nonprofit entity,,,,B,,Rule R4: site_development by name and IRC section; not in the business headline.
EIN:204014729,KASPER HOLDINGS LLC,204014729,NORTH CANTON,OH,,500000,1,2022,business,0001816877,Kasper Holdings LLC,OH,OH,,,131,"KASPER HOLDINGS, LLC",OH,Kasper Holdings LLC,Economic Development Grant,113,IT,500000,,,,,,,,,,
EIN:833169626,K-NOVA LLC,833169626,AKRON,OH,,500000,2,2022 2024,business,,,,,,,,,,K-NOVA LLC*,Spec Development (OSIP),,,500000,,,,,,,,,,
EIN:200485783,REPUBLIC STEEL INC,200485783,LORAIN,OH,,500000,1,2022,business,,,,,2358,1318,1027,REPUBLIC STEEL,OH,Republic Steel,Workforce Grant,0,Other,500000,business,REPUBLIC STEEL INC,OH,Form 5500 plan sponsor address (2015),500-4999,"Form 5500 2015: 2358 participants, largest plan, sponsor REPUBLIC STEEL",2015,B,,"Rule R3: own plan at 1,500 or more participants; counts include retirees, so the bucket is conservative."
EIN:200527936,THE TOMKO COMPANY LLC,200527936,COLUMBUS,OH,,500000,1,2022,business,,,,,,,,,,"The Tomko Company, LLC",Revitalization Grant; Revitalization Loan,12,Other,2000000,,,,,,,,,,
EIN:842657818,APACKAGING GROUP LLC,842657818,AZUSA,CA,,500000,1,2023,business,,,,,,,,,,Apackaging Group LLC,Economic Development Grant,0,Advanced Manufacturing,500000,,,,,,,,,,
EIN:810921790,FORT WINCHESTER INVESTMENT PARTNERS LLC,810921790,DEFIANCE,OH,,500000,2,2023 2024,site_development,,,,,,,,,,"Fort Winchester Investment Partners, LLC",Growth Fund Loan; Spec Development (OSIP),72,Other,4500000,site_development,FORT WINCHESTER INVESTMENT PARTNERS LLC,OH,Schedule I address; Ohio public or nonprofit entity,,,,B,,Rule R4: site_development by name and IRC section; not in the business headline.
EIN:341237442,IMCO CARBIDE TOOL INC,341237442,PERRYSBURG,OH,,500000,1,2023,business,,,,,84,111,116,"IMCO CARBIDE TOOLS, INC.",OH,IMCO Carbide Tool Inc.,Economic Development Grant,98,Advanced Manufacturing,500000,business,IMCO CARBIDE TOOL INC,OH,Form 5500 plan sponsor address (2023),100-499,"Form 5500 2023: 116 participants, largest plan, sponsor IMCO CARBIDE TOOLS, INC.; metrics jobs retained 98",2023,B,,"Rule R2: own plan under 250 participants, no subsidiary marker in the name, not an SEC registrant."
EIN:853384073,MB SHETH OHIO LLC,853384073,SPOTSWOOD,NJ,,500000,1,2023,business,,,,,,,,,,,,,,,,,,,,,,,,
EIN:311623179,THE HILLMAN GROUP INC,311623179,CINCINNATI,OH,,500000,1,2023,business,0001496639,"HILLMAN GROUP, INC.",DE,OH,2287,3133,4170,"THE HILLMAN GROUP, INC.",OH,"The Hillman Group, Inc.",Economic Development Grant; Revitalization Grant,650,Advanced Manufacturing,2500000,,,,,,,,,,
EIN:874711577,700 LIVERPOOL DRIVE OHIO LLC,874711577,INDEPENDENCE,OH,,500000,1,2024,business,,,,,,,,,,700 Liverpool Drive Ohio LLC,Spec Development (OSIP),,TBD,500000,,,,,,,,,,
EIN:133059174,GROB SYSTEMS INC,133059174,BLUFFTON,OH,,500000,1,2024,business,,,,,454,654,884,"GROB SYSTEMS, INC.",OH,"Grob Systems, Inc.",Economic Development Grant,838,Advanced Manufacturing,500000,,,,,,,,,,
EIN:043183269,HOMEGOODS INC,043183269,FRAMINGHAM,MA,,500000,1,2024,business,,,,,,,,,,"HomeGoods, Inc.",Economic Development Grant,0,Logistics and Distribution,500000,,,,,,,,,,
EIN:341721701,OHIO ORDNANCE WORKS INC,341721701,CHARDON,OH,,500000,1,2024,business,,,,,,76,96,"OHIO ORDNANCE WORKS, INC.",OH,"Ohio Ordnance Works, Inc.",Economic Development Grant; Growth Fund Loan,104,Advanced Manufacturing,3300000,business,OHIO ORDNANCE WORKS INC,OH,Form 5500 plan sponsor address (2023),100-499,"Form 5500 2023: 96 participants, largest plan, sponsor OHIO ORDNANCE WORKS, INC.; metrics jobs retained 104",2023,B,,"Rule R2: own plan under 250 participants, no subsidiary marker in the name, not an SEC registrant."
EIN:823980882,ADDUP INC,823980882,GREENVILLE,SC,,485567,4,2021 2022 2023 2024,business,,,,,,9,46,ADDUP INC,OH,AddUp Inc,Economic Development Grant,5,Advanced Manufacturing,300000,business,ADDUP INC,OH,Form 5500 plan sponsor address (2023),<100,"Form 5500 2023: 46 participants, largest plan, sponsor ADDUP INC; metrics jobs retained 5",2023,B,,"Rule R2: own plan under 250 participants, no subsidiary marker in the name, not an SEC registrant."
EIN:341210426,PLEASANT PRECISION INC,341210426,KENTON,OH,,480000,2,2021 2022,business,,,,,48,42,55,"PLEASANT PRECISION, INC.",OH,"Pleasant Precision, Inc.",Economic Development Grant,35,Advanced Manufacturing,80000,business,PLEASANT PRECISION INC,OH,Form 5500 plan sponsor address (2023),<100,"Form 5500 2023: 55 participants, largest plan, sponsor PLEASANT PRECISION, INC.; metrics jobs retained 35",2023,B,,"Rule R2: own plan under 250 participants, no subsidiary marker in the name, not an SEC registrant."
EIN:852727087,REYNOLDS INVESTMENT PROPERTIES LLC,852727087,DUBLIN,OH,,480000,1,2024,site_development,,,,,,,,,,"Reynolds Investment Properties, LLC",Spec Development (OSIP),,TBD,600000,site_development,REYNOLDS INVESTMENT PROPERTIES LLC,OH,Schedule I address; Ohio public or nonprofit entity,,,,B,,Rule R4: site_development by name and IRC section; not in the business headline.
EIN:340714532,ASM INTERNATIONAL,340714532,NOVELTY,OH,,475000,1,2019,business,,,,,280,63,82,ASM INTERNATIONAL,OH,,,,,,,,,,,,,,,
EIN:541845387,BWXT GOVERNMENT GROUP INC,541845387,BARBERTON,OH,,475000,1,2020,business,,,,,,,,,,,,,,,,,,,,,,,,
EIN:742099724,UNITED AIRLINES INC,742099724,DALLAS,TX,,473975,1,2024,business,0000319687,"UNITED AIRLINES, INC.",DE,IL,119004,116996,118641,"UNITED AIRLINES, INC.",IL,,,,,,business,UNITED AIRLINES INC,IL,Form 5500 plan sponsor address (2015),5000+,"Form 5500 2015: 119004 participants, largest plan, sponsor UNITED AIRLINES, INC.",2015,B,,"Rule R3: own plan at 1,500 or more participants; counts include retirees, so the bucket is conservative."
EIN:346000646,CITY OF CLEVELAND,346000646,CLEVELAND,OH,,473908,4,2016 2019 2020 2021,government,,,,,,,,,,City of Cleveland,Revitalization Grant Phase II,0,Other,391007,government,CITY OF CLEVELAND,OH,Schedule I address; Ohio public or nonprofit entity,,,,B,,Rule R4: government by name and IRC section; not in the business headline.
EIN:208235463,VEEVA SYSTEMS INC,208235463,PLEASANTON,CA,,472571,3,2022 2023 2024,business,0001393052,VEEVA SYSTEMS INC,DE,CA,564,1609,4265,VEEVA SYSTEMS INC.,CA,,,,,,business,VEEVA SYSTEMS INC,CA,Form 5500 plan sponsor address (2023),500-4999,"Form 5500 2023: 4265 participants, largest plan, sponsor VEEVA SYSTEMS INC.",2023,B,,"Rule R3: own plan at 1,500 or more participants; counts include retirees, so the bucket is conservative."
EIN:352487208,Massillon Energy & Technology Park LLC,352487208,Canton,OH,,465500,1,2015,business,,,,,,,,,,,,,,,,,,,,,,,,
EIN:311813317,STANDARDAERO COMPONENT SERVICES INC,311813317,CINCINNATI,OH,,460929,3,2017 2021 2022,business,,,,,,,,,,"StandardAero Component Services, Inc.",Economic Development Grant; Workforce Grant,746,Aerospace and Aviation,625000,,,,,,,,,,
EIN:371888955,EVE ENERGY NORTH AMERICA CORPORATION,371888955,LEWIS CENTER,OH,,460124,1,2024,business,,,,,,3,8,EVE ENERGY NORTH AMERICA CORP,OH,Eve Energy North America Corporation,Research & Development Grant,8,Automotive,1000000,,,,,,,,,,
EIN:872803324,CEMLEB PROPERTIES,872803324,MINSTER,OH,,457564,1,2024,site_development,,,,,,,,,,"Cemleb Properties, LTD.",Spec Development (OSIP),0,TBD,462000,site_development,CEMLEB PROPERTIES,OH,Schedule I address; Ohio public or nonprofit entity,,,,B,,Rule R4: site_development by name and IRC section; not in the business headline.
EIN:463689142,LOWER LLC,463689142,COLUMBIA,MD,,451404,3,2019 2022 2023,business,,,,,123,458,1615,"LOWER, LLC000000000",MD,,,,,,business,LOWER LLC,MD,Form 5500 plan sponsor address (2023),500-4999,"Form 5500 2023: 1615 participants, largest plan, sponsor LOWER, LLC000000000",2023,B,,"Rule R3: own plan at 1,500 or more participants; counts include retirees, so the bucket is conservative."
EIN:721122018,CBTS TECHNOLOGY SOLUTIONS LLC,721122018,CINCINNATI,OH,,450023,1,2023,business,0000830488,NETWORK LONG DISTANCE INC,DE,VA,,,,,,CBTS Technology Solutions LLC,Workforce Grant,671,Technology,1000000,,,,,,,,,,
EIN:340084595,Barium & Chemicals Inc,340084595,Steubenville,OH,,450000,1,2016,business,,,,,26,19,20,"BARIUM & CHEMICALS, INC.",OH,"Barium & Chemicals, Inc.",Revitalization Grant,27,Advanced Manufacturing,450000,business,Barium & Chemicals Inc,OH,Form 5500 plan sponsor address (2015),<100,"Form 5500 2015: 26 participants, largest plan, sponsor BARIUM & CHEMICALS, INC.; metrics jobs retained 27",2015,B,,"Rule R2: own plan under 250 participants, no subsidiary marker in the name, not an SEC registrant."
EIN:311624971,Dmax Ltd,311624971,Moraine,OH,,450000,2,2017 2018,business,,,,,584,689,1166,"DMAX, LTD.",OH,"Dmax, Ltd.",Economic Development Grant; Workforce Grant,814,Automotive,7450000,,,,,,,,,,
EIN:522108862,CONTINENTAL STRUCTURAL PLASTICS INC,522108862,AUBURN HILLS,MI,,450000,2,2018 2019,business,,,,,2376,3944,4742,TEIJIN AUTOMOTIVE TECHNOLOGIES,MI,"Continental Structural Plastics, Inc.",Workforce Grant,1052,Automotive,400000,business,CONTINENTAL STRUCTURAL PLASTICS INC,MI,Form 5500 plan sponsor address (2023),500-4999,"Form 5500 2023: 4742 participants, largest plan, sponsor TEIJIN AUTOMOTIVE TECHNOLOGIES; metrics jobs retained 1052",2023,B,,"Rule R3: own plan at 1,500 or more participants; counts include retirees, so the bucket is conservative."
EIN:311383824,DIVERSIFIED SYSTEMS INC,311383824,WESTERVILLE,OH,,450000,2,2018 2021,business,,,,,23,42,,"DIVERSIFIED SYSTEMS, INC.",OH,,,,,,business,DIVERSIFIED SYSTEMS INC,OH,Form 5500 plan sponsor address (2019),<100,"Form 5500 2019: 42 participants, largest plan, sponsor DIVERSIFIED SYSTEMS, INC.",2019,B,,"Rule R2: own plan under 250 participants, no subsidiary marker in the name, not an SEC registrant."
EIN:340253240,The Goodyear Tire & Rubber Company,340253240,Akron,OH,,450000,1,2018,business,0000042582,GOODYEAR TIRE & RUBBER CO /OH/,OH,OH,34241,26660,22457,THE GOODYEAR TIRE & RUBBER COMPANY,OH,The Goodyear Tire & Rubber Company,Economic Development Grant; Other Grant,61,Energy and Chemicals,785000,business,The Goodyear Tire & Rubber Company,OH,Form 5500 plan sponsor address (2015),5000+,"Form 5500 2015: 34241 participants, largest plan, sponsor THE GOODYEAR TIRE & RUBBER COMPANY; metrics jobs retained 61",2015,B,,"Rule R3: own plan at 1,500 or more participants; counts include retirees, so the bucket is conservative."
EIN:273357481,ALPONT LLC,273357481,OREGON,OH,,450000,1,2020,business,,,,,,,,,,"Alpont, LLC",Economic Development Grant,0,Shale Energy and Petrochemicals,450000,,,,,,,,,,
EIN:550688163,MPR SUPPLY CHAIN SOLUTIONS (MOUNTAINEER PRODUCTS INC),550688163,BELLAIRE,OH,,450000,1,2022,business,,,,,,0,67,"MOUNTAINEER PRODUCTS, INC.",OH,"MPR Supply Chain Solutions (Mountaineer Products, Inc.)",Spec Development (OSIP),0,Energy and Chemicals,2000000,business,MPR SUPPLY CHAIN SOLUTIONS (MOUNTAINEER PRODUCTS INC),OH,Form 5500 plan sponsor address (2023),<100,"Form 5500 2023: 67 participants, largest plan, sponsor MOUNTAINEER PRODUCTS, INC.",2023,B,,"Rule R2: own plan under 250 participants, no subsidiary marker in the name, not an SEC registrant."
EIN:831771797,KARSS GROUP LLC,831771797,FORT LORAMIE,OH,,450000,1,2024,business,,,,,,,,,,"KARSS Group, LLC",Spec Development (OSIP),,TBD,450000,,,,,,,,,,
EIN:270340105,NEXIENT LLC,270340105,NEWARK,CA,,446530,2,2020 2021,business,,,,,365,412,930,"NEXIENT, LLC",TX,Nexient LLC,Workforce Grant,2,IT,500000,,,,,,,,,,
EIN:311163734,Q Labs LLC,311163734,Cincinnati,OH,,445000,1,2018,business,,,,,134,113,190,Q LABS LLC,OH,"Q Labs, LLC",Economic Development Grant,130,Biohealth,300000,business,Q Labs LLC,OH,Form 5500 plan sponsor address (2023),100-499,"Form 5500 2023: 190 participants, largest plan, sponsor Q LABS LLC; metrics jobs retained 130",2023,B,,"Rule R2: own plan under 250 participants, no subsidiary marker in the name, not an SEC registrant."
EIN:223286312,TEKNI-PLEX INC,223286312,WAYNE,PA,,440000,2,2015 2024,business,0001039542,TEKNI PLEX INC,DE,NJ,2111,2900,3245,"TEKNI-PLEX, INC.",PA,"Tekni-Plex, Inc.",Economic Development Grant; Workforce Grant,100,Advanced Manufacturing,840000,business,TEKNI-PLEX INC,PA,Form 5500 plan sponsor address (2023),500-4999,"Form 5500 2023: 3245 participants, largest plan, sponsor TEKNI-PLEX, INC.; metrics jobs retained 100",2023,B,,"Rule R3: own plan at 1,500 or more participants; counts include retirees, so the bucket is conservative."
EIN:263565519,PIKE REALTY LLC,263565519,MARIETTA,OH,,437600,1,2023,site_development,,,,,,,,,,"Pike Realty, LLC",Spec Development (OSIP),0,Other,547000,site_development,PIKE REALTY LLC,OH,Schedule I address; Ohio public or nonprofit entity,,,,B,,Rule R4: site_development by name and IRC section; not in the business headline.
EIN:204933610,OLDCASTLE LAWN & GARDEN INC,204933610,ATLANTA,GA,,430500,2,2022 2023,business,,,,,,,,,,"Oldcastle Lawn & Garden, Inc.",Revitalization Grant; Revitalization Grant Phase II,25,Advanced Manufacturing,430500,,,,,,,,,,
EIN:261226551,INTEVA PRODUCTS LLC,261226551,TROY,MI,,427000,1,2020,business,,,,,1526,1512,1284,INTEVA PRODUCTS LLC,MI,"Inteva Products, LLC",Research & Development Grant,153,Automotive,3000000,business,INTEVA PRODUCTS LLC,MI,Form 5500 plan sponsor address (2015),500-4999,"Form 5500 2015: 1526 participants, largest plan, sponsor INTEVA PRODUCTS LLC; metrics jobs retained 153",2015,B,,"Rule R3: own plan at 1,500 or more participants; counts include retirees, so the bucket is conservative."
EIN:311012711,VITATOE INDUSTRIES INC,311012711,CHILLICOTHE,OH,,425000,2,2019 2021,business,,,,,,142,170,VITATOE INDUSTRIES INC,OH,"Vitatoe Industries, Inc.",Workforce Grant,86,Automotive,25000,business,VITATOE INDUSTRIES INC,OH,Form 5500 plan sponsor address (2023),100-499,"Form 5500 2023: 170 participants, largest plan, sponsor VITATOE INDUSTRIES INC; metrics jobs retained 86",2023,B,,"Rule R2: own plan under 250 participants, no subsidiary marker in the name, not an SEC registrant."
EIN:208115228,PREMIER DEVELOPMENT PARTNERS LLC,208115228,CLEVELAND,OH,,425000,2,2021 2022,site_development,,,,,11,14,20,PREMIER DEVELOPMENT PARTNERS LLC,OH,,,,,,site_development,PREMIER DEVELOPMENT PARTNERS LLC,OH,Schedule I address; Ohio public or nonprofit entity,<100,Form 5500 2023: 20 participants,2023,B,,Rule R4: site_development by name and IRC section; not in the business headline.
EIN:823350155,PROVIA PAYROLL LLC,823350155,STRASBURG,OH,,425000,1,2022,business,,,,,,,,,,ProVia Payroll LLC,Revitalization Grant; Workforce Grant,1098,Advanced,525000,,,,,,,,,,
EIN:344456321,DOREL HOME FURNISHINGS INC,344456321,WRIGHT CITY,MO,,425000,1,2023,business,,,,,,,,,,"Dorel Home Furnishings, Inc.",Economic Development Grant; Workforce Grant,218,Advanced Manufacturing,425000,,,,,,,,,,
EIN:340655810,The Gent Machine Company,340655810,Cleveland,OH,,423228,1,2017,business,,,,,43,51,68,GENT MACHINE CO,OH,The Gent Machine Company,Revitalization Grant; Revitalization Loan,48,Automotive,429795,business,The Gent Machine Company,OH,Form 5500 plan sponsor address (2023),<100,"Form 5500 2023: 68 participants, largest plan, sponsor GENT MACHINE CO; metrics jobs retained 48",2023,B,,"Rule R2: own plan under 250 participants, no subsidiary marker in the name, not an SEC registrant."
EIN:923287153,HILLSBORO BUSINESS COMPLEX LLC,923287153,HILLSBORO,OR,,415200,1,2024,business,,,,,,,,,,,,,,,,,,,,,,,,
EIN:311653174,HESS INDUSTRIES LTD,311653174,MANSFIELD,OH,,413861,2,2018 2021,business,,,,,,,,,,"Hess Industries, Ltd.",Revitalization Grant,11,Advanced Manufacturing,50000,,,,,,,,,,
EIN:341644643,2828 CLINTON INC,341644643,CLEVELAND,OH,,407200,3,2019 2020 2021,business,,,,,27,41,61,THE CLEVELAND VIBRATOR COMPANY,OH,"2828 Clinton, Inc.",Revitalization Grant; Revitalization Grant Phase II,23,Advanced Manufacturing,107200,business,2828 CLINTON INC,OH,Form 5500 plan sponsor address (2023),<100,"Form 5500 2023: 61 participants, largest plan, sponsor THE CLEVELAND VIBRATOR COMPANY; metrics jobs retained 23",2023,B,,"Rule R2: own plan under 250 participants, no subsidiary marker in the name, not an SEC registrant."
EIN:881080457,THE DOWNTOWN EXCHANGE LLC,881080457,ZANESVILLE,OH,,404312,1,2023,business,,,,,,,,,,,,,,,,,,,,,,,,
EIN:341059164,OWENS STATE COMMUNITY COLLEGE,341059164,TOLEDO,OH,501(C)(3),402116,1,2021,university,,,,,,,,,,,,,,,university,OWENS STATE COMMUNITY COLLEGE,OH,Schedule I address; Ohio public or nonprofit entity,,,,B,,Rule R4: university by name and IRC section; not in the business headline.
EIN:311225301,SUGAR CREEK PACKING CO,311225301,WEST CHESTER,OH,,400000,2,2016 2020,business,,,,,1217,1915,2829,SUGAR CREEK PACKING CO.,OH,Sugar Creek Packing Co.,Economic Development Grant,506,Food and Agribusiness,600000,business,SUGAR CREEK PACKING CO,OH,Form 5500 plan sponsor address (2023),500-4999,"Form 5500 2023: 2829 participants, largest plan, sponsor SUGAR CREEK PACKING CO.; metrics jobs retained 506",2023,B,,"Rule R3: own plan at 1,500 or more participants; counts include retirees, so the bucket is conservative."
EIN:341117191,ALEX PRODUCTS INC,341117191,RIDGEVILLE CORNERS,OH,,400000,3,2017 2018 2019,business,,,,,600,974,,ALEX PRODUCTS INC,OH,"Alex Products, Inc.",Economic Development Grant; Workforce Grant,735,Automotive,400000,,,,,,,,,,
EIN:954260108,Amcor Rigid Plastics USA LLC,954260108,Bellevue,OH,,400000,1,2017,business,,,,,,,,,,"Amcor Rigid Plastics USA, LLC",Economic Development Grant,129,Advanced Manufacturing,400000,,,,,,,,,,
EIN:471846501,Waverly 3PL LLC,471846501,Waverly,OH,,400000,1,2017,business,,,,,,,,,,,,,,,,,,,,,,,,
EIN:223114571,West-Ward Pharmaceuticals Corp,223114571,Columbus,OH,,400000,1,2018,business,,,,,1075,2274,2525,HIKMA PHARMACEUTICALS USA INC.,NJ,West-Ward Pharmaceuticals Corp.,Workforce Grant,1255,Biohealth,400000,,,,,,,,,,
EIN:341136697,HILLCREST EGG & CHEESE CO,341136697,CLEVELAND,OH,,400000,1,2019,business,,,,,88,115,173,HILLCREST EGG AND CHEESE COMPANY,OH,Hillcrest Egg & Cheese Co.,Revitalization Grant,130,Food Sciences and Agriculture,400000,business,HILLCREST EGG & CHEESE CO,OH,Form 5500 plan sponsor address (2023),100-499,"Form 5500 2023: 173 participants, largest plan, sponsor HILLCREST EGG AND CHEESE COMPANY; metrics jobs retained 130",2023,B,,"Rule R2: own plan under 250 participants, no subsidiary marker in the name, not an SEC registrant."
EIN:472512296,SJN DATA CENTER LLC,472512296,CINCINNATI,OH,,400000,1,2019,business,,,,,,,279,ENCORE TECHNOLOGIES,OH,"SJN Data Center, LLC",Economic Development Grant; Workforce Grant,273,Technology,1400000,,,,,,,,,,
EIN:134996950,CHURCH & DWIGHT CO INC,134996950,OLD FORT,OH,,400000,1,2020,business,0001037396,WILCAUSKAS EUGENE F,DE,NJ,3076,3767,4454,"CHURCH & DWIGHT CO., INC.",NJ,"Church & Dwight Co., Inc.",Economic Development Grant; Workforce Grant,342,Energy and Chemicals,1000000,business,CHURCH & DWIGHT CO INC,NJ,Form 5500 plan sponsor address (2023),500-4999,"Form 5500 2023: 4454 participants, largest plan, sponsor CHURCH & DWIGHT CO., INC.; metrics jobs retained 342",2023,B,,"Rule R3: own plan at 1,500 or more participants; counts include retirees, so the bucket is conservative."
EIN:344472215,TOLEDO TOOL AND DIE COMPANY INC,344472215,TOLEDO,OH,,400000,1,2020,business,,,,,149,248,514,"TOLEDO TOOL & DIE CO., INC.",OH,"Toledo Tool and Die Company, Inc.",Economic Development Grant,622,Automotive,700000,,,,,,,,,,
EIN:150257610,BURROWS PAPER CORPORATION,150257610,FRANKLIN,OH,,400000,2,2021 2024,business,,,,,842,,,BURROWS PAPER CORPORATION,NY,Burrows Paper Corporation,Economic Development Grant,310,Advanced Manufacturing,400000,,,,,,,,,,
EIN:952680965,INVACARE CORPORATION,952680965,ELYRIA,OH,,400000,2,2021 2022,business,,,,,2333,1837,1417,INVACARE CORPORATION,OH,Invacare Corporation,Economic Development Grant,450,Healthcare,400000,business,INVACARE CORPORATION,OH,Form 5500 plan sponsor address (2015),500-4999,"Form 5500 2015: 2333 participants, largest plan, sponsor INVACARE CORPORATION; metrics jobs retained 450",2015,B,,"Rule R3: own plan at 1,500 or more participants; counts include retirees, so the bucket is conservative."
EIN:310559326,MAGNA MACHINE CO,310559326,CINCINNATI,OH,,400000,1,2021,business,,,,,133,143,185,MAGNA MACHINE CO.,OH,Magna Machine Co.,Revitalization Grant,134,Advanced Manufacturing,150000,business,MAGNA MACHINE CO,OH,Form 5500 plan sponsor address (2023),100-499,"Form 5500 2023: 185 participants, largest plan, sponsor MAGNA MACHINE CO.; metrics jobs retained 134",2023,B,,"Rule R2: own plan under 250 participants, no subsidiary marker in the name, not an SEC registrant."
EIN:853778356,REALPATH GROUP LLC,853778356,WEST CHESTER,OH,,400000,1,2021,business,,,,,,,,,,,,,,,,,,,,,,,,
EIN:310410580,THE WILLIAM POWELL COMPANY,310410580,CINCINNATI,OH,,400000,1,2021,business,,,,,243,169,77,THE WILLIAM POWELL COMPANY,OH,The William Powell Company,Economic Development Grant; Revitalization Grant,27,Advanced Manufacturing,400000,business,THE WILLIAM POWELL COMPANY,OH,Form 5500 plan sponsor address (2015),100-499,"Form 5500 2015: 243 participants, largest plan, sponsor THE WILLIAM POWELL COMPANY; metrics jobs retained 27",2015,B,,"Rule R2: own plan under 250 participants, no subsidiary marker in the name, not an SEC registrant."
EIN:311670693,CTI - CLINICAL TRIAL SERVICES INC,311670693,COVINGTON,KY,,400000,1,2022,business,,,,,277,471,738,"CTI - CLINICAL TRIAL SERVICES, INC.",KY,"CTI - Clinical Trial Services, Inc.",Economic Development Grant,44,Healthcare,400000,,,,,,,,,,
EIN:850641425,SAICA PACK US LLC,850641425,HAMILTON,OH,,400000,1,2022,business,,,,,,,,,,,,,,,,,,,,,,,,
EIN:310976407,THE GORILLA GLUE COMPANY LLC,310976407,CINCINNATI,OH,,400000,1,2022,business,,,,,208,521,,GG BRANDS COMPANY LLC,OH,The Gorilla Glue Company LLC,Economic Development Grant,529,Energy & Chemicals,400000,,,,,,,,,,
EIN:541163725,AES US SERVICES,541163725,DAYTON,OH,,400000,1,2023,business,0000874761,AES CORP,DE,VA,2514,2003,3116,THE AES CORPORATION,VA,"AES US SERVICES, LLC",Economic Development Grant,55,Energy and Chemicals,400000,business,AES US SERVICES,VA,Form 5500 plan sponsor address (2023),500-4999,"Form 5500 2023: 3116 participants, largest plan, sponsor THE AES CORPORATION; metrics jobs retained 55",2023,B,,"Rule R3: own plan at 1,500 or more participants; counts include retirees, so the bucket is conservative."
EIN:341851391,AURORA PLASTICS LLC,341851391,CLEVELAND,OH,,400000,1,2023,business,,,,,69,169,229,"AURORA PLASTICS, INC.",OH,"Aurora Plastics, LLC",Economic Development Grant,68,Energy and Chemicals,400000,business,AURORA PLASTICS LLC,OH,Form 5500 plan sponsor address (2023),100-499,"Form 5500 2023: 229 participants, largest plan, sponsor AURORA PLASTICS, INC.; metrics jobs retained 68",2023,B,,"Rule R2: own plan under 250 participants, no subsidiary marker in the name, not an SEC registrant."
EIN:831310303,RKDS,831310303,MATTOON,IL,,400000,1,2023,business,,,,,,,,,,,,,,,,,,,,,,,,
EIN:262315760,RONFELDT MANUFACTURING LLC,262315760,TOLEDO,OH,,400000,1,2023,business,,,,,,,,,,,,,,,,,,,,,,,,
EIN:310671786,THE SUTPHEN CORPORATION,310671786,DUBLIN,OH,,400000,2,2023 2024,business,,,,,305,358,322,SUTPHEN CORPORATION,OH,The Sutphen Corporation,Economic Development Grant; Growth Fund Loan; Workforce Grant,155,Automotive,2900000,,,,,,,,,,
EIN:113523578,AER LINGUS LIMITED,113523578,JERICHO,NY,,400000,1,2024,business,,,,,163,214,132,AER LINGUS LIMITED,NY,,,,,,business,AER LINGUS LIMITED,NY,Form 5500 plan sponsor address (2019),100-499,"Form 5500 2019: 214 participants, largest plan, sponsor AER LINGUS LIMITED",2019,B,,"Rule R2: own plan under 250 participants, no subsidiary marker in the name, not an SEC registrant."
EIN:262393746,MJM LOGISTICS LLC,262393746,CHILLICOTHE,OH,,400000,1,2024,business,,,,,,,,,,"MJM Logistics, LLC",Revitalization Grant,20,Automotive,400000,,,,,,,,,,
EIN:810611942,NUPRODUCE SOLUTIONS,810611942,GRAND RAPIDS,MI,,400000,1,2024,business,,,,,,,,,,Nuproduce Solutions LLC,Economic Development Grant,0,Food and Agribusiness,400000,,,,,,,,,,
EIN:223062521,STEELITE INTERNATIONAL USA INC,223062521,NEW CASTLE,PA,,400000,1,2024,business,,,,,89,116,237,"STEELITE INTERNATIONAL USA, INC.",OH,,,,,,,,,,,,,,,
EIN:341727300,TRIVIUM ALUMINUM PACKAGING USA CORPORATION,341727300,YOUNGSTOWN,OH,,400000,1,2024,business,,,,,464,390,864,TRIVIUM PACKAGING,OH,Trivium Aluminum Packaging USA,Workforce Grant,394,Advanced Manufacturing,400000,,,,,,,,,,
EIN:952121355,WALTCO LIFT CORP,952121355,TALLMADGE,OH,,398543,3,2021 2022 2023,business,,,,,,,,,,Waltco Lift Corp.,Economic Development Grant,185,Advanced Manufacturing,450000,,,,,,,,,,
EIN:205871676,CUSTOM GLASS SOLUTIONS LLC,205871676,WORTHINGTON,OH,,391762,2,2023 2024,business,,,,,,0,1021,"CUSTOM GLASS SOLUTIONS, LLC",OH,,,,,,,,,,,,,,,
EIN:475586394,Chestnut Commerce Center LLC,475586394,Mantua,OH,,383673,2,2017 2018,business,,,,,,,,,,"Chestnut Commerce Center, LLC",Revitalization Grant; Revitalization Grant Phase II,6,Logistics and Distribution,417305,,,,,,,,,,
EIN:202485456,Corvac Composites LLC,202485456,Kentwood,MI,,381446,1,2017,business,,,,,182,244,186,"CORVAC COMPOSITES, LLC",MI,"Corvac Composites, LLC",Revitalization Grant; Revitalization Grant Phase II,,Automotive,490000,business,Corvac Composites LLC,MI,Form 5500 plan sponsor address (2019),100-499,"Form 5500 2019: 244 participants, largest plan, sponsor CORVAC COMPOSITES, LLC",2019,B,,"Rule R2: own plan under 250 participants, no subsidiary marker in the name, not an SEC registrant."
EIN:203946941,ALTENLOH BRINCK & CO US INC,203946941,BRYAN,OH,,381100,2,2022 2023,business,,,,,203,265,359,"ALTENLOH, BRINCK & CO. US, INC.",OH,"Altenloh, Brinck & Co. Us, Inc.",Workforce Grant,273,Advanced Manufacturing,300000,,,,,,,,,,
EIN:311652755,CONSTRUCTCONNECT INC,311652755,CINCINNATI,OH,,375000,2,2016 2022,business,0001465217,"Construction Software Technologies, Inc.",DE,OH,228,,,CONSTRUCTION SOFTWARE TECHNOLOGIES,OH,,,,,,,,,,,,,,,
EIN:341751707,YOUNGSTOWN BUSINESS INCUBATOR,341751707,YOUNGSTOWN,OH,,370000,1,2022,business,,,,,,,,,,,,,,,,,,,,,,,,
EIN:844569918,LOGOPLASTE LIMA LLC,844569918,PLAINFIELD,NJ,,365000,1,2024,business,,,,,,,,,,Logoplaste Lima LLC,Economic Development Grant,0,Advanced Manufacturing,365000,,,,,,,,,,
EIN:341353186,RBB SYSTEMS INC,341353186,WOOSTER,OH,,360000,2,2019 2021,business,,,,,72,73,56,"RBB SYSTEMS, INC.",OH,"RBB Systems, Inc.",Economic Development Grant,52,Advanced Manufacturing,60000,business,RBB SYSTEMS INC,OH,Form 5500 plan sponsor address (2019),<100,"Form 5500 2019: 73 participants, largest plan, sponsor RBB SYSTEMS, INC.; metrics jobs retained 52",2019,B,,"Rule R2: own plan under 250 participants, no subsidiary marker in the name, not an SEC registrant."
EIN:872424262,V WERT 2 LLC,872424262,BELLEFONTAINE,OH,,360000,1,2023,business,,,,,,,,,,,,,,,,,,,,,,,,
EIN:900928520,iMFLUX Inc,900928520,West Chester,OH,,350000,1,2015,business,,,,,,,,,,,,,,,,,,,,,,,,
EIN:300841962,BORGERS OHIO INC,300841962,NORWALK,OH,,350000,3,2016 2017 2020,business,,,,,,189,323,"BORGERS OHIO, INCORPORATED",OH,"Borgers Ohio, Inc.",Economic Development Grant; Growth Fund Loan; Workforce Grant,375,Automotive,5750000,,,,,,,,,,
EIN:825280312,4440 CREEK ROAD PROPERTIES LLC,825280312,CINCINNATI,OH,,350000,1,2019,site_development,,,,,,,,,,,,,,,site_development,4440 CREEK ROAD PROPERTIES LLC,OH,Schedule I address; Ohio public or nonprofit entity,,,,B,,Rule R4: site_development by name and IRC section; not in the business headline.
EIN:232510893,CERTAINTEED CORPORATION,232510893,MILAN,OH,,350000,1,2019,business,,,,,,,,,,Certainteed Corporation,Economic Development Grant,196,Energy and Chemicals,350000,,,,,,,,,,
EIN:311682777,CREATIVE PACKAGING LLC,311682777,ZANESVILLE,OH,,350000,1,2019,business,,,,,66,73,90,"CREATIVE PACKAGING, LLC",OH,"Creative Packaging, LLC",Revitalization Grant,66,Advanced Manufacturing,350000,business,CREATIVE PACKAGING LLC,OH,Form 5500 plan sponsor address (2023),<100,"Form 5500 2023: 90 participants, largest plan, sponsor CREATIVE PACKAGING, LLC; metrics jobs retained 66",2023,B,,"Rule R2: own plan under 250 participants, no subsidiary marker in the name, not an SEC registrant."
EIN:410177680,CARGILL INC,410177680,SIDNEY,OH,,350000,1,2021,business,0000884100,"Cargill, Inc",DE,MN,43970,39411,48742,"CARGILL, INCORPORATED",MN,"Cargill, Incorporated",Economic Development Grant,293,Food and Agribusiness,350000,business,CARGILL INC,MN,Form 5500 plan sponsor address (2023),5000+,"Form 5500 2023: 48742 participants, largest plan, sponsor CARGILL, INCORPORATED; metrics jobs retained 293",2023,B,,"Rule R3: own plan at 1,500 or more participants; counts include retirees, so the bucket is conservative."
EIN:311179223,HENNY PENNY CORPORATION,311179223,EATON,OH,,350000,1,2021,business,,,,,664,1137,1377,HENNY PENNY CORPORATION,OH,Henny Penny Corporation,Economic Development Grant,737,Food and Agribusiness,350000,,,,,,,,,,
EIN:383214772,HP PELZER AUTOMOTIVE SYSTEMS INC,383214772,TROY,MI,,350000,2,2021 2022,business,,,,,555,1006,815,"HP PELZER AUTOMOTIVE SYSTEMS, INC.",MI,"HP Pelzer Automotive Systems, Inc.",Economic Development Grant,0,Automotive,350000,,,,,,,,,,
EIN:850997867,QQE SUMMIT LLC,850997867,DAYTON,OH,,350000,2,2021 2023,business,0001816959,"QQE Summit, LLC",OH,OH,,,123,QQE SUMMIT LLC,OH,"QQE Summit, LLC",Economic Development Grant; Revitalization Grant,136,Advanced Manufacturing,375000,,,,,,,,,,
EIN:862446567,SYMBA & SNAP LLC,862446567,CLEVELAND,OH,,350000,1,2022,business,,,,,,,,,,,,,,,,,,,,,,,,
EIN:753164446,ALLIANCE AUTOMATION INC,753164446,VAN WERT,OH,,350000,1,2024,business,,,,,64,83,167,"ALLIANCE AUTOMATION, LLC",OH,"Alliance Automation, LLC",Economic Development Grant; Growth Fund Loan,83,Advanced Manufacturing,2850000,business,ALLIANCE AUTOMATION INC,OH,Form 5500 plan sponsor address (2023),100-499,"Form 5500 2023: 167 participants, largest plan, sponsor ALLIANCE AUTOMATION, LLC; metrics jobs retained 83",2023,B,,"Rule R2: own plan under 250 participants, no subsidiary marker in the name, not an SEC registrant."
EIN:830846896,CLEVELAND KITCHEN CO,830846896,CLEVELAND,OH,,350000,1,2024,business,,,,,,,86,CLEVELAND KITCHEN CO.,OH,Cleveland Kitchen Co.,Economic Development Grant,58,Food and Agribusiness,400000,business,CLEVELAND KITCHEN CO,OH,Form 5500 plan sponsor address (2023),<100,"Form 5500 2023: 86 participants, largest plan, sponsor CLEVELAND KITCHEN CO.; metrics jobs retained 58",2023,B,,"Rule R2: own plan under 250 participants, no subsidiary marker in the name, not an SEC registrant."
EIN:341313085,TECHNICOTE INC,341313085,MIAMISBURG,OH,,350000,1,2024,business,,,,,235,179,190,"TECHNICOTE, INC.",OH,"Technicote, Inc.",Economic Development Grant,70,Advanced Manufacturing,700000,business,TECHNICOTE INC,OH,Form 5500 plan sponsor address (2015),100-499,"Form 5500 2015: 235 participants, largest plan, sponsor TECHNICOTE, INC.; metrics jobs retained 70",2015,B,,"Rule R2: own plan under 250 participants, no subsidiary marker in the name, not an SEC registrant."
EIN:810608730,THE HILSINGER COMPANY PARENT LLC,810608730,PLAINVILLE,MA,,350000,1,2024,business,,,,,247,382,482,THE HILSINGER COMPANY,MA,"The Hilsinger Company Parent, LLC",Economic Development Grant,0,Healthcare,350000,,,,,,,,,,
EIN:346002813,City of Toronto,346002813,Toronto,OH,,338827,2,2017 2018,government,,,,,,,,,,,,,,,government,City of Toronto,OH,Schedule I address; Ohio public or nonprofit entity,,,,B,,Rule R4: government by name and IRC section; not in the business headline.
EIN:274453719,Pison Stream Solutions LLC,274453719,Brecksville,OH,,337180,2,2017 2018,business,0001782604,Pison Stream Solutions Inc.,DE,OH,,,,,,"Pison Stream Solutions, LLC",Economic Development Grant,0,Shale Energy and Petrochemicals,337180,,,,,,,,,,
EIN:832135454,PATH ROBOTICS INC,832135454,COLUMBUS,OH,,334543,2,2023 2024,business,0001882283,"Path Robotics, Inc.",DE,OH,,16,225,"PATH ROBOTICS, INC",OH,,,,,,,,,,,,,,,
EIN:341897652,OMNNOVA SOLUTIONS INC,341897652,BEACHWOOD,OH,,333214,2,2023 2024,business,0001218660,OMNOVA SOLUTIONS RETIREMENT SAVINGS PLAN,OH,OH,3152,2723,2492,SYNTHOMER INC.,OH,,,,,,business,OMNNOVA SOLUTIONS INC,OH,Form 5500 plan sponsor address (2015),500-4999,"Form 5500 2015: 3152 participants, largest plan, sponsor SYNTHOMER INC.",2015,B,,"Rule R3: own plan at 1,500 or more participants; counts include retirees, so the bucket is conservative."
EIN:264715674,EVANSTON INVESTMENTS LLC,264715674,LIMA,OH,,330000,3,2017 2021 2024,business,,,,,,5,6,FLECK MANUFACTURING,OH,Evanston Investments LLC,Economic Development Grant; Inclusion Grant; Revitalization Grant,23,Advanced Manufacturing,330000,business,EVANSTON INVESTMENTS LLC,OH,Form 5500 plan sponsor address (2023),<100,"Form 5500 2023: 6 participants, largest plan, sponsor FLECK MANUFACTURING; metrics jobs retained 23",2023,B,,"Rule R2: own plan under 250 participants, no subsidiary marker in the name, not an SEC registrant."
EIN:823411495,DIGERONIMO COMPANIES,823411495,INDEPENDENCE,OH,,330000,2,2019 2021,business,,,,,,,,,,,,,,,,,,,,,,,,
EIN:340130090,CANTON DROP FORGE INC,340130090,DETROIT,MI,,330000,2,2021 2024,business,,,,,696,446,233,"CANTON DROP FORGE, INC.",OH,"Canton Drop Forge, Inc.",Economic Development Grant,195,Advanced Manufacturing,580000,,,,,,,,,,
EIN:341945124,2020 Custom Molded Plastics LLC,341945124,Holiday City,OH,,325000,1,2018,business,,,,,,274,598,"20/20 CUSTOM MOLDED PLASTICS, LLC",OH,"20/20 Custom Molded Plastics, LLC",Economic Development Grant,296,Advanced Manufacturing,400000,,,,,,,,,,
EIN:471991500,RESONANT SCIENCES LLC,471991500,DAYTON,OH,,325000,1,2023,business,,,,,8,22,117,"RESONANT SCIENCES, LLC",OH,Resonant Sciences LLC,Aerospace and Defense Opportunity Grant; Economic Development Grant,113,Aerospace and,4125000,business,RESONANT SCIENCES LLC,OH,Form 5500 plan sponsor address (2023),100-499,"Form 5500 2023: 117 participants, largest plan, sponsor RESONANT SCIENCES, LLC; metrics jobs retained 113",2023,B,,"Rule R2: own plan under 250 participants, no subsidiary marker in the name, not an SEC registrant."
EIN:341776126,Veluscek and Heban Properties,341776126,Rossford,OH,,307622,1,2017,site_development,,,,,,,,,,Veluscek and Heban Properties,Revitalization Grant Phase II,,Other,9700,site_development,Veluscek and Heban Properties,OH,Schedule I address; Ohio public or nonprofit entity,,,,B,,Rule R4: site_development by name and IRC section; not in the business headline.
EIN:346003691,CITY OF BEDFORD HEIGHTS,346003691,CLEVELAND,OH,,302350,1,2019,government,,,,,,,,,,,,,,,government,CITY OF BEDFORD HEIGHTS,OH,Schedule I address; Ohio public or nonprofit entity,,,,B,,Rule R4: government by name and IRC section; not in the business headline.
EIN:371549655,CODEBLUE 360,371549655,SPRINGFIELD,OH,,301748,1,2020,business,,,,,,,,,,,,,,,,,,,,,,,,
EIN:752781858,Legacy Measurement Solutions Inc,752781858,Addison,TX,,300000,1,2015,business,,,,,582,536,,"LEGACY MEASUREMENT SOLUTIONS, INC.",TX,,,,,,,,,,,,,,,
EIN:134143915,LUBRIZOL ADVANCED MATERIALS INC,134143915,AVON LAKE,OH,,300000,2,2015 2021,business,0001138606,NOVEON INC,DE,OH,,,,,,Lubrizol Advanced Materials Inc.,Economic Development Grant; Workforce Grant,525,Polymers & Chemicals,300000,,,,,,,,,,
EIN:463270421,Ace Torwel Inc,463270421,Brookville,OH,,300000,2,2016 2017,business,,,,,,,,,,"Ace Torwel, Inc.",Revitalization Grant,,Automotive,300000,,,,,,,,,,
EIN:860941329,First Solar Inc,860941329,Perrysburg,OH,,300000,1,2016,business,,,,,,,,,,"First Solar, Inc.",Economic Development Grant; Research & Development Grant; Workforce Grant,2430,Advanced Manufacturing,14150000,,,,,,,,,,
EIN:311161086,Mercy Health,311161086,Cincinnati,OH,,300000,1,2016,business,,,,,3338,2412,,MERCY HEALTH,OH,Mercy Health,Economic Development Grant,1050,BioHealth,300000,business,Mercy Health,OH,Form 5500 plan sponsor address (2015),500-4999,"Form 5500 2015: 3338 participants, largest plan, sponsor MERCY HEALTH; metrics jobs retained 1050",2015,B,,"Rule R3: own plan at 1,500 or more participants; counts include retirees, so the bucket is conservative."
EIN:311551430,Speedway LLC,311551430,Enon,OH,,300000,1,2016,business,,,,,28640,33741,39420,SPEEDWAY LLC,TX,Speedway LLC,Economic Development Grant; Workforce Grant,1175,Energy and Chemicals,2300000,business,Speedway LLC,TX,Form 5500 plan sponsor address (2023),5000+,"Form 5500 2023: 39420 participants, largest plan, sponsor SPEEDWAY LLC; metrics jobs retained 1175",2023,B,,"Rule R3: own plan at 1,500 or more participants; counts include retirees, so the bucket is conservative."
EIN:472420000,Valfilm LLC,472420000,Findlay,OH,,300000,1,2016,business,,,,,0,143,150,"VALGROUP NORTH AMERICA, INC.",OH,Valfilm LLC,Economic Development Grant,55,Advanced Manufacturing,300000,business,Valfilm LLC,OH,Form 5500 plan sponsor address (2023),100-499,"Form 5500 2023: 150 participants, largest plan, sponsor VALGROUP NORTH AMERICA, INC.; metrics jobs retained 55",2023,B,,"Rule R2: own plan under 250 participants, no subsidiary marker in the name, not an SEC registrant."
EIN:812604289,1250 Old River Road LLC,812604289,Cleveland,OH,,300000,1,2017,business,,,,,,,,,,1250 Old River Road LLC,Revitalization Grant,18,Other,300000,,,,,,,,,,
EIN:275010387,Clarkwestern Dietrich Building Systems LLC,275010387,Vienna,OH,,300000,1,2017,business,,,,,,,,,,"Clarkwestern Dietrich Building Systems, LLC",Revitalization Grant,112,Advanced Manufacturing,300000,,,,,,,,,,
EIN:800810911,Tower Partners LLC,800810911,Dayton,OH,,300000,1,2017,site_development,0001552492,"Tower Partners, LLC",OH,NY,,,,,,"Tower Partners, LLC",Revitalization Loan,1750,Biohealth,1400000,site_development,Tower Partners LLC,OH,Schedule I address; Ohio public or nonprofit entity,,,,B,,Rule R4: site_development by name and IRC section; not in the business headline.
EIN:263399741,Arcelormittal Tubular Products Shelby Llc,263399741,Shelby,OH,,300000,1,2018,business,,,,,,,,,,,,,,,,,,,,,,,,
EIN:475253747,Autoliv Nissin Brake Systems America LLC,475253747,Findlay,OH,,300000,1,2018,business,,,,,,192,138,VEONEER BRAKE SYSTEMS LLC,OH,Autoliv Nissin Brake Systems America LLC,Economic Development Grant; Workforce Grant,287,Automotive,500000,,,,,,,,,,
EIN:813941507,CPG - Ohio LLC,813941507,Cincinnati,OH,,300000,1,2018,business,,,,,,54,88,CPG - OHIO LLC,OH,CPG - Ohio LLC,Economic Development Grant,65,Advanced Manufacturing,300000,business,CPG - Ohio LLC,OH,Form 5500 plan sponsor address (2023),<100,"Form 5500 2023: 88 participants, largest plan, sponsor CPG - OHIO LLC; metrics jobs retained 65",2023,B,,"Rule R2: own plan under 250 participants, no subsidiary marker in the name, not an SEC registrant."
EIN:042801160,Exel Inc,042801160,Westerville,OH,,300000,1,2018,business,,,,,21609,27987,42232,EXEL INC.,OH,Exel Inc.,Economic Development Grant,0,Logistics and Distribution,300000,business,Exel Inc,OH,Form 5500 plan sponsor address (2023),5000+,"Form 5500 2023: 42232 participants, largest plan, sponsor EXEL INC.",2023,B,,"Rule R3: own plan at 1,500 or more participants; counts include retirees, so the bucket is conservative."
EIN:521762325,Kadant Black Clawson LLC,521762325,Mason,OH,,300000,1,2018,business,0000886346,KADANT INC,DE,MA,623,944,1355,KADANT INC.,MA,Kadant Black Clawson LLC,Economic Development Grant,62,Advanced Manufacturing,300000,,,,,,,,,,
EIN:311208705,Mitsubishi Electric Automotive America Inc,311208705,Mason,OH,,300000,1,2018,business,,,,,,,1060,CHRISTOPHER GERDES,OH,"Mitsubishi Electric Automotive America, Inc.",Economic Development Grant,452,Automotive,300000,,,,,,,,,,
EIN:311019872,SFA Architects Inc,311019872,Cincinnati,OH,,300000,1,2018,business,,,,,40,85,93,"ELEVAR DESIGN GROUP, INC.DBA SFA ARCHITECTS,INC.",OH,"SFA Architects, Inc.",Revitalization Grant,62,Other,300000,business,SFA Architects Inc,OH,Form 5500 plan sponsor address (2023),<100,"Form 5500 2023: 93 participants, largest plan, sponsor ELEVAR DESIGN GROUP, INC.DBA SFA ARCHITECTS,INC.; metrics jobs retained 62",2023,B,,"Rule R2: own plan under 250 participants, no subsidiary marker in the name, not an SEC registrant."
EIN:814369608,Vora Solution Center LLC,814369608,Blue Ash,OH,,300000,1,2018,business,,,,,,,,,,,,,,,,,,,,,,,,
EIN:112808682,CLOPAY BUILDING PRODUCTS COMPANY INC,112808682,TROY,OH,,300000,2,2019 2020,business,0001459129,Clopay Corp.,DE,NY,,,,,,"Clopay Building Products Company, Inc.",Economic Development Grant,918,Advanced Manufacturing,300000,,,,,,,,,,
EIN:475146583,OHIO AWNING GRANT LENDER INC,475146583,CLEVELAND,OH,,300000,1,2019,business,,,,,,,169,"LOYAL HEALTH, INC",GA,,,,,,business,OHIO AWNING GRANT LENDER INC,GA,Form 5500 plan sponsor address (2023),100-499,"Form 5500 2023: 169 participants, largest plan, sponsor LOYAL HEALTH, INC",2023,B,,"Rule R2: own plan under 250 participants, no subsidiary marker in the name, not an SEC registrant."
EIN:464760127,RISE BRANDS INC,464760127,COLUMBUS,OH,,300000,2,2019 2020,business,,,,,,,166,"RISE BRANDS, INC.",OH,Rise Brands Inc.,Revitalization Grant,15,Other,300000,business,RISE BRANDS INC,OH,Form 5500 plan sponsor address (2023),100-499,"Form 5500 2023: 166 participants, largest plan, sponsor RISE BRANDS, INC.; metrics jobs retained 15",2023,B,,"Rule R2: own plan under 250 participants, no subsidiary marker in the name, not an SEC registrant."
EIN:831892831,SCIOTO VALLEY WOODWORKING INC,831892831,WAVERLY,OH,,300000,2,2019 2020,business,,,,,,,,,,"Scioto Valley Woodworking, Inc.",Revitalization Grant,0,Advanced Manufacturing,300000,,,,,,,,,,
EIN:203398663,CGF REALTY LLC,203398663,MAYFIELD HEIGHTS,OH,,300000,1,2020,site_development,,,,,,,,,,,,,,,site_development,CGF REALTY LLC,OH,Schedule I address; Ohio public or nonprofit entity,,,,B,,Rule R4: site_development by name and IRC section; not in the business headline.
EIN:832472063,GTL LUMBER INC,832472063,IRONTON,OH,,300000,2,2020 2021,business,,,,,,,,,,"GTL Lumber, Inc.",Revitalization Grant,18,Food & Agribusiness,300000,,,,,,,,,,
EIN:341263101,IMCD US LLC,341263101,WESTLAKE,OH,,300000,1,2020,business,,,,,82,165,373,"IMCD US, LLC",OH,"IMCD US, LLC",Economic Development Grant,66,Energy and Chemicals,300000,,,,,,,,,,
EIN:911577949,INTEGRATED STAIR SYSTEMS INC,911577949,LEXINGTON,OH,,300000,2,2020 2021,business,,,,,,,93,"INTEGRATED STAIR SYSTEMS, INC.",WA,"Integrated Stair Systems, Inc.",Revitalization Grant,0,Advanced Manufacturing,100000,business,INTEGRATED STAIR SYSTEMS INC,WA,Form 5500 plan sponsor address (2023),<100,"Form 5500 2023: 93 participants, largest plan, sponsor INTEGRATED STAIR SYSTEMS, INC.",2023,B,,"Rule R2: own plan under 250 participants, no subsidiary marker in the name, not an SEC registrant."
EIN:811798612,OREGON INNOVATION DISTRICT LLC,811798612,LOUISVILLE,KY,,300000,1,2020,nonprofit,,,,,,,,,,,,,,,,,,,,,,,,
EIN:824056199,AMERICAN NUTS INC,824056199,SYLMAR,CA,,300000,1,2021,business,,,,,,,,,,American Nuts LLC,Economic Development Grant,0,Food and Agribusiness,300000,,,,,,,,,,
EIN:310729027,HAMILTON SAFE CO,310729027,CINCINNATI,OH,,300000,1,2021,business,,,,,270,266,365,HAMILTON SAFE CO.,OH,Hamilton Safe Co.,Economic Development Grant; Growth Fund Loan,204,Advanced,2900000,,,,,,,,,,
EIN:223845948,INTERNATIONAL CUSHIONING COMPANY LLC,223845948,MARLBORO,NJ,,300000,2,2021 2022,business,,,,,,,,,,International Cushioning Company LLC,Economic Development Grant,0,Advanced Manufacturing,300000,,,,,,,,,,
EIN:384028278,NEHEMIAH MANUFACTURING COMPANY LLC,384028278,CINCINNATI,OH,,300000,1,2021,business,,,,,,,,,,Nehemiah Manufacturing Company LLC,Revitalization Grant,125,Logistics and Distribution,425000,,,,,,,,,,
EIN:341603215,NORTH POINT LEASING CORP,341603215,MAYFIELD HEIGHTS,OH,,300000,1,2021,business,,,,,,,,,,,,,,,,,,,,,,,,
EIN:842268150,STAKES MANUFACTURING LLC,842268150,EASTLAKE,OH,,300000,2,2021 2022,business,,,,,,37,215,STAKES MANUFACTURING LLC,OH,"Stakes Manufacturing, LLC",Economic Development Grant; Workforce Grant,92,Other,500000,business,STAKES MANUFACTURING LLC,OH,Form 5500 plan sponsor address (2023),100-499,"Form 5500 2023: 215 participants, largest plan, sponsor STAKES MANUFACTURING LLC; metrics jobs retained 92",2023,B,,"Rule R2: own plan under 250 participants, no subsidiary marker in the name, not an SEC registrant."
EIN:741776312,TEAM INDUSTRIAL SERVICES INC,741776312,CINCINNATI,OH,,300000,1,2021,business,,,,,,,,,,"TEAM Industrial Services, Inc.",Economic Development Grant,96,Aerospace and Aviation,300000,,,,,,,,,,
EIN:854328006,AIRPORT WEST I LLC,854328006,MANSFIELD,OH,,300000,2,2022 2023,business,,,,,,,,,,,,,,,,,,,,,,,,
EIN:475665675,AMERICAN TRAILER WORLD CORP,475665675,RICHARDSON,TX,,300000,1,2022,business,,,,,,3791,4185,AMERICAN TRAILER WORLD CORP DBA ATW,TX,,,,,,business,AMERICAN TRAILER WORLD CORP,TX,Form 5500 plan sponsor address (2023),500-4999,"Form 5500 2023: 4185 participants, largest plan, sponsor AMERICAN TRAILER WORLD CORP DBA ATW",2023,B,,"Rule R3: own plan at 1,500 or more participants; counts include retirees, so the bucket is conservative."
EIN:263306955,AVERY DENNISON RETAIL INFORMATION SERVICES LLC,263306955,MIAMISBURG,OH,,300000,1,2022,business,,,,,,,,,,Avery Dennison Retail Information Services LLC,Economic Development Grant,472,IT,300000,,,,,,,,,,
EIN:822019085,BBI LOGISTICS LLC,822019085,COLUMBUS,OH,,300000,1,2022,business,,,,,,23,246,"BBI LOGISTICS, LLC",OH,BBI Logistics LLC,Workforce Grant,202,Logistics and Distribution,1300000,business,BBI LOGISTICS LLC,OH,Form 5500 plan sponsor address (2023),100-499,"Form 5500 2023: 246 participants, largest plan, sponsor BBI LOGISTICS, LLC; metrics jobs retained 202",2023,B,,"Rule R2: own plan under 250 participants, no subsidiary marker in the name, not an SEC registrant."
EIN:300836516,CERELIA USA BAKERY INC,300836516,WHITEHALL,OH,,300000,1,2022,business,,,,,,42,,"CERELIA BAKERY USA, INC",OH,Cerelia USA Bakery Inc.,Economic Development Grant,120,Food and,500000,,,,,,,,,,
EIN:391684871,CLARIOS LLC,391684871,HOLLAND,OH,,300000,1,2022,business,,,,,4524,4390,5557,"CLARIOS, LLC",WI,"Clarios, LLC",Economic Development Grant,710,Automotive,300000,business,CLARIOS LLC,WI,Form 5500 plan sponsor address (2023),500-4999,"Form 5500 2023: 5557 participants, largest plan, sponsor CLARIOS, LLC; metrics jobs retained 710",2023,B,,"Rule R3: own plan at 1,500 or more participants; counts include retirees, so the bucket is conservative."
EIN:841326644,BALL METAL BEVERAGE CONTAINER CORP,841326644,WESTMINSTER,CO,,300000,1,2023,business,0001217772,BALL METAL BEVERAGE CONTAINER CORP,CO,,,,,,,Ball Metal Beverage Container Corp.,Workforce Grant,392,Advanced Manufacturing,300000,,,,,,,,,,
EIN:562479324,CHARLES RIVER LABORATORIES INC,562479324,WILMINGTON,MA,,300000,1,2023,business,,,,,635,,,"WIL RESEARCH LABORATORIES, LLC",OH,"Charles River Laboratories, Inc.",Economic Development Grant,224,Healthcare,300000,,,,,,,,,,
EIN:470248710,CONAGRA BRANDS,470248710,EL PASO,TX,,300000,1,2023,business,0000023217,CONAGRA BRANDS INC.,DE,IL,32922,30966,29934,"CONAGRA BRANDS, INC.",IL,,,,,,business,CONAGRA BRANDS,IL,Form 5500 plan sponsor address (2015),5000+,"Form 5500 2015: 32922 participants, largest plan, sponsor CONAGRA BRANDS, INC.",2015,B,,"Rule R3: own plan at 1,500 or more participants; counts include retirees, so the bucket is conservative."
EIN:760509980,CHARLES RIVER LABORATORIES INC,760509980,NEW YORK,NY,,300000,1,2024,business,0001097797,CHARLES RIVER LABORATORIES INC,,MA,4625,7679,15856,"CHARLES RIVER LABORATORIES, INC.",MA,"Charles River Laboratories, Inc.",Economic Development Grant,224,Healthcare,300000,business,CHARLES RIVER LABORATORIES INC,MA,Form 5500 plan sponsor address (2023),5000+,"Form 5500 2023: 15856 participants, largest plan, sponsor CHARLES RIVER LABORATORIES, INC.; metrics jobs retained 224",2023,B,,"Rule R3: own plan at 1,500 or more participants; counts include retirees, so the bucket is conservative."
EIN:300537225,J AND M HOLDINGS LLC,300537225,AURORA,CO,,300000,1,2024,business,,,,,,,,,,,,,,,,,,,,,,,,
EIN:222760260,SUNSTAR ENGINEERING AMERICAS INC,222760260,SPRINGBORO,OH,,300000,1,2024,business,,,,,158,164,175,"SUNSTAR ENGINEERING AMERICAS, INC.",OH,"Sunstar Engineering Americas, Inc.",Economic Development Grant,137,Energy and Chemicals,300000,,,,,,,,,,
EIN:341397769,Bellevue Economic Development Corporation,341397769,Bellevue,OH,,298647,3,2015 2016 2018,nonprofit,,,,,,,,,,,,,,,nonprofit,Bellevue Economic Development Corporation,OH,Schedule I address; Ohio public or nonprofit entity,,,,B,,Rule R4: nonprofit by name and IRC section; not in the business headline.
EIN:340946365,PENTA CAREER CENTER,340946365,PERRYSBURG,OH,,290733,1,2020,business,,,,,,,,,,,,,,,,,,,,,,,,
EIN:311209925,Wright Warehousing Inc,311209925,Lima,OH,,290000,1,2018,business,,,,,,,,,,,,,,,,,,,,,,,,
EIN:261643545,Alternate Solutions Healthcare System Inc,261643545,Kettering,OH,,285000,1,2016,hospital,,,,,646,1647,1899,"ALTERNATE SOLUTIONS HEALTH NETWORK, LLC",OH,"Alternate Solutions Healthcare System, Inc.",Revitalization Grant,114,BioHealth,285000,hospital,Alternate Solutions Healthcare System Inc,OH,Schedule I address; Ohio public or nonprofit entity,500-4999,Form 5500 2023: 1899 participants,2023,B,,Rule R4: hospital by name and IRC section; not in the business headline.
EIN:316001089,CITY OF TRENTON OHIO,316001089,TRENTON,OH,STATE OF OHIO,284984,1,2024,government,,,,,,,,,,City of Trenton,Spec Development (OSIP),0,TBD,356230,government,CITY OF TRENTON OHIO,OH,Schedule I address; Ohio public or nonprofit entity,,,,B,,Rule R4: government by name and IRC section; not in the business headline.
EIN:874718796,P&THE MANUFACTURING ACQUISITION LLC,874718796,SIDNEY,OH,,280698,1,2024,business,0001934663,P&THE Manufacturing Acquisition LLC,MI,MI,,,0,ROSS ALUMINUM,OH,P&THE Manufacturing Acquisition LLC,Revitalization Grant,49,Advanced Manufacturing,900000,,,,,,,,,,
EIN:474217340,J&M INVESTMENTS OF NW OHIO LLC,474217340,PIQUA,OH,,280000,1,2024,business,,,,,,,,,,"J&M INVESTMENTS OF NW OHIO, LLC",Spec Development (OSIP),,TBD,350000,,,,,,,,,,
EIN:462863103,AUTICON GMBH,462863103,SANTA MONICA,CA,,276989,2,2021 2022,business,,,,,,,,,,,,,,,,,,,,,,,,
EIN:473309055,SPEYSIDE BOURBON COOPERAGE INC,473309055,JACKSON,OH,,275000,3,2016 2018 2022,business,,,,,,265,681,SPEYSIDE BOURBON COOPERAGE INC,OH,"Speyside Bourbon Cooperage, Inc.",Economic Development Grant,51,Advanced Manufacturing,275000,,,,,,,,,,
EIN:431984002,CUSTOM GLASS SOLUTIONS FOSTORIA LLC,431984002,FOSTORIA,OH,,275000,1,2020,business,,,,,,,,,,"Custom Glass Solutions Fostoria, LLC",Economic Development Grant,419,Automotive,425000,,,,,,,,,,
EIN:821565064,MFM BUILDING PRODUCTS,821565064,COSHOCTON,OH,,275000,2,2021 2023,business,,,,,,,,,,MFM Building Products Corporation,Economic Development Grant; Revitalization Grant,70,Energy and Chemicals,350000,,,,,,,,,,
EIN:344360680,SPANGLER CANDY COMPANY,344360680,BRYAN,OH,,275000,1,2021,business,,,,,430,550,547,SPANGLER CANDY COMPANY,OH,Spangler Candy Company,Revitalization Grant,455,Food and Agribusiness,275000,,,,,,,,,,
EIN:454788036,CARVANA LLC,454788036,HEATH,OH,,275000,1,2022,business,0001576462,"Carvana, LLC",AZ,AZ,,3779,14099,"CARVANA, LLC",AZ,"Carvana, LLC",Economic Development Grant; Workforce Grant,222,Logistics and Distribution,525000,business,CARVANA LLC,AZ,Form 5500 plan sponsor address (2023),5000+,"Form 5500 2023: 14099 participants, largest plan, sponsor CARVANA, LLC; metrics jobs retained 222",2023,B,,"Rule R3: own plan at 1,500 or more participants; counts include retirees, so the bucket is conservative."
EIN:311669463,ENGINEERED PROFILES LLC,311669463,COLUMBUS,OH,,275000,1,2022,business,,,,,292,373,600,ENGINEERED PROFILES LLC,OH,"Engineered Profiles, LLC",Economic Development Grant,0,Advanced Manufacturing,275000,,,,,,,,,,
EIN:275554206,ATW OHIO LLC,275554206,MT ORAB,OH,,261110,2,2022 2023,business,,,,,,,,,,"ATW Ohio, LLC",Economic Development Grant,137,Automotive,300000,,,,,,,,,,
EIN:310735812,WASHINGTON COUNTY CAREER CENTER,310735812,MARIETTA,OH,,259877,1,2019,government,,,,,,,,,,,,,,,government,WASHINGTON COUNTY CAREER CENTER,OH,Schedule I address; Ohio public or nonprofit entity,,,,B,,Rule R4: government by name and IRC section; not in the business headline.
EIN:464332431,UPSTART NETWORK INC,464332431,SAN MATEO,CA,,252858,1,2023,business,0001647639,"Upstart Holdings, Inc.",DE,CA,,,,,,"Upstart Network, Inc.",Economic Development Grant; Workforce Grant,257,Financial Services,1400000,,,,,,,,,,
EIN:346400269,Celina City Board of Education,346400269,Celina,OH,,250000,1,2015,government,,,,,,,,,,,,,,,government,Celina City Board of Education,OH,Schedule I address; Ohio public or nonprofit entity,,,,B,,Rule R4: government by name and IRC section; not in the business headline.
EIN:260440499,Tower Automotive Operations USA I LLC,260440499,Bellevue,OH,,250000,1,2016,business,,,,,4969,4589,2548,"TOWER AUTOMOTIVE OPERATIONS USA I, LLC",MI,"Tower Automotive Operations USA I, LLC",Economic Development Grant; Workforce Grant,440,Automotive,1175000,,,,,,,,,,
EIN:382858208,Freudenberg NOK General Partnership,382858208,Chicago,IL,,250000,1,2016,business,,,,,4847,,,FREUDENBERG - NOK GENERAL PARTNERSHIP,MI,Freudenberg-NOK General Partnership,Economic Development Grant,148,Advanced Manufacturing,250000,business,Freudenberg NOK General Partnership,MI,Form 5500 plan sponsor address (2015),500-4999,"Form 5500 2015: 4847 participants, largest plan, sponsor FREUDENBERG - NOK GENERAL PARTNERSHIP; metrics jobs retained 148",2015,B,,"Rule R3: own plan at 1,500 or more participants; counts include retirees, so the bucket is conservative."
EIN:274718303,King's Command Foods LLC,274718303,Versailles,OH,,250000,1,2017,business,,,,,,,,,,"King’s Command Foods, LLC",Economic Development Grant,47,Food Processing,250000,,,,,,,,,,
EIN:464196165,Nickel Plate Station LLC,464196165,Euclid,OH,,250000,2,2017 2018,business,,,,,,,,,,,,,,,,,,,,,,,,
EIN:311635680,Peter Cremer North America LP,311635680,Cincinnati,OH,,250000,1,2017,business,,,,,215,326,388,"PETER CREMER NORTH AMERICA, LP",OH,,,,,,,,,,,,,,,
EIN:311456357,The Black Family Limited Partnership,311456357,Hebron,OH,,250000,1,2017,business,,,,,,,,,,,,,,,,,,,,,,,,
EIN:472662079,2101 Superior Avenue LLC,472662079,Cleveland,OH,,250000,1,2018,business,,,,,,,,,,,,,,,,,,,,,,,,
EIN:204459634,Cutting Edge Countertops Inc,204459634,Perrysburg,OH,,250000,1,2018,business,,,,,72,176,239,"CUTTING EDGE COUNTERTOPS, INC.",OH,"Cutting Edge Countertops, Inc.",Economic Development Grant,90,Advanced Manufacturing,250000,business,Cutting Edge Countertops Inc,OH,Form 5500 plan sponsor address (2023),100-499,"Form 5500 2023: 239 participants, largest plan, sponsor CUTTING EDGE COUNTERTOPS, INC.; metrics jobs retained 90",2023,B,,"Rule R2: own plan under 250 participants, no subsidiary marker in the name, not an SEC registrant."
EIN:271284632,Marathon Petroleum Corporation,271284632,Findlay,OH,,250000,1,2018,business,0001510295,Marathon Petroleum Corp,DE,OH,,,,,,,,,,,,,,,,,,,,
EIN:260621636,SOUTHSIDE REDEVELOPMENT LLC,260621636,CINCINNATI,OH,,250000,2,2018 2019,business,,,,,,,,,,"Southside Redevelopment, LLC *",Revitalization Grant,0,Other,820000,,,,,,,,,,
EIN:464844030,Tenk Center LLC,464844030,Cleveland,OH,,250000,1,2018,business,,,,,,,,,,"Tenk Center, LLC",Revitalization Grant,20,Food Processing,250000,,,,,,,,,,
EIN:311267098,AK STEEL CORPORATION,311267098,WEST CHESTER,OH,,250000,1,2019,business,,,,,33874,15257,10304,CLEVELAND-CLIFFS STEEL CORPORATION,OH,AK Steel Corporation,Economic Development Grant,75,Advanced Manufacturing,250000,business,AK STEEL CORPORATION,OH,Form 5500 plan sponsor address (2015),5000+,"Form 5500 2015: 33874 participants, largest plan, sponsor CLEVELAND-CLIFFS STEEL CORPORATION; metrics jobs retained 75",2015,B,,"Rule R3: own plan at 1,500 or more participants; counts include retirees, so the bucket is conservative."
EIN:462460862,CUSTOM PRO LOGISTICS LLC,462460862,CINCINNATI,OH,,250000,1,2019,business,,,,,,15,24,CUSTOM PRO LOGISTICS,OH,"Custom Pro Logistics, LLC",Revitalization Grant,7,Logistics and Distribution,250000,business,CUSTOM PRO LOGISTICS LLC,OH,Form 5500 plan sponsor address (2023),<100,"Form 5500 2023: 24 participants, largest plan, sponsor CUSTOM PRO LOGISTICS; metrics jobs retained 7",2023,B,,"Rule R2: own plan under 250 participants, no subsidiary marker in the name, not an SEC registrant."
EIN:261347098,DANA LIGHT AXLE MANUFACTURING LLC,261347098,TOLEDO,OH,,250000,1,2019,business,,,,,,,,,,"Dana Light Axle Manufacturing, LLC",Growth Fund Loan,0,Automotive,6250000,,,,,,,,,,
EIN:453790057,METALX LLC,453790057,WATERLOO,IN,,250000,1,2019,business,,,,,143,225,233,"METALX, LLC",IN,"MetalX, LLC",Economic Development Grant,0,Advanced Manufacturing,250000,business,METALX LLC,IN,Form 5500 plan sponsor address (2023),100-499,"Form 5500 2023: 233 participants, largest plan, sponsor METALX, LLC",2023,B,,"Rule R2: own plan under 250 participants, no subsidiary marker in the name, not an SEC registrant."
EIN:954015700,SHIN-ETSU SILICONES OF AMERICA INC,954015700,AKRON,OH,,250000,2,2019 2020,business,,,,,209,228,311,"SHIN-ETSU SILICONES OF AMERICA, INC.",OH,"Shin-Etsu Silicones of America, Inc.",Economic Development Grant,135,Energy and Chemicals,250000,,,,,,,,,,
EIN:810550216,ZIMMER SURGICAL INC,810550216,BROADVIEW HEIGHTS,OH,,250000,1,2019,business,,,,,297,288,324,"ZIMMER SURGICAL, INC.",IN,"Zimmer Surgical, Inc.",Economic Development Grant,43,Healthcare,250000,,,,,,,,,,
EIN:314379427,BATTELLE MEMORIAL INSTITUTE,314379427,COLUMBUS,OH,,250000,1,2020,nonprofit,,,,,12010,11242,13282,BATTELLE MEMORIAL INSTITUTE,OH,,,,,,nonprofit,BATTELLE MEMORIAL INSTITUTE,OH,Schedule I address; Ohio public or nonprofit entity,5000+,Form 5500 2023: 13282 participants,2023,B,,Rule R4: nonprofit by name and IRC section; not in the business headline.
EIN:475621244,BEAM TECHNOLOGIES INC,475621244,COLUMBUS,OH,,250000,1,2020,business,0001710090,Beam Technologies Inc.,DE,OH,,,,,,Beam Technologies Inc.,Workforce Grant,41,Other,250000,,,,,,,,,,
EIN:250530110,CALGON CARBON CORPORATION,250530110,COLUMBUS,OH,,250000,1,2020,business,0000950132,DONNELLEY R R & SONS CO 04/FA,PA,PA,904,856,950,CALGON CARBON CORPORATION,PA,Calgon Carbon Corporation,Economic Development Grant; Revitalization Grant,42,Energy and Chemicals,400000,,,,,,,,,,
EIN:475676237,CHAMPLAIN ENTERPRISES LLC,475676237,NORTH OLMSTED,OH,,250000,1,2020,business,,,,,,1495,1823,COMMUTEAIR LLC,OH,,,,,,business,CHAMPLAIN ENTERPRISES LLC,OH,Form 5500 plan sponsor address (2023),500-4999,"Form 5500 2023: 1823 participants, largest plan, sponsor COMMUTEAIR LLC",2023,B,,"Rule R3: own plan at 1,500 or more participants; counts include retirees, so the bucket is conservative."
EIN:205877688,NOSTRUM LABORATORIES INC,205877688,BRYAN,OH,,250000,2,2020 2021,business,,,,,143,195,275,"NOSTRUM LABORATORIES, INC.",MO,Nostrum Laboratories Inc.,Economic Development Grant,57,Healthcare,250000,,,,,,,,,,
EIN:310807991,ODW LOGISTICS INC,310807991,COLUMBUS,OH,,250000,2,2020 2024,business,,,,,771,993,1361,"ODW LOGISTICS, INC.",OH,"ODW Logistics, Inc.",Economic Development Grant; Workforce Grant,745,Logistics and Distribution,250000,,,,,,,,,,
EIN:133246026,UNITED GRINDING NORTH AMERICA INC,133246026,MIAMISBURG,OH,,250000,1,2020,business,,,,,165,185,190,UNITED GRINDING NORTH AMERICA IN,OH,"United Grinding North America, Inc.",Economic Development Grant,100,Advanced Manufacturing,250000,,,,,,,,,,
EIN:311317049,WHITE CASTLE MANAGEMENT CO,311317049,COLUMBUS,OH,,250000,1,2020,business,,,,,,,,,,,,,,,,,,,,,,,,
EIN:208619767,ZIPLINE LOGISTICS LLC,208619767,COLUMBUS,OH,,250000,1,2020,business,,,,,33,74,102,"ZIPLINE LOGISTICS, LLC",OH,Zipline Logistics LLC,Economic Development Grant,57,Logistics and Distribution,250000,business,ZIPLINE LOGISTICS LLC,OH,Form 5500 plan sponsor address (2023),100-499,"Form 5500 2023: 102 participants, largest plan, sponsor ZIPLINE LOGISTICS, LLC; metrics jobs retained 57",2023,B,,"Rule R2: own plan under 250 participants, no subsidiary marker in the name, not an SEC registrant."
EIN:264690600,ARLINGTON VALLEY FARMS LLC,264690600,HUDSON,OH,,250000,1,2021,business,0001754432,"ARLINGTON VALLEY FARMS, LLC",OH,OH,,,,,,"Arlington Valley Farms, LLC",Economic Development Grant,11,Food and Agribusiness,250000,,,,,,,,,,
EIN:824672012,CERAMFAB INCORPORATED,824672012,EAST PALESTINE,OH,,250000,1,2021,business,,,,,,,,,,CeramFab Incorporated,Revitalization Grant,8,Advanced Manufacturing,250000,,,,,,,,,,
EIN:352380696,HAGERTY INSURANCE AGENCY LLC,352380696,TRAVERSE CITY,MI,,250000,1,2021,business,,,,,,,,,,"Hagerty Insurance Agency, LLC",Workforce Grant,0,Financial Services,250000,,,,,,,,,,
EIN:341437898,KYOCERA SGS PRECISION TOOLS INC,341437898,CUYAHOGA FALLS,OH,,250000,1,2021,business,,,,,297,308,470,"KYOCERA SGS PRECISION TOOLS, INC.",OH,"Kyocera SGS Precision Tools, Inc.",Economic Development Grant,209,Advanced Manufacturing,250000,,,,,,,,,,
EIN:341675168,NIPPON PAINT AUTOMOTIVE AMERICAS INC,341675168,CLEVELAND,OH,,250000,1,2021,business,,,,,,,,,,,,,,,,,,,,,,,,
EIN:222784144,OWENS-BROCKWAY GLASS CONTAINER INC,222784144,ZANESVILLE,OH,,250000,1,2021,business,0001169774,OWENS-BROCKWAY GLASS CONTAINER INC,DE,OH,,,,,,Owens-Brockway Glass Container Inc.,Economic Development Grant,350,Advanced Manufacturing,250000,,,,,,,,,,
EIN:341378660,CABINETWORKS GROUP MIDDLEFIELD LLC,341378660,MIDDLEFIELD,OH,,250000,1,2022,business,,,,,,,,,,,,,,,,,,,,,,,,
EIN:341532037,CALIBER MOLD AND MACHINE INC,341532037,AKRON,OH,,250000,2,2022 2023,business,,,,,,,,,,"Caliber Mold and Machine, Inc.",Revitalization Grant,21,Advanced,250000,,,,,,,,,,
EIN:201702549,CIIC HOLDINGS LTD,201702549,CLEVELAND,OH,,250000,1,2022,business,,,,,,,,,,CiiC Holdings Ltd.,Revitalization Grant,0,Advanced Manufacturing,250000,,,,,,,,,,
EIN:201248880,CONAGRA FOODS PACKAGED FOODS LLC,201248880,ARCHBOLD,OH,,250000,1,2022,business,,,,,290,,,CONAGRA FOODS PACKAGED FOODS LLC,IL,"Conagra Foods Packaged Foods, LLC",Economic Development Grant; Workforce Grant,929,Food and Agribusiness,1250000,,,,,,,,,,
EIN:310568575,GAYSTON CORPORATION,310568575,MIAMISBURG,OH,,250000,1,2022,business,,,,,69,64,,GAYSTON CORPORATION,OH,Gayston Corporation,Economic Development Grant,87,Advanced,250000,business,GAYSTON CORPORATION,OH,Form 5500 plan sponsor address (2015),<100,"Form 5500 2015: 69 participants, largest plan, sponsor GAYSTON CORPORATION; metrics jobs retained 87",2015,B,,"Rule R2: own plan under 250 participants, no subsidiary marker in the name, not an SEC registrant."
EIN:831024049,HOMETOWN FOOD COMPANY,831024049,CHICAGO,IL,,250000,1,2022,business,,,,,,236,367,HOMETOWN FOOD COMPANY,IL,Hometown Food Company,Economic Development Grant,227,Food Sciences and Agriculture,250000,,,,,,,,,,
EIN:316402113,OHIO UNIVERSITY,316402113,ATHENS,OH,501(C)(3),250000,3,2022 2023 2024,university,,,,,,,,,,,,,,,university,OHIO UNIVERSITY,OH,Schedule I address; Ohio public or nonprofit entity,,,,B,,Rule R4: university by name and IRC section; not in the business headline.
EIN:340750763,BIERY CHEESE CO,340750763,CHICAGO,IL,,250000,1,2023,business,,,,,597,724,795,BIERY CHEESE COMPANY,OH,Biery Cheese Co.,Economic Development Grant,449,Food and Agribusiness,250000,,,,,,,,,,
EIN:822257804,PRIME SOLON INVESTMENTS LLC,822257804,BRUNSWICK,OH,,250000,1,2023,business,,,,,,,,,,,,,,,,,,,,,,,,
EIN:262673266,APA SOLAR LLC,262673266,RIDGEVILLE CORNERS,OH,,250000,1,2024,business,,,,,,,99,"APA SOLAR, LLC",OH,"APA Solar, LLC",Growth Fund Loan,90,Advanced Manufacturing,2000000,business,APA SOLAR LLC,OH,Form 5500 plan sponsor address (2023),<100,"Form 5500 2023: 99 participants, largest plan, sponsor APA SOLAR, LLC; metrics jobs retained 90",2023,B,,"Rule R2: own plan under 250 participants, no subsidiary marker in the name, not an SEC registrant."
EIN:812419784,ARDAGH METAL BEVERAGE USA INC,812419784,CHICAGO,IL,,250000,1,2024,business,,,,,,,1987,ARDAGH METAL PACKAGING USA CORP.,IN,Ardagh Metal Beverage USA Inc.,Economic Development Grant; Workforce Grant,0,Advanced Manufacturing,1750000,,,,,,,,,,
EIN:340818723,GREGORY INDUSTRIES INC,340818723,CANTON,OH,,250000,1,2024,business,,,,,290,224,265,"GREGORY INDUSTRIES, INC.",OH,"Gregory Industries, Inc.",Economic Development Grant,161,Advanced Manufacturing,250000,,,,,,,,,,
EIN:314427476,OHIO STEEL INDUSTRIES INC,314427476,COLUMBUS,OH,,250000,1,2024,business,,,,,216,312,505,OHIO STEEL INDUSTRIES,OH,"Ohio Steel Industries, Inc.",Economic Development Grant,198,Advanced Manufacturing,250000,,,,,,,,,,
EIN:814100770,SKULD LLC,814100770,LONDON,OH,,250000,1,2024,business,,,,,,,,,,SKULD LLC,Inclusion Grant; Revitalization Grant,4,Advanced Manufacturing,250000,,,,,,,,,,
EIN:364883768,TRI TECH LABORATORIES LLC,364883768,NEW ALBANY,OH,,250000,1,2024,business,,,,,,,461,"TRI-TECH LABORATORIES, LLC",NJ,"Tri-Tech Laboratories, LLC",Economic Development Grant,666,Advanced Manufacturing,250000,,,,,,,,,,
EIN:344302060,THE MENNEL MILLING COMPANY,344302060,FOSTORIA,OH,,249640,2,2017 2024,business,,,,,303,594,753,THE MENNEL MILLING COMPANY,OH,The Mennel Milling Company,Economic Development Grant; Research & Development Grant,340,Food and Agribusiness,1275000,,,,,,,,,,
EIN:471851866,LION FIRST RESPONDER PPE INC,471851866,DAYTON,OH,,249177,3,2020 2021 2023,business,,,,,,,,,,"Lion First Responder PPE, Inc.",Revitalization Grant,0,Advanced Manufacturing,50000,,,,,,,,,,
EIN:311653157,MI-DE-CON INC,311653157,IRONTON,OH,,248563,1,2021,business,,,,,,,,,,"Mi-De-Con, Inc.",Revitalization Grant,75,Energy and Chemicals,250000,,,,,,,,,,
EIN:461426922,SAFRAN POWER USA LLC,461426922,TWINSBURG,OH,,246423,3,2019 2021 2022,business,,,,,,,,,,"Safran Power USA, LLC",Economic Development Grant; Workforce Grant,113,Aerospace and Aviation,250000,,,,,,,,,,
EIN:205152109,TOTAL QUALITY LOGISTICS LLC,205152109,MILFORD,OH,,244175,2,2022 2024,business,,,,,2886,5751,10203,"TOTAL QUALITY LOGISTICS, LLC",OH,"Total Quality Logistics, LLC",Economic Development Grant; Workforce Grant,2623,Logistics and Distribution,7575000,business,TOTAL QUALITY LOGISTICS LLC,OH,Form 5500 plan sponsor address (2023),5000+,"Form 5500 2023: 10203 participants, largest plan, sponsor TOTAL QUALITY LOGISTICS, LLC; metrics jobs retained 2623",2023,B,,"Rule R3: own plan at 1,500 or more participants; counts include retirees, so the bucket is conservative."
EIN:310411982,THE PROCTER & GAMBLE MANUFACTURING COMPANY,310411982,CINCINNATI,OH,,241850,2,2020 2024,business,,,,,,,,,,The Procter & Gamble Manufacturing Company,Economic Development Grant; Workforce Grant,749,Energy and Chemicals,1000000,,,,,,,,,,
EIN:831267351,AAG GLASS LLC,831267351,BATAVIA,OH,,241098,2,2020 2021,business,,,,,,,,,,"AAG Glass, LLC",Workforce Grant,0,Automotive,100000,,,,,,,,,,
EIN:881728901,SPRING & MAIN LLC,881728901,LIMA,OH,,240000,1,2024,business,,,,,,,,,,,,,,,,,,,,,,,,
EIN:825076139,PROTO PRECISION ADDITIVE LLC,825076139,HILLIARD,OH,,233423,1,2021,business,,,,,,6,,PROTO PRECISION ADDITIVE LLC,OH,"Proto Precision Additive, LLC",Economic Development Grant,3,Advanced Manufacturing,250000,business,PROTO PRECISION ADDITIVE LLC,OH,Form 5500 plan sponsor address (2019),<100,"Form 5500 2019: 6 participants, largest plan, sponsor PROTO PRECISION ADDITIVE LLC; metrics jobs retained 3",2019,B,,"Rule R2: own plan under 250 participants, no subsidiary marker in the name, not an SEC registrant."
EIN:570276334,JM Smith Corporation,570276334,Carey,OH,,230000,1,2018,business,,,,,1263,1882,908,J M SMITH CORPORATION,SC,JM Smith Corporation,Economic Development Grant,0,BioHealth,230000,business,JM Smith Corporation,SC,Form 5500 plan sponsor address (2019),500-4999,"Form 5500 2019: 1882 participants, largest plan, sponsor J M SMITH CORPORATION",2019,B,,"Rule R3: own plan at 1,500 or more participants; counts include retirees, so the bucket is conservative."
EIN:362596612,MEDLINE INDUSTRIES INC,362596612,NORTHFIELD,IL,,230000,2,2020 2023,business,,,,,7705,13017,24970,"MEDLINE INDUSTRIES,LP",IL,"Medline Industries, Inc.",Workforce Grant,0,Healthcare,80000,business,MEDLINE INDUSTRIES INC,IL,Form 5500 plan sponsor address (2023),5000+,"Form 5500 2023: 24970 participants, largest plan, sponsor MEDLINE INDUSTRIES,LP",2023,B,,"Rule R3: own plan at 1,500 or more participants; counts include retirees, so the bucket is conservative."
EIN:310547954,VEGA AMERICAS INC,310547954,MASON,OH,,227500,2,2016 2022,business,,,,,301,256,462,"VEGA AMERICAS, INC.",OH,"VEGA Americas, Inc.",Economic Development Grant,388,Advanced Manufacturing,275000,,,,,,,,,,
EIN:208040748,OPRONA INC,208040748,HOUSTON,TX,,226287,2,2015 2024,business,,,,,355,498,772,"OPRONA, INC. DBA ROSEN USA, INC.",TX,"Oprona, Inc.",Economic Development Grant,41,Energy and Chemicals,200000,,,,,,,,,,
EIN:363104688,Union Tank Car Company,363104688,Marion,OH,,225000,1,2016,business,0000100923,UNION TANK CAR CO,DE,IL,2668,3211,,UNION TANK CAR COMPANY,IL,Union Tank Car Company,Economic Development Grant,117,Advanced Manufacturing,225000,business,Union Tank Car Company,IL,Form 5500 plan sponsor address (2019),500-4999,"Form 5500 2019: 3211 participants, largest plan, sponsor UNION TANK CAR COMPANY; metrics jobs retained 117",2019,B,,"Rule R3: own plan at 1,500 or more participants; counts include retirees, so the bucket is conservative."
EIN:010499341,MODULA INC,010499341,FRANKLIN,OH,,225000,1,2020,business,,,,,101,123,225,MODULA INC,ME,Modula Inc.,Economic Development Grant,110,Advanced Manufacturing,625000,business,MODULA INC,ME,Form 5500 plan sponsor address (2023),100-499,"Form 5500 2023: 225 participants, largest plan, sponsor MODULA INC; metrics jobs retained 110",2023,B,,"Rule R2: own plan under 250 participants, no subsidiary marker in the name, not an SEC registrant."
EIN:201498559,BDG WRAP-TITE INC,201498559,SOLON,OH,,225000,1,2021,business,,,,,,72,93,"BDG WRAP TITE, INC.",OH,,,,,,business,BDG WRAP-TITE INC,OH,Form 5500 plan sponsor address (2023),<100,"Form 5500 2023: 93 participants, largest plan, sponsor BDG WRAP TITE, INC.",2023,B,,"Rule R2: own plan under 250 participants, no subsidiary marker in the name, not an SEC registrant."
EIN:340894745,PRINCIPLE BUSINESS ENTERPRISES INC,340894745,DUNBRIDGE,OH,,225000,2,2023 2024,business,,,,,245,347,466,"PRINCIPLE BUSINESS ENTERPRISES, INC.",OH,"Principle Business Enterprises, Inc.",Workforce Grant,337,Advanced Manufacturing,225000,,,,,,,,,,
EIN:812174460,OATS OVERNIGHT INC,812174460,TEMPE,AZ,,225000,1,2024,business,0001843031,"Oats Overnight, Inc.",DE,AZ,,,169,OAT OVERNIGHT INC,AZ,"Oats Overnight, Inc",Economic Development Grant,179,Food and Agribusiness,850000,,,,,,,,,,
EIN:134212209,Pillar Technology Group LLC,134212209,Columbus,OH,,224642,1,2018,business,,,,,192,417,,"PILLAR TECHNOLOGY GROUP, LLC",OH,"Pillar Technology Group, LLC",Research & Development Grant; Workforce Grant,154,Information Services and Software,2225000,,,,,,,,,,
EIN:820628587,BRANCH FINANCIAL INC,820628587,COLUMBUS,OH,,220670,4,2021 2022 2023 2024,business,,,,,,2,490,"BRANCH FINANCIAL, INC.",OH,,,,,,,,,,,,,,,
EIN:475369803,EAGLE FAMILY FOODS GROUP LLC,475369803,RICHFIELD,OH,,215000,1,2021,business,,,,,,370,477,EAGLE FAMILY FOODS GROUP LLC,OH,Eagle Family Foods Group LLC,Economic Development Grant,54,Food and Agribusiness,215000,,,,,,,,,,
EIN:630139000,MCWANE INC,630139000,COSHOCTON,OH,,212704,2,2023 2024,business,,,,,3631,4134,5266,"MCWANE, INC",AL,,,,,,business,MCWANE INC,AL,Form 5500 plan sponsor address (2023),500-4999,"Form 5500 2023: 5266 participants, largest plan, sponsor MCWANE, INC",2023,B,,"Rule R3: own plan at 1,500 or more participants; counts include retirees, so the bucket is conservative."
EIN:043689503,OHIO ASSOCIATED ENTERPRISES LLC,043689503,PAINESVILLE,OH,,211925,1,2021,business,,,,,161,163,118,"OHIO ASSOCIATED ENTERPRISES, LLC",OH,"Ohio Associated Enterprises, LLC",Revitalization Grant; Workforce Grant,177,Technology,300000,business,OHIO ASSOCIATED ENTERPRISES LLC,OH,Form 5500 plan sponsor address (2019),100-499,"Form 5500 2019: 163 participants, largest plan, sponsor OHIO ASSOCIATED ENTERPRISES, LLC; metrics jobs retained 177",2019,B,,"Rule R2: own plan under 250 participants, no subsidiary marker in the name, not an SEC registrant."
EIN:823898039,MAGNODE LLC,823898039,TRENTON,NJ,,210250,1,2024,business,,,,,,,,,,"Magnode, LLC",Economic Development Grant,232,Advanced Manufacturing,200000,,,,,,,,,,
EIN:900751535,Lakeview Farms LLC,900751535,Delphos,OH,,200000,1,2015,business,,,,,316,379,559,"LAKEVIEW FARMS, LLC",OH,,,,,,,,,,,,,,,
EIN:208333491,Next Generation Films Inc,208333491,Lexington,OH,,200000,2,2015 2016,business,,,,,354,582,,"NEXT GENERATION FILMS, INC.",OH,"Next Generation Films, Inc.",Growth Fund Loan; Workforce Grant,606,Advanced Manufacturing,4300000,,,,,,,,,,
EIN:344346145,Sauder Woodworking Co,344346145,Archbold,OH,,200000,2,2015 2017,business,,,,,2216,2695,3348,SAUDER WOODWORKING CO.,OH,Sauder Woodworking Co.,Economic Development Grant,1976,Advanced Manufacturing,100000,business,Sauder Woodworking Co,OH,Form 5500 plan sponsor address (2023),500-4999,"Form 5500 2023: 3348 participants, largest plan, sponsor SAUDER WOODWORKING CO.; metrics jobs retained 1976",2023,B,,"Rule R3: own plan at 1,500 or more participants; counts include retirees, so the bucket is conservative."
EIN:341616556,Scranton Development Company,341616556,Cleveland,OH,,200000,1,2015,business,,,,,,,,,,Scranton Development Company,Revitalization Grant Phase II,,Other,200000,,,,,,,,,,
EIN:451759535,Artiflex Manufacturing LLC,451759535,Wooster,OH,,200000,1,2016,business,,,,,799,776,846,"ARTIFLEX MANUFACTURING, INC.",MI,,,,,,,,,,,,,,,
EIN:341919610,Encore Industries Inc,341919610,Cambridge,OH,,200000,1,2016,business,,,,,235,301,180,ENCORE INDUSTRIES INC,OH,"Encore Industries, Inc.",Economic Development Grant,189,Advanced Manufacturing,200000,,,,,,,,,,
EIN:146075575,Mohawk Fine Papers Inc,146075575,Ashtabula,OH,,200000,1,2016,business,,,,,752,734,635,MOHAWK FINE PAPERS INC.,NY,,,,,,,,,,,,,,,
EIN:272624327,TerraSmart LLC,272624327,Columbus,OH,,200000,1,2016,business,,,,,,85,,TERRASMART LLC,FL,TerraSmart LLC,Revitalization Grant,,Advanced Manufacturing,200000,business,TerraSmart LLC,FL,Form 5500 plan sponsor address (2019),<100,"Form 5500 2019: 85 participants, largest plan, sponsor TERRASMART LLC",2019,B,,"Rule R2: own plan under 250 participants, no subsidiary marker in the name, not an SEC registrant."
EIN:952797355,ThyssenKrupp Bilstein of America Inc,952797355,Hamilton,OH,,200000,2,2016 2017,business,,,,,,,,,,"ThyssenKrupp Bilstein of America, Inc.",Economic Development Grant,586,Automotive,500000,,,,,,,,,,
EIN:341185757,Arhaus LLC,341185757,Walton Hills,OH,,200000,1,2017,business,,,,,926,1341,2185,"ARHAUS, LLC",OH,,,,,,business,Arhaus LLC,OH,Form 5500 plan sponsor address (2023),500-4999,"Form 5500 2023: 2185 participants, largest plan, sponsor ARHAUS, LLC",2023,B,,"Rule R3: own plan at 1,500 or more participants; counts include retirees, so the bucket is conservative."
EIN:311752403,Masters Pharmaceutical Inc,311752403,Cincinnati,OH,,200000,1,2017,business,,,,,375,,,MASTERS PHARMACEUTICAL INC,OH,"Masters Pharmaceutical, Inc.",Economic Development Grant,229,Biohealth,200000,,,,,,,,,,
EIN:205839715,The Imperial Electric Company,205839715,Middleport,OH,,200000,1,2017,business,,,,,29,,,THE IMPERIAL ELECTRIC COMPANY,OH,The Imperial Electric Company,Economic Development Grant,27,Advanced Manufacturing,200000,business,The Imperial Electric Company,OH,Form 5500 plan sponsor address (2015),<100,"Form 5500 2015: 29 participants, largest plan, sponsor THE IMPERIAL ELECTRIC COMPANY; metrics jobs retained 27",2015,B,,"Rule R2: own plan under 250 participants, no subsidiary marker in the name, not an SEC registrant."
EIN:361178800,Wilbert Plastic Services,361178800,Bellevue,OH,,200000,1,2017,business,0000107078,WILBERT INC,DE,IL,1701,1421,758,"WILBERT, INC.",NC,,,,,,business,Wilbert Plastic Services,NC,Form 5500 plan sponsor address (2015),500-4999,"Form 5500 2015: 1701 participants, largest plan, sponsor WILBERT, INC.",2015,B,,"Rule R3: own plan at 1,500 or more participants; counts include retirees, so the bucket is conservative."
EIN:310798878,Marion Technical College,310798878,Marion,OH,501(c)(3),200000,1,2017,university,,,,,,,,,,,,,,,university,Marion Technical College,OH,Schedule I address; Ohio public or nonprofit entity,,,,B,,Rule R4: university by name and IRC section; not in the business headline.
EIN:202016358,COMPOSITE ADVANTAGE LLC,202016358,DAYTON,OH,,200000,2,2018 2022,business,,,,,,,,,,Composite Advantage LLC,Revitalization Grant,92,Advanced Manufacturing,325000,,,,,,,,,,
EIN:942912316,Dole Fresh Vegetables Inc,942912316,Springfield,OH,,200000,1,2018,business,,,,,,,,,,,,,,,,,,,,,,,,
EIN:980208105,JOHNSON MEDTECH LLC,980208105,METHUEN,MA,,200000,2,2018 2019,business,,,,,1005,988,1095,JOHNSON ELECTRIC NORTH AMERICA HOLDING INC.,OH,,,,,,,,,,,,,,,
EIN:352586251,KLK Property Holdings LLC,352586251,Richfield,OH,,200000,1,2018,site_development,,,,,,,,,,,,,,,site_development,KLK Property Holdings LLC,OH,Schedule I address; Ohio public or nonprofit entity,,,,B,,Rule R4: site_development by name and IRC section; not in the business headline.
EIN:464523320,Pretzel Baron Properties LLC,464523320,Cincinnati,OH,,200000,1,2018,site_development,,,,,,,175,DITSCH USA LLC.,OH,Pretzel Baron LLC,Economic Development Grant,10,Food and Agribusiness,200000,site_development,Pretzel Baron Properties LLC,OH,Schedule I address; Ohio public or nonprofit entity,100-499,Form 5500 2023: 175 participants,2023,B,,Rule R4: site_development by name and IRC section; not in the business headline.
EIN:260379798,AEROCONTROLEX GROUP INC,260379798,PAINESVILLE,OH,,200000,1,2019,business,0001404922,"AeroControlex Group, Inc.",DE,OH,48,,,"AEROCONTROLEX GROUP, INC.",OH,"Aerocontrolex Group, Inc.",Economic Development Grant,130,Aerospace and Aviation,200000,,,,,,,,,,
EIN:340859271,BRENNAN INDUSTRIES INC,340859271,SOLON,OH,,200000,1,2019,business,,,,,182,191,255,"BRENNAN INDUSTRIES, INC.",OH,"Brennan Industries, Inc.",Economic Development Grant,68,Advanced Manufacturing,200000,,,,,,,,,,
EIN:346400671,CITY OF HURON,346400671,HURON,OH,,200000,1,2019,government,,,,,,,,,,,,,,,government,CITY OF HURON,OH,Schedule I address; Ohio public or nonprofit entity,,,,B,,Rule R4: government by name and IRC section; not in the business headline.
EIN:581493818,GEORGIA TSS INC (TOTAL SYSTEM SERVICES INC),581493818,COLUMBUS,OH,,200000,1,2019,business,0000721683,TOTAL SYSTEM SERVICES INC,GA,GA,8794,11248,14640,"TOTAL SYSTEM SERVICES, LLC",GA,"Georgia TSS, Inc. (Total System Services, Inc.)",Economic Development Grant,0,Financial Services,200000,business,GEORGIA TSS INC (TOTAL SYSTEM SERVICES INC),GA,Form 5500 plan sponsor address (2023),5000+,"Form 5500 2023: 14640 participants, largest plan, sponsor TOTAL SYSTEM SERVICES, LLC",2023,B,,"Rule R3: own plan at 1,500 or more participants; counts include retirees, so the bucket is conservative."
EIN:311611663,MANE INC,311611663,PALATINE,IL,,200000,2,2019 2024,business,,,,,,,,,,"Mane, Inc.",Economic Development Grant; Workforce Grant,435,Food and Agribusiness,200000,,,,,,,,,,
EIN:823810794,MSW RE 1 INC,823810794,VANDALIA,OH,,200000,1,2019,business,,,,,,,,,,,,,,,,,,,,,,,,
EIN:263444991,NIPPON STEEL INTEGRATED CRANKSHAFT LLC,263444991,FOSTORIA,OH,,200000,1,2019,business,,,,,144,116,139,NSI CRANKSHAFT LLC,OH,Nippon Steel Integrated Crankshaft LLC,Economic Development Grant,102,Automotive,200000,business,NIPPON STEEL INTEGRATED CRANKSHAFT LLC,OH,Form 5500 plan sponsor address (2015),100-499,"Form 5500 2015: 144 participants, largest plan, sponsor NSI CRANKSHAFT LLC; metrics jobs retained 102",2015,B,,"Rule R2: own plan under 250 participants, no subsidiary marker in the name, not an SEC registrant."
EIN:341923454,THERMA-TRU CORP CLAWBACK,341923454,MAUMEE,OH,,200000,2,2019 2021,business,,,,,1221,,,THERMA-TRU CORP.,OH,Therma-Tru Corp.,Economic Development Grant,224,Advanced Manufacturing,350000,,,,,,,,,,
EIN:203900803,DEDIENNE AEROSPACE,203900803,BATAVIA,OH,,200000,1,2020,business,,,,,,45,,DEDIENNE AEROSPACE LLC,FL,Dedienne Aerospace,Economic Development Grant,0,Aerospace and Aviation,200000,business,DEDIENNE AEROSPACE,FL,Form 5500 plan sponsor address (2019),<100,"Form 5500 2019: 45 participants, largest plan, sponsor DEDIENNE AEROSPACE LLC",2019,B,,"Rule R2: own plan under 250 participants, no subsidiary marker in the name, not an SEC registrant."
EIN:611624649,EXCELITAS TECHNOLOGIES CORP,611624649,MIAMISBURG,OH,,200000,1,2020,business,,,,,774,794,1529,EXCELITAS TECHNOLOGIES,MA,Excelitas Technologies Corp.,Economic Development Grant,140,Advanced Manufacturing,200000,business,EXCELITAS TECHNOLOGIES CORP,MA,Form 5500 plan sponsor address (2023),500-4999,"Form 5500 2023: 1529 participants, largest plan, sponsor EXCELITAS TECHNOLOGIES; metrics jobs retained 140",2023,B,,"Rule R3: own plan at 1,500 or more participants; counts include retirees, so the bucket is conservative."
EIN:831942321,KEI REALTY HOLDINGS LLC,831942321,TOLEDO,OH,,200000,1,2020,site_development,,,,,,,,,,,,,,,site_development,KEI REALTY HOLDINGS LLC,OH,Schedule I address; Ohio public or nonprofit entity,,,,B,,Rule R4: site_development by name and IRC section; not in the business headline.
EIN:311609501,NATURE'S ONE LLC,311609501,HEATH,OH,,200000,1,2020,business,,,,,32,41,132,NATURES ONE INC,OH,"Nature's One, LLC",Economic Development Grant,0,Food Sciences and Agriculture,200000,business,NATURE'S ONE LLC,OH,Form 5500 plan sponsor address (2023),100-499,"Form 5500 2023: 132 participants, largest plan, sponsor NATURES ONE INC",2023,B,,"Rule R2: own plan under 250 participants, no subsidiary marker in the name, not an SEC registrant."
EIN:273330722,NIDEC MOTOR CORPORATION,273330722,BROOKLYN HEIGHTS,OH,,200000,1,2020,business,,,,,6332,4687,5356,NIDEC MOTOR CORPORATION,MO,Nidec Motor Corporation,Economic Development Grant,130,Advanced Manufacturing,200000,business,NIDEC MOTOR CORPORATION,MO,Form 5500 plan sponsor address (2015),500-4999,"Form 5500 2015: 6332 participants, largest plan, sponsor NIDEC MOTOR CORPORATION; metrics jobs retained 130",2015,B,,"Rule R3: own plan at 1,500 or more participants; counts include retirees, so the bucket is conservative."
EIN:920191641,RHINOSYSTEMS INC,920191641,BROOKLYN,OH,,200000,1,2020,business,0001488086,"RhinoSystems, Inc.",OH,OH,,,58,"RHINOSYSTEMS, INC.",OH,"RhinoSystems, Inc.",Economic Development Grant,17,Healthcare,200000,,,,,,,,,,
EIN:341670663,THE ADCOM GROUP INC,341670663,CLEVELAND,OH,,200000,1,2020,business,,,,,179,152,167,"THE ADCOM GROUP, INC.",OH,"The Adcom Group, Inc.",Revitalization Grant,90,IT,200000,,,,,,,,,,
EIN:980442575,VEHTEK SYSTEMS INC,980442575,BOWLING GREEN,OH,,200000,1,2020,business,,,,,,,,,,Vehtek Systems Inc.,Economic Development Grant,760,Automotive,700000,,,,,,,,,,
EIN:800298170,WELLPET LLC,800298170,LOCKBOURNE,OH,,200000,1,2020,business,,,,,296,319,534,WELLNESS PET COMPANY,MA,WellPet LLC,Economic Development Grant,0,Logistics and Distribution,200000,,,,,,,,,,
EIN:310620191,BRAKEFIRE INCORPORATED,310620191,EVENDALE,OH,,200000,1,2021,business,,,,,152,247,387,"BRAKEFIRE, INC. DBA SILCO FIRE AND SECURITY",OH,"Brakefire, Incorporated",Economic Development Grant,107,Other,200000,,,,,,,,,,
EIN:208677704,CALLIBRITY SOLUTIONS LLC,208677704,CINCINNATI,OH,,200000,1,2021,business,,,,,4,57,109,"CALLIBRITY SOLUTIONS, LLC",OH,,,,,,business,CALLIBRITY SOLUTIONS LLC,OH,Form 5500 plan sponsor address (2023),100-499,"Form 5500 2023: 109 participants, largest plan, sponsor CALLIBRITY SOLUTIONS, LLC",2023,B,,"Rule R2: own plan under 250 participants, no subsidiary marker in the name, not an SEC registrant."
EIN:860221312,O'REILLY AUTO ENTERPRISES LLC,860221312,TWINSBURG,OH,,200000,1,2021,business,0001017450,"O'Reilly Auto Enterprises, LLC",DE,MO,0,12135,12457,"O'REILLY AUTO ENTERPRISES, LLC",MO,"O'Reilly Auto Enterprises, LLC",Workforce Grant,0,Logistics and Distribution,200000,business,O'REILLY AUTO ENTERPRISES LLC,MO,Form 5500 plan sponsor address (2023),5000+,"Form 5500 2023: 12457 participants, largest plan, sponsor O'REILLY AUTO ENTERPRISES, LLC",2023,B,,"Rule R3: own plan at 1,500 or more participants; counts include retirees, so the bucket is conservative."
EIN:311418092,SCHLABACH WOOD DESIGN INC,311418092,BALTIC,OH,,200000,1,2021,business,,,,,,,100,"SCHLABACH WOOD DESIGN, INC.",OH,"Schlabach Wood Design, Inc.",Economic Development Grant,83,Advanced Manufacturing,200000,business,SCHLABACH WOOD DESIGN INC,OH,Form 5500 plan sponsor address (2023),100-499,"Form 5500 2023: 100 participants, largest plan, sponsor SCHLABACH WOOD DESIGN, INC.; metrics jobs retained 83",2023,B,,"Rule R2: own plan under 250 participants, no subsidiary marker in the name, not an SEC registrant."
EIN:311645116,STEELIAL WELDING & METAL FABRICATION INC,311645116,VINTON,OH,,200000,1,2021,business,,,,,,14,,STEELIAL INC.,OH,"Steelial Welding & Metal Fabrication, Inc.",Revitalization Grant,55,Advanced Manufacturing,150000,business,STEELIAL WELDING & METAL FABRICATION INC,OH,Form 5500 plan sponsor address (2019),<100,"Form 5500 2019: 14 participants, largest plan, sponsor STEELIAL INC.; metrics jobs retained 55",2019,B,,"Rule R2: own plan under 250 participants, no subsidiary marker in the name, not an SEC registrant."
EIN:853520068,TIGHTLINE REAL ESTATE HOLDINGS LLC,853520068,MILFORD,OH,,200000,1,2021,site_development,,,,,,,,,,,,,,,site_development,TIGHTLINE REAL ESTATE HOLDINGS LLC,OH,Schedule I address; Ohio public or nonprofit entity,,,,B,,Rule R4: site_development by name and IRC section; not in the business headline.
EIN:471035156,TOPCO AMERICA LLC,471035156,BLUE ASH,OH,,200000,1,2021,business,,,,,,133,337,TOPCO AMERICA LLC,OH,"Topco America, LLC",Economic Development Grant,46,Other,200000,,,,,,,,,,
EIN:880377766,(KROY LLC) KROY LLC A NEVADA LIMITED LIABILITY COMPANY,880377766,CLEVELAND,OH,,200000,1,2022,business,,,,,100,139,45,"BUCKEYE BUSINESS PRODUCTS, INC. DIVISION OF KROY LLC",OH,,,,,,business,(KROY LLC) KROY LLC A NEVADA LIMITED LIABILITY COMPANY,OH,Form 5500 plan sponsor address (2019),100-499,"Form 5500 2019: 139 participants, largest plan, sponsor BUCKEYE BUSINESS PRODUCTS, INC. DIVISION OF KROY LLC",2019,B,,"Rule R2: own plan under 250 participants, no subsidiary marker in the name, not an SEC registrant."
EIN:341914556,ARBORWEAR LLC,341914556,CHAGRIN FALLS,OH,,200000,1,2022,business,,,,,,,,,,Arborwear LLC,Revitalization Grant,54,Advanced Manufacturing,200000,,,,,,,,,,
EIN:310882540,ATS OHIO INC,310882540,LEWIS CENTER,OH,,200000,1,2022,business,,,,,904,1062,2061,ATS CORPORATION,OH,"ATS Ohio, Inc.",Economic Development Grant,105,Advanced Manufacturing,200000,,,,,,,,,,
EIN:344420713,BINKELMAN CORPORATION,344420713,BOWLING GREEN,OH,,200000,1,2022,business,,,,,54,52,61,BINKELMAN CORPORATION,OH,Binkelman Corporation,Economic Development Grant,29,Advanced,200000,business,BINKELMAN CORPORATION,OH,Form 5500 plan sponsor address (2023),<100,"Form 5500 2023: 61 participants, largest plan, sponsor BINKELMAN CORPORATION; metrics jobs retained 29",2023,B,,"Rule R2: own plan under 250 participants, no subsidiary marker in the name, not an SEC registrant."
EIN:161128471,CENTURY MOLD COMPANY INC,161128471,MIDDLETOWN,OH,,200000,1,2022,business,,,,,376,429,563,"CENTURY MOLD CO., INC.",NY,"Century Mold Company, Inc.",Economic Development Grant,54,Automotive,200000,,,,,,,,,,
EIN:831027486,CSA AMERICA TESTING & CERTIFICATION LLC,831027486,INDEPENDENCE,OH,,200000,1,2022,business,,,,,,,,,,CSA America Testing & Certification LLC,Economic Development Grant; Revitalization Grant,206,Other,600000,,,,,,,,,,
EIN:872778954,JAMLAND2 LLC,872778954,TOLEDO,OH,,200000,1,2022,business,,,,,,,,,,,,,,,,,,,,,,,,
EIN:314244940,LANCASTER COLONY CORPORATION,314244940,WESTERVILLE,OH,,200000,1,2022,business,,,,,245,236,270,T. MARZETTI COMPANY,OH,Lancaster Colony Corporation,Economic Development Grant,104,Food and Agribusiness,200000,,,,,,,,,,
EIN:843382410,NUVIK USA INC,843382410,GAHANNA,OH,,200000,1,2022,business,,,,,,,14,NUVIK USA,OH,"Nuvik USA, Inc.",Economic Development Grant,46,Advanced Manufacturing,400000,,,,,,,,,,
EIN:834693967,RSL LLC,834693967,WARREN,OH,,200000,1,2022,business,,,,,,,99,RSL LLC,NJ,RSL LLC,Economic Development Grant,40,Advanced Manufacturing,200000,business,RSL LLC,NJ,Form 5500 plan sponsor address (2023),<100,"Form 5500 2023: 99 participants, largest plan, sponsor RSL LLC; metrics jobs retained 40",2023,B,,"Rule R2: own plan under 250 participants, no subsidiary marker in the name, not an SEC registrant."
EIN:273454290,TEMEG HOLDINGS INC,273454290,HUDSON,OH,,200000,1,2022,business,,,,,118,251,358,"TEMEG HOLDINGS, INC.",OH,Temeg Holdings Inc,Economic Development Grant,210,Healthcare,200000,,,,,,,,,,
EIN:314271820,THE OHIO VALLEY BANK COMPANY,314271820,GALLIPOLIS,OH,,200000,1,2022,business,0001603694,Ohio Valley Bank Co / TA,,OH,,,,,,The Ohio Valley Bank Company,Revitalization Grant,240,Financial Services,200000,,,,,,,,,,
EIN:911387913,AVELO AIRLINES INC,911387913,HOUSTON,TX,,200000,2,2023 2024,business,,,,,216,57,716,AVELO AIRLINES,TX,,,,,,,,,,,,,,,
EIN:262058192,BW PARTNERS LTD,262058192,MIAMISBURG,OH,,200000,1,2023,business,,,,,,,,,,"BW PARTNERS, LTD.",Spec Development (OSIP),,TBD,200000,,,,,,,,,,
EIN:311728288,VELOCYS INC,311728288,PLAIN CITY,OH,,200000,1,2023,business,,,,,132,89,67,VELOCYS INC,OH,"Velocys, Inc.",Economic Development Grant,14,Energy and Chemicals,200000,business,VELOCYS INC,OH,Form 5500 plan sponsor address (2015),100-499,"Form 5500 2015: 132 participants, largest plan, sponsor VELOCYS INC; metrics jobs retained 14",2015,B,,"Rule R2: own plan under 250 participants, no subsidiary marker in the name, not an SEC registrant."
EIN:881346424,YELLOWSTONE INDUSTRIAL LLC,881346424,GIRARD,OH,,200000,1,2023,business,,,,,,,,,,"Yellowstone Industrial, LLC",Revitalization Grant,0,Advanced Manufacturing,200000,,,,,,,,,,
EIN:943470237,ADB SAFEGATE AMERICAS LLC,943470237,NEW YORK,NY,,200000,1,2024,business,,,,,193,249,298,"ADB SAFEGATE AMERICAS, LLC",OH,ADB Safegate Americas LLC,Economic Development Grant,202,Advanced Manufacturing,200000,,,,,,,,,,
EIN:341282776,K&M INTERNATIONAL,341282776,TWINSBURG,OH,,200000,1,2024,business,,,,,97,107,129,"K & M INTERNATIONAL, INC.",OH,"K. & M. International, Inc.",Economic Development Grant,87,Logistics and Distribution,200000,,,,,,,,,,
EIN:473134140,MADDOX INDUSTRIAL TRANSFORMER LLC,473134140,GREER,SC,,200000,1,2024,business,,,,,,19,184,MADDOX INDUSTRIAL TRANSFORMER,SC,"Maddox Industrial Transformer, LLC",Economic Development Grant,0,Advanced Manufacturing,200000,business,MADDOX INDUSTRIAL TRANSFORMER LLC,SC,Form 5500 plan sponsor address (2023),100-499,"Form 5500 2023: 184 participants, largest plan, sponsor MADDOX INDUSTRIAL TRANSFORMER",2023,B,,"Rule R2: own plan under 250 participants, no subsidiary marker in the name, not an SEC registrant."
EIN:341650951,RGH ENTERPRISES LLC,341650951,DUBLIN,OH,,200000,1,2024,business,,,,,,,,,,"RGH Enterprises, LLC",Economic Development Grant,0,Healthcare,200000,,,,,,,,,,
EIN:314153030,THE COLUMBUS CLUB,314153030,COLUMBUS,OH,,200000,1,2024,business,,,,,24,30,20,COLUMBUS CLUB,OH,,,,,,business,THE COLUMBUS CLUB,OH,Form 5500 plan sponsor address (2019),<100,"Form 5500 2019: 30 participants, largest plan, sponsor COLUMBUS CLUB",2019,B,,"Rule R2: own plan under 250 participants, no subsidiary marker in the name, not an SEC registrant."
EIN:800814251,GEO-TECH POLYMERS LLC,800814251,WAVERLY,OH,,198860,2,2019 2020,business,,,,,,,,,,"Geo-Tech Polymers, LLC",Economic Development Grant; Revitalization Grant,40,Energy and Chemicals,200000,,,,,,,,,,
EIN:272573256,Garrett Wood LLC,272573256,Lexington,KY,,196000,1,2016,business,,,,,,,,,,,,,,,,,,,,,,,,
EIN:475030627,MCLANE OHIO INC,475030627,FINDLAY,OH,,195301,2,2019 2020,business,,,,,,,,,,,,,,,,,,,,,,,,
EIN:472250959,ELYRIA COMMUNITY IMPROVEMENT CORPORATION,472250959,ELYRIA,OH,501(C)(3),192889,1,2019,nonprofit,,,,,,,,,,Elyria Community Improvement Corporation,Revitalization Grant,60,Advanced Manufacturing,300000,nonprofit,ELYRIA COMMUNITY IMPROVEMENT CORPORATION,OH,Schedule I address; Ohio public or nonprofit entity,,,,B,,Rule R4: nonprofit by name and IRC section; not in the business headline.
EIN:311398219,Geiger Excavating Inc,311398219,Gahanna,OH,,192393,1,2016,business,,,,,,,,,,"Geiger Excavating, Inc.",Revitalization Grant Phase II,,Other,192393,,,,,,,,,,
EIN:204718296,Al Neyer LLC,204718296,Cincinnati,OH,,190021,1,2017,business,,,,,,,,,,"Al. Neyer, LLC",Revitalization Grant Phase II,0,Other,101000,,,,,,,,,,
EIN:310796550,ZANE STATE COLLEGE,310796550,ZANESVILLE,OH,,189000,1,2021,university,,,,,,,,,,,,,,,university,ZANE STATE COLLEGE,OH,Schedule I address; Ohio public or nonprofit entity,,,,B,,Rule R4: university by name and IRC section; not in the business headline.
EIN:815322241,H2W Consulting LLC,815322241,Columbus,OH,,187500,1,2017,business,,,,,,,,,,,,,,,,,,,,,,,,
EIN:611346414,DIVISIONS INC,611346414,CHICAGO,IL,,184411,1,2024,business,,,,,111,298,813,"DIVISIONS, INC.",OH,,,,,,,,,,,,,,,
EIN:202164234,CROCS INC,202164234,PITTSBURGH,PA,,184324,3,2020 2021 2022,business,0001334036,"Crocs, Inc.",,CO,2711,2517,5263,"CROCS, INC.",CO,,,,,,business,CROCS INC,CO,Form 5500 plan sponsor address (2023),500-4999,"Form 5500 2023: 5263 participants, largest plan, sponsor CROCS, INC.",2023,B,,"Rule R3: own plan at 1,500 or more participants; counts include retirees, so the bucket is conservative."
EIN:760795388,NEXUS ENGINEERING GROUP LLC,760795388,CLEVELAND,OH,,183495,2,2023 2024,business,,,,,75,130,244,"NEXUS ENGINEERING GROUP, LLC",OH,"Nexus Engineering Group, LLC",Economic Development Grant,125,Other,200000,,,,,,,,,,
EIN:811145148,SPERRY & RICE LLC,811145148,KILL BUCK,OH,,182844,3,2021 2022 2024,business,,,,,137,96,80,SPERRY & RICE LLC,OH,"Sperry & Rice, LLC",Economic Development Grant,53,Advanced Manufacturing,200000,business,SPERRY & RICE LLC,OH,Form 5500 plan sponsor address (2015),100-499,"Form 5500 2015: 137 participants, largest plan, sponsor SPERRY & RICE LLC; metrics jobs retained 53",2015,B,,"Rule R2: own plan under 250 participants, no subsidiary marker in the name, not an SEC registrant."
EIN:316001082,VILLAGE OF RIPLEY,316001082,RIPLEY,OH,,179500,2,2019 2021,government,,,,,,,,,,,,,,,government,VILLAGE OF RIPLEY,OH,Schedule I address; Ohio public or nonprofit entity,,,,B,,Rule R4: government by name and IRC section; not in the business headline.
EIN:341916518,,341916518,,,501(c)(3),176000,1,2014,nonprofit,,,,,,,,,,,,,,,,,,,,,,,,
EIN:364867239,CANDID CARE CO,364867239,NEW YORK,NY,,175839,3,2019 2020 2021,business,0001715924,Candid Care Co.,DE,NY,,386,457,CANDID CARE CO.,NC,,,,,,,,,,,,,,,
EIN:360700810,ACE HARDWARE CORPORATION,360700810,WEST JEFFERSON,OH,,175000,2,2015 2021,business,0000002024,ACE HARDWARE CORP,DE,IL,5407,7142,10134,ACE HARDWARE CORPORATION,IL,Ace Hardware Corporation,Economic Development Grant,130,Logistics and Distribution,100000,business,ACE HARDWARE CORPORATION,IL,Form 5500 plan sponsor address (2023),5000+,"Form 5500 2023: 10134 participants, largest plan, sponsor ACE HARDWARE CORPORATION; metrics jobs retained 130",2023,B,,"Rule R3: own plan at 1,500 or more participants; counts include retirees, so the bucket is conservative."
EIN:823297322,4371 Pearl Road LLC,823297322,Cleveland,OH,,175000,1,2018,business,,,,,,,,,,,,,,,,,,,,,,,,
EIN:371878747,FOR-TECH USA LLC,371878747,PIQUA,OH,,175000,2,2020 2021,business,,,,,,,,,,"For-Tech USA, LLC",Revitalization Grant,2,Advanced Manufacturing,175000,,,,,,,,,,
EIN:270543481,SOLE CHOICE INC,270543481,PORTSMOUTH,OH,,175000,1,2021,business,,,,,,,,,,"Sole Choice, Inc.",Revitalization Grant,35,Advanced Manufacturing,175000,,,,,,,,,,
EIN:340654854,CHALFANT MANUFACTURING COMPANY,340654854,BRUNSWICK,OH,,175000,1,2023,business,,,,,10,,57,CHALFANT MANUFACTURING,OH,Chalfant Manufacturing Company,Economic Development Grant,35,Advanced Manufacturing,175000,business,CHALFANT MANUFACTURING COMPANY,OH,Form 5500 plan sponsor address (2023),<100,"Form 5500 2023: 57 participants, largest plan, sponsor CHALFANT MANUFACTURING; metrics jobs retained 35",2023,B,,"Rule R2: own plan under 250 participants, no subsidiary marker in the name, not an SEC registrant."
EIN:270733747,CERKL INCORPORATED,270733747,BLUE ASH,OH,,173486,2,2023 2024,business,0001887480,Cerkl Inc,DE,OH,,6,39,"CERKL, INC.",OH,,,,,,,,,,,,,,,
EIN:813793558,20100 ST CLAIR AVENUE LLC,813793558,EUCLID,OH,,168185,1,2020,business,,,,,,,,,,"20100 ST. CLAIR AVENUE, LLC",Revitalization Grant Phase II,0,Other,175030,,,,,,,,,,
EIN:450508423,LIBERTY CASTING COMPANY LLC,450508423,DELAWARE,OH,,167724,1,2021,business,,,,,435,331,311,LIBERTY CASTING CO AND AFFILIATES,OH,,,,,,,,,,,,,,,
EIN:205316317,CLASSIC NORTHERN INVESTMENTS LTD,205316317,MARION,OH,,167500,1,2024,business,,,,,,,,,,,,,,,,,,,,,,,,
EIN:815275280,GRIFFON HOLDINGS,815275280,LITCHFIELD,OH,,166568,2,2022 2023,business,,,,,,,,,,Griffon Holdings LLC,Economic Development Grant,0,Advanced Manufacturing,200000,,,,,,,,,,
EIN:382788802,ABC INOAC EXTERIOR SYSTEMS LLC,382788802,FREMONT,OH,,162458,2,2022 2023,business,,,,,582,850,882,"INOAC EXTERIOR SYSTEMS, LLC",OH,,,,,,,,,,,,,,,
EIN:311399268,RIDGE CORPORATION,311399268,PATASKALA,OH,,160997,4,2015 2022 2023 2024,business,,,,,85,137,370,RIDGE CORPORATION,OH,,,,,,,,,,,,,,,
EIN:621551944,Umicore Specialty Materials Recycling LLC,621551944,Wickliffe,OH,,157043,1,2017,business,,,,,888,830,726,UMICORE USA INC.,NC,Umicore Specialty Materials Recycling LLC,Revitalization Grant; Revitalization Grant Phase II,44,Polymers & Chemicals,788000,,,,,,,,,,
EIN:346003189,City of Youngstown,346003189,Youngstown,OH,,154783,1,2016,government,,,,,,,,,,,,,,,government,City of Youngstown,OH,Schedule I address; Ohio public or nonprofit entity,,,,B,,Rule R4: government by name and IRC section; not in the business headline.
EIN:341695487,Ashtabula County Port Authority,341695487,Jefferson,OH,,151853,1,2018,government,,,,,,,,,,Ashtabula County Port Authority,Revitalization Grant Phase II,,Food Processing,171973,government,Ashtabula County Port Authority,OH,Schedule I address; Ohio public or nonprofit entity,,,,B,,Rule R4: government by name and IRC section; not in the business headline.
EIN:263199128,,263199128,,,,150000,1,2014,business,0002128864,"GKN North America Investments, Inc.",DE,MI,,,,,,,,,,,,,,,,,,,,
EIN:340971763,Hynes Industries Inc,340971763,Austintown,OH,,150000,1,2015,business,,,,,222,288,179,"HYNES INDUSTRIES, INC.",OH,,,,,,,,,,,,,,,
EIN:383496076,Meijer Stores Limited Partnership,383496076,Grand Rapids,MI,,150000,1,2015,business,,,,,,,,,,Meijer Stores Limited Partnership,Workforce Grant,976,Food and Agribusiness,200000,,,,,,,,,,
EIN:271509190,Columbus 2020,271509190,Columbus,OH,501(c)(6),150000,1,2015,nonprofit,,,,,,,,,,,,,,,nonprofit,Columbus 2020,OH,Schedule I address; Ohio public or nonprofit entity,,,,B,,Rule R4: nonprofit by name and IRC section; not in the business headline.
EIN:311734210,Egelhof Controls Corp,311734210,Toledo,OH,,150000,1,2016,business,,,,,33,53,43,EGELHOF CONTROLS CORP.,OH,Egelhof Controls Corp.,Workforce Grant,40,Automotive,150000,business,Egelhof Controls Corp,OH,Form 5500 plan sponsor address (2019),<100,"Form 5500 2019: 53 participants, largest plan, sponsor EGELHOF CONTROLS CORP.; metrics jobs retained 40",2019,B,,"Rule R2: own plan under 250 participants, no subsidiary marker in the name, not an SEC registrant."
EIN:272252732,HDI Landing Gear USA Inc,272252732,Springfield,OH,,150000,2,2016 2017,business,,,,,211,134,,HEROUX DEVTEK,OH,,,,,,,,,,,,,,,
EIN:463221951,Pratt (Lewisburg Corrugating) LLC,463221951,Lewisburg,OH,,150000,1,2016,business,,,,,,,,,,"Pratt (Lewisburg Corrugating), LLC",Workforce Grant,,Advanced Mfg.,150000,,,,,,,,,,
EIN:262590893,HSNi LLC,262590893,St Petersburg,FL,,150000,1,2017,business,,,,,8952,8195,,"HSN, INC.",FL,"HSNi, LLC",Workforce Grant,,Other,150000,business,HSNi LLC,FL,Form 5500 plan sponsor address (2015),500-4999,"Form 5500 2015: 8952 participants, largest plan, sponsor HSN, INC.",2015,B,,"Rule R3: own plan at 1,500 or more participants; counts include retirees, so the bucket is conservative."
EIN:030607461,deSter Corporation,030607461,CollegePark,GA,,150000,1,2018,business,,,,,,,,,,deSter Corporation,Economic Development Grant; Revitalization Grant,0,Advanced Manufacturing,300000,,,,,,,,,,
EIN:431680037,Harbisonwalker International Inc,431680037,Moon Township,PA,,150000,1,2018,business,,,,,316,3944,3336,"HARBISONWALKER INTERNATIONAL, INC.",PA,,,,,,,,,,,,,,,
EIN:261997145,Nexen Tire America Inc,261997145,Richfield,OH,,150000,1,2018,business,,,,,18,,,NEXEN TIRE AMERICA TECHNOLOGY CENTER,OH,,,,,,,,,,,,,,,
EIN:383629823,syncreon America Inc,383629823,Auburn Hills,MI,,150000,1,2018,business,,,,,,,,,,syncreon America Inc.,Economic Development Grant,277,Logistics and Distribution,150000,,,,,,,,,,
EIN:133607217,Warehouse Associates LP,133607217,Lima,OH,,150000,1,2018,business,,,,,9,9,7,"WAREHOUSE ASSOCIATES, L.P.",OH,,,,,,business,Warehouse Associates LP,OH,Form 5500 plan sponsor address (2019),<100,"Form 5500 2019: 9 participants, largest plan, sponsor WAREHOUSE ASSOCIATES, L.P.",2019,B,,"Rule R2: own plan under 250 participants, no subsidiary marker in the name, not an SEC registrant."
EIN:582611718,ALPLA INC,582611718,LIMA,OH,,150000,1,2019,business,,,,,1136,1582,1997,"ALPLA, INC.",GA,ALPLA Inc.,Economic Development Grant; Workforce Grant,94,Advanced Manufacturing,150000,business,ALPLA INC,GA,Form 5500 plan sponsor address (2023),500-4999,"Form 5500 2023: 1997 participants, largest plan, sponsor ALPLA, INC.; metrics jobs retained 94",2023,B,,"Rule R3: own plan at 1,500 or more participants; counts include retirees, so the bucket is conservative."
EIN:204772714,PAS TECHNOLOGIES INC,204772714,HILLSBORO,OH,,150000,1,2019,business,,,,,430,,,PAS TECHNOLOGIES INC.,MO,PAS Technologies Inc.,Economic Development Grant,173,Aerospace and Aviation,150000,,,,,,,,,,
EIN:311778278,CAMBRIDGE-GUERNSEY COUNTY COMMUNITY IMPROVEMENT CORPORATION,311778278,CAMBRIDGE,OH,,150000,1,2020,government,,,,,,,,,,,,,,,government,CAMBRIDGE-GUERNSEY COUNTY COMMUNITY IMPROVEMENT CORPORATION,OH,Schedule I address; Ohio public or nonprofit entity,,,,B,,Rule R4: government by name and IRC section; not in the business headline.
EIN:465041467,FUND THAT FLIP INC,465041467,CLEVELAND,OH,,150000,1,2020,business,0001631102,"Fund That Flip, Inc.",DE,NY,,,,,,"Fund That Flip, Inc",Workforce Grant,31,Financial Services,150000,,,,,,,,,,
EIN:330517898,NORTHROP GRUMMAN INNOVATION SYSTEMS,330517898,BEAVERCREEK,OH,,150000,1,2020,business,0001305890,ATK Space Systems Inc.,DE,UT,,,,,,,,,,,,,,,,,,,,
EIN:341827361,PINNACLE TECHNOLOGY GROUP INC,341827361,OTTAWA LAKE,MI,,150000,1,2020,business,,,,,96,98,84,"PINNACLE TECHNOLOGY GROUP, INC.",MI,"Pinnacle Technology Group, Inc.",Economic Development Grant,0,Advanced Manufacturing,150000,,,,,,,,,,
EIN:311776202,UNITED PRECISION SERVICES INC,311776202,CINCINNATI,OH,,150000,1,2020,business,,,,,,,,,,,,,,,,,,,,,,,,
EIN:831533341,5500 BUILDING LLC,831533341,CLEVELAND,OH,,150000,1,2021,business,,,,,,,,,,"5500 Building, LLC",Revitalization Grant,35,Healthcare,150000,,,,,,,,,,
EIN:610502302,DOLGENCORP LLC,610502302,ZANESVILLE,OH,,150000,1,2021,business,0000029534,DOLLAR GENERAL CORP,TN,TN,108678,144871,206816,DOLLAR GENERAL CORPORATION,TN,"Dolgencorp, LLC",Economic Development Grant,758,Logistics and Distribution,450000,business,DOLGENCORP LLC,TN,Form 5500 plan sponsor address (2023),5000+,"Form 5500 2023: 206816 participants, largest plan, sponsor DOLLAR GENERAL CORPORATION; metrics jobs retained 758",2023,B,,"Rule R3: own plan at 1,500 or more participants; counts include retirees, so the bucket is conservative."
EIN:020572651,INTELLITEACH INC,020572651,ATLANTA,GA,,150000,1,2021,business,,,,,,,,,,Intelliteach Inc.,Workforce Grant,0,IT,150000,,,,,,,,,,
EIN:311092812,NEATON AUTO PRODUCTS MANUFACTURING INC,311092812,EATON,OH,,150000,1,2021,business,,,,,1487,1028,841,"NEATON AUTO PRODUCTS MFG., INCORPORATED",OH,"Neaton Auto Products Manufacturing, Inc.",Economic Development Grant,678,Automotive,250000,,,,,,,,,,
EIN:344473514,PERRY PRO TECH INC,344473514,LIMA,OH,,150000,1,2021,business,,,,,270,380,304,PERRY PROTECH,OH,"Perry Pro Tech, Inc.",Economic Development Grant,78,Technology,150000,,,,,,,,,,
EIN:262786046,UPDOX LLC,262786046,DUBLIN,OH,,150000,1,2021,business,0001514029,Updox LLC,DE,OH,15,108,,UPDOX LLC,OH,Updox LLC,Workforce Grant,92,IT,150000,,,,,,,,,,
EIN:208104524,USA VINYL LLC,208104524,GROVEPORT,OH,,150000,1,2021,business,,,,,30,101,136,"USA VINYL, LLC",OH,,,,,,,,,,,,,,,
EIN:842782969,ALENE POLLEN LLC,842782969,MILFORD,NH,,150000,1,2022,business,,,,,,,,,,"Alene Pollen, LLC",Economic Development Grant,176,Advanced Manufacturing,150000,,,,,,,,,,
EIN:222784124,CENTOR INC,222784124,MILLERSBURG,OH,,150000,1,2022,business,0001169825,OWENS ILLINOIS PRESCRIPTION PRODUCTS INC,DE,OH,0,,,CENTOR INC.,NJ,"Centor, Inc.",Workforce Grant,205,Healthcare,150000,,,,,,,,,,
EIN:341044431,COASTAL PET PRODUCTS INC,341044431,ALLIANCE,OH,,150000,1,2022,business,,,,,719,527,550,"COASTAL PET PRODUCTS, INC.",OH,"Coastal Pet Products, Inc.",Workforce Grant,450,Advanced Manufacturing,150000,,,,,,,,,,
EIN:861365263,GREEN MEADOWS PAPER COMPANY,861365263,MASSILLON,OH,,150000,1,2022,business,,,,,,,80,GREEN MEADOWS PAPER COMPANY,OH,Green Meadows Paper Company,Workforce Grant,63,Advanced Manufacturing,150000,business,GREEN MEADOWS PAPER COMPANY,OH,Form 5500 plan sponsor address (2023),<100,"Form 5500 2023: 80 participants, largest plan, sponsor GREEN MEADOWS PAPER COMPANY; metrics jobs retained 63",2023,B,,"Rule R2: own plan under 250 participants, no subsidiary marker in the name, not an SEC registrant."
EIN:860802110,INTERNATIONAL TECHNICAL COATINGS INC,860802110,COLUMBUS,OH,,150000,1,2022,business,,,,,231,226,448,"INTERNATIONAL TECHNICAL COATINGS, INC.",AZ,"International Technical Coatings, Inc.",Economic Development Grant,165,Advanced,150000,,,,,,,,,,
EIN:341778077,REVENUE ASSISTANCE CORPORATION,341778077,CLEVELAND,OH,,150000,2,2022 2023,business,,,,,224,350,403,REVENUE ASSISTANCE CORP. THE REVENUE GROUP,OH,Revenue Assistance Corporation,Workforce Grant,297,Healthcare,150000,,,,,,,,,,
EIN:272293444,CHEER PACK NORTH AMERICA LLC,272293444,WEST BRIDGEWATER,MA,,150000,1,2023,business,,,,,191,329,276,CHEER PACK NORTH AMERICA LLC,MA,,,,,,,,,,,,,,,
EIN:873928846,ENDLESS DISCOVERY HOLDINGS LLC,873928846,CHARDON,OH,,150000,1,2023,business,,,,,,,,,,,,,,,,,,,,,,,,
EIN:340471740,PRINCE & IZANT LLC,340471740,CLEVELAND,OH,,150000,1,2023,business,,,,,112,130,174,THE PRINCE & IZANT COMPANY,OH,The Prince & Izant Company,Economic Development Grant,104,Advanced Manufacturing,150000,business,PRINCE & IZANT LLC,OH,Form 5500 plan sponsor address (2023),100-499,"Form 5500 2023: 174 participants, largest plan, sponsor THE PRINCE & IZANT COMPANY; metrics jobs retained 104",2023,B,,"Rule R2: own plan under 250 participants, no subsidiary marker in the name, not an SEC registrant."
EIN:205345851,RAVAGO AMERICAS LLC,205345851,ORLANDO,FL,,150000,1,2023,business,,,,,,,,,,Ravago Americas LLC,Economic Development Grant,35,Energy and Chemicals,150000,,,,,,,,,,
EIN:851804991,STARSTONE US INTERMEDIARIES INC,851804991,COLUMBIA,SC,,150000,1,2023,business,,,,,,,,,,"StarStone US Intermediaries, Inc.",Economic Development Grant,12,Financial Services,150000,,,,,,,,,,
EIN:462990322,XCESS LIMITED,462990322,WOOSTER,OH,,150000,1,2023,business,,,,,,,,,,Xcess Limited,Economic Development Grant,40,Logistics and Distribution,150000,,,,,,,,,,
EIN:260013885,BROCK AIR PRODUCTS INC,260013885,TROY,MI,,150000,1,2024,business,,,,,,,159,BROCK AIR PRODUCTS INCORPORATED,OH,"Brock Air Products, Inc.",Economic Development Grant,78,Advanced Manufacturing,150000,business,BROCK AIR PRODUCTS INC,OH,Form 5500 plan sponsor address (2023),100-499,"Form 5500 2023: 159 participants, largest plan, sponsor BROCK AIR PRODUCTS INCORPORATED; metrics jobs retained 78",2023,B,,"Rule R2: own plan under 250 participants, no subsidiary marker in the name, not an SEC registrant."
EIN:814442785,DIGITAL ROOM LLC,814442785,VAN NUYS,CA,,150000,1,2024,business,,,,,,676,1364,DIGITAL ROOM LLC,CA,Digital Room LLC,Economic Development Grant,111,Advanced Manufacturing,150000,,,,,,,,,,
EIN:452676797,GVS FILTRATION INC,452676797,FINDLAY,OH,,150000,1,2024,business,,,,,471,344,218,"GVS FILTRATION, INC.",OH,GVS Filtration Inc.,Revitalization Grant,0,Automotive,500000,,,,,,,,,,
EIN:250542520,KRAFT HEINZ FOODS COMPANY,250542520,GLENVIEW,IL,,150000,1,2024,business,0000046640,Kraft Heinz Foods Co,PA,PA,51857,42132,29650,KRAFT HEINZ FOODS COMPANY,PA,Kraft Heinz Foods Company (LLC),Workforce Grant,337,Food and,150000,business,KRAFT HEINZ FOODS COMPANY,PA,Form 5500 plan sponsor address (2015),5000+,"Form 5500 2015: 51857 participants, largest plan, sponsor KRAFT HEINZ FOODS COMPANY; metrics jobs retained 337",2015,B,,"Rule R3: own plan at 1,500 or more participants; counts include retirees, so the bucket is conservative."
EIN:873879236,LIQUID MANUFACTURING SOLUTIONS,873879236,FRANKLIN,TN,,150000,1,2024,business,,,,,,,,,,"Liquid Manufacturing Solutions, LLC",Economic Development Grant,36,Food and Agribusiness,150000,,,,,,,,,,
EIN:314190600,THE GLOCKNER CHEVROLET COMPANY,314190600,PORTSMOUTH,OH,,150000,1,2024,business,,,,,387,483,446,THE GLOCKNER CHEVROLET COMPANY,OH,The Glockner Chevrolet Company,Revitalization Grant,35,Other,150000,,,,,,,,,,
EIN:352022237,WELCH PACKAGING GROUP INC,352022237,ELKHART,IN,,150000,1,2024,business,,,,,674,1130,1737,"WELCH PACKAGING GROUP, INC.",IN,Welch Packaging Group,Economic Development Grant,0,Advanced Manufacturing,150000,,,,,,,,,,
EIN:222379300,WILSON SPORTING GOODS COMPANY,222379300,ADA,OH,,150000,1,2024,business,,,,,1192,1815,2511,WILSON SPORTING GOODS CO.,IL,Wilson Sporting Goods Co.,Economic Development Grant,142,Advanced Manufacturing,150000,business,WILSON SPORTING GOODS COMPANY,IL,Form 5500 plan sponsor address (2023),500-4999,"Form 5500 2023: 2511 participants, largest plan, sponsor WILSON SPORTING GOODS CO.; metrics jobs retained 142",2023,B,,"Rule R3: own plan at 1,500 or more participants; counts include retirees, so the bucket is conservative."
EIN:300869183,TPAM INC,300869183,TOLEDO,OH,,149619,2,2019 2020,business,,,,,,,15,TPAM,OH,TPAM INC.,Economic Development Grant,65,Advanced Manufacturing,560000,business,TPAM INC,OH,Form 5500 plan sponsor address (2023),<100,"Form 5500 2023: 15 participants, largest plan, sponsor TPAM; metrics jobs retained 65",2023,B,,"Rule R2: own plan under 250 participants, no subsidiary marker in the name, not an SEC registrant."
EIN:383697656,Miami Valley Manufacturing & Assembly Inc,383697656,Dayton,OH,,145907,1,2016,business,,,,,,,,,,,,,,,,,,,,,,,,
EIN:202105810,OEDA,202105810,COLUMBUS,OH,501(C)(6),145350,1,2020,nonprofit,,,,,,,,,,,,,,,nonprofit,OEDA,OH,Schedule I address; Ohio public or nonprofit entity,,,,B,,Rule R4: nonprofit by name and IRC section; not in the business headline.
EIN:261520180,VAM USA LLC,261520180,Youngstown,OH,,145217,1,2016,business,,,,,,,,,,"VAM USA, LLC",Revitalization Grant,12,Advanced Mfg.,300000,,,,,,,,,,
EIN:844863234,TEXTUM OPCO LLC,844863234,BELMONT,NC,,142892,1,2024,business,,,,,,,,,,"Textum OPCO, LLC",Economic Development Grant,3,Advanced Manufacturing,145000,,,,,,,,,,
EIN:346000504,City of Canton,346000504,Canton,OH,,142480,1,2018,government,,,,,,,,,,City of Canton,Revitalization Grant Phase II,,Advanced Manufacturing,148215,government,City of Canton,OH,Schedule I address; Ohio public or nonprofit entity,,,,B,,Rule R4: government by name and IRC section; not in the business headline.
EIN:813538518,Alcott Holdings LLC,813538518,London,OH,,140816,1,2017,business,,,,,,,,,,Alcott Holdings LLC,Revitalization Grant Phase II,,Logistics and Distribution,145500,,,,,,,,,,
NAME:development solutions,DEVELOPMENT SOLUTIONS,,NEW RIEGEL,OH,,140580,1,2024,business,,,,,,,,,,,,,,,,,,,,,,,,
EIN:341126813,APOLLO CAREER CENTER,341126813,LIMA,OH,,140000,1,2020,business,,,,,,,,,,,,,,,,,,,,,,,,
EIN:341468011,Daniel's Amish Collection LLC,341468011,Killbuck,OH,,139347,1,2018,business,,,,,,51,52,CARROLL & JAMESON CORPORATION,OH,"Daniel’s Amish Collection, LLC",Revitalization Grant,150,Advanced Manufacturing,140000,business,Daniel's Amish Collection LLC,OH,Form 5500 plan sponsor address (2023),100-499,"Form 5500 2023: 52 participants, largest plan, sponsor CARROLL & JAMESON CORPORATION; metrics jobs retained 150",2023,B,,"Rule R2: own plan under 250 participants, no subsidiary marker in the name, not an SEC registrant."
EIN:473019794,CHARTER NEXT GENERATION INC,473019794,MILTON,WI,,138456,1,2023,business,,,,,,,2419,"CHARTER NEXT GENERATION, INC.",IL,"Charter Next Generation, Inc.",Workforce Grant,1236,Advanced Manufacturing,800000,business,CHARTER NEXT GENERATION INC,IL,Form 5500 plan sponsor address (2023),500-4999,"Form 5500 2023: 2419 participants, largest plan, sponsor CHARTER NEXT GENERATION, INC.; metrics jobs retained 1236",2023,B,,"Rule R3: own plan at 1,500 or more participants; counts include retirees, so the bucket is conservative."
EIN:133934027,PCS Nitrogen Ohio L P,133934027,Lima,OH,,137500,1,2017,business,,,,,,,,,,"PCS Nitrogen Ohio, L.P.",Economic Development Grant,177,Energy and Chemicals,1200000,,,,,,,,,,
EIN:310843022,Tri-Rivers Career Center or Center for Adult Educa,310843022,Marion,OH,,137000,1,2018,nonprofit,,,,,,,,,,,,,,,nonprofit,Tri-Rivers Career Center or Center for Adult Educa,OH,Schedule I address; Ohio public or nonprofit entity,,,,B,,Rule R4: nonprofit by name and IRC section; not in the business headline.
EIN:341412951,DEFORD BUILDING LLC,341412951,OTTAWA,OH,,136775,1,2024,business,,,,,,,,,,,,,,,,,,,,,,,,
EIN:454001073,ContactUS LLC,454001073,Columbus,OH,,135000,1,2015,business,,,,,,865,580,"CONTACTUS, LLC",OH,,,,,,,,,,,,,,,
EIN:340690321,The Malish Corporation,340690321,Willoughby,OH,,134640,2,2016 2018,business,,,,,115,108,121,THE MALISH CORPORATION,OH,The Malish Corporation,Revitalization Grant; Revitalization Grant Phase II; Revitalization Loan,105,Advanced Manufacturing,1134640,business,The Malish Corporation,OH,Form 5500 plan sponsor address (2023),100-499,"Form 5500 2023: 121 participants, largest plan, sponsor THE MALISH CORPORATION; metrics jobs retained 105",2023,B,,"Rule R2: own plan under 250 participants, no subsidiary marker in the name, not an SEC registrant."
EIN:831623694,PIXELLE SPECIALTY SOLUTIONS LLC,831623694,SPRING GROVE,PA,,133645,1,2023,business,,,,,,1680,2212,PIXELLE SPECIALTY SOLUTIONS LLC,PA,Pixelle Specialty Solutions LLC,Workforce Grant,993,Advanced Manufacturing,250000,business,PIXELLE SPECIALTY SOLUTIONS LLC,PA,Form 5500 plan sponsor address (2023),500-4999,"Form 5500 2023: 2212 participants, largest plan, sponsor PIXELLE SPECIALTY SOLUTIONS LLC; metrics jobs retained 993",2023,B,,"Rule R3: own plan at 1,500 or more participants; counts include retirees, so the bucket is conservative."
EIN:473900155,KEYSTONE TAILORED MANUFACTURING LLC,473900155,BROOKLYN,OH,,131911,2,2016 2019,business,,,,,,,,,,"Keystone Tailored Manufacturing, LLC",Economic Development Grant,150,Advanced Manufacturing,420000,,,,,,,,,,
EIN:760428239,EMERSON PROCESS MANAGEMENT VALVE AUTOMATION INC,760428239,ONTARIO,OH,,130000,1,2020,business,0000919964,BETTIS CORP /DE/,DE,TX,,,,,,Emerson Process Management Valve AutomationAdvanced,Economic Development Grant,174,Manufacturing,130000,,,,,,,,,,
EIN:362999270,ENERGIZER AUTO INC,362999270,DAYTON,OH,,130000,1,2021,business,0001537597,Armor All/STP Products Co,DE,CT,,,,,,,,,,,,,,,,,,,,
EIN:844955156,FOUNDATION MILWORK AND STONE LLC,844955156,COLUMBUS,OH,,130000,1,2023,nonprofit,,,,,,,,,,,,,,,nonprofit,FOUNDATION MILWORK AND STONE LLC,OH,Schedule I address; Ohio public or nonprofit entity,,,,B,,Rule R4: nonprofit by name and IRC section; not in the business headline.
EIN:842617419,ECCOZH2O LLC,842617419,WILLOUGHBY HILLS,OH,,129573,1,2023,business,,,,,,,,,,"ECCOzH2O, LLC",Revitalization Grant Phase II,0,Advanced Manufacturing,162100,,,,,,,,,,
EIN:341146218,VANTAGE CAREER CENTER,341146218,VAN WERT,OH,,126640,1,2020,business,,,,,,,,,,,,,,,,,,,,,,,,
EIN:854364273,1865 LLC,854364273,COLUMBUS,OH,,125709,1,2024,business,0001846146,"1865, LLC",OH,OH,,,,,,"1865, LLC",Inclusion Grant,5,Financial Services,150000,business,1865 LLC,OH,JobsOhio Inclusion Grant program rule (Ohio small business); JobsOhio monthly metrics report,<100,"JobsOhio Inclusion Grant eligibility (small business, cap $50,000); metrics jobs retained 5",2024,B,,Rule R1: Inclusion Grant recipient with no contrary size signal.
EIN:473582799,MARK ONE MANUFACTURING LTD,473582799,MINSTER,OH,,125088,1,2022,business,,,,,,,4,MARK ONE MANUFACTURING,OH,"Mark One Manufacturing, LTD.",Economic Development Grant,45,Advanced,500000,business,MARK ONE MANUFACTURING LTD,OH,Form 5500 plan sponsor address (2023),<100,"Form 5500 2023: 4 participants, largest plan, sponsor MARK ONE MANUFACTURING; metrics jobs retained 45",2023,B,,"Rule R2: own plan under 250 participants, no subsidiary marker in the name, not an SEC registrant."
EIN:130872805,International Paper Company,130872805,Kenton,OH,,125000,1,2016,business,0000051434,INTERNATIONAL PAPER CO /NEW/,NY,TN,181544,83585,82269,INTERNATIONAL PAPER COMPANY,TN,,,,,,,,,,,,,,,
EIN:990365994,Klarna Inc,990365994,Columbus,OH,,125000,1,2017,business,,,,,7,131,955,"KLARNA, INC.",OH,,,,,,,,,,,,,,,
EIN:262024381,Clinical Management Consultants Inc,262024381,Cleveland,OH,,125000,1,2018,business,,,,,,13,,CLINICAL MANAGEMENT CONSULTAN,OH,Clinical Management Consultants Inc.,Economic Development Grant,14,I n f ormation Services and Software,125000,business,Clinical Management Consultants Inc,OH,Form 5500 plan sponsor address (2019),<100,"Form 5500 2019: 13 participants, largest plan, sponsor CLINICAL MANAGEMENT CONSULTAN; metrics jobs retained 14",2019,B,,"Rule R2: own plan under 250 participants, no subsidiary marker in the name, not an SEC registrant."
EIN:814549773,WF MANUFACTURING LTD,814549773,WADSWORTH,OH,,125000,1,2019,business,,,,,,,,,,"WF Manufacturing, Ltd.",Revitalization Grant,1,Advanced Manufacturing,125000,,,,,,,,,,
EIN:341646871,OMNI SYSTEMS INC,341646871,MAYFIELD,OH,,125000,1,2020,business,,,,,83,139,224,"OMNI SYSTEMS, INC.",OH,"OMNI Systems, Inc.",Economic Development Grant,135,Advanced Manufacturing,125000,business,OMNI SYSTEMS INC,OH,Form 5500 plan sponsor address (2023),100-499,"Form 5500 2023: 224 participants, largest plan, sponsor OMNI SYSTEMS, INC.; metrics jobs retained 135",2023,B,,"Rule R2: own plan under 250 participants, no subsidiary marker in the name, not an SEC registrant."
EIN:311655295,PACIFIC MANUFACTURING OHIO INC,311655295,FAIRFIELD,OH,,125000,1,2020,business,,,,,,,,,,"Pacific Manufacturing Ohio, Inc.",Economic Development Grant,890,Automotive,725000,,,,,,,,,,
EIN:841914949,WATKINS ROAD LLC,841914949,SANDY SPRINGS,GA,,125000,1,2020,business,,,,,,,,,,,,,,,,,,,,,,,,
EIN:341290571,CAST NYLONS CO LTD,341290571,WILLOUGHBY,OH,,125000,1,2021,business,,,,,110,127,159,"CAST NYLONS CO., LTD",OH,"Cast Nylons Co., Ltd.",Revitalization Grant,118,Advanced Manufacturing,125000,business,CAST NYLONS CO LTD,OH,Form 5500 plan sponsor address (2023),100-499,"Form 5500 2023: 159 participants, largest plan, sponsor CAST NYLONS CO., LTD; metrics jobs retained 118",2023,B,,"Rule R2: own plan under 250 participants, no subsidiary marker in the name, not an SEC registrant."
EIN:310997825,STEED HAMMOND PAUL INC,310997825,CINCINNATI,OH,,125000,1,2021,business,,,,,106,103,113,"STEED HAMMOND PAUL, INC.",OH,"Steed Hammond Paul, Inc.",Economic Development Grant,52,Other,125000,business,STEED HAMMOND PAUL INC,OH,Form 5500 plan sponsor address (2023),100-499,"Form 5500 2023: 113 participants, largest plan, sponsor STEED HAMMOND PAUL, INC.; metrics jobs retained 52",2023,B,,"Rule R2: own plan under 250 participants, no subsidiary marker in the name, not an SEC registrant."
EIN:815387175,TEST-FUCHS CORPORATION,815387175,INDEPENDENCE,OH,,125000,1,2021,business,,,,,,16,27,TEST-FUCHS CORPORATION,OH,Test-Fuchs Corporation,Economic Development Grant,6,Aerospace and Aviation,125000,business,TEST-FUCHS CORPORATION,OH,Form 5500 plan sponsor address (2023),<100,"Form 5500 2023: 27 participants, largest plan, sponsor TEST-FUCHS CORPORATION; metrics jobs retained 6",2023,B,,"Rule R2: own plan under 250 participants, no subsidiary marker in the name, not an SEC registrant."
EIN:310287650,THE LOUIS G FREEMAN COMPANY LLC,310287650,FREMONT,OH,,125000,1,2021,business,,,,,76,78,,THE LOUIS G. FREEMAN COMPANY,OH,"The Louis G. Freeman Company, LLC",Economic Development Grant,68,Advanced Manufacturing,125000,business,THE LOUIS G FREEMAN COMPANY LLC,OH,Form 5500 plan sponsor address (2019),<100,"Form 5500 2019: 78 participants, largest plan, sponsor THE LOUIS G. FREEMAN COMPANY; metrics jobs retained 68",2019,B,,"Rule R2: own plan under 250 participants, no subsidiary marker in the name, not an SEC registrant."
EIN:421769430,MATSU OHIO,421769430,EDGERTON,OH,,125000,2,2022 2023,business,,,,,265,,,"MATSU OHIO, INC.",MI,"Matsu Ohio, Inc.",Workforce Grant,176,Automotive,125000,,,,,,,,,,
EIN:340673444,RW BECKETT CORPORATION,340673444,NORTH RIDGEVILLE,OH,,125000,1,2022,business,,,,,178,174,355,R.W. BECKETT CORPORATION,OH,,,,,,,,,,,,,,,
EIN:273187193,ATLANTIC EMERGENCY SOLUTIONS,273187193,YORKTOWN,VA,,125000,1,2023,business,,,,,146,208,345,"ATLANTIC EMERGENCY SOLUTIONS, INC.",VA,"Atlantic Emergency Solutions, Inc.",Economic Development Grant,18,Automotive,125000,,,,,,,,,,
EIN:201626973,PLIBRICO COMPANY LLC,201626973,NORTHBROOK,IL,,125000,1,2023,business,,,,,94,103,93,PLIBRICO COMPANY LLC,IL,"Plibrico Company, LLC",Economic Development Grant,16,Advanced Manufacturing,125000,business,PLIBRICO COMPANY LLC,IL,Form 5500 plan sponsor address (2019),100-499,"Form 5500 2019: 103 participants, largest plan, sponsor PLIBRICO COMPANY LLC; metrics jobs retained 16",2019,B,,"Rule R2: own plan under 250 participants, no subsidiary marker in the name, not an SEC registrant."
EIN:843192180,EVOLVE SOLUTIONS LLC,843192180,STURTEVANT,WI,,125000,1,2024,business,,,,,,,38,"EVOLVE SOLUTIONS, LLC",OH,"Evolve Solutions, LLC",Economic Development Grant,25,Automotive,125000,business,EVOLVE SOLUTIONS LLC,OH,Form 5500 plan sponsor address (2023),<100,"Form 5500 2023: 38 participants, largest plan, sponsor EVOLVE SOLUTIONS, LLC; metrics jobs retained 25",2023,B,,"Rule R2: own plan under 250 participants, no subsidiary marker in the name, not an SEC registrant."
EIN:455115834,ART TECHNOLOGIES LLC,455115834,FAIRFIELD,OH,,124042,2,2022 2023,business,,,,,,,,,,"Art Technologies, LLC",Growth Fund Loan,37,Automotive,800000,,,,,,,,,,
EIN:861564797,PLATINUM RECOVERY LLC,861564797,WILLOUGHBY,OH,,124000,2,2023 2024,business,,,,,,,3,PLATINUM RECOVERY LLC,OH,,,,,,business,PLATINUM RECOVERY LLC,OH,Form 5500 plan sponsor address (2023),<100,"Form 5500 2023: 3 participants, largest plan, sponsor PLATINUM RECOVERY LLC",2023,B,,"Rule R2: own plan under 250 participants, no subsidiary marker in the name, not an SEC registrant."
EIN:311239446,JEFFERSON INDUSTRIES CORPORATION,311239446,WEST JEFFERSON,OH,,122873,1,2022,business,,,,,603,725,707,JEFFERSON INDUSTRIES CORP.,OH,Jefferson Industries Corporation,Workforce Grant,648,Automotive,200000,,,,,,,,,,
EIN:841923636,GRAF CUSTOM LOGISTICS LLC,841923636,PORTSMOUTH,OH,,122625,1,2022,business,,,,,,,,,,,,,,,,,,,,,,,,
EIN:854368179,GEST STREET DISTRIBUTIONS LLC,854368179,CINCINNATI,OH,,122601,1,2023,business,,,,,,,,,,,,,,,,,,,,,,,,
EIN:873225116,SOCIETY BRANDS OF OHIO INC,873225116,CANTON,OH,,120600,1,2024,nonprofit,0001894107,"Society Brands, Inc.",DE,OH,,,,,,"Society Brands of Ohio, Inc.",Economic Development Grant,1,Logistics and Distribution,300000,nonprofit,SOCIETY BRANDS OF OHIO INC,OH,Schedule I address; Ohio public or nonprofit entity,,,,B,,Rule R4: nonprofit by name and IRC section; not in the business headline.
EIN:630944385,CFD RESEARCH CORPORATION,630944385,HUNTSVILLE,AL,,120196,1,2024,business,,,,,112,186,294,CFD RESEARCH CORPORATION,AL,CFD Research Corporation,Economic Development Grant,12,Aerospace and Aviation,200000,,,,,,,,,,
EIN:274462942,IRONHAWK INDUSTRIAL DISTRIBUTION LLC,274462942,EUCLID,OH,,120065,1,2021,business,,,,,,,,,,Ironhawk Industrial Distribution LLC,Revitalization Grant,6,Advanced Manufacturing,200000,,,,,,,,,,
EIN:760356084,TEIKOKU USA INC,760356084,MARIETTA,OH,,120000,1,2019,business,,,,,104,120,149,TEIKOKU USA INC.,PA,Teikoku USA Inc.,Revitalization Grant,20,Manufacturing,120000,,,,,,,,,,
EIN:310682235,WILLIAM R HAGUE INC,310682235,GROVEPORT,OH,,120000,1,2020,business,,,,,84,,,"WILLIAM R HAGUE, INC",OH,"William R. Hague, Inc.",Workforce Grant,121,Other,120000,business,WILLIAM R HAGUE INC,OH,Form 5500 plan sponsor address (2015),100-499,"Form 5500 2015: 84 participants, largest plan, sponsor WILLIAM R HAGUE, INC; metrics jobs retained 121",2015,B,,"Rule R2: own plan under 250 participants, no subsidiary marker in the name, not an SEC registrant."
EIN:300389878,PLEASANT VALLEY TEARDROP TRAILERS LLC,300389878,SUGARCREEK,OH,,120000,1,2023,business,,,,,44,213,210,PLEASANT VALLEY TRAILERS,OH,"Pleasant Valley Teardrop Trailers, LLC",Growth Fund Loan; Workforce Grant,165,Automotive,1120000,business,PLEASANT VALLEY TEARDROP TRAILERS LLC,OH,Form 5500 plan sponsor address (2019),100-499,"Form 5500 2019: 213 participants, largest plan, sponsor PLEASANT VALLEY TRAILERS; metrics jobs retained 165",2019,B,,"Rule R2: own plan under 250 participants, no subsidiary marker in the name, not an SEC registrant."
EIN:270176680,Maumee Assembly & Stamping LLC,270176680,Maumee,OH,,119929,1,2018,business,,,,,,137,142,MAUMEE ASSEMBLY AND STAMPING,OH,"Maumee Assembly & Stamping, LLC",Economic Development Grant,133,Automotive,120000,business,Maumee Assembly & Stamping LLC,OH,Form 5500 plan sponsor address (2023),100-499,"Form 5500 2023: 142 participants, largest plan, sponsor MAUMEE ASSEMBLY AND STAMPING; metrics jobs retained 133",2023,B,,"Rule R2: own plan under 250 participants, no subsidiary marker in the name, not an SEC registrant."
EIN:251487618,Peerless-Winsmith Inc,251487618,Warren,OH,,119863,1,2017,business,,,,,388,,,"PEERLESS-WINSMITH, INC. C/O HBD INDUSTRIES, INC.",OH,,,,,,,,,,,,,,,
EIN:263039980,WAGENBRENNER DEVELOPMENT INC,263039980,COLUMBUS,OH,,119256,1,2020,business,,,,,,53,151,"WAGENBRENNER DEVELOPMENT, INC.",OH,,,,,,business,WAGENBRENNER DEVELOPMENT INC,OH,Form 5500 plan sponsor address (2023),100-499,"Form 5500 2023: 151 participants, largest plan, sponsor WAGENBRENNER DEVELOPMENT, INC.",2023,B,,"Rule R2: own plan under 250 participants, no subsidiary marker in the name, not an SEC registrant."
EIN:311269601,TRI-COUNTY RURAL WATER AND SEWER DISTRICT,311269601,WATERFORD,OH,,119000,2,2015 2019,government,,,,,,,,,,,,,,,government,TRI-COUNTY RURAL WATER AND SEWER DISTRICT,OH,Schedule I address; Ohio public or nonprofit entity,,,,B,,Rule R4: government by name and IRC section; not in the business headline.
EIN:823959668,AMERICAN HEAVY PLATE SOLUTION,823959668,CLARINGTON,OH,,115000,2,2022 2024,business,,,,,,,155,AMERICAN HEAVY PLATE SOLUTIONS L,OH,"American Heavy Plate Solutions, LLC",Economic Development Grant; Revitalization Grant; Unknown: Inclusi on,153,Advanced Manufacturing,215000,business,AMERICAN HEAVY PLATE SOLUTION,OH,Form 5500 plan sponsor address (2023),100-499,"Form 5500 2023: 155 participants, largest plan, sponsor AMERICAN HEAVY PLATE SOLUTIONS L; metrics jobs retained 153",2023,B,,"Rule R2: own plan under 250 participants, no subsidiary marker in the name, not an SEC registrant."
EIN:203319511,FACILITYSOURCE LLC,203319511,COLUMBUS,OH,,114095,2,2018 2019,business,,,,,170,20,,"FACILITYSOURCE, LLC",AZ,"FacilitySource, LLC",Workforce Grant,323,Information Services and Software,400000,business,FACILITYSOURCE LLC,AZ,Form 5500 plan sponsor address (2015),100-499,"Form 5500 2015: 170 participants, largest plan, sponsor FACILITYSOURCE, LLC; metrics jobs retained 323",2015,B,,"Rule R2: own plan under 250 participants, no subsidiary marker in the name, not an SEC registrant."
EIN:851418989,INFINITY LABS LLC,851418989,XENIA,OH,,113780,1,2024,business,,,,,,,50,"INFINITY LABS, LLC",OH,,,,,,business,INFINITY LABS LLC,OH,Form 5500 plan sponsor address (2023),<100,"Form 5500 2023: 50 participants, largest plan, sponsor INFINITY LABS, LLC",2023,B,,"Rule R2: own plan under 250 participants, no subsidiary marker in the name, not an SEC registrant."
EIN:822889106,RAYCO MANUFACTURING LLC,822889106,WOOSTER,OH,,112025,2,2019 2020,business,,,,,,175,,"RAYCO MANUFACTURING, LLC",OH,"Rayco Manufacturing, LLC",Workforce Grant,155,Advanced Manufacturing,100000,business,RAYCO MANUFACTURING LLC,OH,Form 5500 plan sponsor address (2019),100-499,"Form 5500 2019: 175 participants, largest plan, sponsor RAYCO MANUFACTURING, LLC; metrics jobs retained 155",2019,B,,"Rule R2: own plan under 250 participants, no subsidiary marker in the name, not an SEC registrant."
EIN:260422372,WILLOWTREE LLC,260422372,CHARLOTTESVILLE,VA,,109682,3,2021 2022 2023,business,,,,,74,365,970,"WILLOWTREE, LLC",VA,,,,,,,,,,,,,,,
EIN:341839929,MOMENTIVE PERFORMANCE MATERIALS QUARTZ INC,341839929,STRONGSVILLE,OH,,107900,1,2024,business,0001412284,"Momentive Performance Materials Quartz, Inc.",DE,NY,,,635,MOMENTIVE PERFORMANCE MATERIALS,OH,"Momentive Performance Materials Quartz, Inc.",Economic Development Grant,445,Advanced Manufacturing,150000,,,,,,,,,,
EIN:260869685,RESONETICS LLC,260869685,KETTERING,OH,,106575,1,2022,business,,,,,117,305,1150,"RESONETICS, LLC",NH,"Resonetics, LLC",Economic Development Grant,150,Healthcare,300000,,,,,,,,,,
EIN:264214574,Airborne Maintenance and Engineering Services Inc,264214574,Wilmington,OH,,106186,1,2018,business,,,,,,,,,,"Airborne Maintenance and Engineering Services, Inc.",Workforce Grant,644,Advanced Manufacturing,315000,,,,,,,,,,
EIN:464864574,PROFUSION INDUSTRIES LLC,464864574,MARIETTA,OH,,102206,1,2022,business,,,,,,,,,,"Profusion Industries, LLC",Economic Development Grant,117,Advanced,250000,,,,,,,,,,
EIN:462190696,VANTAGE POINT LOGISTICS LLC,462190696,COLUMBUS,OH,,100614,1,2020,business,0001667576,"Vantage Point Logistics, Inc.",DE,OH,,,,,,"Vantage Point Logistics, Inc.",Workforce Grant,30,IT,300000,,,,,,,,,,
EIN:472197022,Round Box Management LLC,472197022,Massillon,OH,,100589,1,2018,business,,,,,,,,,,"Round Box Management, LLC",Revitalization Grant Phase II,0,Other,110832,,,,,,,,,,
EIN:470691259,AdaletScott Fetzer Company,470691259,Cleveland,OH,,100000,1,2015,business,,,,,193,128,99,ADALET/SCOTT FETZER COMPANY,OH,,,,,,business,AdaletScott Fetzer Company,OH,Form 5500 plan sponsor address (2015),100-499,"Form 5500 2015: 193 participants, largest plan, sponsor ADALET/SCOTT FETZER COMPANY",2015,B,,"Rule R2: own plan under 250 participants, no subsidiary marker in the name, not an SEC registrant."
EIN:316000175,City of Dayton Department of Aviation,316000175,Dayton,OH,,100000,1,2015,government,,,,,,,,,,,,,,,government,City of Dayton Department of Aviation,OH,Schedule I address; Ohio public or nonprofit entity,,,,B,,Rule R4: government by name and IRC section; not in the business headline.
EIN:753060494,lululemon athletica,753060494,Groveport,OH,,100000,1,2015,business,,,,,2573,9090,7792,LULULEMON ATHLETICA USA,,,,,,,business,lululemon athletica,OH,Form 5500 plan sponsor address (2019),500-4999,"Form 5500 2019: 9090 participants, largest plan, sponsor LULULEMON ATHLETICA USA",2019,B,,"Rule R3: own plan at 1,500 or more participants; counts include retirees, so the bucket is conservative."
EIN:341918788,Trans-Foam Inc,341918788,Tallmadge,OH,,100000,1,2015,business,,,,,,,,,,,,,,,,,,,,,,,,
EIN:463761164,xperion E & E USA LLC,463761164,Heath,OH,,100000,1,2015,business,,,,,,,,,,,,,,,,,,,,,,,,
EIN:453507457,Gwynnie Bee Inc,453507457,Long Island City,NY,,100000,1,2015,business,0001571925,Gwynnie Bee Inc.,DE,NY,140,157,212,"CAASTLE, INC.",NY,,,,,,,,,,,,,,,
EIN:541923952,Acumen Solutions Inc,541923952,Mc Lean,VA,,100000,1,2016,business,,,,,575,882,,"ACUMEN SOLUTIONS, INC.",VA,,,,,,,,,,,,,,,
EIN:262828128,Express Inc,262828128,Columbus,OH,,100000,1,2016,business,0001483510,"EXP OldCo Winddown, Inc.",,OH,,,3272,"EXPRESS, INC.",OH,"Express, Inc.",Workforce Grant,757,Other,100000,business,Express Inc,OH,Form 5500 plan sponsor address (2023),500-4999,"Form 5500 2023: 3272 participants, largest plan, sponsor EXPRESS, INC.; metrics jobs retained 757",2023,B,,"Rule R3: own plan at 1,500 or more participants; counts include retirees, so the bucket is conservative."
EIN:341134243,Major Metals Company,341134243,Mansfield,OH,,100000,1,2016,business,,,,,53,65,89,MAJOR METALS COMPANY,OH,Major Metals Company,Economic Development Grant,52,Advanced Manufacturing,100000,business,Major Metals Company,OH,Form 5500 plan sponsor address (2023),<100,"Form 5500 2023: 89 participants, largest plan, sponsor MAJOR METALS COMPANY; metrics jobs retained 52",2023,B,,"Rule R2: own plan under 250 participants, no subsidiary marker in the name, not an SEC registrant."
EIN:204212631,Sekisui Plastics USA Inc,204212631,Mount Pleasant,TN,,100000,1,2016,business,,,,,57,160,87,SEKISUI PLASTICS USA INC.,TN,"Sekisui Plastics USA, Inc.",Economic Development Grant,,Automotive,100000,,,,,,,,,,
EIN:421772220,SRI Ohio Inc,421772220,Lancaster,OH,,100000,1,2016,business,,,,,53,90,96,"SRI OHIO, INC.",OH,"SRI Ohio, Inc.",Economic Development Grant,73,Advanced Manufacturing,100000,,,,,,,,,,
EIN:133744485,Valeo North America Inc,133744485,East Liberty,OH,,100000,1,2016,business,,,,,4099,5544,5839,"VALEO NORTH AMERICA, INC.",MI,,,,,,,,,,,,,,,
EIN:020537099,WINESBURG CHAIR COMPANY LTD,020537099,DUNDEE,OH,,100000,2,2016 2023,business,,,,,,,,,,"Winesburg Chair Company, LTD.",Economic Development Grant; Workforce Grant,162,Advanced,100000,,,,,,,,,,
EIN:341929504,Bibbo Properties Ltd,341929504,Valley View,OH,,100000,1,2017,site_development,,,,,,,,,,,,,,,site_development,Bibbo Properties Ltd,OH,Schedule I address; Ohio public or nonprofit entity,,,,B,,Rule R4: site_development by name and IRC section; not in the business headline.
EIN:133916524,FlightSafety International Inc,133916524,Columbus,OH,,100000,1,2017,business,,,,,4116,6144,6490,FLIGHTSAFETY INTERNATIONAL INC.,OH,FlightSafety International Inc.,Economic Development Grant; Workforce Grant,287,Aerospace and Aviation,700000,,,,,,,,,,
EIN:383825650,Miba Energy Holding LLC,383825650,McConnelsville,OH,,100000,1,2017,business,,,,,9,15,25,MIBA ENERGY HOLDING LLC,OH,,,,,,business,Miba Energy Holding LLC,OH,Form 5500 plan sponsor address (2023),<100,"Form 5500 2023: 25 participants, largest plan, sponsor MIBA ENERGY HOLDING LLC",2023,B,,"Rule R2: own plan under 250 participants, no subsidiary marker in the name, not an SEC registrant."
EIN:311014212,MPW Industrial Services Inc,311014212,Hebron,OH,,100000,1,2017,business,,,,,1236,1515,1645,"MPW INDUSTRIAL SERVICES, INC.",OH,"MPW Industrial Services Group, Inc.",Economic Development Grant,316,Advanced Manufacturing,75000,business,MPW Industrial Services Inc,OH,Form 5500 plan sponsor address (2023),500-4999,"Form 5500 2023: 1645 participants, largest plan, sponsor MPW INDUSTRIAL SERVICES, INC.; metrics jobs retained 316",2023,B,,"Rule R3: own plan at 1,500 or more participants; counts include retirees, so the bucket is conservative."
EIN:462903016,Precision Products Group Inc,462903016,Apple Creek,OH,,100000,1,2017,business,,,,,,,,,,"Precision Products Group, Inc.",Workforce Grant,40,Advanced Manufacturing,100000,,,,,,,,,,
EIN:812288733,Scannell Properties #277 LLC,812288733,Indianapolis,IN,,100000,1,2017,site_development,,,,,,,,,,,,,,,,,,,,,,,,
EIN:340564691,Superior Dairy Inc,340564691,Canton,OH,,100000,1,2017,business,,,,,229,274,309,"SUPERIOR DAIRY, INC.",OH,"Superior Dairy, Inc.",Economic Development Grant,313,Food and Agribusiness,1400000,,,,,,,,,,
EIN:311119067,TNT Equipment Company,311119067,Somerset,OH,,100000,2,2017 2018,business,,,,,58,56,58,TNT EQUIPMENT COMPANY,OH,,,,,,business,TNT Equipment Company,OH,Form 5500 plan sponsor address (2023),<100,"Form 5500 2023: 58 participants, largest plan, sponsor TNT EQUIPMENT COMPANY",2023,B,,"Rule R2: own plan under 250 participants, no subsidiary marker in the name, not an SEC registrant."
EIN:340697598,The Sanson Company,340697598,Cleveland,OH,,100000,1,2017,business,,,,,139,166,218,THE SANSON COMPANY,OH,The Sanson Company,Revitalization Grant,153,Food Processing,100000,business,The Sanson Company,OH,Form 5500 plan sponsor address (2023),100-499,"Form 5500 2023: 218 participants, largest plan, sponsor THE SANSON COMPANY; metrics jobs retained 153",2023,B,,"Rule R2: own plan under 250 participants, no subsidiary marker in the name, not an SEC registrant."
EIN:341108705,Uni-Grip Inc,341108705,Upper Sandusky,OH,,100000,1,2017,business,,,,,77,94,88,"UNI-GRIP, INC",OH,Uni-Grip Inc.,Economic Development Grant; Inclusion Grant,75,Advanced Manufacturing,150000,business,Uni-Grip Inc,OH,Form 5500 plan sponsor address (2019),<100,"Form 5500 2019: 94 participants, largest plan, sponsor UNI-GRIP, INC; metrics jobs retained 75",2019,B,,"Rule R2: own plan under 250 participants, no subsidiary marker in the name, not an SEC registrant."
EIN:474320975,BREWDOG COLUMBUS LLC,474320975,CANAL WINDCHESTER,OH,,100000,2,2018 2019,business,0001646269,BREWDOG USA INC.,DE,,,,,,,,,,,,,,,,,,,,,
EIN:453810227,Detroit Manufacturing Systems Toledo and Non-Autom,453810227,Toledo,OH,,100000,1,2018,business,,,,,908,1050,2063,"DETROIT MANUFACTURING SYSTEMS, LLC",MI,"Detroit Manufacturing Systems Toledo and Non-Automotive, LLC",Growth Fund Loan; Workforce Grant,12,Automotive,1600000,business,Detroit Manufacturing Systems Toledo and Non-Autom,MI,Form 5500 plan sponsor address (2023),500-4999,"Form 5500 2023: 2063 participants, largest plan, sponsor DETROIT MANUFACTURING SYSTEMS, LLC; metrics jobs retained 12",2023,B,,"Rule R3: own plan at 1,500 or more participants; counts include retirees, so the bucket is conservative."
EIN:341014060,Fireline Inc,341014060,Youngstown,OH,,100000,1,2018,business,,,,,108,109,97,"FIRELINE, INC.",OH,"Fireline, Inc.",Economic Development Grant,88,Aerospace and Aviation,100000,business,Fireline Inc,OH,Form 5500 plan sponsor address (2019),100-499,"Form 5500 2019: 109 participants, largest plan, sponsor FIRELINE, INC.; metrics jobs retained 88",2019,B,,"Rule R2: own plan under 250 participants, no subsidiary marker in the name, not an SEC registrant."
EIN:352549748,Fluvitex USA Inc,352549748,Groveport,OH,,100000,1,2018,business,,,,,,,105,"FLUVITEX USA, INC.",OH,"Fluvitex USA, Inc.",Economic Development Grant,0,Advanced Manufacturing,100000,,,,,,,,,,
EIN:363083135,KRAFT FOODS GROUP INC,363083135,NORTHFIELD,IL,,100000,2,2018 2019,business,0001545158,"Kraft Foods Group, Inc.",,IL,,,,,,,,,,,,,,,,,,,,
EIN:473252445,Nature Fresh Farms USA Inc,473252445,Delta,OH,,100000,1,2018,business,,,,,,99,130,"NATURE FRESH FARMS USA, INC.",OH,"Nature Fresh Farms USA, Inc.",Economic Development Grant; Growth Fund Loan,0,Food Sciences and Agriculture,2600000,,,,,,,,,,
EIN:200378455,Recker Consulting LLC,200378455,Cincinnati,OH,,100000,1,2018,business,,,,,170,358,631,PATH FORWARD CONSULTING,OH,"Recker Consulting, LLC",Economic Development Grant,160,Information Technology,100000,,,,,,,,,,
EIN:263605464,Sand Lake Property LLC,263605464,Cleveland,OH,,100000,1,2018,site_development,,,,,,,,,,,,,,,site_development,Sand Lake Property LLC,OH,Schedule I address; Ohio public or nonprofit entity,,,,B,,Rule R4: site_development by name and IRC section; not in the business headline.
EIN:341754280,Trumbull Manufacturing Inc,341754280,Austintown,OH,,100000,1,2018,business,,,,,,,,,,"Trumbull Manufacturing, Inc.",Revitalization Grant,22,Advanced Manufacturing,100000,,,,,,,,,,
EIN:341176077,V H Cooper & Co Inc,341176077,Van Wert,OH,,100000,1,2018,business,,,,,,,,,,"V.H. Cooper & Co., Inc.",Workforce Grant,1224,Food Services and Agriculture,100000,,,,,,,,,,
EIN:811187897,Woodard Development LLC,811187897,Dayton,OH,,100000,1,2018,site_development,,,,,,,,,,Woodard Development LLC,Revitalization Grant,12,Other,100000,site_development,Woodard Development LLC,OH,Schedule I address; Ohio public or nonprofit entity,,,,B,,Rule R4: site_development by name and IRC section; not in the business headline.
EIN:311006364,CHERYL & CO,311006364,OBETZ,OH,,100000,1,2019,business,,,,,,,,,,Cheryl & Co.,Economic Development Grant,149,Logistics and Distribution,100000,,,,,,,,,,
EIN:311703809,CINTAS CORPORATION NO 2,311703809,GROVEPORT,OH,,100000,1,2019,business,0001182641,CINTAS CORP NO 2,,OH,,,,,,Cintas Corporation No. 2,Economic Development Grant,1293,Other,2100000,,,,,,,,,,
EIN:311178698,NEW HORIZONS BAKING COMPANY INC,311178698,NORWALK,OH,,100000,1,2019,business,,,,,333,341,358,"NEW HORIZONS BAKING COMPANY, LLC",OH,"New Horizons Baking Company, LLC",Economic Development Grant; Workforce Grant,217,Food and Agribusiness,275000,,,,,,,,,,
EIN:900629281,VEE PAK OHIO LLC,900629281,NEW ALBANY,OH,,100000,1,2019,business,,,,,,,,,,"Vee Pak Ohio, LLC",Workforce Grant,134,Advanced Manufacturing,100000,,,,,,,,,,
EIN:340922427,WAYNE TRAIL TECHNOLOGIES INC,340922427,FORT LORAMIE,OH,,100000,1,2019,business,,,,,184,218,,"LINCOLN ELECTRIC AUTOMATION, INC.",OH,"Wayne Trail Technologies, Inc.",Economic Development Grant,170,Advanced Manufacturing,100000,business,WAYNE TRAIL TECHNOLOGIES INC,OH,Form 5500 plan sponsor address (2019),100-499,"Form 5500 2019: 218 participants, largest plan, sponsor LINCOLN ELECTRIC AUTOMATION, INC.; metrics jobs retained 170",2019,B,,"Rule R2: own plan under 250 participants, no subsidiary marker in the name, not an SEC registrant."
EIN:911678875,BLADE-TECH INDUSTRIES INC,911678875,STREETSBORO,OH,,100000,1,2020,business,,,,,65,,,"BLADE-TECH INDUSTRIES, INC",WA,"Blade-Tech Industries, Inc.",Workforce Grant,0,Advanced Manufacturing,100000,business,BLADE-TECH INDUSTRIES INC,WA,Form 5500 plan sponsor address (2015),<100,"Form 5500 2015: 65 participants, largest plan, sponsor BLADE-TECH INDUSTRIES, INC",2015,B,,"Rule R2: own plan under 250 participants, no subsidiary marker in the name, not an SEC registrant."
EIN:202093507,IRON CITY PIPE & SUPPLY COMPANY,202093507,JACKSON,OH,,100000,1,2020,business,,,,,15,11,13,IRON CITY PIPE & SUPPLY,OH,Iron City Pipe & Supply Company,Revitalization Grant,17,Logistics and Distribution,100000,business,IRON CITY PIPE & SUPPLY COMPANY,OH,Form 5500 plan sponsor address (2015),<100,"Form 5500 2015: 15 participants, largest plan, sponsor IRON CITY PIPE & SUPPLY; metrics jobs retained 17",2015,B,,"Rule R2: own plan under 250 participants, no subsidiary marker in the name, not an SEC registrant."
EIN:823127174,JERICHO WALLS LTD,823127174,ASHLAND,OH,,100000,1,2020,business,,,,,,,,,,,,,,,,,,,,,,,,
EIN:130889690,JOHNS MANVILLE CORPORATION,130889690,DEFIANCE,OH,,100000,1,2020,business,,,,,,,,,,Johns Manville,Economic Development Grant,414,Advanced Manufacturing,100000,,,,,,,,,,
EIN:261762076,LEFTON METAL ENTERPRISES CORPORATION,261762076,LEETONIA,OH,,100000,1,2020,business,,,,,,,,,,Lefton Metal Enterprises Corporation,Economic Development Grant,157,Advanced Manufacturing,100000,,,,,,,,,,
EIN:341930826,NORTHERN STAMPING CO,341930826,CUYAHOGA HEIGHTS,OH,,100000,1,2020,business,,,,,173,162,226,"NORTHERN STAMPING, INC.",OH,Northern Stamping Co.,Growth Fund Loan; Revitalization Grant; Revitalization Loan,205,Automotive,3700000,business,NORTHERN STAMPING CO,OH,Form 5500 plan sponsor address (2023),100-499,"Form 5500 2023: 226 participants, largest plan, sponsor NORTHERN STAMPING, INC.; metrics jobs retained 205",2023,B,,"Rule R2: own plan under 250 participants, no subsidiary marker in the name, not an SEC registrant."
EIN:833230349,POLYMER FILM & BAG LLC,833230349,MASSILLON,OH,,100000,1,2020,business,,,,,,,,,,"Polymer Film & Bag, LLC",Economic Development Grant,48,Advanced Manufacturing,100000,,,,,,,,,,
EIN:341563471,RUDOLPH FOODS COMPANY INC,341563471,LIMA,OH,,100000,1,2020,business,,,,,328,796,687,"RUDOLPH FOODS COMPANY, INC.",OH,"Rudolph Foods Company, Inc.",Economic Development Grant,157,Food and Agribusiness,100000,,,,,,,,,,
EIN:824247602,THE HIVE MY PLACE LTD,824247602,CLEVELAND,OH,,100000,1,2020,business,,,,,,,,,,The Hive My Place Ltd,Revitalization Grant,47,Other,100000,,,,,,,,,,
EIN:202122306,GBQ PARTNERS LLC,202122306,COLUMBUS,OH,,100000,1,2021,site_development,,,,,,,,,,,,,,,site_development,GBQ PARTNERS LLC,OH,Schedule I address; Ohio public or nonprofit entity,,,,B,,Rule R4: site_development by name and IRC section; not in the business headline.
EIN:341488414,HALTEC CORPORATION,341488414,SALEM,OH,,100000,1,2021,business,,,,,81,121,184,HALTEC CORPORATION,OH,Haltec Corporation,Economic Development Grant,113,Automotive,100000,business,HALTEC CORPORATION,OH,Form 5500 plan sponsor address (2023),100-499,"Form 5500 2023: 184 participants, largest plan, sponsor HALTEC CORPORATION; metrics jobs retained 113",2023,B,,"Rule R2: own plan under 250 participants, no subsidiary marker in the name, not an SEC registrant."
EIN:452717594,NORTH JACKSON SPECIALTY STEEL LLC,452717594,NORTH JACKSON,OH,,100000,1,2021,business,,,,,,,,,,"North Jackson Specialty Steel, LLC",Economic Development Grant,99,Advanced Manufacturing,150000,,,,,,,,,,
EIN:542094200,OWENS & MINOR DISTRIBUTION INC,542094200,OBETZ,OH,,100000,1,2021,business,,,,,,,,,,"Owens & Minor Distribution, Inc",Workforce Grant,0,Healthcare,100000,,,,,,,,,,
EIN:813802029,POLYTECH AMERICA LLC,813802029,CHESHIRE,CT,,100000,1,2021,business,,,,,,,,,,"Polytech America, LLC",Revitalization Grant,0,Advanced Manufacturing,100000,,,,,,,,,,
EIN:952546613,SATCO INC,952546613,EL SEGUNDO,CA,,100000,1,2021,business,,,,,303,479,438,"SATCO, INC.",CA,Satco Inc.,Economic Development Grant,0,Advanced Manufacturing,100000,,,,,,,,,,
EIN:341499502,SOLMET TECHNOLOGIES INC,341499502,CANTON,OH,,100000,1,2021,business,,,,,63,54,63,"SOLMET TECHNOLOGIES, INC.",OH,,,,,,business,SOLMET TECHNOLOGIES INC,OH,Form 5500 plan sponsor address (2023),<100,"Form 5500 2023: 63 participants, largest plan, sponsor SOLMET TECHNOLOGIES, INC.",2023,B,,"Rule R2: own plan under 250 participants, no subsidiary marker in the name, not an SEC registrant."
EIN:311205501,TIGERPOLY MANUFACTURING INC,311205501,GROVE CITY,OH,,100000,1,2021,business,,,,,318,529,442,"TIGERPOLY MANUFACTURING, INC.",OH,"Tigerpoly Manufacturing, Inc.",Economic Development Grant,384,Automotive,100000,,,,,,,,,,
EIN:272571914,WURTH ELECTRONICS ICS INC,272571914,VANDALIA,OH,,100000,1,2021,business,,,,,,,,,,"Wurth Electronics ICS, Inc.",Economic Development Grant,33,Technology,100000,,,,,,,,,,
EIN:310721681,ARIEL CORPORATION,310721681,HEATH,OH,,100000,1,2022,business,,,,,1218,1683,1659,ARIEL CORPORATION,OH,Ariel Corporation,Economic Development Grant,61,Energy & Chemicals,100000,business,ARIEL CORPORATION,OH,Form 5500 plan sponsor address (2019),500-4999,"Form 5500 2019: 1683 participants, largest plan, sponsor ARIEL CORPORATION; metrics jobs retained 61",2019,B,,"Rule R3: own plan at 1,500 or more participants; counts include retirees, so the bucket is conservative."
EIN:341472584,BUTECH INC,341472584,SALEM,OH,,100000,1,2022,business,,,,,292,290,296,"BUTECH, INC.",OH,"Butech, Inc.",Revitalization Grant,270,Advanced,100000,,,,,,,,,,
EIN:061569176,COMPONENT HARDWARE GROUP INC,061569176,LAKEWOOD,NJ,,100000,1,2022,business,,,,,176,161,107,"COMPONENT HARDWARE GROUP, INC.",NJ,"Component Hardware Group, Inc.",Economic Development Grant,0,Logistics and Distribution,100000,,,,,,,,,,
EIN:341032966,DISCOUNT DRUG MART INC,341032966,AVON LAKE,OH,,100000,1,2022,business,,,,,3892,4395,4706,"DISCOUNT DRUG MART, INC.",OH,Discount Drug Mart Inc.,Economic Development Grant; Workforce Grant,276,Other,120000,business,DISCOUNT DRUG MART INC,OH,Form 5500 plan sponsor address (2023),500-4999,"Form 5500 2023: 4706 participants, largest plan, sponsor DISCOUNT DRUG MART, INC.; metrics jobs retained 276",2023,B,,"Rule R3: own plan at 1,500 or more participants; counts include retirees, so the bucket is conservative."
EIN:383669580,DOWA THT AMERICA INC,383669580,BOWLING GREEN,OH,,100000,1,2022,business,,,,,,,,,,"Dowa THT America, Inc.",Economic Development Grant,71,Automotive,100000,,,,,,,,,,
EIN:382673743,ESSILOR LABORATORIES OF AMERICA INC,382673743,COLUMBUS,OH,,100000,1,2022,business,,,,,76,59,,ESSILOR LABORATORIES OF AM INC. DBA BELL OPTICAL,TX,"Essilor Laboratories of America, Inc.",Economic Development Grant,342,Healthcare,100000,,,,,,,,,,
EIN:854302513,HANNECARD ROLLER COATINGS INC,854302513,BARBERTON,OH,,100000,1,2022,business,,,,,,,36,HANNECARD ROLLER COATINGS INC.,OH,Hannecard Roller Coatings Inc.,Economic Development Grant; Revitalization Grant,51,Advanced,150000,business,HANNECARD ROLLER COATINGS INC,OH,Form 5500 plan sponsor address (2023),<100,"Form 5500 2023: 36 participants, largest plan, sponsor HANNECARD ROLLER COATINGS INC.; metrics jobs retained 51",2023,B,,"Rule R2: own plan under 250 participants, no subsidiary marker in the name, not an SEC registrant."
EIN:870574076,HEMASOURCE INC,870574076,WARREN,OH,,100000,1,2022,business,,,,,29,75,133,"HEMASOURCE, INC.",UT,HemaSource Inc.,Revitalization Grant,14,Logistics and Distribution,100000,business,HEMASOURCE INC,UT,Form 5500 plan sponsor address (2023),100-499,"Form 5500 2023: 133 participants, largest plan, sponsor HEMASOURCE, INC.; metrics jobs retained 14",2023,B,,"Rule R2: own plan under 250 participants, no subsidiary marker in the name, not an SEC registrant."
EIN:471243799,HEMATITE INC,471243799,ENGLEWOOD,OH,,100000,1,2022,business,,,,,,,,,,"Hematite, Inc.",Growth Fund Loan; Workforce Grant,0,Automotive,3600000,,,,,,,,,,
EIN:311690460,KUTOL PRODUCTS COMPANY INC,311690460,SHARONVILLE,OH,,100000,1,2022,business,,,,,168,175,198,"KUTOL PRODUCTS COMPANY, INC.",OH,"Kutol Products Company, Inc.",Economic Development Grant,187,Energy and Chemicals,100000,business,KUTOL PRODUCTS COMPANY INC,OH,Form 5500 plan sponsor address (2023),100-499,"Form 5500 2023: 198 participants, largest plan, sponsor KUTOL PRODUCTS COMPANY, INC.; metrics jobs retained 187",2023,B,,"Rule R2: own plan under 250 participants, no subsidiary marker in the name, not an SEC registrant."
EIN:251924400,MCG FAMILY OF PENNSYLVANIA LIMITED PARTNERSHIP,251924400,STEUBENVILLE,OH,,100000,1,2022,business,,,,,,,,,,,,,,,,,,,,,,,,
EIN:310875005,RMI TITANIUM COMPANY LLC,310875005,PITTSBURGH,PA,,100000,1,2022,business,0000854663,RMI TITANIUM CO,OH,OH,,972,564,"RMI TITANIUM CO., LLC",PA,,,,,,,,,,,,,,,
EIN:311364046,ROCKY BRANDS INC,311364046,NELSONVILLE,OH,,100000,1,2022,business,0000895456,"ROCKY BRANDS, INC.",OH,OH,560,465,727,"ROCKY BRANDS, INC.",OH,"Rocky Brands, Inc.",Revitalization Grant; Workforce Grant,315,Advanced Manufacturing,225000,,,,,,,,,,
EIN:311204991,TENCATE ADVANCED ARMOR USA INC,311204991,HEBRON,OH,,100000,1,2022,business,,,,,,,,,,"TenCate Advanced Armor USA, Inc.",Economic Development Grant,61,Energy and,100000,,,,,,,,,,
EIN:412194439,UNIVERSITY TEES INC,412194439,CLEVELAND,OH,,100000,1,2022,business,,,,,0,85,118,"UNIVERSITY TEES, INC",OH,"University Tees, Inc.",Revitalization Grant,147,Advanced,100000,business,UNIVERSITY TEES INC,OH,Form 5500 plan sponsor address (2023),100-499,"Form 5500 2023: 118 participants, largest plan, sponsor UNIVERSITY TEES, INC; metrics jobs retained 147",2023,B,,"Rule R2: own plan under 250 participants, no subsidiary marker in the name, not an SEC registrant."
EIN:341691596,V & S SCHULER ENGINEERING INC,341691596,CANTON,OH,,100000,1,2022,business,,,,,,,,,,"V & S Schuler Engineering, Inc.",Revitalization Grant,99,Advanced,100000,,,,,,,,,,
EIN:320039658,BEVCORP LLC,320039658,CHICAGO,IL,,100000,1,2023,business,,,,,,,,,,"Bevcorp, LLC",Revitalization Grant,144,Advanced Manufacturing,100000,,,,,,,,,,
EIN:363459913,EVANS FOOD GROUP LTD,363459913,CHICAGO,IL,,100000,1,2023,business,,,,,144,409,570,EVANS FOOD GROUP LTD,IL,Evans Food Group Ltd.,Economic Development Grant,126,Food and Agribusiness,100000,,,,,,,,,,
EIN:341545822,FINDLAY MACHINE & TOOL INC,341545822,FINDLAY,OH,,100000,1,2023,business,,,,,49,49,,"FINDLAY MACHINE & TOOL, INC. D/B/A FMT, INC.",OH,"Findlay Machine & Tool, Inc.",Economic Development Grant,26,Advanced,100000,business,FINDLAY MACHINE & TOOL INC,OH,Form 5500 plan sponsor address (2019),<100,"Form 5500 2019: 49 participants, largest plan, sponsor FINDLAY MACHINE & TOOL, INC. D/B/A FMT, INC.; metrics jobs retained 26",2019,B,,"Rule R2: own plan under 250 participants, no subsidiary marker in the name, not an SEC registrant."
EIN:341031008,G&J PEPSI COLA BOTTLERS INC,341031008,CINCINNATI,OH,,100000,1,2023,business,,,,,2249,1892,1654,"G&J PEPSI-COLA BOTTLERS, INC.",OH,"G & J Pepsi-Cola Bottlers, Inc.",Economic Development Grant,603,Advanced Manufacturing,225000,business,G&J PEPSI COLA BOTTLERS INC,OH,Form 5500 plan sponsor address (2015),500-4999,"Form 5500 2015: 2249 participants, largest plan, sponsor G&J PEPSI-COLA BOTTLERS, INC.; metrics jobs retained 603",2015,B,,"Rule R3: own plan at 1,500 or more participants; counts include retirees, so the bucket is conservative."
EIN:311277407,JBM PACKAGING COMPANY,311277407,CINCINNATI,OH,,100000,1,2023,business,,,,,147,161,156,JBM PACKAGING COMPANY,OH,JBM Packaging Company,Economic Development Grant,150,Advanced,100000,business,JBM PACKAGING COMPANY,OH,Form 5500 plan sponsor address (2019),100-499,"Form 5500 2019: 161 participants, largest plan, sponsor JBM PACKAGING COMPANY; metrics jobs retained 150",2019,B,,"Rule R2: own plan under 250 participants, no subsidiary marker in the name, not an SEC registrant."
EIN:831235047,MIX TALENT,831235047,COLUMBUS,OH,,100000,1,2023,business,,,,,,24,129,"MIX TALENT, LLC",OH,"Mix Talent, LLC",Workforce Grant,20,Other,100000,business,MIX TALENT,OH,Form 5500 plan sponsor address (2023),100-499,"Form 5500 2023: 129 participants, largest plan, sponsor MIX TALENT, LLC; metrics jobs retained 20",2023,B,,"Rule R2: own plan under 250 participants, no subsidiary marker in the name, not an SEC registrant."
EIN:311341799,RIPPLE JUNCTION DESIGN COMPANY,311341799,WEST CHESTER,OH,,100000,2,2023 2024,business,,,,,66,76,136,"RIPPLE JUNCTION DESIGN CO., INC.",OH,Ripple Junction Design Co.,Economic Development Grant; Workforce Grant,97,Other,175000,business,RIPPLE JUNCTION DESIGN COMPANY,OH,Form 5500 plan sponsor address (2023),100-499,"Form 5500 2023: 136 participants, largest plan, sponsor RIPPLE JUNCTION DESIGN CO., INC.; metrics jobs retained 97",2023,B,,"Rule R2: own plan under 250 participants, no subsidiary marker in the name, not an SEC registrant."
EIN:221717737,SANDVIK ROCK PROCESSING SOLUTIONS NORTH AMERICA LLC,221717737,PALATINE,IL,,100000,1,2023,business,,,,,6402,5844,4853,"SANDVIK, INC.",NC,"Sandvik Rock Processing Solutions North America, LLC",Economic Development Grant,28,Advanced Manufacturing,100000,,,,,,,,,,
EIN:900823691,STRIDAS LLC,900823691,CINCINNATI,OH,,100000,1,2023,business,,,,,,,,,,Stridas LLC,Workforce Grant,38,Logistics and Distribution,100000,,,,,,,,,,
EIN:341954882,TARPSTOP LLC,341954882,PERRYSBURG,OH,,100000,1,2023,business,,,,,55,103,115,TARPSTOP,OH,"Tarpstop, LLC",Economic Development Grant,96,Automotive,100000,business,TARPSTOP LLC,OH,Form 5500 plan sponsor address (2023),100-499,"Form 5500 2023: 115 participants, largest plan, sponsor TARPSTOP; metrics jobs retained 96",2023,B,,"Rule R2: own plan under 250 participants, no subsidiary marker in the name, not an SEC registrant."
EIN:860566930,TESSENDERLO KERLEY INC,860566930,PHOENIX,AZ,,100000,1,2023,business,,,,,518,663,597,"TESSENDERLO KERLEY, INC.",AZ,"Tessenderlo Kerley, Inc.",Economic Development Grant,0,Energy and Chemicals,100000,,,,,,,,,,
EIN:850660241,TRUCENT RENEWABLE CHEMICALS LLC,850660241,DEXTER,MI,,100000,1,2023,business,,,,,,,,,,Trucent Renewable Chemicals LLC,Growth Fund Loan; Revitalization Grant,0,Energy and,1100000,,,,,,,,,,
EIN:454144957,VISCUS BIOLOGICS LLC,454144957,CLEVELAND,OH,,100000,2,2023 2024,business,,,,,,,,,,Viscus Biologics LLC,Economic Development Grant,13,Healthcare,100000,,,,,,,,,,
EIN:873286018,WINANS LLC,873286018,PIQUA,OH,,100000,1,2023,business,,,,,,,,,,,,,,,,,,,,,,,,
EIN:311793525,AMPAC PLASTICS LLC,311793525,CINCINNATI,OH,,100000,1,2024,business,,,,,,,,,,"Ampac Plastics, LLC",Economic Development Grant,222,Advanced Manufacturing,100000,,,,,,,,,,
EIN:882627991,CLEARESTATES LLC,882627991,TAYLORSVILLE,NC,,100000,1,2024,business,,,,,,,,,,,,,,,,,,,,,,,,
EIN:611607695,COVETRUS NORTH AMERICA LLC,611607695,DUBLIN,OH,,100000,1,2024,business,,,,,,,,,,,,,,,,,,,,,,,,
EIN:720728139,DISTRAN STEEL,720728139,ALEXANDRIA,LA,,100000,1,2024,business,,,,,794,837,1359,"CREST INDUSTRIES, LLC",LA,,,,,,,,,,,,,,,
EIN:471395397,ECS TUNING LLC,471395397,WADSWORTH,OH,,100000,1,2024,business,,,,,192,357,807,"ECS TUNING, LLC",OH,"ECS Tuning, LLC",Economic Development Grant,308,Logistics and Distribution,100000,,,,,,,,,,
EIN:341224718,EXPERT CRANE INC,341224718,CUYAHOGA HEIGHTS,OH,,100000,1,2024,business,,,,,33,47,76,"EXPERT CRANE, INC.",OH,"Expert Crane, Inc.",Economic Development Grant,67,Advanced Manufacturing,100000,business,EXPERT CRANE INC,OH,Form 5500 plan sponsor address (2023),<100,"Form 5500 2023: 76 participants, largest plan, sponsor EXPERT CRANE, INC.; metrics jobs retained 67",2023,B,,"Rule R2: own plan under 250 participants, no subsidiary marker in the name, not an SEC registrant."
EIN:260295908,FIRE MANUFACTURING INNOVATIONS LLC,260295908,SPRINGFIELD,OH,,100000,1,2024,business,,,,,,,,,,,,,,,,,,,,,,,,
EIN:844116479,KWEEN AND CO,844116479,BROOKLYN HEIGHTS,NY,,100000,1,2024,business,,,,,,,,,,Kween and Co.,Economic Development Grant,0,Food and Agribusiness,100000,,,,,,,,,,
EIN:341845975,MUM INDUSTRIES,341845975,MENTOR,OH,,100000,1,2024,business,,,,,,125,94,"MUM INDUSTRIES, INC.",OH,Mum Industries Inc.,Economic Development Grant,92,Advanced Manufacturing,100000,business,MUM INDUSTRIES,OH,Form 5500 plan sponsor address (2019),100-499,"Form 5500 2019: 125 participants, largest plan, sponsor MUM INDUSTRIES, INC.; metrics jobs retained 92",2019,B,,"Rule R2: own plan under 250 participants, no subsidiary marker in the name, not an SEC registrant."
EIN:611322994,PEGASUS INDUSTRIES LLC,611322994,SHELBYVILLE,KY,,100000,1,2024,business,,,,,54,108,286,"PEGASUS INDUSTRIES, LLC",KY,"Pegasus Industries, LLC",Economic Development Grant; Workforce Grant,154,Automotive,300000,,,,,,,,,,
EIN:010866461,PEPPER CONSTRUCTION COMPANY OF OHIO LLC,010866461,BARRINGTON,IL,,100000,1,2024,business,,,,,,,,,,"Pepper Construction Company of Ohio, LLC",Revitalization Grant,27,Other,100000,,,,,,,,,,
EIN:850848748,PREMIER GLOBAL TRANSPORTATION LLC,850848748,MILFORD,OH,,100000,1,2024,business,,,,,,,17,"PREMIER GLOBAL TRANSPORTATION, LLC",OH,"Premier Global Transportation, LLC",Workforce Grant,25,Logistics and Distribution,150000,business,PREMIER GLOBAL TRANSPORTATION LLC,OH,Form 5500 plan sponsor address (2023),<100,"Form 5500 2023: 17 participants, largest plan, sponsor PREMIER GLOBAL TRANSPORTATION, LLC; metrics jobs retained 25",2023,B,,"Rule R2: own plan under 250 participants, no subsidiary marker in the name, not an SEC registrant."
EIN:921419914,PREMIUM METALS INC,921419914,CLEVELAND,OH,,100000,1,2024,business,,,,,,,,,,"Premium Metals, Inc.",Revitalization Grant,21,Advanced Manufacturing,100000,,,,,,,,,,
EIN:340806947,SUPERIOR ALUMINUM PRODUCTS INC,340806947,RUSSIA,OH,,100000,1,2024,business,,,,,38,62,61,"SUPERIOR ALUMINUM PRODUCTS, INC.",OH,"Superior Aluminum Products, Inc.",Economic Development Grant,55,Advanced Manufacturing,100000,business,SUPERIOR ALUMINUM PRODUCTS INC,OH,Form 5500 plan sponsor address (2019),<100,"Form 5500 2019: 62 participants, largest plan, sponsor SUPERIOR ALUMINUM PRODUCTS, INC.; metrics jobs retained 55",2019,B,,"Rule R2: own plan under 250 participants, no subsidiary marker in the name, not an SEC registrant."
EIN:811354314,TEKION CORP,811354314,PLEASANTON,CA,,100000,1,2024,business,,,,,,32,665,TEKION CORP,CA,Tekion Corp.,Economic Development Grant,2,Technology,100000,,,,,,,,,,
EIN:010656293,THOMASLANE INC,010656293,TWINSBURG,OH,,100000,1,2024,business,,,,,,,75,THOMASLANE INC.,OH,"Thomaslane, Inc.",Economic Development Grant,40,Food and Agribusiness,100000,business,THOMASLANE INC,OH,Form 5500 plan sponsor address (2023),<100,"Form 5500 2023: 75 participants, largest plan, sponsor THOMASLANE INC.; metrics jobs retained 40",2023,B,,"Rule R2: own plan under 250 participants, no subsidiary marker in the name, not an SEC registrant."
EIN:311786929,MIBA ENERGY HOLDING LLC,311786929,MC CONNELSVILLE,OH,,99900,1,2023,business,,,,,483,264,577,"MIBA BEARINGS US, LLC",OH,,,,,,,,,,,,,,,
EIN:473922900,Dougherty Redevelopment Partners LLC,473922900,Cuyahoga Heights,OH,,99774,1,2016,site_development,,,,,,,,,,"Dougherty Redevelopment Partners, LLC",Revitalization Grant Phase II,,Other,139847,site_development,Dougherty Redevelopment Partners LLC,OH,Schedule I address; Ohio public or nonprofit entity,,,,B,,Rule R4: site_development by name and IRC section; not in the business headline.
EIN:811520982,Global Graphene Group Inc,811520982,Dayton,OH,,99550,1,2018,business,0001678511,"Global Graphene Group, Inc.",DE,OH,,49,55,"GLOBAL GRAPHENE GROUP, INC.",OH,"Global Graphene Group, Inc.",Revitalization Grant Phase II,0,Advanced Manufacturing,99550,,,,,,,,,,
EIN:873325044,PROPEL PHARMACY OHIO LLC,873325044,DUBLIN,OH,,99430,1,2024,business,,,,,,,,,,Propel Pharmacy Ohio LLC,Workforce Grant,0,Healthcare,200000,,,,,,,,,,
EIN:310625744,HONEYMOON PAPER PRODUCTS INC,310625744,FAIRFIELD,OH,,98357,2,2019 2020,business,,,,,95,146,,"HONEYMOON PAPER PRODUCTS, INC.",OH,"Honeymoon Paper Products, Inc.",Economic Development Grant,79,Advanced Manufacturing,40000,business,HONEYMOON PAPER PRODUCTS INC,OH,Form 5500 plan sponsor address (2019),100-499,"Form 5500 2019: 146 participants, largest plan, sponsor HONEYMOON PAPER PRODUCTS, INC.; metrics jobs retained 79",2019,B,,"Rule R2: own plan under 250 participants, no subsidiary marker in the name, not an SEC registrant."
EIN:340689355,THE GREAT LAKES CONSTRUCTION CO,340689355,HINCKLEY,OH,,96500,1,2019,business,,,,,140,166,173,THE GREAT LAKES CONSTRUCTION CO.,OH,The Great Lakes Construction Co.,Revitalization Grant Phase II,0,Other,96500,business,THE GREAT LAKES CONSTRUCTION CO,OH,Form 5500 plan sponsor address (2023),100-499,"Form 5500 2023: 173 participants, largest plan, sponsor THE GREAT LAKES CONSTRUCTION CO.",2023,B,,"Rule R2: own plan under 250 participants, no subsidiary marker in the name, not an SEC registrant."
EIN:341809003,Venture Packaging Midwest Inc,341809003,Evansville,IN,,95000,2,2017 2018,business,0001075623,VENTURE PACKAGING MIDWEST INC,OH,IN,,,,,,,,,,,,,,,,,,,,
EIN:474094933,MILE TWO LLC,474094933,DAYTON,OH,,95000,1,2023,business,,,,,,33,116,"MILE TWO, LLC",OH,Mile Two LLC,Workforce Grant,34,IT,95000,business,MILE TWO LLC,OH,Form 5500 plan sponsor address (2023),100-499,"Form 5500 2023: 116 participants, largest plan, sponsor MILE TWO, LLC; metrics jobs retained 34",2023,B,,"Rule R2: own plan under 250 participants, no subsidiary marker in the name, not an SEC registrant."
EIN:341834239,AMERICAN TECHNICAL COATINGS INC,341834239,WESTLAKE,OH,,94783,1,2023,business,,,,,,,,,,"American Technical Coatings, Inc.",Economic Development Grant,3,Advanced Manufacturing,150000,,,,,,,,,,
EIN:943450803,SATELYTICS,943450803,TOLEDO,OH,,90940,1,2023,business,0001546977,"Satelytics, Inc.",OH,OH,,,28,SATELYTICS INC,OH,Satelytics Inc.,Workforce Grant,10,Technology,200000,,,,,,,,,,
EIN:341424666,Sandusky County Economic Development Corporation,341424666,Fremont,OH,501(c)(3),90000,1,2015,government,,,,,,,,,,,,,,,government,Sandusky County Economic Development Corporation,OH,Schedule I address; Ohio public or nonprofit entity,,,,B,,Rule R4: government by name and IRC section; not in the business headline.
EIN:204410794,ElectroCraft Ohio Inc,204410794,Gallipolis,OH,,90000,1,2017,business,,,,,135,,,ELECTROCRAFT OHIO INC.,OH,"ElectroCraft Ohio, Inc.",Revitalization Grant; Workforce Grant,135,Advanced Manufacturing,90000,,,,,,,,,,
EIN:863326996,TRAILHEAD PROPERTY MANAGEMENT LLC,863326996,BEACHWOOD,OH,,88500,1,2022,site_development,,,,,,,,,,,,,,,site_development,TRAILHEAD PROPERTY MANAGEMENT LLC,OH,Schedule I address; Ohio public or nonprofit entity,,,,B,,Rule R4: site_development by name and IRC section; not in the business headline.
EIN:815315937,Allied Crawford (Cincinnati) Inc,815315937,Franklin,OH,,85000,1,2018,business,,,,,,,,,,Allied Crawford (Cincinnati) Inc.,Revitalization Grant,0,Logistics and Distribution,85000,,,,,,,,,,
EIN:311564962,VINYLMAX LLC,311564962,HAMILTON,OH,,83707,1,2024,business,,,,,137,143,346,"VINYLMAX, LLC",OH,Vinylmax LLC,Economic Development Grant,274,Advanced Manufacturing,225000,,,,,,,,,,
EIN:320536305,FORMLABS OHIO INC,320536305,MILLBURY,OH,,82680,2,2019 2024,business,,,,,,36,59,"FORMLABS OHIO, INC. DBA SPECTRA PHO",OH,Formlabs Ohio Inc.,Economic Development Grant,45,Advanced Manufacturing,150000,,,,,,,,,,
EIN:311290621,R&R TOOL INC,311290621,BLANCHESTER,OH,,82226,1,2024,business,,,,,,,124,"R&R TOOL, INC.",OH,"R & R Tool, Inc.",Economic Development Grant,92,Healthcare,100000,business,R&R TOOL INC,OH,Form 5500 plan sponsor address (2023),100-499,"Form 5500 2023: 124 participants, largest plan, sponsor R&R TOOL, INC.; metrics jobs retained 92",2023,B,,"Rule R2: own plan under 250 participants, no subsidiary marker in the name, not an SEC registrant."
EIN:311401876,THERMOSEAL INC,311401876,SIDNEY,OH,,82000,1,2023,business,,,,,24,32,47,"THERMOSEAL, INC.",OH,Thermoseal Inc.,Economic Development Grant,28,Advanced Manufacturing,82000,business,THERMOSEAL INC,OH,Form 5500 plan sponsor address (2023),<100,"Form 5500 2023: 47 participants, largest plan, sponsor THERMOSEAL, INC.; metrics jobs retained 28",2023,B,,"Rule R2: own plan under 250 participants, no subsidiary marker in the name, not an SEC registrant."
EIN:272450190,Diamond Manufacturing of Bluffton LTD,272450190,Bluffton,OH,,80000,1,2015,business,,,,,,85,63,"DIAMOND MANUFACTURING OF BLUFFTON, LLC",OH,"Diamond Manufacturing of Bluffton, Ltd.",Inclusion Grant,58,Advanced,25000,business,Diamond Manufacturing of Bluffton LTD,OH,JobsOhio Inclusion Grant program rule (Ohio small business); JobsOhio monthly metrics report,<100,"JobsOhio Inclusion Grant eligibility (small business, cap $50,000); metrics jobs retained 58; Form 5500 2019: 85 participants",2015,B,,Rule R1: Inclusion Grant recipient with no contrary size signal.
EIN:340367600,The Lubrizol Corporation,340367600,Wickliffe,OH,,80000,1,2018,business,0000060751,LUBRIZOL Corp,OH,OH,7830,8729,6038,THE LUBRIZOL CORPORATION,OH,Lubrizol,Economic Development Grant; Workforce Grant,309,Shale Energy and Petrochemicals,330000,business,The Lubrizol Corporation,OH,Form 5500 plan sponsor address (2019),500-4999,"Form 5500 2019: 8729 participants, largest plan, sponsor THE LUBRIZOL CORPORATION; metrics jobs retained 309",2019,B,,"Rule R3: own plan at 1,500 or more participants; counts include retirees, so the bucket is conservative."
EIN:311751707,Youngstown Business Incubator,311751707,Youngstown,OH,,80000,1,2018,business,,,,,,,,,,,,,,,,,,,,,,,,
EIN:341846562,NELSON PACKAGING COMPANY INC,341846562,LIMA,OH,,80000,1,2019,business,,,,,99,95,175,"NELSON PACKAGING COMPANY, INC.",OH,"Nelson Packaging Company, Inc.",Workforce Grant,211,Advanced Manufacturing,80000,business,NELSON PACKAGING COMPANY INC,OH,Form 5500 plan sponsor address (2023),100-499,"Form 5500 2023: 175 participants, largest plan, sponsor NELSON PACKAGING COMPANY, INC.; metrics jobs retained 211",2023,B,,"Rule R2: own plan under 250 participants, no subsidiary marker in the name, not an SEC registrant."
EIN:344306440,NIDEC MINSTER CORPORATION,344306440,MINSTER,OH,,80000,1,2020,business,,,,,839,721,636,NIDEC MINSTER CORPORATION,OH,Nidec Minster Corporation,Workforce Grant,547,Advanced Manufacturing,80000,,,,,,,,,,
EIN:340641582,GENERAL ALUMINUM MFG COMPANY,340641582,RAVENNA,OH,,80000,1,2021,business,0001311570,General Aluminum Mfg. CO,OH,OH,,,,,,General Aluminum Mfg. Company,Workforce Grant,110,Advanced Manufacturing,80000,,,,,,,,,,
EIN:310733949,GEIGER BROTHERS INC,310733949,JACKSON,OH,,80000,1,2024,business,,,,,10,12,120,"GEIGER BROTHERS, INC.",OH,"Geiger Brothers, Inc.",Economic Development Grant,260,Advanced Manufacturing,80000,business,GEIGER BROTHERS INC,OH,Form 5500 plan sponsor address (2023),100-499,"Form 5500 2023: 120 participants, largest plan, sponsor GEIGER BROTHERS, INC.; metrics jobs retained 260",2023,B,,"Rule R2: own plan under 250 participants, no subsidiary marker in the name, not an SEC registrant."
EIN:134108681,Coty US LLC,134108681,Pataskala,OH,,77468,1,2018,business,,,,,,,,,,,,,,,,,,,,,,,,
EIN:341943090,CENTRAL MACHINERY COMPANY LLC,341943090,MARION,OH,,76998,2,2019 2020,business,,,,,44,62,102,"CENTRAL MACHINERY COMPANY, LLC DBA CEN MAC METAL",OH,"Central Machinery Company, LLC",Workforce Grant,54,Advanced Manufacturing,75000,business,CENTRAL MACHINERY COMPANY LLC,OH,Form 5500 plan sponsor address (2023),100-499,"Form 5500 2023: 102 participants, largest plan, sponsor CENTRAL MACHINERY COMPANY, LLC DBA CEN MAC METAL; metrics jobs retained 54",2023,B,,"Rule R2: own plan under 250 participants, no subsidiary marker in the name, not an SEC registrant."
EIN:340978908,VANGUARD-SENTINEL CAREER & TECHNOLOGY,340978908,FREMONT,OH,,76823,1,2020,business,,,,,,,,,,,,,,,,,,,,,,,,
EIN:383933363,TRACTION ON DEMAND (TRACTION ON DEMAND US INC),383933363,DAYTON,OH,,75716,1,2020,business,,,,,,45,,TRACTION ON DEMAND US INC,TX,Traction on Demand,Workforce Grant,5,IT,300000,,,,,,,,,,
EIN:260546656,PRIME AE Group Inc,260546656,Columbus,OH,,75000,2,2016 2018,business,,,,,288,429,602,"PRIME AE GROUP, INC.",OH,PRIME AE Group Inc.,Economic Development Grant,83,Information Technology,75000,,,,,,,,,,
EIN:341376029,Wrap N' Ship Inc,341376029,Toledo,OH,,75000,2,2017 2018,business,,,,,,,,,,,,,,,,,,,,,,,,
EIN:800065827,Raymond Storage Concepts Inc,800065827,Blue Ash,OH,,75000,1,2018,business,,,,,113,,,"RAYMOND STORAGE CONCEPTS, INC.",OH,"Raymond Storage Concepts, Inc.",Economic Development Grant,80,Logistics and Distribution,75000,business,Raymond Storage Concepts Inc,OH,Form 5500 plan sponsor address (2015),100-499,"Form 5500 2015: 113 participants, largest plan, sponsor RAYMOND STORAGE CONCEPTS, INC.; metrics jobs retained 80",2015,B,,"Rule R2: own plan under 250 participants, no subsidiary marker in the name, not an SEC registrant."
EIN:821501811,BANK STREET HOLDINGS LLC,821501811,VALLEY VIEW,OH,,75000,3,2019 2021 2022,business,,,,,,,,,,,,,,,,,,,,,,,,
EIN:825505807,GHD GREEN LLC,825505807,CINCINNATI,OH,,75000,1,2019,business,,,,,,,,,,,,,,,,,,,,,,,,
EIN:362407381,UNITED PARCEL SERVICE INC,362407381,COLUMBUS,OH,,75000,1,2019,business,,,,,,,,,,"United Parcel Service, Inc.",Workforce Grant,1799,Logistics and Distribution,375000,,,,,,,,,,
EIN:383974397,EASIBUY LLC,383974397,HUDSON,OH,,75000,1,2020,business,,,,,,,,,,"EASiBuy, LLC",Revitalization Grant,9,IT,75000,,,,,,,,,,
EIN:943487885,SGB USA INC,943487885,TALLMADGE,OH,,75000,1,2020,business,,,,,,,,,,"SGB USA, Inc.",Workforce Grant,7,Advanced Manufacturing,75000,,,,,,,,,,
EIN:611692583,CROZIER WELDING LLC,611692583,COSHOCTON,OH,,75000,1,2021,business,,,,,,,,,,"Crozier Welding, LLC",Economic Development Grant,30,Energy and Chemicals,75000,,,,,,,,,,
EIN:461588341,FAXON FIREARMS LLC,461588341,WEST CHESTER,OH,,75000,1,2021,business,,,,,,,,,,"Faxon Firearms, LLC",Economic Development Grant,55,Advanced Manufacturing,75000,,,,,,,,,,
EIN:814598385,HYDRAULIC MANIFOLDS USA LLC,814598385,WEST MILFORD,NJ,,75000,1,2021,business,,,,,,27,19,"HYDRAULIC MANIFOLDS, USA LLC",OH,"Hydraulic Manifolds, USA LLC",Economic Development Grant,0,Advanced Manufacturing,75000,,,,,,,,,,
EIN:203815844,INDUSTRIAL RELIABILITY AND REPAIR,203815844,CHILLICOTHE,OH,,75000,2,2021 2024,business,,,,,,14,141,"INDUSTRIAL RELIABILITY AND REPAIR, LLC",OH,"Industrial Reliability and Repair, LLC",Economic Development Grant; Inclusion Grant,35,Advanced Manufacturing,75000,business,INDUSTRIAL RELIABILITY AND REPAIR,OH,Form 5500 plan sponsor address (2023),100-499,"Form 5500 2023: 141 participants, largest plan, sponsor INDUSTRIAL RELIABILITY AND REPAIR, LLC; metrics jobs retained 35",2023,B,,"Rule R2: own plan under 250 participants, no subsidiary marker in the name, not an SEC registrant."
EIN:222451241,MERIDIENNE INTERNATIONAL INC,222451241,AURORA,OH,,75000,1,2021,business,,,,,18,32,,MERIDIENNE INTERNATIONAL INC,OH,"Meridienne International, Inc.",Revitalization Grant,20,Advanced Manufacturing,75000,,,,,,,,,,
EIN:341174227,PRENTKE ROMICH COMPANY,341174227,WOOSTER,OH,,75000,1,2021,business,,,,,208,288,396,PRC-SALTILLO,OH,Prentke Romich Company,Workforce Grant,202,IT,75000,,,,,,,,,,
EIN:646016768,QUALITY STEEL CORPORATION OF MS (QUALITY STEEL CORPORATION),646016768,FREMONT,OH,,75000,1,2021,business,,,,,236,264,,QUALITY STEEL CORPORATION,MS,Quality Steel Corporation of MS (Quality Steel Corporation),Economic Development Grant,164,Advanced Manufacturing,75000,,,,,,,,,,
EIN:311393419,QUEST DEFENSE SYSTEMS,311393419,CINCINNATI,OH,,75000,1,2021,business,,,,,1382,2017,2416,"QUEST GLOBAL SERVICES N.A., INC.",CT,,,,,,business,QUEST DEFENSE SYSTEMS,CT,Form 5500 plan sponsor address (2023),500-4999,"Form 5500 2023: 2416 participants, largest plan, sponsor QUEST GLOBAL SERVICES N.A., INC.",2023,B,,"Rule R3: own plan at 1,500 or more participants; counts include retirees, so the bucket is conservative."
EIN:844259995,THALER MACHINE COMPANY LLC,844259995,SPRINGBORO,OH,,75000,1,2021,business,,,,,,,138,THALER MACHINE COMPANY LLC,OH,Thaler Machine Company LLC,Economic Development Grant,110,Advanced Manufacturing,75000,business,THALER MACHINE COMPANY LLC,OH,Form 5500 plan sponsor address (2023),100-499,"Form 5500 2023: 138 participants, largest plan, sponsor THALER MACHINE COMPANY LLC; metrics jobs retained 110",2023,B,,"Rule R2: own plan under 250 participants, no subsidiary marker in the name, not an SEC registrant."
EIN:311585233,THE WORTHINGTON STEEL COMPANY,311585233,DELTA,OH,,75000,1,2021,business,,,,,,,,,,The Worthington Steel Company,Economic Development Grant,175,Advanced Manufacturing,75000,,,,,,,,,,
EIN:871421992,10600 EVENDALE DRIVE LLC,871421992,BLUE ASH,OH,,75000,1,2022,business,,,,,,,,,,,,,,,,,,,,,,,,
EIN:460635641,A-GAS US INC,460635641,BOWLING GREEN,OH,,75000,1,2022,business,,,,,,285,457,A-GAS US INC.,OH,A-Gas US Inc.,Economic Development Grant,81,Energy and Chemicals,75000,,,,,,,,,,
EIN:262606260,N2Y LLC,262606260,HURON,OH,,75000,1,2022,business,,,,,,104,233,N2Y LLC,OH,N2Y LLC,Workforce Grant,111,Technology,75000,business,N2Y LLC,OH,Form 5500 plan sponsor address (2023),100-499,"Form 5500 2023: 233 participants, largest plan, sponsor N2Y LLC; metrics jobs retained 111",2023,B,,"Rule R2: own plan under 250 participants, no subsidiary marker in the name, not an SEC registrant."
EIN:271764977,NAPOLEON MACHINE LLC,271764977,NAPOLEON,OH,,75000,1,2022,business,,,,,,16,39,NAPOLEON MACHINE,OH,"Napoleon Machine, LLC",Economic Development Grant,30,Advanced Manufacturing,75000,business,NAPOLEON MACHINE LLC,OH,Form 5500 plan sponsor address (2023),<100,"Form 5500 2023: 39 participants, largest plan, sponsor NAPOLEON MACHINE; metrics jobs retained 30",2023,B,,"Rule R2: own plan under 250 participants, no subsidiary marker in the name, not an SEC registrant."
EIN:200027233,TRANSGLOBAL INC,200027233,WARREN,OH,,75000,1,2022,business,,,,,27,71,143,"TRANSGLOBAL, INC.",OH,"Transglobal, Inc.",Economic Development Grant; Growth Fund Loan,35,Automotive,3075000,business,TRANSGLOBAL INC,OH,Form 5500 plan sponsor address (2023),100-499,"Form 5500 2023: 143 participants, largest plan, sponsor TRANSGLOBAL, INC.; metrics jobs retained 35",2023,B,,"Rule R2: own plan under 250 participants, no subsidiary marker in the name, not an SEC registrant."
EIN:844391631,1M GROUP LLC,844391631,DENVER,CO,,75000,1,2023,business,,,,,,,,,,"1M Group, LLC",Economic Development Grant,0,Advanced Manufacturing,75000,,,,,,,,,,
EIN:873277500,35350 CURITS LLC,873277500,HIGHLAND HEIGHTS,OH,,75000,1,2023,business,,,,,,,,,,,,,,,,,,,,,,,,
EIN:341165942,AMERICAN COLORS INC,341165942,SANDUSKY,OH,,75000,1,2023,business,,,,,59,84,99,"AMERICAN COLORS, INC.",OH,"American Colors, Inc.",Economic Development Grant,53,Energy and Chemicals,75000,business,AMERICAN COLORS INC,OH,Form 5500 plan sponsor address (2023),<100,"Form 5500 2023: 99 participants, largest plan, sponsor AMERICAN COLORS, INC.; metrics jobs retained 53",2023,B,,"Rule R2: own plan under 250 participants, no subsidiary marker in the name, not an SEC registrant."
EIN:842948886,DANSONS PEEBLES LLC,842948886,PHOENIX,AZ,,75000,1,2023,business,,,,,,,,,,Dansons Peebles LLC,Economic Development Grant,0,Food and Agribusiness,75000,,,,,,,,,,
EIN:383223296,EDW C LEVY CO,383223296,DELTA,OH,,75000,1,2023,business,,,,,,,,,,EDW. C. Levy Co.,Workforce Grant,40,Advanced,75000,,,,,,,,,,
EIN:341019273,KEIM LUMBER COMPANY,341019273,CHARM,OH,,75000,1,2023,business,,,,,388,459,603,KEIM LUMBER COMPANY,OH,Keim Lumber Company,Economic Development Grant; Workforce Grant,633,Logistics and Distribution,135000,,,,,,,,,,
EIN:311574034,LUBRICATION SPECIALTIES INC,311574034,WESTERVILLE,OH,,75000,1,2023,business,,,,,,,,,,"Lubrication Specialties, Inc.",Economic Development Grant,37,Energy and,75000,,,,,,,,,,
EIN:311567260,MPW INDUSTRIAL SERVICES GROUP INC,311567260,CHICAGO,IL,,75000,1,2023,business,,,,,1844,2453,2767,"MPW INDUSTRIAL SERVICES GROUP, INC.",OH,"MPW Industrial Services Group, Inc.",Economic Development Grant,316,Advanced Manufacturing,75000,,,,,,,,,,
EIN:581455083,PHOENIX METALS COMPANY (PHOENIX CORPORATION),581455083,ATLANTA,GA,,75000,1,2023,business,0001384871,Phoenix Corp,GA,CA,,,,,,Phoenix Metals Company (Phoenix Corporation),Economic Development Grant,59,Advanced Manufacturing,75000,,,,,,,,,,
EIN:411921490,POLARIS SALES INC,411921490,MINNEAPOLIS,MN,,75000,1,2023,business,,,,,,,,,,"Polaris Sales, Inc.",Economic Development Grant,79,Logistics and Distribution,75000,,,,,,,,,,
EIN:470691265,STAHLSCOTT FETZER COMPANY,470691265,CLEVELAND,OH,,75000,1,2023,business,,,,,,,,,,,,,,,,,,,,,,,,
EIN:340176110,THE DAVEY TREE EXPERT COMPANY,340176110,KENT,OH,,75000,1,2023,business,0000277638,DAVEY TREE EXPERT CO,OH,OH,6205,5927,12594,THE DAVEY TREE EXPERT COMPANY,OH,The Davey Tree Expert Company,Economic Development Grant; Revitalization Grant,537,Other,375000,business,THE DAVEY TREE EXPERT COMPANY,OH,Form 5500 plan sponsor address (2023),5000+,"Form 5500 2023: 12594 participants, largest plan, sponsor THE DAVEY TREE EXPERT COMPANY; metrics jobs retained 537",2023,B,,"Rule R3: own plan at 1,500 or more participants; counts include retirees, so the bucket is conservative."
EIN:611853400,AVT BECKETT ELEVATORS USA INC,611853400,LOGAN,OH,,75000,1,2024,business,,,,,,,2,"AVT BECKETT ELEVATORS USA, INC",OH,"AVT Beckett Elevators USA, Inc.",Economic Development Grant,0,Advanced Manufacturing,75000,,,,,,,,,,
EIN:881542227,B&T ASSOCIATES,881542227,NAVARRE,OH,,75000,1,2024,business,,,,,,,,,,,,,,,,,,,,,,,,
EIN:270173350,CORE SPECIALTY INSURANCE SERVICES INC,270173350,CINCINNATI,OH,,75000,1,2024,business,,,,,,,750,"CORE SPECIALTY INSURANCE SERVICES, INC.",OH,"Core Specialty Insurance Services, Inc.",Economic Development Grant,78,Financial Services,150000,,,,,,,,,,
EIN:820515535,PEAK FOODS LLC,820515535,BOISE,ID,,75000,1,2024,business,,,,,71,88,98,"PEAK FOODS, LLC",OH,Peak Foods LLC.,Economic Development Grant,66,Food and,75000,business,PEAK FOODS LLC,OH,Form 5500 plan sponsor address (2023),<100,"Form 5500 2023: 98 participants, largest plan, sponsor PEAK FOODS, LLC; metrics jobs retained 66",2023,B,,"Rule R2: own plan under 250 participants, no subsidiary marker in the name, not an SEC registrant."
EIN:341148853,POLYMERICS INC,341148853,CUYAHOGA FALLS,OH,,75000,1,2024,business,,,,,53,44,48,"POLYMERICS, INC.",OH,"Polymerics, Inc.",Workforce Grant,49,Energy and Chemicals,75000,business,POLYMERICS INC,OH,Form 5500 plan sponsor address (2015),<100,"Form 5500 2015: 53 participants, largest plan, sponsor POLYMERICS, INC.; metrics jobs retained 49",2015,B,,"Rule R2: own plan under 250 participants, no subsidiary marker in the name, not an SEC registrant."
EIN:341913858,SEQUOIA FINANCIAL GROUP LLC,341913858,AKRON,OH,,75000,1,2024,business,,,,,35,,194,"SEQUOIA FINANCIAL GROUP, LLC",OH,"Sequoia Financial Group, LLC",Economic Development Grant,75,Financial Services,75000,,,,,,,,,,
EIN:262093343,WIKA SENSOR TECHNOLOGY LP,262093343,LAWRENCEVILLE,GA,,75000,1,2024,business,,,,,,,,,,"Sensor Technology, LP",Inclusion Grant,9,Advanced Manufacturing,25000,business,WIKA SENSOR TECHNOLOGY LP,OH,JobsOhio Inclusion Grant program rule (Ohio small business); JobsOhio monthly metrics report,<100,"JobsOhio Inclusion Grant eligibility (small business, cap $50,000); metrics jobs retained 9",2024,B,,Rule R1: Inclusion Grant recipient with no contrary size signal.
EIN:464870260,STARK COUNTY MINORITY BUSINESS ASSOCATION,464870260,CANTON,OH,,73457,3,2020 2021 2022,government,,,,,,,,,,,,,,,government,STARK COUNTY MINORITY BUSINESS ASSOCATION,OH,Schedule I address; Ohio public or nonprofit entity,,,,B,,Rule R4: government by name and IRC section; not in the business headline.
EIN:943196943,SIMPSON MANUFACTURING CO INC,943196943,PLEASANTON,CA,,73000,1,2023,business,0000920371,"Simpson Manufacturing Co., Inc.",DE,CA,1729,2626,3189,"SIMPSON MANUFACTURING CO., INC",CA,"Simpson Manufacturing Co., Inc.",Workforce Grant,380,Advanced Manufacturing,200000,business,SIMPSON MANUFACTURING CO INC,CA,Form 5500 plan sponsor address (2023),500-4999,"Form 5500 2023: 3189 participants, largest plan, sponsor SIMPSON MANUFACTURING CO., INC; metrics jobs retained 380",2023,B,,"Rule R3: own plan at 1,500 or more participants; counts include retirees, so the bucket is conservative."
EIN:832600215,NATIONAL BEEF OHIO LLC,832600215,NORTH BALTIMORE,OH,,72500,1,2023,business,,,,,,262,262,OHIO BEEF USA LLC,MO,,,,,,,,,,,,,,,
EIN:311309353,KC ROBOTICS INC,311309353,WEST CHESTER,OH,,71249,1,2023,business,,,,,17,22,42,"KC ROBOTICS, INC.",OH,"KC Robotics, Inc.",Economic Development Grant,31,Advanced Manufacturing,75000,business,KC ROBOTICS INC,OH,Form 5500 plan sponsor address (2023),<100,"Form 5500 2023: 42 participants, largest plan, sponsor KC ROBOTICS, INC.; metrics jobs retained 31",2023,B,,"Rule R2: own plan under 250 participants, no subsidiary marker in the name, not an SEC registrant."
EIN:311570785,THE CLARENCE AND JUDITH LAPEDES FAMILY LLC,311570785,CINCINNATI,OH,,68696,1,2019,business,,,,,,,,,,,,,,,,,,,,,,,,
EIN:453535042,GREEN PLANET 21 UTILITY SERVICES LLC,453535042,OAKLAND,CA,,66604,2,2023 2024,business,,,,,,,,,,,,,,,,,,,,,,,,
EIN:822325963,DAYTON SEWING COLLABORATIVE,822325963,DAYTON,OH,,66300,1,2019,business,,,,,,,,,,,,,,,,,,,,,,,,
NAME:arkay properties,Arkay Properties LLC,,Cuyahoga Falls,OH,,65000,1,2016,site_development,,,,,,,,,,,,,,,site_development,Arkay Properties LLC,OH,Schedule I address; Ohio public or nonprofit entity,,,,B,,Rule R4: site_development by name and IRC section; not in the business headline.
EIN:452752253,USA FIRMWARE LLC,452752253,BRECKSVILLE,OH,,65000,1,2021,business,,,,,,,,,,"USA Firmware, LLC",Economic Development Grant,15,IT,65000,,,,,,,,,,
EIN:341440886,MULLET CABINETS INC,341440886,MILLERSBURG,OH,,65000,1,2024,business,,,,,244,252,202,MULLET CABINET,OH,"Mullet Cabinets, Inc.",Economic Development Grant,204,Advanced Manufacturing,65000,,,,,,,,,,
EIN:822415903,GLBC Scranton LLC,822415903,Cleveland,OH,,64727,1,2018,business,,,,,,,,,,GLBC Scranton LLC,Revitalization Grant Phase II,0,Other,77235,,,,,,,,,,
EIN:262885325,SCOTT STEEL LLC,262885325,PIQUA,OH,,63094,1,2024,business,,,,,,34,57,"SCOTT STEEL, LLC",OH,"Scott Steel, LLC",Revitalization Grant; Revitalization Grant Phase II,45,Advanced Manufacturing,311445,business,SCOTT STEEL LLC,OH,Form 5500 plan sponsor address (2023),<100,"Form 5500 2023: 57 participants, largest plan, sponsor SCOTT STEEL, LLC; metrics jobs retained 45",2023,B,,"Rule R2: own plan under 250 participants, no subsidiary marker in the name, not an SEC registrant."
EIN:581853319,The Home Depot Inc,581853319,Atlanta,GA,,62000,1,2018,business,,,,,307253,368918,412232,"HOME DEPOT USA, INC.",GA,,,,,,business,The Home Depot Inc,GA,Form 5500 plan sponsor address (2023),5000+,"Form 5500 2023: 412232 participants, largest plan, sponsor HOME DEPOT USA, INC.",2023,B,,"Rule R3: own plan at 1,500 or more participants; counts include retirees, so the bucket is conservative."
EIN:346401558,City of Wauseon,346401558,Wauseon,OH,,61839,1,2018,government,,,,,,,,,,City of Wauseon,Revitalization Grant Phase II,0,Automotive,63937,government,City of Wauseon,OH,Schedule I address; Ohio public or nonprofit entity,,,,B,,Rule R4: government by name and IRC section; not in the business headline.
EIN:271511457,CROW WORKS LLC,271511457,KILLBUCK,OH,,61555,1,2022,business,,,,,,,,,,"Crow Works, LLC",Workforce Grant,50,Advanced Manufacturing,250000,,,,,,,,,,
EIN:341152347,KURTZ BROS INC,341152347,GARFIELD HEIGHTS,OH,,61351,1,2019,business,,,,,258,348,501,"KURTZ BROS., INC.",OH,"Kurtz Bros., Inc.",Revitalization Grant Phase II,0,Food and Agribusiness,68291,,,,,,,,,,
EIN:201783964,INFOTRUST LLC,201783964,BLUE ASH,OH,,60000,1,2020,business,,,,,,38,123,"INFOTRUST, LLC",OH,"InfoTrust, LLC",Workforce Grant,36,Software,60000,business,INFOTRUST LLC,OH,Form 5500 plan sponsor address (2023),100-499,"Form 5500 2023: 123 participants, largest plan, sponsor INFOTRUST, LLC; metrics jobs retained 36",2023,B,,"Rule R2: own plan under 250 participants, no subsidiary marker in the name, not an SEC registrant."
EIN:341202777,PANELMATIC YOUNGSTOWN INC,341202777,BROOKFIELD,OH,,60000,1,2020,business,,,,,,,,,,"Panelmatic Youngstown, Inc.",Economic Development Grant,48,Advanced Manufacturing,60000,,,,,,,,,,
EIN:311669229,PHILLIPS EDISON & COMPANY LTD,311669229,CINCINNATI,OH,,60000,1,2020,business,,,,,382,614,414,PHILLIPS EDISON & COMPANY LTD,OH,Phillips Edison Company Ltd.,Workforce Grant,181,Other,100000,,,,,,,,,,
EIN:472427790,ACE PRODUCTS & CONSULTING LLC,472427790,RAVENNA,OH,,60000,2,2021 2024,business,,,,,,8,20,ACE PRODUCTS & CONSULTING,OH,"ACE Products & Consulting, LLC",Inclusion Grant,19,Advanced Manufacturing,60000,business,ACE PRODUCTS & CONSULTING LLC,OH,JobsOhio Inclusion Grant program rule (Ohio small business); JobsOhio monthly metrics report,<100,"JobsOhio Inclusion Grant eligibility (small business, cap $50,000); metrics jobs retained 19; Form 5500 2023: 20 participants",2024,B,,Rule R1: Inclusion Grant recipient with no contrary size signal.
EIN:208679477,REALEFLOW LLC,208679477,BRUNSWICK,OH,,57216,1,2024,business,,,,,,,29,"REALEFLOW, LLC",OH,"Realeflow, LLC",Economic Development Grant,30,Technology,100000,business,REALEFLOW LLC,OH,Form 5500 plan sponsor address (2023),<100,"Form 5500 2023: 29 participants, largest plan, sponsor REALEFLOW, LLC; metrics jobs retained 30",2023,B,,"Rule R2: own plan under 250 participants, no subsidiary marker in the name, not an SEC registrant."
EIN:202779385,CPG INTERNATIONAL LLC,202779385,SKOKIE,IL,,55000,1,2019,business,0001356711,CPG INTERNATIONAL INC.,DE,PA,792,1300,2189,THE AZEK GROUP LLC,IL,CPG International LLC,Workforce Grant,0,Manufacturing,55000,,,,,,,,,,
EIN:222988012,ASHTA CHEMICALS INC,222988012,ASHTABULA,OH,,55000,1,2020,business,,,,,101,108,134,INEOS KOH INC.,OH,Ashta Chemicals Inc.,Workforce Grant,91,Shale Energy and Petrochemicals,55000,business,ASHTA CHEMICALS INC,OH,Form 5500 plan sponsor address (2023),100-499,"Form 5500 2023: 134 participants, largest plan, sponsor INEOS KOH INC.; metrics jobs retained 91",2023,B,,"Rule R2: own plan under 250 participants, no subsidiary marker in the name, not an SEC registrant."
EIN:111986323,MARCUM LLP,111986323,CLEVELAND,OH,,55000,1,2020,business,,,,,1782,2634,4923,MARCUM LLP,NY,Marcum LLP,Workforce Grant,30,Financial Services,55000,business,MARCUM LLP,NY,Form 5500 plan sponsor address (2023),500-4999,"Form 5500 2023: 4923 participants, largest plan, sponsor MARCUM LLP; metrics jobs retained 30",2023,B,,"Rule R3: own plan at 1,500 or more participants; counts include retirees, so the bucket is conservative."
EIN:030223034,WEIDMANN ELECTRICAL TECHNOLOGY INC,030223034,URBANA,OH,,55000,1,2020,business,,,,,517,705,757,WEIDMANN ELECTRICAL TECHNOLOGY INC,VT,Weidmann Electrical Technology Inc.,Revitalization Grant; Workforce Grant,215,Advanced Manufacturing,2055000,,,,,,,,,,
EIN:371418273,ST ENGINEERING HACKNEY INC,371418273,KIDRON,OH,,55000,1,2022,business,,,,,609,824,633,"ST ENGINEERING HACKNEY, INC",NC,"ST Engineering Hackney, Inc.",Economic Development Grant,63,Automotive,55000,,,,,,,,,,
EIN:510407971,BARCLAYS SERVICES LLC,510407971,WILMINGTON,DE,,52869,2,2017 2022,business,,,,,,,,,,Barclays Services Ohio (Barclays Services LLC),Workforce Grant,,Financial Services,300000,,,,,,,,,,
EIN:311435433,Maca Plastics Inc,311435433,Winchester,OH,,52000,2,2015 2016,business,,,,,42,,,MACA PLASTICS,OH,,,,,,business,Maca Plastics Inc,OH,Form 5500 plan sponsor address (2015),<100,"Form 5500 2015: 42 participants, largest plan, sponsor MACA PLASTICS",2015,B,,"Rule R2: own plan under 250 participants, no subsidiary marker in the name, not an SEC registrant."
EIN:453997071,MONITOR THERAPEUTICS INC,453997071,DUBLIN,OH,,50130,1,2023,business,0001721865,"Monitored Therapeutics, Inc.",DE,OH,,,,,,,,,,,,,,,,,,,,
EIN:741478631,McLane Ohio Inc,741478631,Findlay,OH,,50100,1,2018,business,,,,,20157,26298,30598,"MCLANE COMPANY, INC.",TX,,,,,,,,,,,,,,,
EIN:113682720,,113682720,,,,50000,1,2014,business,,,,,,,,,,,,,,,,,,,,,,,,
EIN:520902777,,520902777,,,,50000,1,2014,business,,,,,395,403,572,INDEPENDENT CAN COMPANY,MD,,,,,,,,,,,,,,,
EIN:161090809,BASF Corporation,161090809,Florham Park,NJ,,50000,1,2015,business,,,,,26380,25363,20109,BASF CORPORATION,NJ,,,,,,business,BASF Corporation,NJ,Form 5500 plan sponsor address (2015),5000+,"Form 5500 2015: 26380 participants, largest plan, sponsor BASF CORPORATION",2015,B,,"Rule R3: own plan at 1,500 or more participants; counts include retirees, so the bucket is conservative."
EIN:930518680,Consolidated Metco Inc,930518680,Vancouver,WA,,50000,1,2015,business,,,,,,,,,,,,,,,,,,,,,,,,
EIN:340936989,UNVERFERTH MANUFACTURING CO INC,340936989,KALIDA,OH,,50000,3,2015 2019 2023,business,,,,,1063,906,1182,UNVERFERTH MANUFACTURUNG CO. INC.,OH,"Unverferth Manufacturing Company, Inc.",Economic Development Grant,484,Advanced Manufacturing,50000,,,,,,,,,,
EIN:341775903,Downtown Cleveland Alliance,341775903,Cleveland,OH,501(c)(3),50000,1,2015,nonprofit,,,,,24,27,35,DOWNTOWN CLEVELAND ALLIANCE,OH,,,,,,nonprofit,Downtown Cleveland Alliance,OH,Schedule I address; Ohio public or nonprofit entity,<100,Form 5500 2023: 35 participants,2023,B,,Rule R4: nonprofit by name and IRC section; not in the business headline.
EIN:320071821,Manufacturing Business Development Solutions LLC,320071821,Findlay,OH,,50000,2,2016 2017,business,,,,,,,,,,,,,,,,,,,,,,,,
EIN:341398298,Walnut Creek Foods,341398298,Walnut Creek,OH,,50000,1,2016,business,,,,,210,271,408,"COBLENTZ DISTRIBUTING, INC",OH,,,,,,,,,,,,,,,
EIN:341570807,Polychem Corporation,341570807,Mentor,OH,,50000,1,2017,business,,,,,349,543,774,"POLYCHEM, LLC",OH,"Polychem, LLC",Economic Development Grant; Workforce Grant,157,Advanced Manufacturing,150000,,,,,,,,,,
EIN:461515066,Talis Clinical LLC,461515066,Streetsboro,OH,,50000,1,2017,business,,,,,23,62,95,TALIS CLINICAL LLC,OH,"Talis Clinical, LLC",Revitalization Grant,24,Information Services and Software,50000,business,Talis Clinical LLC,OH,Form 5500 plan sponsor address (2023),<100,"Form 5500 2023: 95 participants, largest plan, sponsor TALIS CLINICAL LLC; metrics jobs retained 24",2023,B,,"Rule R2: own plan under 250 participants, no subsidiary marker in the name, not an SEC registrant."
EIN:260349166,Te-Co Manufacturing LLC,260349166,Union,OH,,50000,1,2017,business,,,,,56,56,64,"TE-CO MANUFACTURING, LLC",OH,Te-Co Manufacturing LLC,Economic Development Grant,55,Advanced Manufacturing,50000,business,Te-Co Manufacturing LLC,OH,Form 5500 plan sponsor address (2023),<100,"Form 5500 2023: 64 participants, largest plan, sponsor TE-CO MANUFACTURING, LLC; metrics jobs retained 55",2023,B,,"Rule R2: own plan under 250 participants, no subsidiary marker in the name, not an SEC registrant."
EIN:465690691,W&W Dry Cleaners Laundry and Linen Services LLC,465690691,Greenfield,OH,,50000,1,2017,business,,,,,,,,,,"W&W Dry Cleaners, Laundry and Linen Services, LLC",Revitalization Grant,7,Other,50000,,,,,,,,,,
EIN:760846911,3D Engineering Solutions LLC,760846911,Cincinnati,OH,,50000,1,2018,business,,,,,13,19,16,"3D ENGINEERING SOLUTIONS, LLC",OH,"3D Engineering Solutions, LLC",Workforce Grant,18,Other,50000,business,3D Engineering Solutions LLC,OH,Form 5500 plan sponsor address (2019),<100,"Form 5500 2019: 19 participants, largest plan, sponsor 3D ENGINEERING SOLUTIONS, LLC; metrics jobs retained 18",2019,B,,"Rule R2: own plan under 250 participants, no subsidiary marker in the name, not an SEC registrant."
EIN:341904711,Arnold Machine Inc,341904711,Tiffin,OH,,50000,1,2018,business,,,,,45,55,101,"ARNOLD MACHINE, INC.",OH,"Arnold Machine, Inc.",Economic Development Grant,43,Advanced Manufacturing,50000,business,Arnold Machine Inc,OH,Form 5500 plan sponsor address (2023),100-499,"Form 5500 2023: 101 participants, largest plan, sponsor ARNOLD MACHINE, INC.; metrics jobs retained 43",2023,B,,"Rule R2: own plan under 250 participants, no subsidiary marker in the name, not an SEC registrant."
EIN:341876781,Coldwater Machine Company LLC,341876781,Coldwater,OH,,50000,1,2018,business,,,,,122,139,,"COLDWATER MACHINE COMPANY, LLC",OH,"Coldwater Machine Company, LLC",Economic Development Grant,117,Advanced Manufacturing,50000,business,Coldwater Machine Company LLC,OH,Form 5500 plan sponsor address (2019),100-499,"Form 5500 2019: 139 participants, largest plan, sponsor COLDWATER MACHINE COMPANY, LLC; metrics jobs retained 117",2019,B,,"Rule R2: own plan under 250 participants, no subsidiary marker in the name, not an SEC registrant."
EIN:341101302,Dan-Mar Company Inc,341101302,Norwalk,OH,,50000,1,2018,business,,,,,,,,,,,,,,,,,,,,,,,,
EIN:271320001,Federal Supply Services International LLC,271320001,Lucasville,OH,,50000,1,2018,business,,,,,,,,,,Federal Supply Services International LLC,Workforce Grant,0,Advanced Manufacturing,50000,,,,,,,,,,
EIN:251766580,FedEx Supply Chain Inc,251766580,Columbus,OH,,50000,1,2018,business,,,,,,,,,,,,,,,,,,,,,,,,
EIN:311539233,Grady McCauley Inc,311539233,North Canton,OH,,50000,1,2018,business,,,,,,,,,,Grady McCauley Inc.,Workforce Grant,87,Advanced Manufacturing,50000,,,,,,,,,,
EIN:341949320,JR Manufacturing Inc,341949320,Fort Recovery,OH,,50000,1,2018,business,,,,,202,313,246,"JR MANUFACTURING, INC.",OH,"JR Manufacturing, Inc.",Workforce Grant,190,Automotive,50000,,,,,,,,,,
EIN:452583478,Keihin Thermal Technology of America Inc,452583478,MT Sterling,OH,,50000,1,2018,business,,,,,363,609,,"KEIHIN THERMAL TECHNOLOGY OF AMERICA, INC.",OH,,,,,,,,,,,,,,,
EIN:204752011,National Automotive Experts LLC,204752011,Strongsville,OH,,50000,1,2018,business,,,,,83,,,NATIONAL AUTOMOTIVE EXPERTS,OH,"National Automotive Experts, LLC",Economic Development Grant,146,Financial Services,50000,business,National Automotive Experts LLC,OH,Form 5500 plan sponsor address (2015),100-499,"Form 5500 2015: 83 participants, largest plan, sponsor NATIONAL AUTOMOTIVE EXPERTS; metrics jobs retained 146",2015,B,,"Rule R2: own plan under 250 participants, no subsidiary marker in the name, not an SEC registrant."
EIN:133537004,NEX Transport Inc,133537004,East Liberty,OH,,50000,1,2018,business,,,,,388,574,567,"NX AUTOMOTIVE LOGISTICS USA, INC.",OH,,,,,,,,,,,,,,,
EIN:311437701,TS Tech Americas Inc,311437701,Reynoldsburg,OH,,50000,1,2018,business,,,,,6997,4105,3729,"TS TECH AMERICAS, INC.",OH,,,,,,,,,,,,,,,
EIN:341904902,AQUABLOK LTD,341904902,SWANTON,OH,,50000,1,2019,business,,,,,,,10,"AQUABLOK, LTD",OH,"Aquablok, Ltd.",Revitalization Loan,7,Advanced Manufacturing,50000,business,AQUABLOK LTD,OH,Form 5500 plan sponsor address (2023),<100,"Form 5500 2023: 10 participants, largest plan, sponsor AQUABLOK, LTD; metrics jobs retained 7",2023,B,,"Rule R2: own plan under 250 participants, no subsidiary marker in the name, not an SEC registrant."
EIN:133996703,BENCHMARK EDUCATION COMPANY LLC,133996703,NEW ROCHELLE,NY,,50000,1,2019,business,,,,,281,404,581,BENCHMARK EDUCATION COMPANY LLC,NY,Benchmark Education Company LLC,Workforce Grant,,Other,50000,,,,,,,,,,
EIN:371790634,BLECKMANN USA LLC,371790634,JOHNSTOWN,OH,,50000,1,2019,business,,,,,,95,54,"BLECKMANN USA, LLC",OH,,,,,,,,,,,,,,,
EIN:311745568,DECEUNINCK NORTH AMERICA LLC,311745568,MONROE,OH,,50000,1,2019,business,,,,,372,541,553,"DECEUNINCK NORTH AMERICA, INC.",OH,"Deceuninck North America, LLC",Workforce Grant,480,Advanced Manufacturing,50000,,,,,,,,,,
EIN:462633179,DECKED LLC,462633179,KETCHUM,ID,,50000,1,2019,business,0001683575,"DECKED, L.L.C.",DE,ID,,,136,"DECKED, LLC",ID,Decked LLC,Economic Development Grant,36,Automotive,150000,,,,,,,,,,
EIN:271931373,FAT HEAD'S BREWING LP,271931373,MIDDLEBURG HEIGHTS,OH,,50000,1,2019,business,,,,,,46,68,FAT HEADS BREWING LP,OH,"Fat Head's Brewing, L.P.",Economic Development Grant,35,Food Processing,50000,business,FAT HEAD'S BREWING LP,OH,Form 5500 plan sponsor address (2023),<100,"Form 5500 2023: 68 participants, largest plan, sponsor FAT HEADS BREWING LP; metrics jobs retained 35",2023,B,,"Rule R2: own plan under 250 participants, no subsidiary marker in the name, not an SEC registrant."
EIN:351153549,KOORSEN FIRE & SECURITY INC,351153549,COLUMBUS,OH,,50000,1,2019,business,,,,,905,1363,1770,"KOORSEN FIRE & SECURITY, INC.",IN,"Koorsen Fire & Security, Inc.",Workforce Grant,84,Other,50000,business,KOORSEN FIRE & SECURITY INC,IN,Form 5500 plan sponsor address (2023),500-4999,"Form 5500 2023: 1770 participants, largest plan, sponsor KOORSEN FIRE & SECURITY, INC.; metrics jobs retained 84",2023,B,,"Rule R3: own plan at 1,500 or more participants; counts include retirees, so the bucket is conservative."
EIN:830892018,MAC WHITE LLC,830892018,VAN WERT,OH,,50000,1,2019,business,,,,,,,,,,,,,,,,,,,,,,,,
EIN:273887724,SMITHERS INFORMATION LLC,273887724,AKRON,OH,,50000,1,2019,business,,,,,,,,,,Smithers Information LLC,Workforce Grant,,Other,50000,,,,,,,,,,
EIN:300225741,THE WORNICK COMPANY,300225741,BLUE ASH,OH,,50000,1,2019,business,0001302977,Wornick CO,DE,OH,575,704,1225,"BAXTERS NORTH AMERICA, INC.",OH,The Wornick Company,Workforce Grant,509,Food Processing,70000,,,,,,,,,,
EIN:262898052,AIR WISCONSIN AIRLINES LLC,262898052,APPLETON,WI,,50000,1,2020,business,,,,,,,,,,Air Wisconsin Airlines LLC,Economic Development Grant,0,Aerospace and Aviation,50000,,,,,,,,,,
EIN:562640186,CIL ISOTOPE SEPARATIONS LLC,562640186,XENIA,OH,,50000,1,2020,business,,,,,,,,,,"CIL Isotope Separations, LLC",Economic Development Grant,29,Healthcare,50000,,,,,,,,,,
EIN:471923176,MIXT SOLUTIONS LLC,471923176,PLAIN CITY,OH,,50000,1,2020,business,,,,,,3,16,MIXT SOLUTIONS LLC,OH,Mixt Solutions LLC,Economic Development Grant; Growth Fund Loan,22,Logistics and Distribution,3050000,business,MIXT SOLUTIONS LLC,OH,Form 5500 plan sponsor address (2023),<100,"Form 5500 2023: 16 participants, largest plan, sponsor MIXT SOLUTIONS LLC; metrics jobs retained 22",2023,B,,"Rule R2: own plan under 250 participants, no subsidiary marker in the name, not an SEC registrant."
EIN:250730780,PPG INDUSTRIES INC,250730780,BARBERTON,OH,,50000,1,2020,business,0000079879,PPG INDUSTRIES INC,PA,PA,25778,25383,27173,"PPG INDUSTRIES, INC.",PA,"PPG Industries, Inc.",Workforce Grant,160,Energy and Chemicals,50000,business,PPG INDUSTRIES INC,PA,Form 5500 plan sponsor address (2023),5000+,"Form 5500 2023: 27173 participants, largest plan, sponsor PPG INDUSTRIES, INC.; metrics jobs retained 160",2023,B,,"Rule R3: own plan at 1,500 or more participants; counts include retirees, so the bucket is conservative."
EIN:341480627,REIFEL INDUSTRIES INC,341480627,PIONEER,OH,,50000,1,2020,business,,,,,110,119,234,REIFEL INDUSTRIES INC.,OH,"Reifel Industries, Inc.",Workforce Grant,172,Advanced Manufacturing,50000,business,REIFEL INDUSTRIES INC,OH,Form 5500 plan sponsor address (2023),100-499,"Form 5500 2023: 234 participants, largest plan, sponsor REIFEL INDUSTRIES INC.; metrics jobs retained 172",2023,B,,"Rule R2: own plan under 250 participants, no subsidiary marker in the name, not an SEC registrant."
EIN:852209533,CIRCLE M MEATS LLC,852209533,JACKSON,OH,,50000,1,2021,business,,,,,,,,,,"Circle M Meats, LLC",Inclusion Grant,0,Food Sciences and Agriculture,50000,business,CIRCLE M MEATS LLC,OH,JobsOhio Inclusion Grant program rule (Ohio small business); JobsOhio monthly metrics report,<100,"JobsOhio Inclusion Grant eligibility (small business, cap $50,000); metrics jobs retained 0",2021,B,,Rule R1: Inclusion Grant recipient with no contrary size signal.
EIN:311408665,DNK ARCHITECTS INC,311408665,CINCINNATI,OH,,50000,2,2021 2024,business,,,,,,,,,,"DNK Architects, Inc.",Inclusion Grant,5,Other,50000,business,DNK ARCHITECTS INC,OH,JobsOhio Inclusion Grant program rule (Ohio small business); JobsOhio monthly metrics report,<100,"JobsOhio Inclusion Grant eligibility (small business, cap $50,000); metrics jobs retained 5",2024,B,,Rule R1: Inclusion Grant recipient with no contrary size signal.
EIN:208033614,FIRE-DEX LLC,208033614,MEDINA,OH,,50000,1,2021,business,,,,,95,192,470,FIRE-DEX LLC,OH,"Fire-Dex, LLC",Workforce Grant,133,Advanced Manufacturing,50000,,,,,,,,,,
EIN:392059617,GATEWAY LOGISTICS INC,392059617,CINCINNATI,OH,,50000,1,2021,business,,,,,,31,70,"GATEWAY LOGISTICS, INC.",OH,"Gateway Logistics, Inc.",Inclusion Grant,32,Logistics and Distribution,50000,business,GATEWAY LOGISTICS INC,OH,JobsOhio Inclusion Grant program rule (Ohio small business); JobsOhio monthly metrics report,<100,"JobsOhio Inclusion Grant eligibility (small business, cap $50,000); metrics jobs retained 32; Form 5500 2023: 70 participants",2021,B,,Rule R1: Inclusion Grant recipient with no contrary size signal.
EIN:770043660,HARDY DIAGNOSTICS,770043660,SPRINGBORO,OH,,50000,1,2021,business,,,,,354,541,670,HARDY DIAGNOSTICS,CA,Hardy Diagnostics,Economic Development Grant,128,Healthcare,50000,,,,,,,,,,
EIN:272751869,HEARTLAND ENGINEERED PRODUCTS LLC,272751869,HARRISON,OH,,50000,1,2021,business,,,,,,,,,,"Heartland Engineered Products, LLC",Economic Development Grant,91,Advanced Manufacturing,50000,,,,,,,,,,
EIN:270722424,JOURNEY STEEL INC,270722424,CINCINNATI,OH,,50000,1,2021,business,,,,,,,,,,"Journey Steel, Inc.",Inclusion Grant,27,Other,50000,business,JOURNEY STEEL INC,OH,JobsOhio Inclusion Grant program rule (Ohio small business); JobsOhio monthly metrics report,<100,"JobsOhio Inclusion Grant eligibility (small business, cap $50,000); metrics jobs retained 27",2021,B,,Rule R1: Inclusion Grant recipient with no contrary size signal.
EIN:471876052,KOCHER FOODS INTERNATIONAL INC,471876052,BELLAIRE,OH,,50000,1,2021,business,,,,,,,,,,"Kocher Foods International, Inc.",Inclusion Grant,5,Advanced Manufacturing,50000,business,KOCHER FOODS INTERNATIONAL INC,OH,JobsOhio Inclusion Grant program rule (Ohio small business); JobsOhio monthly metrics report,<100,"JobsOhio Inclusion Grant eligibility (small business, cap $50,000); metrics jobs retained 5",2021,B,,Rule R1: Inclusion Grant recipient with no contrary size signal.
EIN:311471291,LINKS UNLIMITED INC,311471291,CINCINNATI,OH,,50000,1,2021,business,,,,,,,112,"LINKS UNLIMITED, INC.",OH,"Links Unlimited, Inc.",Revitalization Grant,69,Logistics and Distribution,50000,business,LINKS UNLIMITED INC,OH,Form 5500 plan sponsor address (2023),100-499,"Form 5500 2023: 112 participants, largest plan, sponsor LINKS UNLIMITED, INC.; metrics jobs retained 69",2023,B,,"Rule R2: own plan under 250 participants, no subsidiary marker in the name, not an SEC registrant."
EIN:341972762,MARK-ALL ENTERPRISES LLC,341972762,AKRON,OH,,50000,1,2021,business,,,,,25,19,22,MARK-ALL ENTERPRISES LLC,OH,"Mark-All Enterprises, LLC",Inclusion Grant,18,Advanced Manufacturing,50000,business,MARK-ALL ENTERPRISES LLC,OH,JobsOhio Inclusion Grant program rule (Ohio small business); JobsOhio monthly metrics report,<100,"JobsOhio Inclusion Grant eligibility (small business, cap $50,000); metrics jobs retained 18; Form 5500 2015: 25 participants",2021,B,,Rule R1: Inclusion Grant recipient with no contrary size signal.
EIN:311338488,MICROPYRETICS HEATERS INTERNATIONAL INC,311338488,CINCINNATI,OH,,50000,1,2021,business,,,,,,,,,,Micropyretics Heaters International Inc.,Inclusion Grant,10,Advanced Manufacturing,50000,business,MICROPYRETICS HEATERS INTERNATIONAL INC,OH,JobsOhio Inclusion Grant program rule (Ohio small business); JobsOhio monthly metrics report,<100,"JobsOhio Inclusion Grant eligibility (small business, cap $50,000); metrics jobs retained 10",2021,B,,Rule R1: Inclusion Grant recipient with no contrary size signal.
EIN:814715411,NEW SIGNS OHIO LLC,814715411,LIMA,OH,,50000,1,2021,business,,,,,,,,,,New Signs Ohio LLC,Inclusion Grant,10,Advanced Manufacturing,75000,business,NEW SIGNS OHIO LLC,OH,JobsOhio Inclusion Grant program rule (Ohio small business); JobsOhio monthly metrics report,<100,"JobsOhio Inclusion Grant eligibility (small business, cap $50,000); metrics jobs retained 10",2021,B,,Rule R1: Inclusion Grant recipient with no contrary size signal.
EIN:261216494,PATRICIA RAWLINSON DESIGNS LLC,261216494,GALLIPOLIS,OH,,50000,1,2021,business,,,,,,,,,,Patricia Rawlinson Designs LLC,Inclusion Grant,14,Advanced Manufacturing,50000,business,PATRICIA RAWLINSON DESIGNS LLC,OH,JobsOhio Inclusion Grant program rule (Ohio small business); JobsOhio monthly metrics report,<100,"JobsOhio Inclusion Grant eligibility (small business, cap $50,000); metrics jobs retained 14",2021,B,,Rule R1: Inclusion Grant recipient with no contrary size signal.
EIN:822684125,PENGUIN CITY BREWING COMPANY LLC,822684125,YOUNGSTOWN,OH,,50000,1,2021,business,,,,,,2,,PENGUIN CITY BREWING COMPANY,OH,"Penguin City Brewing Company, LLC",Inclusion Grant,16,Food and Agribusiness,50000,business,PENGUIN CITY BREWING COMPANY LLC,OH,JobsOhio Inclusion Grant program rule (Ohio small business); JobsOhio monthly metrics report,<100,"JobsOhio Inclusion Grant eligibility (small business, cap $50,000); metrics jobs retained 16; Form 5500 2019: 2 participants",2021,B,,Rule R1: Inclusion Grant recipient with no contrary size signal.
EIN:821304226,PROOF PRODUCTS USA LLC,821304226,COLUMBUS,OH,,50000,1,2021,business,,,,,,,,,,Proof Products USA LLC,Inclusion Grant,8,Advanced Manufacturing,50000,business,PROOF PRODUCTS USA LLC,OH,JobsOhio Inclusion Grant program rule (Ohio small business); JobsOhio monthly metrics report,<100,"JobsOhio Inclusion Grant eligibility (small business, cap $50,000); metrics jobs retained 8",2021,B,,Rule R1: Inclusion Grant recipient with no contrary size signal.
EIN:823136388,RSR VENTURES LLC,823136388,TIFFIN,OH,,50000,1,2021,business,,,,,,,,,,,,,,,,,,,,,,,,
EIN:261506356,SCHAAD AND SONS INC,261506356,MCCONNELSVILLE,OH,,50000,1,2021,business,,,,,,,,,,"Schaad and Sons, Inc.",Inclusion Grant; Revitalization Grant,23,Advanced Manufacturing,250000,,,,,,,,,,
EIN:271569711,STAMARK COMPANY LTD,271569711,WALNUT CREEK,OH,,50000,1,2021,business,,,,,,,,,,,,,,,,,,,,,,,,
EIN:812695838,THE OHIO WIRE HARNESS LLC,812695838,BELLEFONTAINE,OH,,50000,1,2021,business,,,,,,,,,,"The Ohio Wire Harness, LLC",Inclusion Grant,13,Advanced Manufacturing,50000,business,THE OHIO WIRE HARNESS LLC,OH,JobsOhio Inclusion Grant program rule (Ohio small business); JobsOhio monthly metrics report,<100,"JobsOhio Inclusion Grant eligibility (small business, cap $50,000); metrics jobs retained 13",2021,B,,Rule R1: Inclusion Grant recipient with no contrary size signal.
EIN:813092110,THE SIMPLAY3 COMPANY,813092110,STREETSBORO,OH,,50000,1,2021,business,,,,,,,,,,The Simplay3 Company,Inclusion Grant,47,Advanced Manufacturing,50000,business,THE SIMPLAY3 COMPANY,OH,JobsOhio Inclusion Grant program rule (Ohio small business); JobsOhio monthly metrics report,<100,"JobsOhio Inclusion Grant eligibility (small business, cap $50,000); metrics jobs retained 47",2021,B,,Rule R1: Inclusion Grant recipient with no contrary size signal.
EIN:113705112,TTL ASSOCIATES INC,113705112,TOLEDO,OH,,50000,1,2021,business,,,,,96,93,,"TTL ASSOCIATES, INC.",OH,"TTL Associates, Inc.",Inclusion Grant,58,Other,50000,business,TTL ASSOCIATES INC,OH,JobsOhio Inclusion Grant program rule (Ohio small business); JobsOhio monthly metrics report,<100,"JobsOhio Inclusion Grant eligibility (small business, cap $50,000); metrics jobs retained 58; Form 5500 2015: 96 participants",2021,B,,Rule R1: Inclusion Grant recipient with no contrary size signal.
EIN:800455983,VAZQUEZ COMMERCIAL CONSTRUCTION LLC,800455983,MIAMI TOWNSHIP,OH,,50000,1,2021,business,,,,,,,73,"VAZQUEZ COMMERCIAL CONTRACTING, LLC",MO,Vazquez Commercial Construction LLC,Inclusion Grant,2,Other,50000,business,VAZQUEZ COMMERCIAL CONSTRUCTION LLC,OH,JobsOhio Inclusion Grant program rule (Ohio small business); JobsOhio monthly metrics report,<100,"JobsOhio Inclusion Grant eligibility (small business, cap $50,000); metrics jobs retained 2; Form 5500 2023: 73 participants",2021,B,,Rule R1: Inclusion Grant recipient with no contrary size signal.
EIN:341866533,WEST OHIO TOOL CO,341866533,RUSSELLS POINT,OH,,50000,1,2021,business,,,,,,,,,,West Ohio Tool Co.,Inclusion Grant,18,Advanced,100000,business,WEST OHIO TOOL CO,OH,JobsOhio Inclusion Grant program rule (Ohio small business); JobsOhio monthly metrics report,<100,"JobsOhio Inclusion Grant eligibility (small business, cap $50,000); metrics jobs retained 18",2021,B,,Rule R1: Inclusion Grant recipient with no contrary size signal.
EIN:262308491,YOUR BOTTLED WATER LLC,262308491,WELLSTON,OH,,50000,1,2021,business,,,,,,,,,,"Your Bottled Water, LLC",Inclusion Grant; Unknown: Inclusi on,8,Food and Agribusiness,100000,,,,,,,,,,
EIN:521747729,AMERICAN WOOD FIBERS INC,521747729,CIRCLEVILLE,OH,,50000,1,2022,business,,,,,349,402,513,"AMERICAN WOOD FIBERS, INC.",MD,"American Wood Fibers, Inc",Inclusion Grant,38,Advanced Manufacturing,50000,,,,,,,,,,
EIN:455279635,BOJHUN ENVIRRONMENTAL SERVICES LLC,455279635,FOSTORIA,OH,,50000,1,2022,business,,,,,,,7,BOJHUN ENVIRO SERVICES,OH,,,,,,business,BOJHUN ENVIRRONMENTAL SERVICES LLC,OH,Form 5500 plan sponsor address (2023),<100,"Form 5500 2023: 7 participants, largest plan, sponsor BOJHUN ENVIRO SERVICES",2023,B,,"Rule R2: own plan under 250 participants, no subsidiary marker in the name, not an SEC registrant."
EIN:811076038,CANARY CONSULTING INC,811076038,DAYTON,OH,,50000,1,2022,business,,,,,,8,21,"CANARY CONSULTING, INC.",OH,"Canary Consulting, Inc.",Inclusion Grant,12,Financial Services,50000,business,CANARY CONSULTING INC,OH,JobsOhio Inclusion Grant program rule (Ohio small business); JobsOhio monthly metrics report,<100,"JobsOhio Inclusion Grant eligibility (small business, cap $50,000); metrics jobs retained 12; Form 5500 2023: 21 participants",2022,B,,Rule R1: Inclusion Grant recipient with no contrary size signal.
EIN:844134054,CINCINNATI SOY BRANDS CORPORATION,844134054,CINCINNATI,OH,,50000,2,2022 2023,business,,,,,,,,,,Cincinnati Soy Brands Corporation,Inclusion Grant,2,Food and Agribusiness,50000,business,CINCINNATI SOY BRANDS CORPORATION,OH,JobsOhio Inclusion Grant program rule (Ohio small business); JobsOhio monthly metrics report,<100,"JobsOhio Inclusion Grant eligibility (small business, cap $50,000); metrics jobs retained 2",2023,B,,Rule R1: Inclusion Grant recipient with no contrary size signal.
EIN:311657386,CITY BARBEQUE LLC,311657386,DUBLIN,OH,,50000,1,2022,business,,,,,417,629,988,CITY BARBEQUE,OH,"City Barbeque Group, Inc.",Economic Development Grant,47,Other,50000,,,,,,,,,,
EIN:841865395,CROWNME COIL CARE LLC,841865395,TROTWOOD,OH,,50000,1,2022,business,0001825773,Crownme Coil Care LLC,OH,OH,,,,,,Crownme Coil Care LLC,Inclusion Grant,17,Advanced Manufacturing,50000,business,CROWNME COIL CARE LLC,OH,JobsOhio Inclusion Grant program rule (Ohio small business); JobsOhio monthly metrics report,<100,"JobsOhio Inclusion Grant eligibility (small business, cap $50,000); metrics jobs retained 17",2022,B,,Rule R1: Inclusion Grant recipient with no contrary size signal.
EIN:200643423,D3 FUTURE INVESTMENTS LLC,200643423,WOODLAWN,OH,,50000,1,2022,business,,,,,,,,,,,,,,,,,,,,,,,,
EIN:262604359,EARTHQUAKER DEVICES LLC,262604359,AKRON,OH,,50000,1,2022,business,,,,,,52,52,EARTHQUAKER DEVICES LLC,OH,"Earthquaker Devices, LLC",Inclusion Grant,45,Advanced Manufacturing,50000,business,EARTHQUAKER DEVICES LLC,OH,JobsOhio Inclusion Grant program rule (Ohio small business); JobsOhio monthly metrics report,<100,"JobsOhio Inclusion Grant eligibility (small business, cap $50,000); metrics jobs retained 45; Form 5500 2023: 52 participants",2022,B,,Rule R1: Inclusion Grant recipient with no contrary size signal.
EIN:592857432,ERNIE GREEN INDUSTRIES INC,592857432,CIRCLEVILLE,OH,,50000,1,2022,business,,,,,,,,,,"Ernie Green Industries, Inc.",Inclusion Grant,250,Advanced Manufacturing,50000,business,ERNIE GREEN INDUSTRIES INC,OH,JobsOhio Inclusion Grant program rule (Ohio small business); JobsOhio monthly metrics report,100-499,"JobsOhio Inclusion Grant eligibility (small business, cap $50,000); metrics jobs retained 250",2022,B,,Rule R1: Inclusion Grant recipient with no contrary size signal.
EIN:463040190,EZKIN COMPANY,463040190,DAYTON,OH,,50000,1,2022,business,,,,,,,,,,EzKin Company,Unknown: Inclusi on,4,Other,50000,,,,,,,,,,
EIN:205829591,FOODIES VEGAN LTD,205829591,CINCINNATI,OH,,50000,1,2022,business,,,,,,,,,,Foodies Vegan Ltd,Inclusion Grant,11,Food and,50000,business,FOODIES VEGAN LTD,OH,JobsOhio Inclusion Grant program rule (Ohio small business); JobsOhio monthly metrics report,<100,"JobsOhio Inclusion Grant eligibility (small business, cap $50,000); metrics jobs retained 11",2022,B,,Rule R1: Inclusion Grant recipient with no contrary size signal.
EIN:811273849,HI-POINT GRAPHICS LLC,811273849,BELLEFONTAINE,OH,,50000,1,2022,business,,,,,,,,,,"Hi-Point Graphics, LLC",Inclusion Grant,4,Advanced Manufacturing,50000,business,HI-POINT GRAPHICS LLC,OH,JobsOhio Inclusion Grant program rule (Ohio small business); JobsOhio monthly metrics report,<100,"JobsOhio Inclusion Grant eligibility (small business, cap $50,000); metrics jobs retained 4",2022,B,,Rule R1: Inclusion Grant recipient with no contrary size signal.
EIN:341374782,HOFFMAN ANALYTIC SERVICES INC,341374782,LIMA,OH,,50000,1,2022,business,,,,,62,66,76,"HOFFMAN ANALYTIC SERVICES, INC.",OH,"Hoffman Analytic Services, Inc.",Inclusion Grant,35,Other,50000,business,HOFFMAN ANALYTIC SERVICES INC,OH,JobsOhio Inclusion Grant program rule (Ohio small business); JobsOhio monthly metrics report,<100,"JobsOhio Inclusion Grant eligibility (small business, cap $50,000); metrics jobs retained 35; Form 5500 2023: 76 participants",2022,B,,Rule R1: Inclusion Grant recipient with no contrary size signal.
EIN:812246204,HOSANNA REVIVAL LLC,812246204,LOCKLAND,OH,,50000,1,2022,business,,,,,,,10,HOSANNA REVIVAL,OH,Hosanna Revival LLC,Inclusion Grant; Unknown: Inclusi on,11,Other,100000,business,HOSANNA REVIVAL LLC,OH,Form 5500 plan sponsor address (2023),<100,"Form 5500 2023: 10 participants, largest plan, sponsor HOSANNA REVIVAL; metrics jobs retained 11",2023,B,,"Rule R2: own plan under 250 participants, no subsidiary marker in the name, not an SEC registrant."
EIN:821779921,HYGGELIGHT LLC,821779921,TOLEDO,OH,,50000,1,2022,business,,,,,,,,,,Hyggelight LLC,Inclusion Grant,6,Advanced,50000,business,HYGGELIGHT LLC,OH,JobsOhio Inclusion Grant program rule (Ohio small business); JobsOhio monthly metrics report,<100,"JobsOhio Inclusion Grant eligibility (small business, cap $50,000); metrics jobs retained 6",2022,B,,Rule R1: Inclusion Grant recipient with no contrary size signal.
EIN:460717135,IMAGINE BAKING INC,460717135,SANDUSKY,OH,,50000,1,2022,business,,,,,11,15,21,IMAGINE BAKING INC,OH,"Imagine Baking, Inc.",Inclusion Grant,10,Food & Agribusiness,50000,business,IMAGINE BAKING INC,OH,JobsOhio Inclusion Grant program rule (Ohio small business); JobsOhio monthly metrics report,<100,"JobsOhio Inclusion Grant eligibility (small business, cap $50,000); metrics jobs retained 10; Form 5500 2023: 21 participants",2022,B,,Rule R1: Inclusion Grant recipient with no contrary size signal.
EIN:844523710,INPHLU LLC,844523710,CINCINNATI,OH,,50000,1,2022,business,,,,,,,,,,"Inphlu, LLC",Inclusion Grant,0,Technology,50000,business,INPHLU LLC,OH,JobsOhio Inclusion Grant program rule (Ohio small business); JobsOhio monthly metrics report,<100,"JobsOhio Inclusion Grant eligibility (small business, cap $50,000); metrics jobs retained 0",2022,B,,Rule R1: Inclusion Grant recipient with no contrary size signal.
EIN:311593171,JOSTIN CONSTRUCTION INC,311593171,CINCINNATI,OH,,50000,1,2022,business,,,,,,,,,,"Jostin Construction, Inc.",Inclusion Grant,75,Other,50000,business,JOSTIN CONSTRUCTION INC,OH,JobsOhio Inclusion Grant program rule (Ohio small business); JobsOhio monthly metrics report,<100,"JobsOhio Inclusion Grant eligibility (small business, cap $50,000); metrics jobs retained 75",2022,B,,Rule R1: Inclusion Grant recipient with no contrary size signal.
EIN:472828847,KDA REALTY LLC,472828847,NORTON,OH,,50000,1,2022,site_development,,,,,,,,,,,,,,,site_development,KDA REALTY LLC,OH,Schedule I address; Ohio public or nonprofit entity,,,,B,,Rule R4: site_development by name and IRC section; not in the business headline.
EIN:473550369,KIRTLEY MOLD INC,473550369,AKRON,OH,,50000,2,2022 2023,business,,,,,,,,,,"Kirtley Mold, Inc.",Inclusion Grant,11,Advanced Manufacturing,50000,business,KIRTLEY MOLD INC,OH,JobsOhio Inclusion Grant program rule (Ohio small business); JobsOhio monthly metrics report,<100,"JobsOhio Inclusion Grant eligibility (small business, cap $50,000); metrics jobs retained 11",2023,B,,Rule R1: Inclusion Grant recipient with no contrary size signal.
EIN:270063019,MILO'S WHOLE WORLD GOURMET LLC,270063019,NELSONVILLE,OH,,50000,1,2022,business,,,,,,,,,,"Milo's Whole World Gourmet, LLC",Inclusion Grant,14,Food and,100000,business,MILO'S WHOLE WORLD GOURMET LLC,OH,JobsOhio Inclusion Grant program rule (Ohio small business); JobsOhio monthly metrics report,<100,"JobsOhio Inclusion Grant eligibility (small business, cap $50,000); metrics jobs retained 14",2022,B,,Rule R1: Inclusion Grant recipient with no contrary size signal.
EIN:205128462,MILSEK FURNITURE POLISH INC,205128462,SALEM,OH,,50000,1,2022,business,,,,,,,,,,"Milsek Furniture Polish, Inc.",Inclusion Grant,4,Shale Energy and Petrochemicals,50000,business,MILSEK FURNITURE POLISH INC,OH,JobsOhio Inclusion Grant program rule (Ohio small business); JobsOhio monthly metrics report,<100,"JobsOhio Inclusion Grant eligibility (small business, cap $50,000); metrics jobs retained 4",2022,B,,Rule R1: Inclusion Grant recipient with no contrary size signal.
EIN:383907747,PARADIGM INDUSTRIAL LLC,383907747,DAYTON,OH,,50000,1,2022,business,,,,,,11,17,PARADIGM INDUSTRIAL LLC,OH,Paradigm Industrial LLC,Inclusion Grant,32,Advanced Manufacturing,50000,business,PARADIGM INDUSTRIAL LLC,OH,JobsOhio Inclusion Grant program rule (Ohio small business); JobsOhio monthly metrics report,<100,"JobsOhio Inclusion Grant eligibility (small business, cap $50,000); metrics jobs retained 32; Form 5500 2023: 17 participants",2022,B,,Rule R1: Inclusion Grant recipient with no contrary size signal.
EIN:310733680,PETLAND INC,310733680,CHILLICOTHE,OH,,50000,1,2022,business,,,,,53,123,220,"PETLAND, INC",OH,"Petland, Inc.",Economic Development Grant,53,Advanced Manufacturing,50000,business,PETLAND INC,OH,Form 5500 plan sponsor address (2023),100-499,"Form 5500 2023: 220 participants, largest plan, sponsor PETLAND, INC; metrics jobs retained 53",2023,B,,"Rule R2: own plan under 250 participants, no subsidiary marker in the name, not an SEC registrant."
EIN:845032350,POET BIOREFINING AND MANAGEMENT LLC,845032350,LEIPSIC,OH,,50000,1,2022,business,,,,,,,,,,"POET Biorefining and Management, LLC",Economic Development Grant,42,Energy and,50000,,,,,,,,,,
EIN:824913296,RIVER ROASTERS COFFEE COMPANY LLC,824913296,POMEROY,OH,,50000,1,2022,business,,,,,,,,,,River Roasters Coffee Company LLC,Unknown: Inclusi on,0,Food and Agribusiness,50000,,,,,,,,,,
EIN:811341860,ROLLING ENTERPRISES INC,811341860,MORAINE,OH,,50000,1,2022,business,,,,,,30,30,ROLLING ENTERPRISES INC. DBA CAT-WOOD METALWORKS,OH,Rolling Enterprises Inc.,Inclusion Grant,31,Advanced Manufacturing,50000,business,ROLLING ENTERPRISES INC,OH,JobsOhio Inclusion Grant program rule (Ohio small business); JobsOhio monthly metrics report,<100,"JobsOhio Inclusion Grant eligibility (small business, cap $50,000); metrics jobs retained 31; Form 5500 2023: 30 participants",2022,B,,Rule R1: Inclusion Grant recipient with no contrary size signal.
EIN:061251791,SAMUEL SON & CO (USA) INC,061251791,HEATH,OH,,50000,1,2022,business,,,,,414,2193,4548,"SAMUEL, SON & CO. (USA), INC",IL,"Samuel, Son & Co. (USA) Inc.",Economic Development Grant,93,Advanced Manufacturing,50000,,,,,,,,,,
EIN:311692695,SCENIC SOLUTIONS LIMITED LIABILITY COMPANY,311692695,WEST CARROLLTON,OH,,50000,1,2022,business,,,,,17,30,56,"SCENIC SOLUTIONS, LLC",OH,"Scenic Solutions, Limited Liability Company",Inclusion Grant,17,Advanced Manufacturing,50000,business,SCENIC SOLUTIONS LIMITED LIABILITY COMPANY,OH,JobsOhio Inclusion Grant program rule (Ohio small business); JobsOhio monthly metrics report,<100,"JobsOhio Inclusion Grant eligibility (small business, cap $50,000); metrics jobs retained 17; Form 5500 2023: 56 participants",2022,B,,Rule R1: Inclusion Grant recipient with no contrary size signal.
EIN:200070121,SENTRILOCK LLC,200070121,WEST CHESTER TOWNSHIP,OH,,50000,1,2022,business,,,,,113,163,232,"SENTRILOCK, LLC",OH,"Sentrilock, LLC",Economic Development Grant,175,Advanced Manufacturing,50000,business,SENTRILOCK LLC,OH,Form 5500 plan sponsor address (2023),100-499,"Form 5500 2023: 232 participants, largest plan, sponsor SENTRILOCK, LLC; metrics jobs retained 175",2023,B,,"Rule R2: own plan under 250 participants, no subsidiary marker in the name, not an SEC registrant."
EIN:272915235,SPINTECH HOLDINGS INC,272915235,XENIA,OH,,50000,1,2022,business,0001513349,"Spintech, LLC",OH,OH,,,,,,"Spintech Holdings, Inc.",Economic Development Grant,19,Advanced Manufacturing,50000,,,,,,,,,,
EIN:264346624,STAR HOLDING COMPANY LLC,264346624,WEST CHESTER,OH,,50000,1,2022,business,,,,,58,32,38,"STAR DISTRIBUTION AND MANUFACTURING, LLC",OH,,,,,,business,STAR HOLDING COMPANY LLC,OH,Form 5500 plan sponsor address (2015),<100,"Form 5500 2015: 58 participants, largest plan, sponsor STAR DISTRIBUTION AND MANUFACTURING, LLC",2015,B,,"Rule R2: own plan under 250 participants, no subsidiary marker in the name, not an SEC registrant."
EIN:340552740,STATE INDUSTRIAL PRODUCTS CORPORATION,340552740,MAYFIELD HEIGHTS,OH,,50000,1,2022,business,,,,,918,798,797,STATE INDUSTRIAL PRODUCTS,OH,State Industrial Products Corporation,Economic Development Grant; Workforce Grant,104,Energy and Chemicals,150000,,,,,,,,,,
EIN:341826518,T J DAVIES COMPANY INC,341826518,MANTUA,OH,,50000,1,2022,business,,,,,,,,,,"T.J. Davies Company, Inc",Inclusion Grant,6,Advanced Manufacturing,50000,business,T J DAVIES COMPANY INC,OH,JobsOhio Inclusion Grant program rule (Ohio small business); JobsOhio monthly metrics report,<100,"JobsOhio Inclusion Grant eligibility (small business, cap $50,000); metrics jobs retained 6",2022,B,,Rule R1: Inclusion Grant recipient with no contrary size signal.
EIN:340898426,THE MCALEAR GROUP INC,340898426,MAUMEE,OH,,50000,1,2022,business,,,,,343,247,435,"THE MCALEAR GROUP, INC. DBA SERVICE SPRING CORP.",OH,"The McAlear Group, Inc.",Economic Development Grant,127,Advanced Manufacturing,50000,,,,,,,,,,
EIN:752459038,UNICONTROL INC,752459038,PARMA,OH,,50000,1,2022,business,,,,,,55,,"UNICONTROL, INC.",OH,Unicontrol Inc.,Inclusion Grant,109,Advanced Manufacturing,50000,business,UNICONTROL INC,OH,JobsOhio Inclusion Grant program rule (Ohio small business); JobsOhio monthly metrics report,100-499,"JobsOhio Inclusion Grant eligibility (small business, cap $50,000); metrics jobs retained 109; Form 5500 2019: 55 participants",2022,B,,Rule R1: Inclusion Grant recipient with no contrary size signal.
EIN:200976157,XTEK PARTNERS INC,200976157,COLUMBUS,OH,,50000,1,2022,business,,,,,32,30,48,"XTEK PARTNERS, INC.",OH,"Xtek Partners, Inc.",Unknown: Inclusi on,49,Software,50000,business,XTEK PARTNERS INC,OH,Form 5500 plan sponsor address (2023),<100,"Form 5500 2023: 48 participants, largest plan, sponsor XTEK PARTNERS, INC.; metrics jobs retained 49",2023,B,,"Rule R2: own plan under 250 participants, no subsidiary marker in the name, not an SEC registrant."
EIN:832349752,ZANESVILLE STEEL LTD,832349752,ZANESVILLE,OH,,50000,1,2022,business,,,,,,5,15,ZANESVILLE STEEL LTD,OH,"Zanesville Steel, Ltd",Inclusion Grant,8,Advanced Manufacturing,50000,business,ZANESVILLE STEEL LTD,OH,JobsOhio Inclusion Grant program rule (Ohio small business); JobsOhio monthly metrics report,<100,"JobsOhio Inclusion Grant eligibility (small business, cap $50,000); metrics jobs retained 8; Form 5500 2023: 15 participants",2022,B,,Rule R1: Inclusion Grant recipient with no contrary size signal.
EIN:311090029,ABLE TOOL CORPORATION,311090029,CINCINNATI,OH,,50000,1,2023,business,,,,,32,39,43,ABLE TOOL CORPORATION,OH,Able Tool Corporation,Inclusion Grant,31,Advanced Manufacturing,50000,business,ABLE TOOL CORPORATION,OH,JobsOhio Inclusion Grant program rule (Ohio small business); JobsOhio monthly metrics report,<100,"JobsOhio Inclusion Grant eligibility (small business, cap $50,000); metrics jobs retained 31; Form 5500 2023: 43 participants",2023,B,,Rule R1: Inclusion Grant recipient with no contrary size signal.
EIN:871054446,ACME SITE ONE LLC,871054446,NEWPORT,KY,,50000,1,2023,business,,,,,,,,,,,,,,,,,,,,,,,,
EIN:341458914,AIRMATE COMPANY,341458914,BRYAN,OH,,50000,1,2023,business,,,,,33,30,23,"AIRMATE COMPANY, INC.",OH,"Airmate Co., Inc.",Inclusion Grant,15,Advanced Manufacturing,50000,business,AIRMATE COMPANY,OH,JobsOhio Inclusion Grant program rule (Ohio small business); JobsOhio monthly metrics report,<100,"JobsOhio Inclusion Grant eligibility (small business, cap $50,000); metrics jobs retained 15; Form 5500 2015: 33 participants",2023,B,,Rule R1: Inclusion Grant recipient with no contrary size signal.
EIN:474136342,AMELIA GRAY LLC,474136342,SOUTH WEBSTER,OH,,50000,1,2023,business,,,,,,,,,,Amelia Gray LLC,Inclusion Grant,1,Logistics and Distribution,50000,business,AMELIA GRAY LLC,OH,JobsOhio Inclusion Grant program rule (Ohio small business); JobsOhio monthly metrics report,<100,"JobsOhio Inclusion Grant eligibility (small business, cap $50,000); metrics jobs retained 1",2023,B,,Rule R1: Inclusion Grant recipient with no contrary size signal.
EIN:341690243,ANDERSON AND BUBOSE INC,341690243,LORDSTOWN,OH,,50000,1,2023,business,,,,,239,238,268,THE ANDERSON-DUBOSE COMPANY,OH,,,,,,,,,,,,,,,
EIN:341651874,ART OF BEAUTY COMPANY INC,341651874,BEDFORD,OH,,50000,1,2023,business,,,,,,,,,,"Art of Beauty Company, Inc.",Economic Development Grant,44,Energy and Chemicals,50000,,,,,,,,,,
EIN:833869983,ATMOS 360 MANUFACTURING LLC,833869983,CINCINNATI,OH,,50000,1,2023,business,,,,,,3,2,ATMOS360,OH,ATMOS 360 Manufacturing LLC,Inclusion Grant,1,Advanced Manufacturing,50000,business,ATMOS 360 MANUFACTURING LLC,OH,JobsOhio Inclusion Grant program rule (Ohio small business); JobsOhio monthly metrics report,<100,"JobsOhio Inclusion Grant eligibility (small business, cap $50,000); metrics jobs retained 1; Form 5500 2019: 3 participants",2023,B,,Rule R1: Inclusion Grant recipient with no contrary size signal.
EIN:341254126,B & L TRANSPORT INC,341254126,MILLERSBURG,OH,,50000,1,2023,business,,,,,,,81,B & L TRANSPORT INC.,OH,"B. & L. Transport, Inc.",Economic Development Grant,33,Logistics and Distribution,50000,business,B & L TRANSPORT INC,OH,Form 5500 plan sponsor address (2023),<100,"Form 5500 2023: 81 participants, largest plan, sponsor B & L TRANSPORT INC.; metrics jobs retained 33",2023,B,,"Rule R2: own plan under 250 participants, no subsidiary marker in the name, not an SEC registrant."
EIN:200097790,BROELL ENTERPRISES LLC,200097790,FREDERICKTOWN,OH,,50000,1,2023,business,,,,,,,,,,"Broell Enterprises, LLC",Inclusion Grant,11,Food and Agribusiness,50000,business,BROELL ENTERPRISES LLC,OH,JobsOhio Inclusion Grant program rule (Ohio small business); JobsOhio monthly metrics report,<100,"JobsOhio Inclusion Grant eligibility (small business, cap $50,000); metrics jobs retained 11",2023,B,,Rule R1: Inclusion Grant recipient with no contrary size signal.
EIN:381850421,CBS BORING AND MACHINE CO,381850421,FRASER,MI,,50000,1,2023,business,,,,,213,180,231,"C B S BORING & MACHINE CO., INC.",MI,,,,,,business,CBS BORING AND MACHINE CO,MI,Form 5500 plan sponsor address (2023),100-499,"Form 5500 2023: 231 participants, largest plan, sponsor C B S BORING & MACHINE CO., INC.",2023,B,,"Rule R2: own plan under 250 participants, no subsidiary marker in the name, not an SEC registrant."
EIN:341871890,COLOR 3 EMBROIDERY INC,341871890,WARREN,OH,,50000,1,2023,business,,,,,,,,,,Color 3 Embroidery Inc.,Inclusion Grant,30,Advanced Manufacturing,50000,business,COLOR 3 EMBROIDERY INC,OH,JobsOhio Inclusion Grant program rule (Ohio small business); JobsOhio monthly metrics report,<100,"JobsOhio Inclusion Grant eligibility (small business, cap $50,000); metrics jobs retained 30",2023,B,,Rule R1: Inclusion Grant recipient with no contrary size signal.
EIN:760704655,COLUMBUS DOWTOWN DEVELOPMENT,760704655,COLUMBUS,OH,501(C)(3),50000,2,2023 2024,nonprofit,,,,,,,,,,,,,,,nonprofit,COLUMBUS DOWTOWN DEVELOPMENT,OH,Schedule I address; Ohio public or nonprofit entity,,,,B,,Rule R4: nonprofit by name and IRC section; not in the business headline.
EIN:341786803,DANA WHITE MACHINING AND WELDING,341786803,NOVA,OH,,50000,1,2023,business,,,,,,,,,,"Dana White Machining & Welding, Inc.",Inclusion Grant,11,Advanced Manufacturing,50000,business,DANA WHITE MACHINING AND WELDING,OH,JobsOhio Inclusion Grant program rule (Ohio small business); JobsOhio monthly metrics report,<100,"JobsOhio Inclusion Grant eligibility (small business, cap $50,000); metrics jobs retained 11",2023,B,,Rule R1: Inclusion Grant recipient with no contrary size signal.
EIN:455425838,DEFRIES COPP LLC,455425838,DAYTON,OH,,50000,1,2023,business,,,,,23,38,32,DEFRIES COPP LLC DBA COPP INTEGRATED SYSTEMS,OH,"DeFries Copp, LLC",Inclusion Grant,23,IT,50000,business,DEFRIES COPP LLC,OH,JobsOhio Inclusion Grant program rule (Ohio small business); JobsOhio monthly metrics report,<100,"JobsOhio Inclusion Grant eligibility (small business, cap $50,000); metrics jobs retained 23; Form 5500 2019: 38 participants",2023,B,,Rule R1: Inclusion Grant recipient with no contrary size signal.
EIN:454388819,DEWESOFT LLC,454388819,WHITEHOUSE,OH,,50000,1,2023,business,,,,,7,17,54,"DEWESOFT, LLC",OH,Dewesoft LLC,Economic Development Grant,19,Technology,50000,business,DEWESOFT LLC,OH,Form 5500 plan sponsor address (2023),<100,"Form 5500 2023: 54 participants, largest plan, sponsor DEWESOFT, LLC; metrics jobs retained 19",2023,B,,"Rule R2: own plan under 250 participants, no subsidiary marker in the name, not an SEC registrant."
EIN:475137261,DIRTY GIRL COFFEE LLC,475137261,GLOUSTER,OH,,50000,1,2023,business,,,,,,,,,,"Dirty Girl Coffee, LLC",Inclusion Grant,1,Food and,50000,business,DIRTY GIRL COFFEE LLC,OH,JobsOhio Inclusion Grant program rule (Ohio small business); JobsOhio monthly metrics report,<100,"JobsOhio Inclusion Grant eligibility (small business, cap $50,000); metrics jobs retained 1",2023,B,,Rule R1: Inclusion Grant recipient with no contrary size signal.
EIN:208295733,DURAFLOW INDUSTRIES,208295733,WAKEMAN,OH,,50000,1,2023,business,,,,,,,,,,"Duraflow Industries, Inc.",Unknown: Inclusi on,7,Advanced,50000,,,,,,,,,,
EIN:822566679,EMINENT GLOBAL SOLUTIONS LLC,822566679,CLEVELAND,OH,,50000,1,2023,business,,,,,,,,,,Eminent Global Solutions LLC,Inclusion Grant,4,Logistics and,50000,business,EMINENT GLOBAL SOLUTIONS LLC,OH,JobsOhio Inclusion Grant program rule (Ohio small business); JobsOhio monthly metrics report,<100,"JobsOhio Inclusion Grant eligibility (small business, cap $50,000); metrics jobs retained 4",2023,B,,Rule R1: Inclusion Grant recipient with no contrary size signal.
EIN:473360682,ERIE BONE BROTH LLC,473360682,CLEVELAND,OH,,50000,1,2023,business,,,,,,,,,,"Erie Bone Broth, LLC",Inclusion Grant,8,Food and Agribusiness,50000,business,ERIE BONE BROTH LLC,OH,JobsOhio Inclusion Grant program rule (Ohio small business); JobsOhio monthly metrics report,<100,"JobsOhio Inclusion Grant eligibility (small business, cap $50,000); metrics jobs retained 8",2023,B,,Rule R1: Inclusion Grant recipient with no contrary size signal.
EIN:475355898,GEMINI INDUSTRIAL MACHINE GROUP LLC,475355898,NEW PHILADELPHIA,OH,,50000,1,2023,business,,,,,,,,,,"Gemini Industrial Machine Group, LLC",Inclusion Grant,9,Advanced Manufacturing,50000,business,GEMINI INDUSTRIAL MACHINE GROUP LLC,OH,JobsOhio Inclusion Grant program rule (Ohio small business); JobsOhio monthly metrics report,<100,"JobsOhio Inclusion Grant eligibility (small business, cap $50,000); metrics jobs retained 9",2023,B,,Rule R1: Inclusion Grant recipient with no contrary size signal.
EIN:814719550,GOODLEVEL ENTERPRISES LLC,814719550,NORWALK,OH,,50000,1,2023,business,,,,,,33,63,GOODLEVEL ENTERPRISES LLC DBA,OH,"Goodlevel Enterprises, LLC",Inclusion Grant,74,Advanced Manufacturing,100000,business,GOODLEVEL ENTERPRISES LLC,OH,JobsOhio Inclusion Grant program rule (Ohio small business); JobsOhio monthly metrics report,<100,"JobsOhio Inclusion Grant eligibility (small business, cap $50,000); metrics jobs retained 74; Form 5500 2023: 63 participants",2023,B,,Rule R1: Inclusion Grant recipient with no contrary size signal.
EIN:824027022,HANLON COMPOSITES LLC,824027022,EUCLID,OH,,50000,1,2023,business,,,,,,,,,,"Hanlon Composites, LLC",Inclusion Grant,16,Advanced Manufacturing,50000,business,HANLON COMPOSITES LLC,OH,JobsOhio Inclusion Grant program rule (Ohio small business); JobsOhio monthly metrics report,<100,"JobsOhio Inclusion Grant eligibility (small business, cap $50,000); metrics jobs retained 16",2023,B,,Rule R1: Inclusion Grant recipient with no contrary size signal.
EIN:743254340,INNOVATIVE CARD SOLUTIONS,743254340,CINCINNATI,OH,,50000,1,2023,business,,,,,,2,8,"INNOVATIVE CARD SOLUTIONS, LLC",OH,"Innovative Card Solutions, LLC",Inclusion Grant,4,Financial Services,50000,business,INNOVATIVE CARD SOLUTIONS,OH,JobsOhio Inclusion Grant program rule (Ohio small business); JobsOhio monthly metrics report,<100,"JobsOhio Inclusion Grant eligibility (small business, cap $50,000); metrics jobs retained 4; Form 5500 2023: 8 participants",2023,B,,Rule R1: Inclusion Grant recipient with no contrary size signal.
EIN:473375885,ISLAND TIME MEDIA,473375885,JACKSON,OH,,50000,1,2023,business,,,,,,,,,,"Island Time Media, LLC",Inclusion Grant,1,Food and Agribusiness,50000,business,ISLAND TIME MEDIA,OH,JobsOhio Inclusion Grant program rule (Ohio small business); JobsOhio monthly metrics report,<100,"JobsOhio Inclusion Grant eligibility (small business, cap $50,000); metrics jobs retained 1",2023,B,,Rule R1: Inclusion Grant recipient with no contrary size signal.
EIN:201299801,JW OF ROCKY RIVER,201299801,LORAIN,OH,,50000,1,2023,business,,,,,,,,,,,,,,,,,,,,,,,,
EIN:471351569,LIONA ENTERPRISES,471351569,CINCINNATI,OH,,50000,1,2023,business,,,,,,8,43,"LIONA ENTERPRISES, INC.",OH,"Liona Enterprises, Inc.",Unknown: Inclusi on,3,Technology,50000,business,LIONA ENTERPRISES,OH,Form 5500 plan sponsor address (2023),<100,"Form 5500 2023: 43 participants, largest plan, sponsor LIONA ENTERPRISES, INC.; metrics jobs retained 3",2023,B,,"Rule R2: own plan under 250 participants, no subsidiary marker in the name, not an SEC registrant."
EIN:471569655,LOPAUS POINT LLC,471569655,COLUMBUS,OH,,50000,1,2023,business,0001846821,"Lopaus Point, Inc.",X1,OH,,,,,,"Lopaus Point, LLC",Inclusion Grant,5,Food and Agribusiness,50000,business,LOPAUS POINT LLC,OH,JobsOhio Inclusion Grant program rule (Ohio small business); JobsOhio monthly metrics report,<100,"JobsOhio Inclusion Grant eligibility (small business, cap $50,000); metrics jobs retained 5",2023,B,,Rule R1: Inclusion Grant recipient with no contrary size signal.
EIN:831971507,NEW DAY CREATIVE LLC,831971507,MANSFIELD,OH,,50000,1,2023,business,,,,,,,,,,"New Day Creative, LLC",Inclusion Grant,6,Technology,50000,business,NEW DAY CREATIVE LLC,OH,JobsOhio Inclusion Grant program rule (Ohio small business); JobsOhio monthly metrics report,<100,"JobsOhio Inclusion Grant eligibility (small business, cap $50,000); metrics jobs retained 6",2023,B,,Rule R1: Inclusion Grant recipient with no contrary size signal.
EIN:341655024,OHIO VALLEY STAMPING & ASSEMBLIES INC,341655024,MANSFIELD,OH,,50000,1,2023,business,,,,,,,,,,"Ohio Valley Stamping-Assemblies, Inc.",Inclusion Grant,60,Advanced Manufacturing,100000,business,OHIO VALLEY STAMPING & ASSEMBLIES INC,OH,JobsOhio Inclusion Grant program rule (Ohio small business); JobsOhio monthly metrics report,<100,"JobsOhio Inclusion Grant eligibility (small business, cap $50,000); metrics jobs retained 60",2023,B,,Rule R1: Inclusion Grant recipient with no contrary size signal.
EIN:341293999,PINNACLE PRESS INC,341293999,CANTON,OH,,50000,1,2023,business,,,,,,,7,PINNACLE PRESS INC.,OH,"Pinnacle Press, Inc.",Inclusion Grant,6,Advanced Manufacturing,50000,business,PINNACLE PRESS INC,OH,JobsOhio Inclusion Grant program rule (Ohio small business); JobsOhio monthly metrics report,<100,"JobsOhio Inclusion Grant eligibility (small business, cap $50,000); metrics jobs retained 6; Form 5500 2023: 7 participants",2023,B,,Rule R1: Inclusion Grant recipient with no contrary size signal.
EIN:421613564,PLOGER TRANSPORTATION LLC,421613564,NORWALK,OH,,50000,1,2023,business,,,,,44,54,96,"PLOGER TRANSPORTATION, LLC",OH,"Ploger Transportation, LLC",Inclusion Grant,33,Logistics and Distribution,50000,business,PLOGER TRANSPORTATION LLC,OH,JobsOhio Inclusion Grant program rule (Ohio small business); JobsOhio monthly metrics report,<100,"JobsOhio Inclusion Grant eligibility (small business, cap $50,000); metrics jobs retained 33; Form 5500 2023: 96 participants",2023,B,,Rule R1: Inclusion Grant recipient with no contrary size signal.
EIN:341761583,RL COLE ENTERPRISE INC,341761583,BEACHWOOD,OH,,50000,1,2023,business,,,,,,7,6,"R.L. COLE ENTERPRISE, INC.",OH,,,,,,business,RL COLE ENTERPRISE INC,OH,Form 5500 plan sponsor address (2019),<100,"Form 5500 2019: 7 participants, largest plan, sponsor R.L. COLE ENTERPRISE, INC.",2019,B,,"Rule R2: own plan under 250 participants, no subsidiary marker in the name, not an SEC registrant."
EIN:853157191,RELIABILITY INSPECTIONS LLC,853157191,RACINE,OH,,50000,1,2023,business,,,,,,,14,RELIABILITY INSPECTIONS LLC,OH,Reliability Inspections LLC,Inclusion Grant,10,Energy and Chemicals,50000,business,RELIABILITY INSPECTIONS LLC,OH,JobsOhio Inclusion Grant program rule (Ohio small business); JobsOhio monthly metrics report,<100,"JobsOhio Inclusion Grant eligibility (small business, cap $50,000); metrics jobs retained 10; Form 5500 2023: 14 participants",2023,B,,Rule R1: Inclusion Grant recipient with no contrary size signal.
EIN:341273548,SCHAEFFER METAL PRODUCTS INC,341273548,RAVENNA,OH,,50000,1,2023,business,,,,,,,5,SCHAEFFER S TANK & TRUCK,OH,"Schaeffer Metal Products, Inc",Inclusion Grant,7,Advanced Manufacturing,50000,business,SCHAEFFER METAL PRODUCTS INC,OH,JobsOhio Inclusion Grant program rule (Ohio small business); JobsOhio monthly metrics report,<100,"JobsOhio Inclusion Grant eligibility (small business, cap $50,000); metrics jobs retained 7; Form 5500 2023: 5 participants",2023,B,,Rule R1: Inclusion Grant recipient with no contrary size signal.
EIN:270733710,SEAL-TITE LLC,270733710,MIDDLETOWN,OH,,50000,1,2023,business,,,,,,,126,SEAL-TITE LLC,OH,Seal-Tite LLC,Economic Development Grant,116,Advanced Manufacturing,100000,business,SEAL-TITE LLC,OH,Form 5500 plan sponsor address (2023),100-499,"Form 5500 2023: 126 participants, largest plan, sponsor SEAL-TITE LLC; metrics jobs retained 116",2023,B,,"Rule R2: own plan under 250 participants, no subsidiary marker in the name, not an SEC registrant."
EIN:464837984,SILVER BRIDGE COFFEE COMPANY LLC,464837984,GALLIPOLIS,OH,,50000,1,2023,business,,,,,,,,,,"Silver Bridge Coffee Company, LLC",Inclusion Grant,5,Food Sciences and Agriculture,50000,business,SILVER BRIDGE COFFEE COMPANY LLC,OH,JobsOhio Inclusion Grant program rule (Ohio small business); JobsOhio monthly metrics report,<100,"JobsOhio Inclusion Grant eligibility (small business, cap $50,000); metrics jobs retained 5",2023,B,,Rule R1: Inclusion Grant recipient with no contrary size signal.
EIN:463120860,SLD ENTERPRISES LLC,463120860,CINCINNATI,OH,,50000,1,2023,business,,,,,,,,,,,,,,,,,,,,,,,,
EIN:883732303,SMITH BROTHERS CREAMERY,883732303,MCCONNELSVILLE,OH,,50000,1,2023,business,,,,,,,,,,"Smith Brothers Creamery, LLC",Inclusion Grant,0,Food and Agribusiness,50000,business,SMITH BROTHERS CREAMERY,OH,JobsOhio Inclusion Grant program rule (Ohio small business); JobsOhio monthly metrics report,<100,"JobsOhio Inclusion Grant eligibility (small business, cap $50,000); metrics jobs retained 0",2023,B,,Rule R1: Inclusion Grant recipient with no contrary size signal.
EIN:461090667,SOLUTIONS VENDING INTERNATIONAL INC,461090667,MIAMI BEACH,FL,,50000,1,2023,business,0001759081,"Solutions Vending International, Inc.",DE,OH,,,,,,"Solutions Vending International, Inc.",Inclusion Grant,2,Technology,50000,business,SOLUTIONS VENDING INTERNATIONAL INC,OH,JobsOhio Inclusion Grant program rule (Ohio small business); JobsOhio monthly metrics report,<100,"JobsOhio Inclusion Grant eligibility (small business, cap $50,000); metrics jobs retained 2",2023,B,,Rule R1: Inclusion Grant recipient with no contrary size signal.
EIN:310918771,SOUTHERN OHIO COMMUNICATION SERIVCES INC,310918771,WAVERLY,OH,,50000,1,2023,business,,,,,,,11,"SOUTHERN OHIO COMMUNICATION SERVICES, INC.",OR,"Southern Ohio Communication Services, Inc.",Inclusion Grant,10,Technology,50000,business,SOUTHERN OHIO COMMUNICATION SERIVCES INC,OH,JobsOhio Inclusion Grant program rule (Ohio small business); JobsOhio monthly metrics report,<100,"JobsOhio Inclusion Grant eligibility (small business, cap $50,000); metrics jobs retained 10; Form 5500 2023: 11 participants",2023,B,,Rule R1: Inclusion Grant recipient with no contrary size signal.
EIN:844810330,SPRINTS LLC,844810330,CINCINNATI,OH,,50000,2,2023 2024,business,,,,,,,3,"SPRINTS, LLC",OH,Sprints LLC,Inclusion Grant,0,Other,50000,business,SPRINTS LLC,OH,JobsOhio Inclusion Grant program rule (Ohio small business); JobsOhio monthly metrics report,<100,"JobsOhio Inclusion Grant eligibility (small business, cap $50,000); metrics jobs retained 0; Form 5500 2023: 3 participants",2024,B,,Rule R1: Inclusion Grant recipient with no contrary size signal.
EIN:341576726,STAR TURBINE INC,341576726,MARION,OH,,50000,1,2023,business,,,,,45,41,63,"STAR TURBINE, INC.",OH,"Star Turbine, Inc.",Economic Development Grant,45,Advanced Manufacturing,50000,business,STAR TURBINE INC,OH,Form 5500 plan sponsor address (2023),<100,"Form 5500 2023: 63 participants, largest plan, sponsor STAR TURBINE, INC.; metrics jobs retained 45",2023,B,,"Rule R2: own plan under 250 participants, no subsidiary marker in the name, not an SEC registrant."
EIN:300494586,THE VOICE OF YOUR CUSTOMER LLC,300494586,CINCINNATI,OH,,50000,1,2023,business,,,,,,,,,,"The Voice of Your Customer, LLC",Inclusion Grant,1,Other,50000,business,THE VOICE OF YOUR CUSTOMER LLC,OH,JobsOhio Inclusion Grant program rule (Ohio small business); JobsOhio monthly metrics report,<100,"JobsOhio Inclusion Grant eligibility (small business, cap $50,000); metrics jobs retained 1",2023,B,,Rule R1: Inclusion Grant recipient with no contrary size signal.
EIN:203581585,TRIVERSITY CONSTRUCTION COMPANY,203581585,CINCINNATI,OH,,50000,1,2023,business,,,,,52,114,96,"TRIVERSITY CONSTRUCTION, LLC",OH,"TriVersity Construction Company, LLC",Inclusion Grant,89,Other,50000,business,TRIVERSITY CONSTRUCTION COMPANY,OH,JobsOhio Inclusion Grant program rule (Ohio small business); JobsOhio monthly metrics report,100-499,"JobsOhio Inclusion Grant eligibility (small business, cap $50,000); metrics jobs retained 89; Form 5500 2019: 114 participants",2023,B,,Rule R1: Inclusion Grant recipient with no contrary size signal.
EIN:833686461,VISPIRI INC,833686461,CLEVELAND,OH,,50000,1,2023,business,0001831322,VISPIRI Inc.,DE,OH,,,,,,Vispiri Inc.,Inclusion Grant,16,Food and Agribusiness,50000,business,VISPIRI INC,OH,JobsOhio Inclusion Grant program rule (Ohio small business); JobsOhio monthly metrics report,<100,"JobsOhio Inclusion Grant eligibility (small business, cap $50,000); metrics jobs retained 16",2023,B,,Rule R1: Inclusion Grant recipient with no contrary size signal.
EIN:310792900,ZEBCO INDUSTRIES INC,310792900,LANCASTER,OH,,50000,1,2023,business,,,,,19,22,25,"ZEBCO INDUSTRIES, INC.",OH,"Zebco Industries, Inc.",Inclusion Grant,20,Advanced Manufacturing,50000,business,ZEBCO INDUSTRIES INC,OH,JobsOhio Inclusion Grant program rule (Ohio small business); JobsOhio monthly metrics report,<100,"JobsOhio Inclusion Grant eligibility (small business, cap $50,000); metrics jobs retained 20; Form 5500 2023: 25 participants",2023,B,,Rule R1: Inclusion Grant recipient with no contrary size signal.
EIN:873030540,AC GREEN LLC,873030540,ATHENS,OH,,50000,1,2024,business,,,,,,,5,"AC GREEN, LLC",OH,AC Green LLC,Inclusion Grant,9,Advanced Manufacturing,50000,business,AC GREEN LLC,OH,JobsOhio Inclusion Grant program rule (Ohio small business); JobsOhio monthly metrics report,<100,"JobsOhio Inclusion Grant eligibility (small business, cap $50,000); metrics jobs retained 9; Form 5500 2023: 5 participants",2024,B,,Rule R1: Inclusion Grant recipient with no contrary size signal.
EIN:311669468,ACI SERVICES,311669468,CAMBRIDGE,MA,,50000,1,2024,business,,,,,67,70,85,"ACI SERVICES, INC.",OH,"ACI Services, Inc.",Economic Development Grant; Inclusion Grant,51,Advanced Manufacturing,80000,business,ACI SERVICES,OH,Form 5500 plan sponsor address (2023),<100,"Form 5500 2023: 85 participants, largest plan, sponsor ACI SERVICES, INC.; metrics jobs retained 51",2023,B,,"Rule R2: own plan under 250 participants, no subsidiary marker in the name, not an SEC registrant."
EIN:813197340,AIP PROPERTIES LLC,813197340,COLUMBUS,OH,,50000,1,2024,site_development,,,,,,,,,,,,,,,site_development,AIP PROPERTIES LLC,OH,Schedule I address; Ohio public or nonprofit entity,,,,B,,Rule R4: site_development by name and IRC section; not in the business headline.
EIN:830722506,AUNT FLOW CORP,830722506,COLUMBUS,OH,,50000,1,2024,business,0001747282,Aunt Flow Corp.,DE,OH,,,,,,Aunt Flow Corp,Workforce Grant,6,Other,100000,,,,,,,,,,
EIN:341924589,AUTOMATION SYSTEMS & DESIGNS INC,341924589,MORAINE,OH,,50000,1,2024,business,,,,,,,,,,,,,,,,,,,,,,,,
EIN:863411379,BARN VIEW INVESTMENTS,863411379,NAVARRE,OH,,50000,1,2024,business,,,,,,,,,,,,,,,,,,,,,,,,
EIN:341200570,BOLLIN LABEL SYSTEMS,341200570,TOLEDO,OH,,50000,1,2024,business,,,,,43,62,61,"BOLLIN & SONS, INC. DBA BOLLIN LABEL SYSTEMS",OH,Bollin Label Systems,Inclusion Grant,50,Advanced Manufacturing,50000,business,BOLLIN LABEL SYSTEMS,OH,JobsOhio Inclusion Grant program rule (Ohio small business); JobsOhio monthly metrics report,<100,"JobsOhio Inclusion Grant eligibility (small business, cap $50,000); metrics jobs retained 50; Form 5500 2019: 62 participants",2024,B,,Rule R1: Inclusion Grant recipient with no contrary size signal.
EIN:452894956,BROWNIE POINTS LLC,452894956,COLUMBUS,OH,,50000,1,2024,business,,,,,,,,,,"Brownie Points, LLC",Inclusion Grant,27,Food and Agribusiness,50000,business,BROWNIE POINTS LLC,OH,JobsOhio Inclusion Grant program rule (Ohio small business); JobsOhio monthly metrics report,<100,"JobsOhio Inclusion Grant eligibility (small business, cap $50,000); metrics jobs retained 27",2024,B,,Rule R1: Inclusion Grant recipient with no contrary size signal.
EIN:453861068,C H SMITH & ASSOCIATES LLC,453861068,CINCINNATI,OH,,50000,1,2024,business,,,,,,,,,,"C H Smith & Associates, LLC",Inclusion Grant,3,Other,50000,business,C H SMITH & ASSOCIATES LLC,OH,JobsOhio Inclusion Grant program rule (Ohio small business); JobsOhio monthly metrics report,<100,"JobsOhio Inclusion Grant eligibility (small business, cap $50,000); metrics jobs retained 3",2024,B,,Rule R1: Inclusion Grant recipient with no contrary size signal.
EIN:270092221,CANDOR TRANSPORTATION,270092221,TWINSBURG,OH,,50000,1,2024,business,,,,,,,,,,Candor Transportation Co. LLC,Inclusion Grant,9,Logistics and Distribution,50000,business,CANDOR TRANSPORTATION,OH,JobsOhio Inclusion Grant program rule (Ohio small business); JobsOhio monthly metrics report,<100,"JobsOhio Inclusion Grant eligibility (small business, cap $50,000); metrics jobs retained 9",2024,B,,Rule R1: Inclusion Grant recipient with no contrary size signal.
EIN:810685370,CLEVELAND TOFU LLC,810685370,CLEVELAND,OH,,50000,1,2024,business,,,,,,,,,,,,,,,,,,,,,,,,
EIN:814985539,DOC SPARTAN LLC,814985539,PORTSMOUTH,OH,,50000,1,2024,business,,,,,,,,,,"Doc Spartan, LLC",Inclusion Grant,2,Advanced,50000,business,DOC SPARTAN LLC,OH,JobsOhio Inclusion Grant program rule (Ohio small business); JobsOhio monthly metrics report,<100,"JobsOhio Inclusion Grant eligibility (small business, cap $50,000); metrics jobs retained 2",2024,B,,Rule R1: Inclusion Grant recipient with no contrary size signal.
EIN:873403589,EDGAR JOSEPH GROUP LLC,873403589,WARREN,OH,,50000,1,2024,business,,,,,,,,,,"Edgar Joseph Group, LLC",Inclusion Grant,2,Food and Agribusiness,50000,business,EDGAR JOSEPH GROUP LLC,OH,JobsOhio Inclusion Grant program rule (Ohio small business); JobsOhio monthly metrics report,<100,"JobsOhio Inclusion Grant eligibility (small business, cap $50,000); metrics jobs retained 2",2024,B,,Rule R1: Inclusion Grant recipient with no contrary size signal.
EIN:341459124,ENVELOPE MART OF NORTHEAST OHIO INC,341459124,ELYRIA,OH,,50000,1,2024,business,,,,,,,30,ENVELOPE MART OF NE OHIO DBA EM PRINT GROUP,OH,"Envelope Mart of Northeast Ohio, Inc.",Inclusion Grant,31,Advanced Manufacturing,50000,business,ENVELOPE MART OF NORTHEAST OHIO INC,OH,JobsOhio Inclusion Grant program rule (Ohio small business); JobsOhio monthly metrics report,<100,"JobsOhio Inclusion Grant eligibility (small business, cap $50,000); metrics jobs retained 31; Form 5500 2023: 30 participants",2024,B,,Rule R1: Inclusion Grant recipient with no contrary size signal.
EIN:812679212,FABA MACHINE SERIVCES LLC,812679212,COLUMBUS,OH,,50000,1,2024,business,,,,,,,,,,,,,,,,,,,,,,,,
EIN:341400789,GLAZING SYSTEMS INC,341400789,TALLMADGE,OH,,50000,1,2024,business,,,,,,5,4,"GLAZING SYSTEMS, INC.",OH,Glazing Systems Inc,Inclusion Grant,12,Advanced Manufacturing,50000,business,GLAZING SYSTEMS INC,OH,JobsOhio Inclusion Grant program rule (Ohio small business); JobsOhio monthly metrics report,<100,"JobsOhio Inclusion Grant eligibility (small business, cap $50,000); metrics jobs retained 12; Form 5500 2019: 5 participants",2024,B,,Rule R1: Inclusion Grant recipient with no contrary size signal.
EIN:412066094,GLOBAL BODY & EQUIPMENT COMPANY,412066094,WOOSTER,OH,,50000,1,2024,business,,,,,100,68,44,GLOBAL BODY EQUIPMENT CO.,OH,Global Body & Equipment Co.,Economic Development Grant,33,Advanced Manufacturing,50000,business,GLOBAL BODY & EQUIPMENT COMPANY,OH,Form 5500 plan sponsor address (2015),100-499,"Form 5500 2015: 100 participants, largest plan, sponsor GLOBAL BODY EQUIPMENT CO.; metrics jobs retained 33",2015,B,,"Rule R2: own plan under 250 participants, no subsidiary marker in the name, not an SEC registrant."
EIN:872470689,GOTARA LLC,872470689,CINCINNATI,OH,,50000,1,2024,business,,,,,,,,,,Gotara LLC,Inclusion Grant,0,Technology,50000,business,GOTARA LLC,OH,JobsOhio Inclusion Grant program rule (Ohio small business); JobsOhio monthly metrics report,<100,"JobsOhio Inclusion Grant eligibility (small business, cap $50,000); metrics jobs retained 0",2024,B,,Rule R1: Inclusion Grant recipient with no contrary size signal.
EIN:310882102,HEARTH PRODUCTS CONTROLS CO,310882102,MIAMISBURG,OH,,50000,1,2024,business,,,,,,,45,HEARTH PRODUCT CONTROLS,OH,Hearth Products Controls Co.,Workforce Grant,48,Advanced Manufacturing,50000,business,HEARTH PRODUCTS CONTROLS CO,OH,Form 5500 plan sponsor address (2023),<100,"Form 5500 2023: 45 participants, largest plan, sponsor HEARTH PRODUCT CONTROLS; metrics jobs retained 48",2023,B,,"Rule R2: own plan under 250 participants, no subsidiary marker in the name, not an SEC registrant."
EIN:474281000,INNOVATIVE CLEANING SERVICE AND SUPPLY,474281000,CINCINNATI,OH,,50000,1,2024,business,,,,,,4,3,INNOVATIVE CLEANING SERVIC,OH,Innovative Cleaning Services and Supply Inc,Inclusion Grant,25,Other,50000,business,INNOVATIVE CLEANING SERVICE AND SUPPLY,OH,JobsOhio Inclusion Grant program rule (Ohio small business); JobsOhio monthly metrics report,<100,"JobsOhio Inclusion Grant eligibility (small business, cap $50,000); metrics jobs retained 25; Form 5500 2019: 4 participants",2024,B,,Rule R1: Inclusion Grant recipient with no contrary size signal.
EIN:274037354,JTW INC,274037354,MANSFIELD,OH,,50000,1,2024,business,,,,,,,,,,"JTW, Inc.",Inclusion Grant,23,Advanced Manufacturing,50000,business,JTW INC,OH,JobsOhio Inclusion Grant program rule (Ohio small business); JobsOhio monthly metrics report,<100,"JobsOhio Inclusion Grant eligibility (small business, cap $50,000); metrics jobs retained 23",2024,B,,Rule R1: Inclusion Grant recipient with no contrary size signal.
EIN:813722879,LUBRISOURCE,813722879,MIDDLETOWN,OH,,50000,1,2024,business,,,,,,,,,,"LubriSource, Inc",Unknown: Inclusi on,11,Advanced,50000,,,,,,,,,,
EIN:471779165,MASTERS PRECISION MACHINING INC,471779165,KENT,OH,,50000,1,2024,business,,,,,,,11,MASTERS PRECISION MACH INC,OH,Masters Precision Machining Inc.,Inclusion Grant,18,Advanced Manufacturing,50000,business,MASTERS PRECISION MACHINING INC,OH,JobsOhio Inclusion Grant program rule (Ohio small business); JobsOhio monthly metrics report,<100,"JobsOhio Inclusion Grant eligibility (small business, cap $50,000); metrics jobs retained 18; Form 5500 2023: 11 participants",2024,B,,Rule R1: Inclusion Grant recipient with no contrary size signal.
EIN:263333961,MCDONALD BROTHERS FOOD SERVICE LLC,263333961,CANTON,OH,,50000,1,2024,business,,,,,,,,,,"McDonald Brothers Food Service, LLC",Inclusion Grant,2,Food and Agribusiness,50000,business,MCDONALD BROTHERS FOOD SERVICE LLC,OH,JobsOhio Inclusion Grant program rule (Ohio small business); JobsOhio monthly metrics report,<100,"JobsOhio Inclusion Grant eligibility (small business, cap $50,000); metrics jobs retained 2",2024,B,,Rule R1: Inclusion Grant recipient with no contrary size signal.
EIN:522314113,NATIONAL ASSOCIATION OF CORPORATE DIRECTORS,522314113,ARLINGTON,VA,,50000,1,2024,business,,,,,84,145,202,NATIONAL ASSOCIATION OF CORPORATE DIRECTORS,VA,,,,,,business,NATIONAL ASSOCIATION OF CORPORATE DIRECTORS,VA,Form 5500 plan sponsor address (2023),100-499,"Form 5500 2023: 202 participants, largest plan, sponsor NATIONAL ASSOCIATION OF CORPORATE DIRECTORS",2023,B,,"Rule R2: own plan under 250 participants, no subsidiary marker in the name, not an SEC registrant."
EIN:452605974,NATURES BEAUTY TREE SERVICE LLC,452605974,SOUTH EUCLID,OH,,50000,1,2024,business,,,,,,,,,,"Nature's Beauty Tree Service, LLC",Inclusion Grant,4,Advanced Manufacturing,50000,business,NATURES BEAUTY TREE SERVICE LLC,OH,JobsOhio Inclusion Grant program rule (Ohio small business); JobsOhio monthly metrics report,<100,"JobsOhio Inclusion Grant eligibility (small business, cap $50,000); metrics jobs retained 4",2024,B,,Rule R1: Inclusion Grant recipient with no contrary size signal.
NAME:nicholas yust fine metal art,NICHOLAS YUST FINE METAL ART,,CINCINNATI,OH,,50000,1,2024,business,,,,,,,,,,,,,,,,,,,,,,,,
EIN:462196621,P&L METAL CRAFTS LLC,462196621,YOUNGSTOWN,OH,,50000,1,2024,business,,,,,,19,18,"P & L METALCRAFTS, LLC",OH,,,,,,business,P&L METAL CRAFTS LLC,OH,Form 5500 plan sponsor address (2019),<100,"Form 5500 2019: 19 participants, largest plan, sponsor P & L METALCRAFTS, LLC",2019,B,,"Rule R2: own plan under 250 participants, no subsidiary marker in the name, not an SEC registrant."
EIN:510619732,PAINTED COWGIRL TACK LLC,510619732,GREENWICH,OH,,50000,1,2024,business,,,,,,,,,,Painted Cowgirl Tack LLC,Inclusion Grant,14,Logistics and Distribution,50000,business,PAINTED COWGIRL TACK LLC,OH,JobsOhio Inclusion Grant program rule (Ohio small business); JobsOhio monthly metrics report,<100,"JobsOhio Inclusion Grant eligibility (small business, cap $50,000); metrics jobs retained 14",2024,B,,Rule R1: Inclusion Grant recipient with no contrary size signal.
EIN:314274980,PALMER-DONAVIN,314274980,COLUMBUS,OH,,50000,1,2024,business,,,,,479,698,663,PALMER-DONAVIN MANUFACTURING COMPANY,OH,The Palmer-Donavin Manufacturing Company,Economic Development Grant,116,Advanced Manufacturing,50000,,,,,,,,,,
EIN:452349532,PARAGON TEMPERED GLASS LLC,452349532,ANTWERP,OH,,50000,1,2024,business,,,,,135,136,115,"PARAGON TEMPERED GLASS, LLC",MI,"Paragon Tempered Glass, LLC",Economic Development Grant,115,Advanced Manufacturing,50000,business,PARAGON TEMPERED GLASS LLC,MI,Form 5500 plan sponsor address (2019),100-499,"Form 5500 2019: 136 participants, largest plan, sponsor PARAGON TEMPERED GLASS, LLC; metrics jobs retained 115",2019,B,,"Rule R2: own plan under 250 participants, no subsidiary marker in the name, not an SEC registrant."
EIN:341831021,PARK AVENUE MUFFIN,341831021,GARFIELD HEIGHTS,OH,,50000,1,2024,business,,,,,,,,,,Park Avenue Muffin Inc.,Inclusion Grant,3,Food and Agribusiness,50000,business,PARK AVENUE MUFFIN,OH,JobsOhio Inclusion Grant program rule (Ohio small business); JobsOhio monthly metrics report,<100,"JobsOhio Inclusion Grant eligibility (small business, cap $50,000); metrics jobs retained 3",2024,B,,Rule R1: Inclusion Grant recipient with no contrary size signal.
EIN:341625509,PETIT AUTO WASH INC,341625509,WADSWORTH,OH,,50000,1,2024,business,,,,,,,,,,"Petit Auto Wash, Inc.",Inclusion Grant,15,Advanced Manufacturing,50000,business,PETIT AUTO WASH INC,OH,JobsOhio Inclusion Grant program rule (Ohio small business); JobsOhio monthly metrics report,<100,"JobsOhio Inclusion Grant eligibility (small business, cap $50,000); metrics jobs retained 15",2024,B,,Rule R1: Inclusion Grant recipient with no contrary size signal.
EIN:611493910,PHILLIPS MEAT PROCESSING LLC,611493910,ZANESVILLE,OH,,50000,1,2024,business,,,,,14,,,PHILLIPS MEAT PROCESSING LLC,OH,"Phillips Meat Processing, LLC",Economic Development Grant; Inclusion Grant,23,Food and Agribusiness,90000,business,PHILLIPS MEAT PROCESSING LLC,OH,Form 5500 plan sponsor address (2015),<100,"Form 5500 2015: 14 participants, largest plan, sponsor PHILLIPS MEAT PROCESSING LLC; metrics jobs retained 23",2015,B,,"Rule R2: own plan under 250 participants, no subsidiary marker in the name, not an SEC registrant."
EIN:872959043,PHOENIX FACILITY III LLC,872959043,LOUISVILLE,CO,,50000,1,2024,business,,,,,,,,,,Phoenix Facility III LLC,Economic Development Grant,0,Advanced Manufacturing,50000,,,,,,,,,,
EIN:831858753,PRESCRIPTION BLISS,831858753,BELLEFONTAINE,OH,,50000,1,2024,business,,,,,,,,,,"Prescription Bliss, LLC",Inclusion Grant,6,Healthcare,50000,business,PRESCRIPTION BLISS,OH,JobsOhio Inclusion Grant program rule (Ohio small business); JobsOhio monthly metrics report,<100,"JobsOhio Inclusion Grant eligibility (small business, cap $50,000); metrics jobs retained 6",2024,B,,Rule R1: Inclusion Grant recipient with no contrary size signal.
EIN:341402791,QUES INDUSTRIES INC,341402791,CLEVELAND,OH,,50000,1,2024,business,,,,,,26,32,"QUES INDUSTRIES, INC.",OH,"Ques Industries, Inc.",Inclusion Grant,33,Energy and Chemicals,50000,business,QUES INDUSTRIES INC,OH,JobsOhio Inclusion Grant program rule (Ohio small business); JobsOhio monthly metrics report,<100,"JobsOhio Inclusion Grant eligibility (small business, cap $50,000); metrics jobs retained 33; Form 5500 2023: 32 participants",2024,B,,Rule R1: Inclusion Grant recipient with no contrary size signal.
EIN:872574202,RAY HAMILTON LOGISTICS LLC,872574202,CINCINNATI,OH,,50000,1,2024,business,,,,,,,,,,"Ray Hamilton Logistics, LLC",Economic Development Grant,15,Logistics and Distribution,50000,,,,,,,,,,
EIN:863328721,REMOTE VANS LLC,863328721,CINCINNATI,OH,,50000,1,2024,business,,,,,,,,,,Remote Vans LLC,Inclusion Grant,7,Automotive,50000,business,REMOTE VANS LLC,OH,JobsOhio Inclusion Grant program rule (Ohio small business); JobsOhio monthly metrics report,<100,"JobsOhio Inclusion Grant eligibility (small business, cap $50,000); metrics jobs retained 7",2024,B,,Rule R1: Inclusion Grant recipient with no contrary size signal.
EIN:811781311,SKYLIGHT PARTNERS INC,811781311,CINCINNATI,OH,,50000,1,2024,business,,,,,,15,37,"SKYLIGHT PARTNERS, INC.",OH,"Skylight Partners, Inc.",Inclusion Grant,24,Other,50000,business,SKYLIGHT PARTNERS INC,OH,JobsOhio Inclusion Grant program rule (Ohio small business); JobsOhio monthly metrics report,<100,"JobsOhio Inclusion Grant eligibility (small business, cap $50,000); metrics jobs retained 24; Form 5500 2023: 37 participants",2024,B,,Rule R1: Inclusion Grant recipient with no contrary size signal.
EIN:843448596,SPECIAL POWER SOURCES LLC,843448596,AKRON,OH,,50000,1,2024,business,,,,,,,,,,"Special Power Sources, LLC",Inclusion Grant,8,Energy and Chemicals,50000,business,SPECIAL POWER SOURCES LLC,OH,JobsOhio Inclusion Grant program rule (Ohio small business); JobsOhio monthly metrics report,<100,"JobsOhio Inclusion Grant eligibility (small business, cap $50,000); metrics jobs retained 8",2024,B,,Rule R1: Inclusion Grant recipient with no contrary size signal.
EIN:311424288,STAR DYNAMICS CORPORATION,311424288,HILLIARD,OH,,50000,1,2024,business,,,,,31,36,53,STAR DYNAMICS CORPORATION,OH,Star Dynamics Corporation,Inclusion Grant,15,Aerospace and Aviation,50000,business,STAR DYNAMICS CORPORATION,OH,JobsOhio Inclusion Grant program rule (Ohio small business); JobsOhio monthly metrics report,<100,"JobsOhio Inclusion Grant eligibility (small business, cap $50,000); metrics jobs retained 15; Form 5500 2023: 53 participants",2024,B,,Rule R1: Inclusion Grant recipient with no contrary size signal.
EIN:311392639,STAT INDUSTRIES INC,311392639,CHILLICOTHE,OH,,50000,1,2024,business,,,,,,,,,,"Stat Industries, Inc.",Inclusion Grant,2,Advanced Manufacturing,50000,business,STAT INDUSTRIES INC,OH,JobsOhio Inclusion Grant program rule (Ohio small business); JobsOhio monthly metrics report,<100,"JobsOhio Inclusion Grant eligibility (small business, cap $50,000); metrics jobs retained 2",2024,B,,Rule R1: Inclusion Grant recipient with no contrary size signal.
EIN:310826775,TECHMETALS INC,310826775,DAYTON,NJ,,50000,1,2024,business,,,,,131,224,190,"TECHMETALS, INC.",OH,"Techmetals, Inc.",Workforce Grant,225,Advanced Manufacturing,50000,business,TECHMETALS INC,OH,Form 5500 plan sponsor address (2019),100-499,"Form 5500 2019: 224 participants, largest plan, sponsor TECHMETALS, INC.; metrics jobs retained 225",2019,B,,"Rule R2: own plan under 250 participants, no subsidiary marker in the name, not an SEC registrant."
EIN:823446932,TERRY THOMSEN LLC,823446932,NORTH OLMSTED,OH,,50000,1,2024,business,0001860687,Terry Thomsen LLC,OH,OH,,,,,,Terry Thomsen LLC,Inclusion Grant,1,Food and Agribusiness,50000,business,TERRY THOMSEN LLC,OH,JobsOhio Inclusion Grant program rule (Ohio small business); JobsOhio monthly metrics report,<100,"JobsOhio Inclusion Grant eligibility (small business, cap $50,000); metrics jobs retained 1",2024,B,,Rule R1: Inclusion Grant recipient with no contrary size signal.
EIN:371591120,THE AKA TEAM INC,371591120,CLEVELAND,OH,,50000,1,2024,business,,,,,,9,,THE AKA TEAM,OH,"The AKA Team, Inc.",Inclusion Grant,21,Other,50000,business,THE AKA TEAM INC,OH,JobsOhio Inclusion Grant program rule (Ohio small business); JobsOhio monthly metrics report,<100,"JobsOhio Inclusion Grant eligibility (small business, cap $50,000); metrics jobs retained 21; Form 5500 2019: 9 participants",2024,B,,Rule R1: Inclusion Grant recipient with no contrary size signal.
EIN:340680692,THE ERICSON MANUFACTURING COMPANY,340680692,WILLOUGHBY,OH,,50000,1,2024,business,,,,,91,93,91,ERICSON MANUFACTURING COMPANY,OH,The Ericson Manufacturing Co.,Economic Development Grant; Revitalization Grant,84,Advanced Manufacturing,225000,business,THE ERICSON MANUFACTURING COMPANY,OH,Form 5500 plan sponsor address (2019),<100,"Form 5500 2019: 93 participants, largest plan, sponsor ERICSON MANUFACTURING COMPANY; metrics jobs retained 84",2019,B,,"Rule R2: own plan under 250 participants, no subsidiary marker in the name, not an SEC registrant."
EIN:263858688,THE METZ DENTAL LABORATORY INC,263858688,COLUMBUS,OH,,50000,1,2024,business,,,,,,,,,,"The Metz Dental Laboratory, Inc.",Inclusion Grant,0,Healthcare,50000,business,THE METZ DENTAL LABORATORY INC,OH,JobsOhio Inclusion Grant program rule (Ohio small business); JobsOhio monthly metrics report,<100,"JobsOhio Inclusion Grant eligibility (small business, cap $50,000); metrics jobs retained 0",2024,B,,Rule R1: Inclusion Grant recipient with no contrary size signal.
EIN:341158960,TOPCRAFT INC,341158960,CANTON,OH,,50000,1,2024,business,,,,,19,17,,"TOPCRAFT, INC.",OH,,,,,,business,TOPCRAFT INC,OH,Form 5500 plan sponsor address (2015),<100,"Form 5500 2015: 19 participants, largest plan, sponsor TOPCRAFT, INC.",2015,B,,"Rule R2: own plan under 250 participants, no subsidiary marker in the name, not an SEC registrant."
EIN:311044595,TRANS-STATES EXPRESS,311044595,CINCINNATI,OH,,50000,1,2024,business,,,,,12,13,19,"TRANS-STATES EXPRESS, INC",OH,"Trans-States Express, Inc",Inclusion Grant,16,Logistics and Distribution,50000,business,TRANS-STATES EXPRESS,OH,JobsOhio Inclusion Grant program rule (Ohio small business); JobsOhio monthly metrics report,<100,"JobsOhio Inclusion Grant eligibility (small business, cap $50,000); metrics jobs retained 16; Form 5500 2023: 19 participants",2024,B,,Rule R1: Inclusion Grant recipient with no contrary size signal.
EIN:341705149,TROY INNOVATIVE INSTRUMENTS INC,341705149,MIDDLEFIELD,OH,,50000,1,2024,business,,,,,46,42,39,"TROY INNOVATIVE INSTRUMENTS, INC.",OH,"Troy Innovative Instruments, Inc.",Inclusion Grant,34,Advanced Manufacturing,50000,business,TROY INNOVATIVE INSTRUMENTS INC,OH,JobsOhio Inclusion Grant program rule (Ohio small business); JobsOhio monthly metrics report,<100,"JobsOhio Inclusion Grant eligibility (small business, cap $50,000); metrics jobs retained 34; Form 5500 2015: 46 participants",2024,B,,Rule R1: Inclusion Grant recipient with no contrary size signal.
EIN:272364762,UPRYS LLC,272364762,COLUMBUS,OH,,50000,1,2024,business,,,,,,,26,UPRYS LLC,OH,Uprys LLC,Inclusion Grant,6,Technology,50000,business,UPRYS LLC,OH,JobsOhio Inclusion Grant program rule (Ohio small business); JobsOhio monthly metrics report,<100,"JobsOhio Inclusion Grant eligibility (small business, cap $50,000); metrics jobs retained 6; Form 5500 2023: 26 participants",2024,B,,Rule R1: Inclusion Grant recipient with no contrary size signal.
EIN:341016421,WODIN INC,341016421,BEDFORD HEIGHTS,OH,,50000,1,2024,business,,,,,30,28,18,"WODIN, INC.",OH,"Wodin, Inc.",Economic Development Grant,32,Advanced Manufacturing,75000,business,WODIN INC,OH,Form 5500 plan sponsor address (2015),<100,"Form 5500 2015: 30 participants, largest plan, sponsor WODIN, INC.; metrics jobs retained 32",2015,B,,"Rule R2: own plan under 250 participants, no subsidiary marker in the name, not an SEC registrant."
EIN:472692010,ECCRINE SYSTEMS INC,472692010,CINCINNATI,OH,,48452,3,2019 2021 2022,business,0001677374,"Eccrine Systems, Inc.",DE,OH,,55,,"ECCRINE SYSTEMS, INC.",OH,"Eccrine Systems, Inc.",Economic Development Grant,41,Healthcare,400000,,,,,,,,,,
EIN:341973299,SUSTAINABLE COMMUNITY ASSOCIATES LTD,341973299,CLEVELAND,OH,,48000,1,2020,business,,,,,,,,,,"Sustainable Community Associates, LTD",Revitalization Grant Phase II,0,Other,48000,,,,,,,,,,
EIN:311186930,McGill Development Corporation,311186930,Groveport,OH,,47800,1,2016,nonprofit,,,,,,,,,,McGill Development Corporation,Revitalization Grant Phase II,,Advanced Manufacturing,47800,nonprofit,McGill Development Corporation,OH,Schedule I address; Ohio public or nonprofit entity,,,,B,,Rule R4: nonprofit by name and IRC section; not in the business headline.
EIN:201177715,SNOWVILLE CREAMERY LLC,201177715,POMEROY,OH,,47783,1,2021,business,,,,,,,,,,"Snowville Creamery, LLC",Economic Development Grant,30,Food and Agribusiness,50000,,,,,,,,,,
EIN:842383829,OBJECTIVE REALITY GAMES LLC,842383829,CHILLICOTHE,OH,,47775,1,2024,business,,,,,,,,,,Objective Reality Games LLC,Inclusion Grant,1,Technology,50000,business,OBJECTIVE REALITY GAMES LLC,OH,JobsOhio Inclusion Grant program rule (Ohio small business); JobsOhio monthly metrics report,<100,"JobsOhio Inclusion Grant eligibility (small business, cap $50,000); metrics jobs retained 1",2024,B,,Rule R1: Inclusion Grant recipient with no contrary size signal.
EIN:464855962,SURGIHEALTH SOLUTION LLC,464855962,CINCINNATI,OH,,47517,1,2022,business,,,,,,,,,,,,,,,,,,,,,,,,
EIN:760704915,NU WAVES LTD,760704915,MONROE,OH,,47500,1,2022,business,,,,,64,85,35,NUWAVES ENGINEERING,OH,Nu Waves Ltd.,Inclusion Grant,60,Advanced,50000,business,NU WAVES LTD,OH,JobsOhio Inclusion Grant program rule (Ohio small business); JobsOhio monthly metrics report,<100,"JobsOhio Inclusion Grant eligibility (small business, cap $50,000); metrics jobs retained 60; Form 5500 2019: 85 participants",2022,B,,Rule R1: Inclusion Grant recipient with no contrary size signal.
EIN:060613103,PEPPERIDGE FARM INC,060613103,WILLARD,OH,,47315,1,2019,business,,,,,,,,,,,,,,,,,,,,,,,,
EIN:341689472,LORIS PRINTING INC,341689472,SANDUSKY,OH,,46983,1,2024,business,,,,,,,8,LORIS PRINTING,OH,Loris Printing Inc,Inclusion Grant,10,Other,50000,business,LORIS PRINTING INC,OH,JobsOhio Inclusion Grant program rule (Ohio small business); JobsOhio monthly metrics report,<100,"JobsOhio Inclusion Grant eligibility (small business, cap $50,000); metrics jobs retained 10; Form 5500 2023: 8 participants",2024,B,,Rule R1: Inclusion Grant recipient with no contrary size signal.
EIN:464852821,DUNCAN AND DANIELS ENTERPRISES LLC,464852821,BIDWELL,OH,,45000,1,2024,business,,,,,,,,,,Duncan and Daniels Enterprises LLC,Inclusion Grant,12,Logistics and Distribution,45000,business,DUNCAN AND DANIELS ENTERPRISES LLC,OH,JobsOhio Inclusion Grant program rule (Ohio small business); JobsOhio monthly metrics report,<100,"JobsOhio Inclusion Grant eligibility (small business, cap $50,000); metrics jobs retained 12",2024,B,,Rule R1: Inclusion Grant recipient with no contrary size signal.
EIN:275378467,VALUTEX REINFORCEMENTS INC,275378467,WASHINGTON COURT HOUSE,OH,,45000,1,2024,business,,,,,,,,,,,,,,,,,,,,,,,,
EIN:262489108,MedInvent LLC,262489108,White Bear Lake,MI,,40000,1,2015,business,,,,,,,,,,,,,,,,,,,,,,,,
EIN:383914676,Perham Egg Ohio LLC,383914676,Minneapolis,MN,,40000,1,2015,business,0001594903,Perham Egg Ohio LLC,MN,MN,,,,,,,,,,,,,,,,,,,,
EIN:310628033,Liqui-Box Corporation,310628033,Ashland,OH,,40000,1,2016,business,0000216430,LIQUI BOX CORP,OH,OH,433,533,980,LIQUI-BOX CORPORATION,VA,Liqui-Box Corporation,Workforce Grant,150,Polymers & Chemicals,40000,,,,,,,,,,
EIN:454498851,NPW-USA Inc,454498851,Cincinnati,OH,,40000,1,2017,business,,,,,28,71,30,"NPW-USA, INC.",OH,"NPW-USA, Inc.",Workforce Grant,,Other,40000,,,,,,,,,,
EIN:311144772,Repacorp Inc,311144772,Tipp City,OH,,40000,1,2017,business,,,,,139,157,222,"REPACORP, INC.",OH,"Repacorp, Inc.",Workforce Grant,95,Advanced Manufacturing,40000,business,Repacorp Inc,OH,Form 5500 plan sponsor address (2023),100-499,"Form 5500 2023: 222 participants, largest plan, sponsor REPACORP, INC.; metrics jobs retained 95",2023,B,,"Rule R2: own plan under 250 participants, no subsidiary marker in the name, not an SEC registrant."
EIN:611394910,PHILLIPS MEAT PROCESSING LLC,611394910,ZANESVILLE,OH,,40000,1,2019,business,,,,,,,,,,"Phillips Meat Processing, LLC",Economic Development Grant; Inclusion Grant,23,Food and Agribusiness,90000,,,,,,,,,,
EIN:141831492,STONECROP TECHNOLOGIES LLC,141831492,GROVE CITY,OH,,40000,1,2019,business,,,,,,296,,STONECROP TECHNOLOGIES LLC,CA,"Stonecrop Technologies, LLC",Workforce Grant,0,Logistics and Distribution,40000,,,,,,,,,,
EIN:300609496,THE CLEVELAND FOUNDRY,300609496,CLEVELAND,OH,501(C)(3),40000,1,2020,nonprofit,,,,,,,10,THE CLEVELAND FOUNDRY,OH,,,,,,nonprofit,THE CLEVELAND FOUNDRY,OH,Schedule I address; Ohio public or nonprofit entity,<100,Form 5500 2023: 10 participants,2023,B,,Rule R4: nonprofit by name and IRC section; not in the business headline.
EIN:844096096,IMMS LLC,844096096,GARRETTSVILLE,OH,,40000,1,2021,business,,,,,,,,,,,,,,,,,,,,,,,,
EIN:824207420,JRJP LLC,824207420,BROOKLYN,OH,,40000,1,2021,business,,,,,,,,,,,,,,,,,,,,,,,,
EIN:462283342,SAUNDERS MACHINE WORKS LLC,462283342,ZANESVILLE,OH,,40000,1,2021,business,,,,,,,,,,Saunders Machine Works LLC,Unknown: Inclusi on,4,Advanced,40000,,,,,,,,,,
EIN:311420884,SWARTZ RACE CARS INC,311420884,MINFORD,OH,,40000,1,2021,business,,,,,,,,,,"Swartz Race Cars, Inc.",Inclusion Grant,5,Automotive,40000,business,SWARTZ RACE CARS INC,OH,JobsOhio Inclusion Grant program rule (Ohio small business); JobsOhio monthly metrics report,<100,"JobsOhio Inclusion Grant eligibility (small business, cap $50,000); metrics jobs retained 5",2021,B,,Rule R1: Inclusion Grant recipient with no contrary size signal.
EIN:811327105,BLUE ROSE SUPPLY LLC,811327105,CINCINNATI,OH,,40000,1,2022,business,,,,,,,,,,"Blue Rose Supply, LLC",Inclusion Grant,2,Logistics and Distribution,40000,business,BLUE ROSE SUPPLY LLC,OH,JobsOhio Inclusion Grant program rule (Ohio small business); JobsOhio monthly metrics report,<100,"JobsOhio Inclusion Grant eligibility (small business, cap $50,000); metrics jobs retained 2",2022,B,,Rule R1: Inclusion Grant recipient with no contrary size signal.
EIN:852901609,MESCHER PROPERTIES LLC,852901609,JACKSONVILLE,FL,,40000,1,2022,site_development,,,,,,,,,,,,,,,,,,,,,,,,
EIN:941647336,WALKENHORST'S,941647336,WEST CHESTER,OH,,40000,1,2022,business,,,,,44,92,162,WALKENHORST'S,NV,Walkenhorst's,Economic Development Grant,0,Logistics and Distribution,40000,business,WALKENHORST'S,NV,Form 5500 plan sponsor address (2023),100-499,"Form 5500 2023: 162 participants, largest plan, sponsor WALKENHORST'S",2023,B,,"Rule R2: own plan under 250 participants, no subsidiary marker in the name, not an SEC registrant."
EIN:472151591,DANIELS INDUSTRIAL SERVICES LLC,472151591,ZANESVILLE,OH,,40000,1,2023,business,,,,,,10,32,"DANIELS INDUSTRIAL SERVICES, LLC",OH,Daniels Industrial Services LLC,Inclusion Grant,23,Advanced Manufacturing,40000,business,DANIELS INDUSTRIAL SERVICES LLC,OH,JobsOhio Inclusion Grant program rule (Ohio small business); JobsOhio monthly metrics report,<100,"JobsOhio Inclusion Grant eligibility (small business, cap $50,000); metrics jobs retained 23; Form 5500 2023: 32 participants",2023,B,,Rule R1: Inclusion Grant recipient with no contrary size signal.
EIN:262052986,KEBCO PRECISION FABRICATORS INC,262052986,CANTON,OH,,40000,1,2023,business,,,,,,,,,,"Kebco Precision Fabricators, Inc.",Inclusion Grant,12,Advanced Manufacturing,40000,business,KEBCO PRECISION FABRICATORS INC,OH,JobsOhio Inclusion Grant program rule (Ohio small business); JobsOhio monthly metrics report,<100,"JobsOhio Inclusion Grant eligibility (small business, cap $50,000); metrics jobs retained 12",2023,B,,Rule R1: Inclusion Grant recipient with no contrary size signal.
EIN:200277513,O'REILLY PRECISION PRODUCTS INC,200277513,RUSSIA,OH,,40000,1,2023,business,,,,,,,19,OREILLY PRECISION PRODUCTS,OH,"O'Reilly Precision Products, Inc.",Workforce Grant,34,Advanced Manufacturing,40000,business,O'REILLY PRECISION PRODUCTS INC,OH,Form 5500 plan sponsor address (2023),<100,"Form 5500 2023: 19 participants, largest plan, sponsor OREILLY PRECISION PRODUCTS; metrics jobs retained 34",2023,B,,"Rule R2: own plan under 250 participants, no subsidiary marker in the name, not an SEC registrant."
EIN:852766469,PERFORMANCE RESULTS PLUS INC,852766469,WESTERVILLE,OH,,40000,1,2023,business,,,,,,,10,"PERFORMANCE RESULTS PLUS, INC.",OH,,,,,,business,PERFORMANCE RESULTS PLUS INC,OH,Form 5500 plan sponsor address (2023),<100,"Form 5500 2023: 10 participants, largest plan, sponsor PERFORMANCE RESULTS PLUS, INC.",2023,B,,"Rule R2: own plan under 250 participants, no subsidiary marker in the name, not an SEC registrant."
EIN:300059101,QUALITY 1 WELDING & FAB INC,300059101,ELYRIA,OH,,40000,1,2023,business,,,,,,,,,,"Quality 1 Welding & Fab, Inc.",Inclusion Grant,4,Advanced Manufacturing,40000,business,QUALITY 1 WELDING & FAB INC,OH,JobsOhio Inclusion Grant program rule (Ohio small business); JobsOhio monthly metrics report,<100,"JobsOhio Inclusion Grant eligibility (small business, cap $50,000); metrics jobs retained 4",2023,B,,Rule R1: Inclusion Grant recipient with no contrary size signal.
EIN:872935432,RED FOX REALESTATE LLC,872935432,BERLIN,OH,,40000,1,2023,business,,,,,,,,,,,,,,,,,,,,,,,,
EIN:311381123,THE ULTRA MET COMPANY,311381123,URBANA,OH,,40000,1,2023,business,,,,,57,111,128,THE ULTRA-MET COMPANY,OH,The Ultra-Met Company,Growth Fund Loan; Workforce Grant,115,Advanced Manufacturing,1540000,business,THE ULTRA MET COMPANY,OH,Form 5500 plan sponsor address (2023),100-499,"Form 5500 2023: 128 participants, largest plan, sponsor THE ULTRA-MET COMPANY; metrics jobs retained 115",2023,B,,"Rule R2: own plan under 250 participants, no subsidiary marker in the name, not an SEC registrant."
EIN:341612053,TOLEDO MOLDING AND DIE COMPANY,341612053,DELPHOS,OH,,40000,1,2023,business,,,,,1858,1194,1246,"TOLEDO MOLDING & DIE, INC.",OH,"Toledo Molding & Die, LLC",Workforce Grant,195,Automotive,40000,business,TOLEDO MOLDING AND DIE COMPANY,OH,Form 5500 plan sponsor address (2015),500-4999,"Form 5500 2015: 1858 participants, largest plan, sponsor TOLEDO MOLDING & DIE, INC.; metrics jobs retained 195",2015,B,,"Rule R3: own plan at 1,500 or more participants; counts include retirees, so the bucket is conservative."
EIN:311450435,VYA,311450435,CINCINNATI,OH,,40000,1,2024,business,,,,,35,42,57,"VYA, INC.",OH,"Vya, Inc.",Inclusion Grant,54,Technology,40000,business,VYA,OH,JobsOhio Inclusion Grant program rule (Ohio small business); JobsOhio monthly metrics report,<100,"JobsOhio Inclusion Grant eligibility (small business, cap $50,000); metrics jobs retained 54; Form 5500 2023: 57 participants",2024,B,,Rule R1: Inclusion Grant recipient with no contrary size signal.
EIN:474126743,WINE HOUSE OTR LLC,474126743,CINCINNATI,OH,,40000,1,2024,business,,,,,,,,,,Wine House OTR LLC,Inclusion Grant,3,Food and Agribusiness,40000,business,WINE HOUSE OTR LLC,OH,JobsOhio Inclusion Grant program rule (Ohio small business); JobsOhio monthly metrics report,<100,"JobsOhio Inclusion Grant eligibility (small business, cap $50,000); metrics jobs retained 3",2024,B,,Rule R1: Inclusion Grant recipient with no contrary size signal.
EIN:311809959,Classic Warehousing Inc,311809959,Versailles,OH,,39996,1,2017,business,,,,,,,,,,,,,,,,,,,,,,,,
EIN:474344181,KAIKER DEVELOPMENT LLC,474344181,CINCINNATI,OH,,39905,1,2024,site_development,,,,,,,,,,Kaiker Development LLC,Inclusion Grant,4,Other,40000,site_development,KAIKER DEVELOPMENT LLC,OH,Schedule I address; Ohio public or nonprofit entity,,,,B,,Rule R4: site_development by name and IRC section; not in the business headline.
EIN:204904956,E-MEK TECHNOLOGIES LLC,204904956,VANDALIA,OH,,36343,1,2019,business,,,,,,,,,,E-Mek Technologies LLC,Economic Development Grant,120,IT,40000,,,,,,,,,,
EIN:271235638,Mountjoy Chilton Medley LLP,271235638,Louisville,KY,,35000,1,2018,business,,,,,307,511,513,MCM CPAS & ADVISORS LLP,KY,Mountjoy Chilton Medley LLP,Workforce Grant,28,Financial Services,35000,,,,,,,,,,
EIN:465425790,Sage Sustainable Electronics LLC,465425790,Columbus,OH,,35000,1,2018,business,,,,,18,118,290,SAGE SUSTAINABLE ELECTRONICS L,OH,Sage Sustainable Electronics LLC,Workforce Grant,8,Other,35000,,,,,,,,,,
EIN:830421014,TechR2 LLC,830421014,Reynoldsburg,OH,,35000,1,2018,business,,,,,,13,,TECH R2,OH,TechR2 LLC,Economic Development Grant,17,Software,35000,business,TechR2 LLC,OH,Form 5500 plan sponsor address (2019),<100,"Form 5500 2019: 13 participants, largest plan, sponsor TECH R2; metrics jobs retained 17",2019,B,,"Rule R2: own plan under 250 participants, no subsidiary marker in the name, not an SEC registrant."
EIN:550561999,DILL'S FIRE & SAFETY EQUIPMENT CO INC,550561999,WELLSTON,OH,,35000,1,2020,business,,,,,,,,,,"Dill's Fire & Safety Equipment Co., Inc.",Economic Development Grant,11,Automotive,35000,,,,,,,,,,
EIN:310868493,APS-MATERIALS INC,310868493,HARRISON TOWNSHIP,OH,,35000,1,2021,business,,,,,93,94,159,"APS MATERIALS, INC.",OH,"APS-Materials, Inc.",Inclusion Grant,90,Advanced Western,35000,business,APS-MATERIALS INC,OH,JobsOhio Inclusion Grant program rule (Ohio small business); JobsOhio monthly metrics report,100-499,"JobsOhio Inclusion Grant eligibility (small business, cap $50,000); metrics jobs retained 90; Form 5500 2023: 159 participants",2021,B,,Rule R1: Inclusion Grant recipient with no contrary size signal.
EIN:814361459,BREW BROTHERS TRUCKING LLC,814361459,PIKETON,OH,,35000,1,2021,business,,,,,,,34,"BREW BROTHERS TRUCKING, LLC",OH,Brew Brothers Trucking LLC,Economic Development Grant,8,Logistics and Distribution,35000,business,BREW BROTHERS TRUCKING LLC,OH,Form 5500 plan sponsor address (2023),<100,"Form 5500 2023: 34 participants, largest plan, sponsor BREW BROTHERS TRUCKING, LLC; metrics jobs retained 8",2023,B,,"Rule R2: own plan under 250 participants, no subsidiary marker in the name, not an SEC registrant."
EIN:350577170,PERFECTION BAKERIES INC,350577170,SIDNEY,OH,,35000,1,2021,business,,,,,1024,1163,1361,"PERFECTION BAKERIES, INC.",IN,"Perfection Bakeries, Inc.",Economic Development Grant,87,Food and Agribusiness,35000,,,,,,,,,,
EIN:260902522,INSIGHT CATASTROPHE GROUP LLC,260902522,JERSEY CITY,NJ,,35000,1,2022,business,0001923072,SageSure LLC,DE,NJ,127,248,560,INSIGHT CATASTROPHE GROUP,NJ,Insight Catastrophe Group LLC,Workforce Grant,16,Financial Services,35000,,,,,,,,,,
EIN:208413312,SC STRATEGIC SOLUTIONS LLC,208413312,NORWALK,OH,,35000,1,2022,business,,,,,12,27,80,SC STRATEGIC SOLUTIONS,OH,"SC Strategic Solutions, LLC",Inclusion Grant,70,Technology,35000,business,SC STRATEGIC SOLUTIONS LLC,OH,JobsOhio Inclusion Grant program rule (Ohio small business); JobsOhio monthly metrics report,<100,"JobsOhio Inclusion Grant eligibility (small business, cap $50,000); metrics jobs retained 70; Form 5500 2023: 80 participants",2022,B,,Rule R1: Inclusion Grant recipient with no contrary size signal.
EIN:274865083,CRISTO REY COLUMBUS HIGH SCHOOL PWSP,274865083,COLUMBUS,OH,501(C)(3),35000,1,2022,nonprofit,,,,,,,,,,,,,,,nonprofit,CRISTO REY COLUMBUS HIGH SCHOOL PWSP,OH,Schedule I address; Ohio public or nonprofit entity,,,,B,,Rule R4: nonprofit by name and IRC section; not in the business headline.
EIN:474255172,PURE BEAUTY & EXTENSION BAR LLC,474255172,LIBERTY TOWNSHIP,OH,,35000,1,2024,business,,,,,,,,,,Pure Beauty & Extension Bar LLC,Inclusion Grant,2,Logistics and Distribution,35000,business,PURE BEAUTY & EXTENSION BAR LLC,OH,JobsOhio Inclusion Grant program rule (Ohio small business); JobsOhio monthly metrics report,<100,"JobsOhio Inclusion Grant eligibility (small business, cap $50,000); metrics jobs retained 2",2024,B,,Rule R1: Inclusion Grant recipient with no contrary size signal.
EIN:273674322,SK Food Group Inc,273674322,Seattle,WA,,34344,1,2018,business,,,,,930,1492,2824,"SK FOOD GROUP, INC.",AZ,SK Food Group Inc.,Workforce Grant,490,Food and Agribusiness,250000,,,,,,,,,,
EIN:380655810,SAF-HOLLAND INC,380655810,WEST CHESTER,OH,,34188,1,2020,business,,,,,1504,1420,1293,"SAF-HOLLAND, INC.",MI,"Saf-Holland, Inc.",Workforce Grant,29,Automotive,45000,business,SAF-HOLLAND INC,MI,Form 5500 plan sponsor address (2015),500-4999,"Form 5500 2015: 1504 participants, largest plan, sponsor SAF-HOLLAND, INC.; metrics jobs retained 29",2015,B,,"Rule R3: own plan at 1,500 or more participants; counts include retirees, so the bucket is conservative."
EIN:750782223,BEF FOODS INC,750782223,LIMA,OH,,34013,1,2020,business,,,,,,,,,,"BEF Foods, Inc.",Workforce Grant,210,Food Processing,50000,,,,,,,,,,
EIN:843857873,DOVE DIE & STAMPING LLC,843857873,CLEVELAND,OH,,33000,1,2023,business,,,,,,,41,"DOVE DIE & STAMPING LLC, AN OHIO LIMITED LIABILITY COMPANY",OH,"Dove Die & Stamping, LLC",Economic Development Grant,31,Advanced Manufacturing,33000,business,DOVE DIE & STAMPING LLC,OH,Form 5500 plan sponsor address (2023),<100,"Form 5500 2023: 41 participants, largest plan, sponsor DOVE DIE & STAMPING LLC, AN OHIO LIMITED LIABILITY COMPANY; metrics jobs retained 31",2023,B,,"Rule R2: own plan under 250 participants, no subsidiary marker in the name, not an SEC registrant."
EIN:472241600,TIGER PISTOL INC,472241600,CHAGRIN FALLS,OH,,32105,1,2022,business,,,,,,0,65,TIGER PISTOL,TX,Tiger Pistol Inc.,Workforce Grant,11,IT,65000,business,TIGER PISTOL INC,TX,Form 5500 plan sponsor address (2023),<100,"Form 5500 2023: 65 participants, largest plan, sponsor TIGER PISTOL; metrics jobs retained 11",2023,B,,"Rule R2: own plan under 250 participants, no subsidiary marker in the name, not an SEC registrant."
EIN:113747263,THE PAINTING CONTRACTOR LLC,113747263,SHARONVILLE,OH,,31591,1,2022,business,,,,,,,19,"THE PAINTING CONTRACTOR, LLC",OH,"The Painting Contractor, LLC",Inclusion Grant,22,Other,35000,business,THE PAINTING CONTRACTOR LLC,OH,JobsOhio Inclusion Grant program rule (Ohio small business); JobsOhio monthly metrics report,<100,"JobsOhio Inclusion Grant eligibility (small business, cap $50,000); metrics jobs retained 22; Form 5500 2023: 19 participants",2022,B,,Rule R1: Inclusion Grant recipient with no contrary size signal.
EIN:202018667,Dynamit Technologies LLC,202018667,Columbus,OH,,30000,1,2016,business,,,,,64,132,,"DYNAMIT TECHNOLOGIES, LLC",OH,,,,,,business,Dynamit Technologies LLC,OH,Form 5500 plan sponsor address (2019),100-499,"Form 5500 2019: 132 participants, largest plan, sponsor DYNAMIT TECHNOLOGIES, LLC",2019,B,,"Rule R2: own plan under 250 participants, no subsidiary marker in the name, not an SEC registrant."
EIN:208826851,HOMAGE LLC,208826851,Columbus,OH,,30000,1,2017,business,0001654911,"HOMAGE HOLDINGS, INC.",DE,OH,,76,132,"HOMAGE, LLC",OH,,,,,,,,,,,,,,,
EIN:770584954,Persistent Systems Inc,770584954,Santa Clara,CA,,30000,1,2017,business,,,,,513,,854,"PERSISTENT SYSTEMS, INC.",CA,,,,,,,,,,,,,,,
EIN:341570556,Setex Inc,341570556,Saint Marys,OH,,30000,1,2017,business,,,,,566,605,485,"SETEX, INC.",OH,,,,,,,,,,,,,,,
EIN:311440199,West Chester Holdings Inc,311440199,Sharonville,OH,,30000,1,2017,business,,,,,133,217,,"WEST CHESTER HOLDINGS, INC.",OH,"West Chester Holdings, Inc.",Workforce Grant,101,Logistics & Distribution,30000,,,,,,,,,,
EIN:113703106,NanoSperse LLC,113703106,Kettering,OH,,30000,1,2018,business,,,,,,,,,,"NanoSperse, LLC",Economic Development Grant,6,Aerospace and Aviation,30000,,,,,,,,,,
EIN:751673348,Pier 1 Imports (US) Inc,751673348,Grove City,OH,,30000,1,2018,business,0001365754,"PIER 1 IMPORTS (U.S.), INC.",DE,TX,,,,,,,,,,,,,,,,,,,,
EIN:314270490,THE OHIO MANUFACTURERS' ASSOCIATION,314270490,COLUMBUS,OH,,30000,1,2019,business,,,,,14,17,22,THE OHIO MANUFACTURERS' ASSOCIATION,OH,,,,,,business,THE OHIO MANUFACTURERS' ASSOCIATION,OH,Form 5500 plan sponsor address (2023),<100,"Form 5500 2023: 22 participants, largest plan, sponsor THE OHIO MANUFACTURERS' ASSOCIATION",2023,B,,"Rule R2: own plan under 250 participants, no subsidiary marker in the name, not an SEC registrant."
EIN:472870834,LIBERTY STEEL INDUSTRIES INC,472870834,WARREN,OH,,30000,1,2020,business,,,,,97,271,371,"LIBERTY STEEL INDUSTRIES, INC.",OH,"Liberty Steel Industries, Inc.",Economic Development Grant,132,Advanced Manufacturing,30000,,,,,,,,,,
EIN:202186395,STUCHELL PRODUCTS LLC,202186395,ALLIANCE,OH,,30000,1,2021,business,,,,,,,,,,"Stuchell Products, LLC",Revitalization Grant,42,Advanced Manufacturing,30000,,,,,,,,,,
EIN:834001633,GUIDED BY MUSHROOMS,834001633,DAYTON,OH,,30000,1,2024,business,,,,,,,,,,"Guided By Mushrooms, LLC",Inclusion Grant,6,Food and Agribusiness,55000,business,GUIDED BY MUSHROOMS,OH,JobsOhio Inclusion Grant program rule (Ohio small business); JobsOhio monthly metrics report,<100,"JobsOhio Inclusion Grant eligibility (small business, cap $50,000); metrics jobs retained 6",2024,B,,Rule R1: Inclusion Grant recipient with no contrary size signal.
EIN:310533100,GENERAL TOOL COMPANY,310533100,CINCINNATI,OH,,29194,1,2024,business,,,,,310,335,302,GENERAL TOOL COMPANY,OH,,,,,,,,,,,,,,,
EIN:341145087,THE NOCK AND SON COMPANY,341145087,OAK HILL,OH,,29000,1,2022,business,,,,,20,20,21,THE NOCK AND SON COMPANY,OH,The Nock and Son Company,Inclusion Grant,15,Advanced Manufacturing,29000,business,THE NOCK AND SON COMPANY,OH,JobsOhio Inclusion Grant program rule (Ohio small business); JobsOhio monthly metrics report,<100,"JobsOhio Inclusion Grant eligibility (small business, cap $50,000); metrics jobs retained 15; Form 5500 2023: 21 participants",2022,B,,Rule R1: Inclusion Grant recipient with no contrary size signal.
EIN:611367211,The Laserflex Corporation,611367211,Hilliard,OH,,28559,1,2016,business,,,,,,,,,,The Laserflex Corp.,Workforce Grant,71,Advanced Mfg.,40000,,,,,,,,,,
EIN:311068810,TRIO TRUCKING INC,311068810,CINCINNATI,OH,,28489,1,2024,business,,,,,54,50,40,TRIO TRUCKING INC.,OH,"Trio Trucking, Inc.",Inclusion Grant,42,Logistics and Distribution,50000,business,TRIO TRUCKING INC,OH,JobsOhio Inclusion Grant program rule (Ohio small business); JobsOhio monthly metrics report,<100,"JobsOhio Inclusion Grant eligibility (small business, cap $50,000); metrics jobs retained 42; Form 5500 2015: 54 participants",2024,B,,Rule R1: Inclusion Grant recipient with no contrary size signal.
EIN:475572204,CHILLICOTHE KENWORTH INC,475572204,CHILLICOTHE,OH,,27170,1,2019,business,,,,,,,,,,Chillicothe Kenworth LLC,Economic Development Grant,76,Advanced Manufacturing,250000,,,,,,,,,,
EIN:311644350,FCx Performance Inc,311644350,Columbus,OH,,25000,1,2015,business,,,,,635,1179,,FCX PERFORMANCE INC.,OH,,,,,,,,,,,,,,,
EIN:310996012,A B B Leasing Co,310996012,Zanesville,OH,,25000,1,2017,business,,,,,,,,,,,,,,,,,,,,,,,,
EIN:274037334,PLASTIC PACKAGING TECHNOLOGIES LLC,274037334,COLUMBUS,OH,,25000,1,2019,business,,,,,226,331,486,"PLASTIC PACKAGING TECHNOLOGIES, L.L.C.",KS,,,,,,,,,,,,,,,
EIN:311314876,STEINER EOPTICS INC,311314876,MIAMI TOWNSHIP,OH,,25000,1,2019,business,,,,,,70,77,"STEINER EOPTICS, INC.",OH,,,,,,business,STEINER EOPTICS INC,OH,Form 5500 plan sponsor address (2023),<100,"Form 5500 2023: 77 participants, largest plan, sponsor STEINER EOPTICS, INC.",2023,B,,"Rule R2: own plan under 250 participants, no subsidiary marker in the name, not an SEC registrant."
EIN:237303509,CHILDREN'S HUNGER ALLIANCE,237303509,COLUMBUS,OH,501(C)(3),25000,1,2020,nonprofit,,,,,,67,55,CHILDREN'S HUNGER ALLIANCE,OH,,,,,,nonprofit,CHILDREN'S HUNGER ALLIANCE,OH,Schedule I address; Ohio public or nonprofit entity,<100,Form 5500 2019: 67 participants,2019,B,,Rule R4: nonprofit by name and IRC section; not in the business headline.
EIN:833164081,BALLREICH SNACK FOOD COMPANY LLC,833164081,TIFFIN,OH,,25000,1,2021,business,,,,,,38,,BALLREICH SNACK FOOD COMPANY LLP,OH,"Ballreich Snack Food Company, LLC",Inclusion Grant,75,Food Sciences and Agriculture,25000,business,BALLREICH SNACK FOOD COMPANY LLC,OH,JobsOhio Inclusion Grant program rule (Ohio small business); JobsOhio monthly metrics report,<100,"JobsOhio Inclusion Grant eligibility (small business, cap $50,000); metrics jobs retained 75; Form 5500 2019: 38 participants",2021,B,,Rule R1: Inclusion Grant recipient with no contrary size signal.
EIN:341478321,BELLETECH CORP,341478321,BELLEFONTAINE,OH,,25000,1,2021,business,,,,,142,80,,BELLETECH CORP.,OH,Belletech Corp.,Inclusion Grant,89,Advanced Manufacturing,25000,business,BELLETECH CORP,OH,JobsOhio Inclusion Grant program rule (Ohio small business); JobsOhio monthly metrics report,100-499,"JobsOhio Inclusion Grant eligibility (small business, cap $50,000); metrics jobs retained 89; Form 5500 2015: 142 participants",2021,B,,Rule R1: Inclusion Grant recipient with no contrary size signal.
EIN:341969819,CHUFFERS INC,341969819,SPENCERVILLE,OH,,25000,1,2021,business,,,,,,,,,,"Chuffers, Inc.",Inclusion Grant,8,Other,25000,business,CHUFFERS INC,OH,JobsOhio Inclusion Grant program rule (Ohio small business); JobsOhio monthly metrics report,<100,"JobsOhio Inclusion Grant eligibility (small business, cap $50,000); metrics jobs retained 8",2021,B,,Rule R1: Inclusion Grant recipient with no contrary size signal.
EIN:310899736,COYNE GRAPHIC FINISHING INC,310899736,MOUNT VERNON,OH,,25000,1,2021,business,,,,,34,36,52,COYNE GRAPHIC FINISHING,OH,"Coyne Graphic Finishing, Inc.",Inclusion Grant,30,Advanced,75000,business,COYNE GRAPHIC FINISHING INC,OH,JobsOhio Inclusion Grant program rule (Ohio small business); JobsOhio monthly metrics report,<100,"JobsOhio Inclusion Grant eligibility (small business, cap $50,000); metrics jobs retained 30; Form 5500 2023: 52 participants",2021,B,,Rule R1: Inclusion Grant recipient with no contrary size signal.
EIN:363280906,DAIDO METAL USA INC,363280906,BELLEFONTAINE,OH,,25000,1,2021,business,,,,,43,64,72,DAIDO METAL USA INC.,OH,Daido Metal USA Inc.,Inclusion Grant,35,Logistics and Distribution,25000,business,DAIDO METAL USA INC,OH,JobsOhio Inclusion Grant program rule (Ohio small business); JobsOhio monthly metrics report,<100,"JobsOhio Inclusion Grant eligibility (small business, cap $50,000); metrics jobs retained 35; Form 5500 2023: 72 participants",2021,B,,Rule R1: Inclusion Grant recipient with no contrary size signal.
EIN:341266185,FULTON INDUSTRIES INC,341266185,WAUSEON,OH,,25000,1,2021,business,,,,,65,52,51,"FULTON INDUSTRIES, INC.",OH,"Fulton Industries, Inc.",Inclusion Grant,47,Advanced Manufacturing,25000,business,FULTON INDUSTRIES INC,OH,JobsOhio Inclusion Grant program rule (Ohio small business); JobsOhio monthly metrics report,<100,"JobsOhio Inclusion Grant eligibility (small business, cap $50,000); metrics jobs retained 47; Form 5500 2015: 65 participants",2021,B,,Rule R1: Inclusion Grant recipient with no contrary size signal.
EIN:263033679,KJBS LLC,263033679,MANSFIELD,OH,,25000,1,2021,business,,,,,,,,,,,,,,,,,,,,,,,,
EIN:310516359,MIKE-SELL'S POTATO CHIP CO,310516359,DAYTON,OH,,25000,1,2021,business,,,,,136,61,76,MIKE-SELL'S POTATO CHIP COMPANY,OH,Mike-Sell's Potato Chip Co.,Unknown: Inclusi on,72,Food and Agribusiness,25000,business,MIKE-SELL'S POTATO CHIP CO,OH,Form 5500 plan sponsor address (2015),100-499,"Form 5500 2015: 136 participants, largest plan, sponsor MIKE-SELL'S POTATO CHIP COMPANY; metrics jobs retained 72",2015,B,,"Rule R2: own plan under 250 participants, no subsidiary marker in the name, not an SEC registrant."
EIN:310913012,OREGON VILLAGE PRINT SHOPPE INC,310913012,DAYTON,OH,,25000,1,2021,business,,,,,14,12,,"OREGON VILLAGE PRINT SHOPPE, INC. DBA OREGON PRINTING",OH,"Oregon Village Print Shoppe, Inc.",Inclusion Grant,11,Advanced Manufacturing,25000,business,OREGON VILLAGE PRINT SHOPPE INC,OH,JobsOhio Inclusion Grant program rule (Ohio small business); JobsOhio monthly metrics report,<100,"JobsOhio Inclusion Grant eligibility (small business, cap $50,000); metrics jobs retained 11; Form 5500 2015: 14 participants",2021,B,,Rule R1: Inclusion Grant recipient with no contrary size signal.
EIN:851784819,PASSMORE G&P LLC,851784819,CARROLLTON,OH,,25000,1,2021,business,,,,,,,,,,,,,,,,,,,,,,,,
EIN:311332047,REPLEX MIRROR COMPANY,311332047,MOUNT VERNON,OH,,25000,1,2021,business,,,,,21,30,31,REPLEX MIRROR COMPANY DBA REPLEX PLASTICS,OH,Replex Mirror Company,Inclusion Grant,15,Advanced Manufacturing,25000,business,REPLEX MIRROR COMPANY,OH,JobsOhio Inclusion Grant program rule (Ohio small business); JobsOhio monthly metrics report,<100,"JobsOhio Inclusion Grant eligibility (small business, cap $50,000); metrics jobs retained 15; Form 5500 2023: 31 participants",2021,B,,Rule R1: Inclusion Grant recipient with no contrary size signal.
EIN:340968517,SANDUSKY PACKAGING CORPORATION,340968517,SANDUSKY,OH,,25000,1,2021,business,,,,,49,48,50,SANDUSKY PACKAGING CORPORATION,OH,Sandusky Packaging Corporation,Inclusion Grant,42,Advanced Manufacturing,25000,business,SANDUSKY PACKAGING CORPORATION,OH,JobsOhio Inclusion Grant program rule (Ohio small business); JobsOhio monthly metrics report,<100,"JobsOhio Inclusion Grant eligibility (small business, cap $50,000); metrics jobs retained 42; Form 5500 2023: 50 participants",2021,B,,Rule R1: Inclusion Grant recipient with no contrary size signal.
EIN:472798900,TEAM GREEN RECYCLING LLC,472798900,NAPOLEON,OH,,25000,1,2021,business,,,,,,,,,,Team Green Recycling LLC,Inclusion Grant,9,Advanced Manufacturing,50000,business,TEAM GREEN RECYCLING LLC,OH,JobsOhio Inclusion Grant program rule (Ohio small business); JobsOhio monthly metrics report,<100,"JobsOhio Inclusion Grant eligibility (small business, cap $50,000); metrics jobs retained 9",2021,B,,Rule R1: Inclusion Grant recipient with no contrary size signal.
EIN:341866677,THE CHEF'S GARDEN INC,341866677,HURON,OH,,25000,1,2021,business,,,,,102,113,169,"CHEFS GARDEN, INC.",OH,"The Chef's Garden, Inc.",Inclusion Grant,134,Food and,75000,business,THE CHEF'S GARDEN INC,OH,JobsOhio Inclusion Grant program rule (Ohio small business); JobsOhio monthly metrics report,100-499,"JobsOhio Inclusion Grant eligibility (small business, cap $50,000); metrics jobs retained 134; Form 5500 2023: 169 participants",2021,B,,Rule R1: Inclusion Grant recipient with no contrary size signal.
EIN:341832279,UMD AUTOMATED SYSTEMS,341832279,FREDERICKTOWN,OH,,25000,1,2021,business,,,,,69,67,59,UMD AUTOMATED SYSTEMS,OH,UMD Automated Systems,Economic Development Grant; Inclusion Grant,68,Advanced Manufacturing,50000,business,UMD AUTOMATED SYSTEMS,OH,Form 5500 plan sponsor address (2015),<100,"Form 5500 2015: 69 participants, largest plan, sponsor UMD AUTOMATED SYSTEMS; metrics jobs retained 68",2015,B,,"Rule R2: own plan under 250 participants, no subsidiary marker in the name, not an SEC registrant."
EIN:341403360,UNITED EQUITY INC,341403360,SPENCERVILLE,OH,,25000,1,2021,business,,,,,40,46,40,"UNITED EQUITY, INC.",OH,"United Equity, Inc.",Inclusion Grant,34,Food and Agribusiness,25000,business,UNITED EQUITY INC,OH,JobsOhio Inclusion Grant program rule (Ohio small business); JobsOhio monthly metrics report,<100,"JobsOhio Inclusion Grant eligibility (small business, cap $50,000); metrics jobs retained 34; Form 5500 2019: 46 participants",2021,B,,Rule R1: Inclusion Grant recipient with no contrary size signal.
EIN:271434287,WELLMAN SERVICES LLC,271434287,LIMA,OH,,25000,1,2021,business,,,,,,7,22,WELLMAN SERVICES LLC,OH,Wellman Services LLC,Inclusion Grant,30,Advanced Manufacturing,50000,business,WELLMAN SERVICES LLC,OH,JobsOhio Inclusion Grant program rule (Ohio small business); JobsOhio monthly metrics report,<100,"JobsOhio Inclusion Grant eligibility (small business, cap $50,000); metrics jobs retained 30; Form 5500 2023: 22 participants",2021,B,,Rule R1: Inclusion Grant recipient with no contrary size signal.
EIN:743244395,ZOD LLC,743244395,ATHENS,OH,,25000,1,2021,business,,,,,,,,,,Zod LLC,Inclusion Grant,2,Food and Agribusiness,25000,business,ZOD LLC,OH,JobsOhio Inclusion Grant program rule (Ohio small business); JobsOhio monthly metrics report,<100,"JobsOhio Inclusion Grant eligibility (small business, cap $50,000); metrics jobs retained 2",2021,B,,Rule R1: Inclusion Grant recipient with no contrary size signal.
EIN:261235310,1157 DESIGNCONCEPTS LLC,261235310,SIDNEY,OH,,25000,1,2022,business,,,,,23,,,"1157 DESIGNCONCEPTS, LLC",OH,"1157 Designconcepts, LLC",Unknown: Inclusi on,16,Advanced,25000,business,1157 DESIGNCONCEPTS LLC,OH,Form 5500 plan sponsor address (2015),<100,"Form 5500 2015: 23 participants, largest plan, sponsor 1157 DESIGNCONCEPTS, LLC; metrics jobs retained 16",2015,B,,"Rule R2: own plan under 250 participants, no subsidiary marker in the name, not an SEC registrant."
EIN:473025479,ACCUCUT SERVICES LLC,473025479,SOUTH POINT,OH,,25000,1,2022,business,,,,,,,,,,Accucut Services LLC,Inclusion Grant,5,Advanced Manufacturing,25000,business,ACCUCUT SERVICES LLC,OH,JobsOhio Inclusion Grant program rule (Ohio small business); JobsOhio monthly metrics report,<100,"JobsOhio Inclusion Grant eligibility (small business, cap $50,000); metrics jobs retained 5",2022,B,,Rule R1: Inclusion Grant recipient with no contrary size signal.
EIN:833409500,AEROPACT MANUFACTURING LLC,833409500,BOWLING GREEN,OH,,25000,1,2022,business,,,,,,11,15,AEROPACT MANUFACTURING LLC,OH,"Aeropact Manufacturing, LLC",Inclusion Grant,9,Aerospace and Aviation,25000,business,AEROPACT MANUFACTURING LLC,OH,JobsOhio Inclusion Grant program rule (Ohio small business); JobsOhio monthly metrics report,<100,"JobsOhio Inclusion Grant eligibility (small business, cap $50,000); metrics jobs retained 9; Form 5500 2023: 15 participants",2022,B,,Rule R1: Inclusion Grant recipient with no contrary size signal.
EIN:843573025,AGILE MANUFACTURING TECHNOLOGIES LLC,843573025,DAYTON,OH,,25000,1,2022,business,,,,,,,,,,"Agile Manufacturing Technologies, LLC",Inclusion Grant,5,Advanced Manufacturing,25000,business,AGILE MANUFACTURING TECHNOLOGIES LLC,OH,JobsOhio Inclusion Grant program rule (Ohio small business); JobsOhio monthly metrics report,<100,"JobsOhio Inclusion Grant eligibility (small business, cap $50,000); metrics jobs retained 5",2022,B,,Rule R1: Inclusion Grant recipient with no contrary size signal.
EIN:820669036,ARROW INDUSTRIAL SOLUTIONS LLC,820669036,RAVENNA,OH,,25000,1,2022,business,,,,,,,,,,"Arrow Industrial Solutions, LLC",Inclusion Grant,0,Advanced Manufacturing,25000,business,ARROW INDUSTRIAL SOLUTIONS LLC,OH,JobsOhio Inclusion Grant program rule (Ohio small business); JobsOhio monthly metrics report,<100,"JobsOhio Inclusion Grant eligibility (small business, cap $50,000); metrics jobs retained 0",2022,B,,Rule R1: Inclusion Grant recipient with no contrary size signal.
EIN:823063010,BREAKWALL ANALYTICS LLC,823063010,CLEVELAND,OH,,25000,1,2022,business,,,,,,,,,,"Breakwall Analytics, LLC",Inclusion Grant,0,Technology,25000,business,BREAKWALL ANALYTICS LLC,OH,JobsOhio Inclusion Grant program rule (Ohio small business); JobsOhio monthly metrics report,<100,"JobsOhio Inclusion Grant eligibility (small business, cap $50,000); metrics jobs retained 0",2022,B,,Rule R1: Inclusion Grant recipient with no contrary size signal.
EIN:264577447,CLEVELAND CYCLEWERKS LLC,264577447,CLEVELAND,OH,,25000,1,2022,business,,,,,,,,,,"Cleveland Cyclewerks, LLC",Inclusion Grant,5,Automotive,25000,business,CLEVELAND CYCLEWERKS LLC,OH,JobsOhio Inclusion Grant program rule (Ohio small business); JobsOhio monthly metrics report,<100,"JobsOhio Inclusion Grant eligibility (small business, cap $50,000); metrics jobs retained 5",2022,B,,Rule R1: Inclusion Grant recipient with no contrary size signal.
EIN:205669637,CONSOLIDUS LLC,205669637,AKRON,OH,,25000,1,2022,business,,,,,9,12,21,"CONSOLIDUS, LLC",OH,Consolidus LLC,Inclusion Grant,33,IT,50000,business,CONSOLIDUS LLC,OH,JobsOhio Inclusion Grant program rule (Ohio small business); JobsOhio monthly metrics report,<100,"JobsOhio Inclusion Grant eligibility (small business, cap $50,000); metrics jobs retained 33; Form 5500 2023: 21 participants",2022,B,,Rule R1: Inclusion Grant recipient with no contrary size signal.
EIN:810868928,CUTTING EDGE MANUFACTURING LLC,810868928,FREMONT,OH,,25000,1,2022,business,,,,,,14,21,"CUTTING EDGE MANUFACTURING, LLC",OH,"Cutting Edge Manufacturing, LLC",Inclusion Grant,12,Advanced Manufacturing,25000,business,CUTTING EDGE MANUFACTURING LLC,OH,JobsOhio Inclusion Grant program rule (Ohio small business); JobsOhio monthly metrics report,<100,"JobsOhio Inclusion Grant eligibility (small business, cap $50,000); metrics jobs retained 12; Form 5500 2023: 21 participants",2022,B,,Rule R1: Inclusion Grant recipient with no contrary size signal.
EIN:461678545,D & J PRECISION MACHINE LLC,461678545,CAMBRIDGE,OH,,25000,1,2022,business,,,,,,,,,,"D & J Precision Machine, LLC",Inclusion Grant,16,Automotive,25000,business,D & J PRECISION MACHINE LLC,OH,JobsOhio Inclusion Grant program rule (Ohio small business); JobsOhio monthly metrics report,<100,"JobsOhio Inclusion Grant eligibility (small business, cap $50,000); metrics jobs retained 16",2022,B,,Rule R1: Inclusion Grant recipient with no contrary size signal.
EIN:371440638,ELECTRIPACK INC,371440638,MIAMISBURG,OH,,25000,1,2022,business,,,,,0,46,50,ELECTRIPACK INC.,OH,"Electripack, Inc.",Inclusion Grant,24,Advanced Western,25000,business,ELECTRIPACK INC,OH,JobsOhio Inclusion Grant program rule (Ohio small business); JobsOhio monthly metrics report,<100,"JobsOhio Inclusion Grant eligibility (small business, cap $50,000); metrics jobs retained 24; Form 5500 2023: 50 participants",2022,B,,Rule R1: Inclusion Grant recipient with no contrary size signal.
EIN:340666985,ENDURO RUBBER COMPANY,340666985,RAVENNA,OH,,25000,1,2022,business,,,,,,,,,,Enduro Rubber Company,Inclusion Grant,8,Advanced Manufacturing,25000,business,ENDURO RUBBER COMPANY,OH,JobsOhio Inclusion Grant program rule (Ohio small business); JobsOhio monthly metrics report,<100,"JobsOhio Inclusion Grant eligibility (small business, cap $50,000); metrics jobs retained 8",2022,B,,Rule R1: Inclusion Grant recipient with no contrary size signal.
EIN:270900879,EVERGREEN RESOURCES LLC,270900879,VALLEY VIEW,OH,,25000,1,2022,business,,,,,,23,,"EVERGREEN RESOURCES, LLC",OH,Evergreen Resources LLC,Inclusion Grant,8,Automotive,25000,business,EVERGREEN RESOURCES LLC,OH,JobsOhio Inclusion Grant program rule (Ohio small business); JobsOhio monthly metrics report,<100,"JobsOhio Inclusion Grant eligibility (small business, cap $50,000); metrics jobs retained 8; Form 5500 2019: 23 participants",2022,B,,Rule R1: Inclusion Grant recipient with no contrary size signal.
EIN:843575923,EVOLVE GLOBAL TRANSPORTATION LLC,843575923,DUBLIN,OH,,25000,1,2022,business,,,,,,,,,,"Evolve Global Transportation, LLC",Unknown: Inclusi on,6,Logistics and,25000,,,,,,,,,,
EIN:272611716,FORJAK INDUSTRIAL INC,272611716,CIRCLEVILLE,OH,,25000,1,2022,business,,,,,,61,102,"FORJAK INDUSTRIAL, INC.",OH,"Forjak Industrial, Inc.",Unknown: Inclusi on,76,Other,25000,business,FORJAK INDUSTRIAL INC,OH,Form 5500 plan sponsor address (2023),100-499,"Form 5500 2023: 102 participants, largest plan, sponsor FORJAK INDUSTRIAL, INC.; metrics jobs retained 76",2023,B,,"Rule R2: own plan under 250 participants, no subsidiary marker in the name, not an SEC registrant."
EIN:341578607,FRANKART ELECTRIC LLC,341578607,FOSTORIA,OH,,25000,1,2022,business,,,,,,,,,,,,,,,,,,,,,,,,
EIN:464091280,INCENTA REWARDS LLC,464091280,WASHINGTON TOWNSHIP,OH,,25000,1,2022,business,,,,,,,3,INCENTA REWARDS LLC,OH,Incenta Rewards LLC,Inclusion Grant,5,Technology,25000,business,INCENTA REWARDS LLC,OH,JobsOhio Inclusion Grant program rule (Ohio small business); JobsOhio monthly metrics report,<100,"JobsOhio Inclusion Grant eligibility (small business, cap $50,000); metrics jobs retained 5; Form 5500 2023: 3 participants",2022,B,,Rule R1: Inclusion Grant recipient with no contrary size signal.
EIN:812088785,LEVI HOLLOW TOOLS LLC,812088785,MANCHESTER,OH,,25000,1,2022,business,,,,,,,,,,"Levi Hollow Tools, LLC",Inclusion Grant,3,Advanced Manufacturing,25000,business,LEVI HOLLOW TOOLS LLC,OH,JobsOhio Inclusion Grant program rule (Ohio small business); JobsOhio monthly metrics report,<100,"JobsOhio Inclusion Grant eligibility (small business, cap $50,000); metrics jobs retained 3",2022,B,,Rule R1: Inclusion Grant recipient with no contrary size signal.
EIN:310885143,MCCARTHY INDUSTRIAL CONTRACTORS INC,310885143,HARRISON TOWNSHIP,OH,,25000,1,2022,business,,,,,2,2,2,"MCCARTHY INDUSTRIAL CONTRACTORS, INC.",OH,McCarthy Industrial Contractors Inc.,Unknown: Inclusi on,13,Advanced,25000,business,MCCARTHY INDUSTRIAL CONTRACTORS INC,OH,Form 5500 plan sponsor address (2023),<100,"Form 5500 2023: 2 participants, largest plan, sponsor MCCARTHY INDUSTRIAL CONTRACTORS, INC.; metrics jobs retained 13",2023,B,,"Rule R2: own plan under 250 participants, no subsidiary marker in the name, not an SEC registrant."
EIN:311495395,NATIONAL EXTRUSION & MANUFACTURING,311495395,BELLEFONTAINE,OH,,25000,1,2022,business,,,,,18,13,11,"MCKNIGHT INDUSTRIES, INC.",OH,National Extrusion & Manufacturing,Inclusion Grant,13,Advanced Manufacturing,25000,business,NATIONAL EXTRUSION & MANUFACTURING,OH,JobsOhio Inclusion Grant program rule (Ohio small business); JobsOhio monthly metrics report,<100,"JobsOhio Inclusion Grant eligibility (small business, cap $50,000); metrics jobs retained 13; Form 5500 2015: 18 participants",2022,B,,Rule R1: Inclusion Grant recipient with no contrary size signal.
EIN:472961066,N-OVATION TECHNOLOGY GROUP LLC,472961066,DAYTON,OH,,25000,1,2022,business,,,,,,,9,N-OVATION TECHNOLOGY GROUP,OH,"N-ovation Technology Group, LLC",Inclusion Grant,6,Technology,75000,business,N-OVATION TECHNOLOGY GROUP LLC,OH,JobsOhio Inclusion Grant program rule (Ohio small business); JobsOhio monthly metrics report,<100,"JobsOhio Inclusion Grant eligibility (small business, cap $50,000); metrics jobs retained 6; Form 5500 2023: 9 participants",2022,B,,Rule R1: Inclusion Grant recipient with no contrary size signal.
EIN:344402833,PEERLESS STOVE & MANUFACTURING CO,344402833,SANDUSKY,OH,,25000,1,2022,business,,,,,13,14,24,PEERLESS STOVE & MANUFACTURING,OH,Peerless Stove & Manufacturing Co.,Inclusion Grant,16,Advanced,25000,business,PEERLESS STOVE & MANUFACTURING CO,OH,JobsOhio Inclusion Grant program rule (Ohio small business); JobsOhio monthly metrics report,<100,"JobsOhio Inclusion Grant eligibility (small business, cap $50,000); metrics jobs retained 16; Form 5500 2023: 24 participants",2022,B,,Rule R1: Inclusion Grant recipient with no contrary size signal.
EIN:473372901,PREMIER INDUSTRIAL MACHINE LLC,473372901,FOSTORIA,OH,,25000,1,2022,business,,,,,,,,,,"Premier Industrial Machine, LLC",Inclusion Grant,35,Advanced,75000,business,PREMIER INDUSTRIAL MACHINE LLC,OH,JobsOhio Inclusion Grant program rule (Ohio small business); JobsOhio monthly metrics report,<100,"JobsOhio Inclusion Grant eligibility (small business, cap $50,000); metrics jobs retained 35",2022,B,,Rule R1: Inclusion Grant recipient with no contrary size signal.
EIN:811492775,PREMIERE CONCRETE SUPPLY LLC,811492775,LOVELAND OH,OH,,25000,1,2022,business,,,,,,,,,,"Premiere Concrete Supply, LLC",Inclusion Grant,1,Other,25000,business,PREMIERE CONCRETE SUPPLY LLC,OH,JobsOhio Inclusion Grant program rule (Ohio small business); JobsOhio monthly metrics report,<100,"JobsOhio Inclusion Grant eligibility (small business, cap $50,000); metrics jobs retained 1",2022,B,,Rule R1: Inclusion Grant recipient with no contrary size signal.
EIN:320311521,PUI AUDIO INC,320311521,FAIRBORN,OH,,25000,1,2022,business,,,,,,15,25,"PUI AUDIO, INC.",OH,"PUI Audio, Inc.",Inclusion Grant,20,Advanced,25000,business,PUI AUDIO INC,OH,JobsOhio Inclusion Grant program rule (Ohio small business); JobsOhio monthly metrics report,<100,"JobsOhio Inclusion Grant eligibility (small business, cap $50,000); metrics jobs retained 20; Form 5500 2023: 25 participants",2022,B,,Rule R1: Inclusion Grant recipient with no contrary size signal.
EIN:202694812,STANDARD TECHNOLOGIES LLC,202694812,FREMONT,OH,,25000,1,2022,business,,,,,,63,92,STANDARD TECHNOLOGIES,OH,"Standard Technologies, LLC",Inclusion Grant,119,Advanced,25000,business,STANDARD TECHNOLOGIES LLC,OH,JobsOhio Inclusion Grant program rule (Ohio small business); JobsOhio monthly metrics report,100-499,"JobsOhio Inclusion Grant eligibility (small business, cap $50,000); metrics jobs retained 119; Form 5500 2023: 92 participants",2022,B,,Rule R1: Inclusion Grant recipient with no contrary size signal.
EIN:314130940,THE WILSON BOHANNAN COMPANY,314130940,MARION,OH,,25000,1,2022,business,,,,,36,36,34,THE WILSON BOHANNAN COMPANY,OH,The Wilson Bohannan Company,Inclusion Grant,71,Advanced Manufacturing,25000,business,THE WILSON BOHANNAN COMPANY,OH,JobsOhio Inclusion Grant program rule (Ohio small business); JobsOhio monthly metrics report,<100,"JobsOhio Inclusion Grant eligibility (small business, cap $50,000); metrics jobs retained 71; Form 5500 2019: 36 participants",2022,B,,Rule R1: Inclusion Grant recipient with no contrary size signal.
EIN:472883280,TMARTIN DESIGN LLC,472883280,ATHENS,OH,,25000,1,2022,business,,,,,,,,,,"TMartin Design, LLC",Inclusion Grant,2,Advanced Manufacturing,25000,business,TMARTIN DESIGN LLC,OH,JobsOhio Inclusion Grant program rule (Ohio small business); JobsOhio monthly metrics report,<100,"JobsOhio Inclusion Grant eligibility (small business, cap $50,000); metrics jobs retained 2",2022,B,,Rule R1: Inclusion Grant recipient with no contrary size signal.
EIN:311380080,UNIVERSAL VENEER MILL CORP,311380080,NEWARK,OH,,25000,1,2022,business,,,,,176,126,187,UNIVERSAL PRODUCTION CORPORATION,OH,Universal Veneer Mill Corp.,Inclusion Grant,175,Advanced,25000,business,UNIVERSAL VENEER MILL CORP,OH,JobsOhio Inclusion Grant program rule (Ohio small business); JobsOhio monthly metrics report,100-499,"JobsOhio Inclusion Grant eligibility (small business, cap $50,000); metrics jobs retained 175; Form 5500 2023: 187 participants",2022,B,,Rule R1: Inclusion Grant recipient with no contrary size signal.
EIN:453065980,WARHOL & WALL ST LTD,453065980,COLUMBUS,OH,,25000,1,2022,business,,,,,,2,2,"WARHOL & WALL ST., LTD",OH,"Warhol & Wall St., LTD",Unknown: Inclusi on,3,Technology,25000,business,WARHOL & WALL ST LTD,OH,Form 5500 plan sponsor address (2023),<100,"Form 5500 2023: 2 participants, largest plan, sponsor WARHOL & WALL ST., LTD; metrics jobs retained 3",2023,B,,"Rule R2: own plan under 250 participants, no subsidiary marker in the name, not an SEC registrant."
EIN:311184551,WEST ENTERPRISES INC,311184551,COLUMBUS,OH,,25000,1,2022,business,,,,,,0,23,WEST ENTERPRISES INC,OH,"West Enterprises, Inc.",Inclusion Grant,12,Other,25000,business,WEST ENTERPRISES INC,OH,JobsOhio Inclusion Grant program rule (Ohio small business); JobsOhio monthly metrics report,<100,"JobsOhio Inclusion Grant eligibility (small business, cap $50,000); metrics jobs retained 12; Form 5500 2023: 23 participants",2022,B,,Rule R1: Inclusion Grant recipient with no contrary size signal.
EIN:310849372,WHITE MACHINE & MANUFACTURING COMPANY,310849372,ZANESVILLE,OH,,25000,1,2022,business,,,,,,10,9,WHITE MACHINE & MANUFACTURING COMPANY,OH,White Machine & Manufacturing Company,Inclusion Grant,22,Advanced,25000,business,WHITE MACHINE & MANUFACTURING COMPANY,OH,JobsOhio Inclusion Grant program rule (Ohio small business); JobsOhio monthly metrics report,<100,"JobsOhio Inclusion Grant eligibility (small business, cap $50,000); metrics jobs retained 22; Form 5500 2019: 10 participants",2022,B,,Rule R1: Inclusion Grant recipient with no contrary size signal.
EIN:200096923,ABEL ENTERPRISES,200096923,CINCINNATI,OH,,25000,1,2023,business,,,,,,,,,,ABEL Enterprises Inc.,Inclusion Grant,7,Other,25000,business,ABEL ENTERPRISES,OH,JobsOhio Inclusion Grant program rule (Ohio small business); JobsOhio monthly metrics report,<100,"JobsOhio Inclusion Grant eligibility (small business, cap $50,000); metrics jobs retained 7",2023,B,,Rule R1: Inclusion Grant recipient with no contrary size signal.
EIN:311062147,ACTION GROUP INC,311062147,BLACKLICK,OH,,25000,1,2023,business,,,,,,27,36,"ACTION GROUP, INC.",OH,"Action Group, Inc.",Inclusion Grant,31,Advanced Manufacturing,25000,business,ACTION GROUP INC,OH,JobsOhio Inclusion Grant program rule (Ohio small business); JobsOhio monthly metrics report,<100,"JobsOhio Inclusion Grant eligibility (small business, cap $50,000); metrics jobs retained 31; Form 5500 2023: 36 participants",2023,B,,Rule R1: Inclusion Grant recipient with no contrary size signal.
EIN:263638211,AMERICAN ESSENTIALS LLC,263638211,WESTCHESTER,OH,,25000,1,2023,business,,,,,,,,,,American Essentials LLC,Inclusion Grant,1,Advanced Manufacturing,25000,business,AMERICAN ESSENTIALS LLC,OH,JobsOhio Inclusion Grant program rule (Ohio small business); JobsOhio monthly metrics report,<100,"JobsOhio Inclusion Grant eligibility (small business, cap $50,000); metrics jobs retained 1",2023,B,,Rule R1: Inclusion Grant recipient with no contrary size signal.
EIN:311426869,ANNARINO FOODS LTD,311426869,DAYTON,OH,,25000,1,2023,business,,,,,,,13,ANNARINO FOODS LLC,OH,"Annarino Foods, LTD.",Inclusion Grant,20,Food and Agribusiness,50000,business,ANNARINO FOODS LTD,OH,JobsOhio Inclusion Grant program rule (Ohio small business); JobsOhio monthly metrics report,<100,"JobsOhio Inclusion Grant eligibility (small business, cap $50,000); metrics jobs retained 20; Form 5500 2023: 13 participants",2023,B,,Rule R1: Inclusion Grant recipient with no contrary size signal.
EIN:311524022,BRP MANUFACTURING COMPANY,311524022,LIMA,OH,,25000,1,2023,business,,,,,46,44,34,BRP MANUFACTURING COMPANY,OH,BRP Manufacturing Company,Inclusion Grant,48,Advanced Manufacturing,50000,business,BRP MANUFACTURING COMPANY,OH,JobsOhio Inclusion Grant program rule (Ohio small business); JobsOhio monthly metrics report,<100,"JobsOhio Inclusion Grant eligibility (small business, cap $50,000); metrics jobs retained 48; Form 5500 2015: 46 participants",2023,B,,Rule R1: Inclusion Grant recipient with no contrary size signal.
EIN:825049969,BUCKEYE ELM CONTRACTING LLC,825049969,GAHANNA,OH,,25000,1,2023,business,,,,,,,40,"BUCKEYE ELM CONTRACTING, LLC",OH,"Buckeye Elm Contracting, LLC",Inclusion Grant,26,Other,25000,business,BUCKEYE ELM CONTRACTING LLC,OH,JobsOhio Inclusion Grant program rule (Ohio small business); JobsOhio monthly metrics report,<100,"JobsOhio Inclusion Grant eligibility (small business, cap $50,000); metrics jobs retained 26; Form 5500 2023: 40 participants",2023,B,,Rule R1: Inclusion Grant recipient with no contrary size signal.
EIN:475592401,BUCKEYE GRANITE PLUS,475592401,LOGAN,OH,,25000,1,2023,business,,,,,,,,,,"Buckeye Granite Plus, LLC",Inclusion Grant,6,Advanced Manufacturing,25000,business,BUCKEYE GRANITE PLUS,OH,JobsOhio Inclusion Grant program rule (Ohio small business); JobsOhio monthly metrics report,<100,"JobsOhio Inclusion Grant eligibility (small business, cap $50,000); metrics jobs retained 6",2023,B,,Rule R1: Inclusion Grant recipient with no contrary size signal.
EIN:823531143,CARPE DIEM INDUSTRIES LLC,823531143,COLUMBUS GROVE,OH,,25000,1,2023,business,,,,,,36,40,"CARPE DIEM INDUSTRIES, LLC",OH,"Carpe Diem Industries, LLC",Inclusion Grant,31,Advanced Manufacturing,25000,business,CARPE DIEM INDUSTRIES LLC,OH,JobsOhio Inclusion Grant program rule (Ohio small business); JobsOhio monthly metrics report,<100,"JobsOhio Inclusion Grant eligibility (small business, cap $50,000); metrics jobs retained 31; Form 5500 2023: 40 participants",2023,B,,Rule R1: Inclusion Grant recipient with no contrary size signal.
EIN:824743336,CERTIFIABLY INCORPORATED,824743336,CINCINNATI,OH,,25000,1,2023,business,,,,,,,,,,Certifiably Incorporated,Inclusion Grant,0,Technology,25000,business,CERTIFIABLY INCORPORATED,OH,JobsOhio Inclusion Grant program rule (Ohio small business); JobsOhio monthly metrics report,<100,"JobsOhio Inclusion Grant eligibility (small business, cap $50,000); metrics jobs retained 0",2023,B,,Rule R1: Inclusion Grant recipient with no contrary size signal.
EIN:311383873,CHILLICOTHE STEEL COMPANY,311383873,CHILLICOTHE,OH,,25000,1,2023,business,,,,,,,37,CHILLICOTHE STEEL COMPANY,OH,Chillicothe Steel Company,Economic Development Grant,25,Advanced Manufacturing,25000,business,CHILLICOTHE STEEL COMPANY,OH,Form 5500 plan sponsor address (2023),<100,"Form 5500 2023: 37 participants, largest plan, sponsor CHILLICOTHE STEEL COMPANY; metrics jobs retained 25",2023,B,,"Rule R2: own plan under 250 participants, no subsidiary marker in the name, not an SEC registrant."
EIN:821160498,DEVIL WIND BREWING LLC,821160498,FAIRBORN,OH,,25000,1,2023,business,,,,,,,,,,Devil Wind Brewing LLC,Inclusion Grant,1,Food and Agribusiness,25000,business,DEVIL WIND BREWING LLC,OH,JobsOhio Inclusion Grant program rule (Ohio small business); JobsOhio monthly metrics report,<100,"JobsOhio Inclusion Grant eligibility (small business, cap $50,000); metrics jobs retained 1",2023,B,,Rule R1: Inclusion Grant recipient with no contrary size signal.
EIN:270597098,DMG TOOL AND DIE LLC,270597098,BELLEFONTAINE,OH,,25000,1,2023,business,,,,,,,,,,"DMG Tool & Die, LLC",Inclusion Grant,4,Advanced Manufacturing,25000,business,DMG TOOL AND DIE LLC,OH,JobsOhio Inclusion Grant program rule (Ohio small business); JobsOhio monthly metrics report,<100,"JobsOhio Inclusion Grant eligibility (small business, cap $50,000); metrics jobs retained 4",2023,B,,Rule R1: Inclusion Grant recipient with no contrary size signal.
EIN:341471454,FIRST CHOICE PACKAGING,341471454,FREMONT,OH,,25000,1,2023,business,,,,,62,62,84,"FIRST CHOICE PACKAGING, INC.",OH,"First Choice Packaging, Inc.",Inclusion Grant,100,Advanced Manufacturing,25000,business,FIRST CHOICE PACKAGING,OH,JobsOhio Inclusion Grant program rule (Ohio small business); JobsOhio monthly metrics report,100-499,"JobsOhio Inclusion Grant eligibility (small business, cap $50,000); metrics jobs retained 100; Form 5500 2023: 84 participants",2023,B,,Rule R1: Inclusion Grant recipient with no contrary size signal.
EIN:383360436,GRAMINEX LLC,383360436,DESHLER,OH,,25000,1,2023,business,,,,,17,19,28,GRAMINEX L.L.C.,MI,,,,,,business,GRAMINEX LLC,MI,Form 5500 plan sponsor address (2023),<100,"Form 5500 2023: 28 participants, largest plan, sponsor GRAMINEX L.L.C.",2023,B,,"Rule R2: own plan under 250 participants, no subsidiary marker in the name, not an SEC registrant."
EIN:311775231,H&H INDUSTRIES INC,311775231,OAK HILL,OH,,25000,1,2023,business,,,,,,,,,,"H&H Industries, Inc.",Inclusion Grant,73,Energy and Chemicals,25000,business,H&H INDUSTRIES INC,OH,JobsOhio Inclusion Grant program rule (Ohio small business); JobsOhio monthly metrics report,<100,"JobsOhio Inclusion Grant eligibility (small business, cap $50,000); metrics jobs retained 73",2023,B,,Rule R1: Inclusion Grant recipient with no contrary size signal.
EIN:813525088,HOMETOWN APPAREL & SCREEN PRINTING LLC,813525088,CHILLICOTHE,OH,,25000,1,2023,business,,,,,,,,,,"Hometown Apparel & Screen Printing, LLC",Inclusion Grant,4,Advanced Manufacturing,25000,business,HOMETOWN APPAREL & SCREEN PRINTING LLC,OH,JobsOhio Inclusion Grant program rule (Ohio small business); JobsOhio monthly metrics report,<100,"JobsOhio Inclusion Grant eligibility (small business, cap $50,000); metrics jobs retained 4",2023,B,,Rule R1: Inclusion Grant recipient with no contrary size signal.
EIN:311592788,INFRASTRUCTURE MANANGEMENT AND ENGINEERING INC,311592788,CINCINNATI,OH,,25000,1,2023,business,,,,,,,,,,,,,,,,,,,,,,,,
EIN:208192116,ISS AMERICA,208192116,BELLEFONTAINE,OH,,25000,1,2023,business,,,,,,94,39,"ISS AMERICA, INC.",OH,"ISS America, Inc.",Inclusion Grant,22,Logistics and Distribution,25000,business,ISS AMERICA,OH,JobsOhio Inclusion Grant program rule (Ohio small business); JobsOhio monthly metrics report,<100,"JobsOhio Inclusion Grant eligibility (small business, cap $50,000); metrics jobs retained 22; Form 5500 2019: 94 participants",2023,B,,Rule R1: Inclusion Grant recipient with no contrary size signal.
EIN:311599951,JOMAC LTD,311599951,CARROLLTON,OH,,25000,1,2023,business,,,,,,,,,,"JOMAC, LTD.",Inclusion Grant,28,Advanced Manufacturing,25000,business,JOMAC LTD,OH,JobsOhio Inclusion Grant program rule (Ohio small business); JobsOhio monthly metrics report,<100,"JobsOhio Inclusion Grant eligibility (small business, cap $50,000); metrics jobs retained 28",2023,B,,Rule R1: Inclusion Grant recipient with no contrary size signal.
EIN:205125549,JPLC LLC,205125549,TOLEDO,OH,,25000,1,2023,business,,,,,,,12,JPLC LLC DBA JUPMODE,OH,"JPLC, LLC",Inclusion Grant,23,Advanced,25000,business,JPLC LLC,OH,JobsOhio Inclusion Grant program rule (Ohio small business); JobsOhio monthly metrics report,<100,"JobsOhio Inclusion Grant eligibility (small business, cap $50,000); metrics jobs retained 23; Form 5500 2023: 12 participants",2023,B,,Rule R1: Inclusion Grant recipient with no contrary size signal.
EIN:463055355,LATTE AT THE LOFTS,463055355,PORTSMOUTH,OH,,25000,1,2023,business,,,,,,,,,,,,,,,,,,,,,,,,
EIN:340970366,LUKE MANUFACTURING CO,340970366,WADSWORTH,OH,,25000,1,2023,business,,,,,61,68,82,"LUKE MANUFACTURING COMPANY, INC.",OH,Luke Manufacturing Co. Inc.,Inclusion Grant,21,Energy and Chemicals,25000,business,LUKE MANUFACTURING CO,OH,JobsOhio Inclusion Grant program rule (Ohio small business); JobsOhio monthly metrics report,<100,"JobsOhio Inclusion Grant eligibility (small business, cap $50,000); metrics jobs retained 21; Form 5500 2023: 82 participants",2023,B,,Rule R1: Inclusion Grant recipient with no contrary size signal.
EIN:311593043,MAX TECHNICAL TRAINING INC,311593043,MASON,OH,,25000,1,2023,business,,,,,,,,,,"Max Technical Training, Inc.",Inclusion Grant,7,Other,25000,business,MAX TECHNICAL TRAINING INC,OH,JobsOhio Inclusion Grant program rule (Ohio small business); JobsOhio monthly metrics report,<100,"JobsOhio Inclusion Grant eligibility (small business, cap $50,000); metrics jobs retained 7",2023,B,,Rule R1: Inclusion Grant recipient with no contrary size signal.
EIN:270541571,MIAMI VALLEY PACKAGING SOLUTIONS INC,270541571,DAYTON,OH,,25000,1,2023,business,,,,,17,34,42,"MIAMI VALLEY PACKAGING SOLUTIONS, INC.",OH,"Miami Valley Packaging Solutions, Inc.",Inclusion Grant,30,Advanced,25000,business,MIAMI VALLEY PACKAGING SOLUTIONS INC,OH,JobsOhio Inclusion Grant program rule (Ohio small business); JobsOhio monthly metrics report,<100,"JobsOhio Inclusion Grant eligibility (small business, cap $50,000); metrics jobs retained 30; Form 5500 2023: 42 participants",2023,B,,Rule R1: Inclusion Grant recipient with no contrary size signal.
EIN:203509117,NEW WAYNE INC,203509117,ZANESVILLE,OH,,25000,1,2023,business,,,,,,,,,,"New Wayne, Inc.",Inclusion Grant,14,Advanced Manufacturing,25000,business,NEW WAYNE INC,OH,JobsOhio Inclusion Grant program rule (Ohio small business); JobsOhio monthly metrics report,<100,"JobsOhio Inclusion Grant eligibility (small business, cap $50,000); metrics jobs retained 14",2023,B,,Rule R1: Inclusion Grant recipient with no contrary size signal.
EIN:811096219,NOS VIGEO INC,811096219,AKRON,OH,,25000,1,2023,business,,,,,,,,,,Nos Vigeo Inc.,Inclusion Grant,13,Food Sciences and,25000,business,NOS VIGEO INC,OH,JobsOhio Inclusion Grant program rule (Ohio small business); JobsOhio monthly metrics report,<100,"JobsOhio Inclusion Grant eligibility (small business, cap $50,000); metrics jobs retained 13",2023,B,,Rule R1: Inclusion Grant recipient with no contrary size signal.
EIN:203715075,ONION BOY LLC,203715075,SHELBY,OH,,25000,1,2023,business,,,,,,,,,,"Onion Boy, Inc.",Inclusion Grant,31,Food and Agribusiness,25000,business,ONION BOY LLC,OH,JobsOhio Inclusion Grant program rule (Ohio small business); JobsOhio monthly metrics report,<100,"JobsOhio Inclusion Grant eligibility (small business, cap $50,000); metrics jobs retained 31",2023,B,,Rule R1: Inclusion Grant recipient with no contrary size signal.
EIN:341550221,OXYRASE INCORPORATED,341550221,ONTARIO,OH,,25000,1,2023,business,,,,,,,,,,"Oxyrase, Inc.",Inclusion Grant,15,Healthcare,25000,business,OXYRASE INCORPORATED,OH,JobsOhio Inclusion Grant program rule (Ohio small business); JobsOhio monthly metrics report,<100,"JobsOhio Inclusion Grant eligibility (small business, cap $50,000); metrics jobs retained 15",2023,B,,Rule R1: Inclusion Grant recipient with no contrary size signal.
EIN:465667935,PEACEFUL FRUITS LLC,465667935,BARBERTON,OH,,25000,1,2023,business,0001731394,Peaceful Fruits LLC,OH,OH,,,,,,Peaceful Fruits LLC,Inclusion Grant,4,Food and Agribusiness,25000,business,PEACEFUL FRUITS LLC,OH,JobsOhio Inclusion Grant program rule (Ohio small business); JobsOhio monthly metrics report,<100,"JobsOhio Inclusion Grant eligibility (small business, cap $50,000); metrics jobs retained 4",2023,B,,Rule R1: Inclusion Grant recipient with no contrary size signal.
EIN:811581426,PERMA EDGE INDUSTRIES,811581426,VANDALIA,OH,,25000,1,2023,business,,,,,,,,,,"Perma Edge Industries, LLC.",Unknown: Inclusi on,6,Advanced,25000,,,,,,,,,,
EIN:453569330,PICOBARN LLC,453569330,ATLANTA,GA,,25000,1,2023,business,,,,,,,,,,Picobarn LLC,Inclusion Grant,0,Logistics and Distribution,25000,business,PICOBARN LLC,OH,JobsOhio Inclusion Grant program rule (Ohio small business); JobsOhio monthly metrics report,<100,"JobsOhio Inclusion Grant eligibility (small business, cap $50,000); metrics jobs retained 0",2023,B,,Rule R1: Inclusion Grant recipient with no contrary size signal.
EIN:832997411,PRISTINE MARINE LLC,832997411,PORT CLINTON,OH,,25000,1,2023,business,,,,,,,,,,"Pristine Marine, LLC",Inclusion Grant,0,Advanced Manufacturing,25000,business,PRISTINE MARINE LLC,OH,JobsOhio Inclusion Grant program rule (Ohio small business); JobsOhio monthly metrics report,<100,"JobsOhio Inclusion Grant eligibility (small business, cap $50,000); metrics jobs retained 0",2023,B,,Rule R1: Inclusion Grant recipient with no contrary size signal.
EIN:372653777,PRODUCT CHEMICAL COMPANY,372653777,CLEVELAND,OH,,25000,1,2023,business,,,,,,,,,,,,,,,,,,,,,,,,
EIN:351491046,ROBINSON FIN MACHINES INC,351491046,KENTON,OH,,25000,1,2023,business,,,,,46,50,59,"ROBINSON FIN MACHINES, INC.",OH,Robinson Fin Machines Inc,Inclusion Grant,44,Advanced Manufacturing,25000,business,ROBINSON FIN MACHINES INC,OH,JobsOhio Inclusion Grant program rule (Ohio small business); JobsOhio monthly metrics report,<100,"JobsOhio Inclusion Grant eligibility (small business, cap $50,000); metrics jobs retained 44; Form 5500 2023: 59 participants",2023,B,,Rule R1: Inclusion Grant recipient with no contrary size signal.
EIN:834545895,ROTARY SEAMER SPECIALIST GROUP LLC,834545895,NORTH CANTON,OH,,25000,1,2023,business,,,,,,,0,"ROTARY SEAMER SPECIALIST GROUP, LLC",OH,Rotary Seamer Specialist Group LLC,Inclusion Grant,0,Food and Agribusiness,25000,business,ROTARY SEAMER SPECIALIST GROUP LLC,OH,JobsOhio Inclusion Grant program rule (Ohio small business); JobsOhio monthly metrics report,<100,"JobsOhio Inclusion Grant eligibility (small business, cap $50,000); metrics jobs retained 0",2023,B,,Rule R1: Inclusion Grant recipient with no contrary size signal.
EIN:844755519,SHIRLEY K'S LLC,844755519,ZANESVILLE,OH,,25000,1,2023,business,,,,,,,,,,"Shirley K's, LLC",Inclusion Grant,5,Advanced Manufacturing,25000,business,SHIRLEY K'S LLC,OH,JobsOhio Inclusion Grant program rule (Ohio small business); JobsOhio monthly metrics report,<100,"JobsOhio Inclusion Grant eligibility (small business, cap $50,000); metrics jobs retained 5",2023,B,,Rule R1: Inclusion Grant recipient with no contrary size signal.
EIN:271494348,SKINNER POWDER COATING INC,271494348,PIQUA,OH,,25000,1,2023,business,,,,,,,,,,"Skinner Powder Coating, Inc.",Inclusion Grant,2,Advanced Manufacturing,25000,business,SKINNER POWDER COATING INC,OH,JobsOhio Inclusion Grant program rule (Ohio small business); JobsOhio monthly metrics report,<100,"JobsOhio Inclusion Grant eligibility (small business, cap $50,000); metrics jobs retained 2",2023,B,,Rule R1: Inclusion Grant recipient with no contrary size signal.
EIN:341282046,SPECTRUM DISPERSIONS INC,341282046,RAVENNA,OH,,25000,1,2023,business,,,,,,,,,,"Spectrum Dispersions, Inc.",Inclusion Grant,7,Advanced,25000,business,SPECTRUM DISPERSIONS INC,OH,JobsOhio Inclusion Grant program rule (Ohio small business); JobsOhio monthly metrics report,<100,"JobsOhio Inclusion Grant eligibility (small business, cap $50,000); metrics jobs retained 7",2023,B,,Rule R1: Inclusion Grant recipient with no contrary size signal.
EIN:341709712,STAUB LASER CUTTING,341709712,DAYTON,OH,,25000,1,2023,business,,,,,10,,,STAUB LASER CUTTING INC,OH,"Staub Laser Cutting, Inc.",Inclusion Grant,35,Advanced Manufacturing,25000,business,STAUB LASER CUTTING,OH,JobsOhio Inclusion Grant program rule (Ohio small business); JobsOhio monthly metrics report,<100,"JobsOhio Inclusion Grant eligibility (small business, cap $50,000); metrics jobs retained 35; Form 5500 2015: 10 participants",2023,B,,Rule R1: Inclusion Grant recipient with no contrary size signal.
EIN:830593246,TIMBERLANE FINISH SOLUTIONS,830593246,MANSFIELD,OH,,25000,1,2023,business,,,,,,,7,"TIMBERLANE FINISH SOLUTIONS, LLC",OH,"Timberlane Finish Solutions, LLC",Inclusion Grant,9,Logistics and Distribution,25000,business,TIMBERLANE FINISH SOLUTIONS,OH,JobsOhio Inclusion Grant program rule (Ohio small business); JobsOhio monthly metrics report,<100,"JobsOhio Inclusion Grant eligibility (small business, cap $50,000); metrics jobs retained 9; Form 5500 2023: 7 participants",2023,B,,Rule R1: Inclusion Grant recipient with no contrary size signal.
EIN:943083515,UPS SUPPLY CHAIN SOLUTIONS INC,943083515,ATLANTA,GA,,25000,1,2023,business,0000890662,FRITZ COMPANIES INC,DE,CA,,,,,,"UPS Supply Chain Solutions, Inc.",Workforce Grant,0,Logistics and Distribution,50000,,,,,,,,,,
EIN:812266905,AIRBORNE OUTFITTERS LLC,812266905,FINDLAY,OH,,25000,1,2024,business,,,,,,,,,,"Airborne Outfitters, LLC",Inclusion Grant,2,Other,25000,business,AIRBORNE OUTFITTERS LLC,OH,JobsOhio Inclusion Grant program rule (Ohio small business); JobsOhio monthly metrics report,<100,"JobsOhio Inclusion Grant eligibility (small business, cap $50,000); metrics jobs retained 2",2024,B,,Rule R1: Inclusion Grant recipient with no contrary size signal.
EIN:451743915,ALTERNALITE ELECTRIC INC,451743915,NORTH OLMSTED,OH,,25000,1,2024,business,,,,,,,,,,"Alternalite Electric, Inc.",Inclusion Grant,7,Other,25000,business,ALTERNALITE ELECTRIC INC,OH,JobsOhio Inclusion Grant program rule (Ohio small business); JobsOhio monthly metrics report,<100,"JobsOhio Inclusion Grant eligibility (small business, cap $50,000); metrics jobs retained 7",2024,B,,Rule R1: Inclusion Grant recipient with no contrary size signal.
EIN:311709638,AUTOMATED MACHINE SYSTEMS INC,311709638,CINCINNATI,OH,,25000,1,2024,business,,,,,,10,9,"AUTOMATED MACHINE SYSTEMS, INC.",OH,"Automated Machine Systems, Inc.",Inclusion Grant,12,Advanced Manufacturing,25000,business,AUTOMATED MACHINE SYSTEMS INC,OH,JobsOhio Inclusion Grant program rule (Ohio small business); JobsOhio monthly metrics report,<100,"JobsOhio Inclusion Grant eligibility (small business, cap $50,000); metrics jobs retained 12; Form 5500 2019: 10 participants",2024,B,,Rule R1: Inclusion Grant recipient with no contrary size signal.
EIN:341293786,AXIS CORPORATION,341293786,BELLEFONTAINE,OH,,25000,1,2024,business,,,,,,,,,,Axis Corporation,Inclusion Grant,7,Advanced Manufacturing,25000,business,AXIS CORPORATION,OH,JobsOhio Inclusion Grant program rule (Ohio small business); JobsOhio monthly metrics report,<100,"JobsOhio Inclusion Grant eligibility (small business, cap $50,000); metrics jobs retained 7",2024,B,,Rule R1: Inclusion Grant recipient with no contrary size signal.
EIN:208765780,CITY APPAREL INC,208765780,FINDLAY,OH,,25000,1,2024,business,,,,,,4,12,"CITY APPAREL, INC.",OH,"City Apparel, Inc",Inclusion Grant,13,Other,100000,business,CITY APPAREL INC,OH,JobsOhio Inclusion Grant program rule (Ohio small business); JobsOhio monthly metrics report,<100,"JobsOhio Inclusion Grant eligibility (small business, cap $50,000); metrics jobs retained 13; Form 5500 2023: 12 participants",2024,B,,Rule R1: Inclusion Grant recipient with no contrary size signal.
EIN:270404394,CLEVELAND SPECIALTY PRODUCTS INC,270404394,ROCKY RIVER,OH,,25000,1,2024,business,,,,,,,22,"CLEVELAND SPECIALTY PRODUCTS, INC.",OH,"Cleveland Specialty Products, Inc.",Inclusion Grant,15,Advanced Manufacturing,25000,business,CLEVELAND SPECIALTY PRODUCTS INC,OH,JobsOhio Inclusion Grant program rule (Ohio small business); JobsOhio monthly metrics report,<100,"JobsOhio Inclusion Grant eligibility (small business, cap $50,000); metrics jobs retained 15; Form 5500 2023: 22 participants",2024,B,,Rule R1: Inclusion Grant recipient with no contrary size signal.
EIN:320053774,COFFMAN CORVETTE LLC,320053774,MANSFIELD,OH,,25000,1,2024,business,,,,,,,,,,"Coffman Corvette, LLC",Inclusion Grant,8,Automotive,25000,business,COFFMAN CORVETTE LLC,OH,JobsOhio Inclusion Grant program rule (Ohio small business); JobsOhio monthly metrics report,<100,"JobsOhio Inclusion Grant eligibility (small business, cap $50,000); metrics jobs retained 8",2024,B,,Rule R1: Inclusion Grant recipient with no contrary size signal.
EIN:830856691,CONNECTE TECHNOLOGY LLC,830856691,MASON,OH,,25000,1,2024,business,,,,,,2,,CONNECTE TECHNOLOGY,OH,ConnectE Technology LLC,Inclusion Grant,0,Technology,25000,business,CONNECTE TECHNOLOGY LLC,OH,JobsOhio Inclusion Grant program rule (Ohio small business); JobsOhio monthly metrics report,<100,"JobsOhio Inclusion Grant eligibility (small business, cap $50,000); metrics jobs retained 0; Form 5500 2019: 2 participants",2024,B,,Rule R1: Inclusion Grant recipient with no contrary size signal.
EIN:311364595,COSTUME SPECIALISTS INC,311364595,COLUMBUS,OH,,25000,1,2024,business,,,,,40,68,64,COSTUME SPECIALISTS INC.,OH,"Costume Specialists, Inc.",Inclusion Grant,26,Advanced Manufacturing,25000,business,COSTUME SPECIALISTS INC,OH,JobsOhio Inclusion Grant program rule (Ohio small business); JobsOhio monthly metrics report,<100,"JobsOhio Inclusion Grant eligibility (small business, cap $50,000); metrics jobs retained 26; Form 5500 2019: 68 participants",2024,B,,Rule R1: Inclusion Grant recipient with no contrary size signal.
EIN:800404705,FRONT BURNER MARKETING LLC,800404705,NORTHFIELD,IL,,25000,1,2024,business,,,,,,,,,,"Front Burner Marketing, LLC",Inclusion Grant,3,Other,25000,business,FRONT BURNER MARKETING LLC,OH,JobsOhio Inclusion Grant program rule (Ohio small business); JobsOhio monthly metrics report,<100,"JobsOhio Inclusion Grant eligibility (small business, cap $50,000); metrics jobs retained 3",2024,B,,Rule R1: Inclusion Grant recipient with no contrary size signal.
EIN:341897953,GLOBAL MEDICAL FOAM INC,341897953,LEXINGTON,OH,,25000,1,2024,business,,,,,,,,,,"Global Medical Foam, Inc",Inclusion Grant,4,Healthcare,25000,business,GLOBAL MEDICAL FOAM INC,OH,JobsOhio Inclusion Grant program rule (Ohio small business); JobsOhio monthly metrics report,<100,"JobsOhio Inclusion Grant eligibility (small business, cap $50,000); metrics jobs retained 4",2024,B,,Rule R1: Inclusion Grant recipient with no contrary size signal.
EIN:344493159,HERBERT E ORR COMPANY INC,344493159,PAULDING,OH,,25000,1,2024,business,,,,,59,64,67,"HERBERT E. ORR COMPANY, INC.",OH,"Herbert E. Orr Company, Inc.",Inclusion Grant,60,Advanced Manufacturing,25000,business,HERBERT E ORR COMPANY INC,OH,JobsOhio Inclusion Grant program rule (Ohio small business); JobsOhio monthly metrics report,<100,"JobsOhio Inclusion Grant eligibility (small business, cap $50,000); metrics jobs retained 60; Form 5500 2023: 67 participants",2024,B,,Rule R1: Inclusion Grant recipient with no contrary size signal.
EIN:873412426,HSB SERVICES LLC,873412426,JACKSON,OH,,25000,1,2024,business,,,,,,,,,,,,,,,,,,,,,,,,
EIN:880741490,HYPHEN INNOVATIONS LLC,880741490,DAYTON,OH,,25000,1,2024,business,0001964405,Hyphen Innovations LLC,DE,OH,,,,,,Hyphen Innovations LLC,Inclusion Grant,4,Aerospace and Aviation,25000,business,HYPHEN INNOVATIONS LLC,OH,JobsOhio Inclusion Grant program rule (Ohio small business); JobsOhio monthly metrics report,<100,"JobsOhio Inclusion Grant eligibility (small business, cap $50,000); metrics jobs retained 4",2024,B,,Rule R1: Inclusion Grant recipient with no contrary size signal.
EIN:311130926,INDUSTRIAL GRINDING INC,311130926,DAYTON,OH,,25000,1,2024,business,,,,,16,14,16,"INDUSTRIAL GRINDING, INC.",OH,"Industrial Grinding, Inc.",Inclusion Grant,14,Advanced Manufacturing,25000,business,INDUSTRIAL GRINDING INC,OH,JobsOhio Inclusion Grant program rule (Ohio small business); JobsOhio monthly metrics report,<100,"JobsOhio Inclusion Grant eligibility (small business, cap $50,000); metrics jobs retained 14; Form 5500 2023: 16 participants",2024,B,,Rule R1: Inclusion Grant recipient with no contrary size signal.
EIN:871653544,J&B FEED COMPANY LLC,871653544,WAUSEON,OH,,25000,1,2024,business,,,,,,,,,,"J & B Feed Company, LLC",Inclusion Grant,3,Food and Agribusiness,25000,business,J&B FEED COMPANY LLC,OH,JobsOhio Inclusion Grant program rule (Ohio small business); JobsOhio monthly metrics report,<100,"JobsOhio Inclusion Grant eligibility (small business, cap $50,000); metrics jobs retained 3",2024,B,,Rule R1: Inclusion Grant recipient with no contrary size signal.
EIN:463037482,JB-NETS LLC,463037482,GALLIPOLIS,OH,,25000,1,2024,business,,,,,,,,,,"JB-Nets, LLC",Inclusion Grant,10,Information Services and Software,25000,business,JB-NETS LLC,OH,JobsOhio Inclusion Grant program rule (Ohio small business); JobsOhio monthly metrics report,<100,"JobsOhio Inclusion Grant eligibility (small business, cap $50,000); metrics jobs retained 10",2024,B,,Rule R1: Inclusion Grant recipient with no contrary size signal.
EIN:471425443,JCS MANUFACTURING LLC,471425443,RAVENNA,OH,,25000,1,2024,business,,,,,,,3,JCS MANUFACTURING LLC,OH,"JCS Manufacturing, LLC",Inclusion Grant,1,Advanced Manufacturing,25000,business,JCS MANUFACTURING LLC,OH,JobsOhio Inclusion Grant program rule (Ohio small business); JobsOhio monthly metrics report,<100,"JobsOhio Inclusion Grant eligibility (small business, cap $50,000); metrics jobs retained 1; Form 5500 2023: 3 participants",2024,B,,Rule R1: Inclusion Grant recipient with no contrary size signal.
EIN:851462264,JDL RENTAL LLC,851462264,BARNESVILLE,GA,,25000,1,2024,business,,,,,,,,,,,,,,,,,,,,,,,,
EIN:471505953,JUGGERBOT 3D LLC,471505953,YOUNGSTOWN,OH,,25000,1,2024,business,,,,,,,4,JUGGERBOT 3D LLC,OH,JuggerBot 3D LLC,Inclusion Grant,6,Advanced Manufacturing,25000,business,JUGGERBOT 3D LLC,OH,JobsOhio Inclusion Grant program rule (Ohio small business); JobsOhio monthly metrics report,<100,"JobsOhio Inclusion Grant eligibility (small business, cap $50,000); metrics jobs retained 6; Form 5500 2023: 4 participants",2024,B,,Rule R1: Inclusion Grant recipient with no contrary size signal.
EIN:472873646,KD HEALTHCARE SOLUTIONS LLC,472873646,TROTWOOD,OH,,25000,1,2024,business,,,,,,,,,,"KD Healthcare Solutions, LLC",Inclusion Grant,1,Logistics and Distribution,25000,business,KD HEALTHCARE SOLUTIONS LLC,OH,JobsOhio Inclusion Grant program rule (Ohio small business); JobsOhio monthly metrics report,<100,"JobsOhio Inclusion Grant eligibility (small business, cap $50,000); metrics jobs retained 1",2024,B,,Rule R1: Inclusion Grant recipient with no contrary size signal.
EIN:200731750,KOHART SURPLUS & SALVAGE INC,200731750,PAULDING,GA,,25000,1,2024,business,,,,,,,,,,"Kohart Surplus & Salvage, Inc.",Inclusion Grant,6,Advanced Manufacturing,25000,business,KOHART SURPLUS & SALVAGE INC,OH,JobsOhio Inclusion Grant program rule (Ohio small business); JobsOhio monthly metrics report,<100,"JobsOhio Inclusion Grant eligibility (small business, cap $50,000); metrics jobs retained 6",2024,B,,Rule R1: Inclusion Grant recipient with no contrary size signal.
EIN:341229509,LIVI STEEL INC,341229509,WARREN,OH,,25000,1,2024,business,,,,,42,42,41,"LIVI STEEL, INC.",OH,"Livi Steel, Inc.",Inclusion Grant,27,Advanced Manufacturing,25000,business,LIVI STEEL INC,OH,JobsOhio Inclusion Grant program rule (Ohio small business); JobsOhio monthly metrics report,<100,"JobsOhio Inclusion Grant eligibility (small business, cap $50,000); metrics jobs retained 27; Form 5500 2019: 42 participants",2024,B,,Rule R1: Inclusion Grant recipient with no contrary size signal.
EIN:465380502,MAK ENGINEERING SERVICES,465380502,COLUMBUS,OH,,25000,1,2024,business,,,,,,,,,,"MAK Engineering, LLC",Inclusion Grant,2,Advanced Manufacturing,25000,business,MAK ENGINEERING SERVICES,OH,JobsOhio Inclusion Grant program rule (Ohio small business); JobsOhio monthly metrics report,<100,"JobsOhio Inclusion Grant eligibility (small business, cap $50,000); metrics jobs retained 2",2024,B,,Rule R1: Inclusion Grant recipient with no contrary size signal.
EIN:263196092,MARKT LLC,263196092,MOUNT VERNON,OH,,25000,1,2024,business,,,,,,,,,,"Markt, LLC",Inclusion Grant,8,Other,25000,business,MARKT LLC,OH,JobsOhio Inclusion Grant program rule (Ohio small business); JobsOhio monthly metrics report,<100,"JobsOhio Inclusion Grant eligibility (small business, cap $50,000); metrics jobs retained 8",2024,B,,Rule R1: Inclusion Grant recipient with no contrary size signal.
EIN:874643870,MAVERICK LABEL LLC,874643870,OTTAWA,OH,,25000,1,2024,business,,,,,,,,,,"Maverick Label, LLC",Inclusion Grant,2,Advanced Manufacturing,25000,business,MAVERICK LABEL LLC,OH,JobsOhio Inclusion Grant program rule (Ohio small business); JobsOhio monthly metrics report,<100,"JobsOhio Inclusion Grant eligibility (small business, cap $50,000); metrics jobs retained 2",2024,B,,Rule R1: Inclusion Grant recipient with no contrary size signal.
EIN:813233328,OHIO CONCRETE CRUSHING AND AG LLC,813233328,OTTAWA,OH,,25000,1,2024,business,,,,,,,,,,"Ohio Concrete Crushing & Ag, LLC",Inclusion Grant,2,Advanced Manufacturing,25000,business,OHIO CONCRETE CRUSHING AND AG LLC,OH,JobsOhio Inclusion Grant program rule (Ohio small business); JobsOhio monthly metrics report,<100,"JobsOhio Inclusion Grant eligibility (small business, cap $50,000); metrics jobs retained 2",2024,B,,Rule R1: Inclusion Grant recipient with no contrary size signal.
EIN:341631954,RON-AL MOLD & MACHINE INC,341631954,KENT,OH,,25000,1,2024,business,,,,,,,,,,"Ron-Al Mold & Machine, Inc.",Inclusion Grant,8,Advanced Manufacturing,25000,business,RON-AL MOLD & MACHINE INC,OH,JobsOhio Inclusion Grant program rule (Ohio small business); JobsOhio monthly metrics report,<100,"JobsOhio Inclusion Grant eligibility (small business, cap $50,000); metrics jobs retained 8",2024,B,,Rule R1: Inclusion Grant recipient with no contrary size signal.
EIN:465133072,RUST BELT RIDERS COMPOSTING LLC,465133072,CLEVELAND,OH,,25000,1,2024,business,0001920577,"Rust Belt Riders Composting, LLC",OH,OH,,5,13,RUST BELT RIDERS COMPOSTING,OH,"Rust Belt Riders Composting, LLC",Inclusion Grant,23,Food and Agribusiness,25000,business,RUST BELT RIDERS COMPOSTING LLC,OH,JobsOhio Inclusion Grant program rule (Ohio small business); JobsOhio monthly metrics report,<100,"JobsOhio Inclusion Grant eligibility (small business, cap $50,000); metrics jobs retained 23; Form 5500 2023: 13 participants",2024,B,,Rule R1: Inclusion Grant recipient with no contrary size signal.
EIN:341756687,SI DISTRIBUTING,341756687,SPENCERVILLE,OH,,25000,1,2024,business,,,,,14,16,19,"S.I. DISTRIBUTING, INC.",OH,,,,,,business,SI DISTRIBUTING,OH,Form 5500 plan sponsor address (2023),<100,"Form 5500 2023: 19 participants, largest plan, sponsor S.I. DISTRIBUTING, INC.",2023,B,,"Rule R2: own plan under 250 participants, no subsidiary marker in the name, not an SEC registrant."
EIN:203462426,SIGN SOLUTIONS INC,203462426,LIMA,OH,,25000,1,2024,business,,,,,,,,,,Sign Solutions of Ohio,Inclusion Grant,2,Advanced Manufacturing,25000,business,SIGN SOLUTIONS INC,OH,JobsOhio Inclusion Grant program rule (Ohio small business); JobsOhio monthly metrics report,<100,"JobsOhio Inclusion Grant eligibility (small business, cap $50,000); metrics jobs retained 2",2024,B,,Rule R1: Inclusion Grant recipient with no contrary size signal.
EIN:863801176,STANDARD MACHINE LLC,863801176,CLEVELAND,OH,,25000,1,2024,business,,,,,,,21,"STANDARD MACHINE, LLC",OH,"Standard Machine, LLC",Inclusion Grant,15,Advanced Manufacturing,25000,business,STANDARD MACHINE LLC,OH,JobsOhio Inclusion Grant program rule (Ohio small business); JobsOhio monthly metrics report,<100,"JobsOhio Inclusion Grant eligibility (small business, cap $50,000); metrics jobs retained 15; Form 5500 2023: 21 participants",2024,B,,Rule R1: Inclusion Grant recipient with no contrary size signal.
EIN:881160783,SUPPLYNOW INC,881160783,CLEVELAND,OH,,25000,1,2024,business,0002050139,SupplyNow Inc.,DE,OH,,,,,,SupplyNow Inc.,Inclusion Grant,3,Technology,25000,business,SUPPLYNOW INC,OH,JobsOhio Inclusion Grant program rule (Ohio small business); JobsOhio monthly metrics report,<100,"JobsOhio Inclusion Grant eligibility (small business, cap $50,000); metrics jobs retained 3",2024,B,,Rule R1: Inclusion Grant recipient with no contrary size signal.
EIN:261384199,TC RANDAL CONSTRUCTION LLC,261384199,MINERVA,OH,,25000,1,2024,business,,,,,,,,,,"TC Randal Construction, LLC",Inclusion Grant,10,Other,25000,business,TC RANDAL CONSTRUCTION LLC,OH,JobsOhio Inclusion Grant program rule (Ohio small business); JobsOhio monthly metrics report,<100,"JobsOhio Inclusion Grant eligibility (small business, cap $50,000); metrics jobs retained 10",2024,B,,Rule R1: Inclusion Grant recipient with no contrary size signal.
EIN:341280883,TER-WAL TOOL & MFG INC,341280883,CLEVELAND,OH,,25000,1,2024,business,,,,,,,,,,"TER-WAL TOOL & MFG., INC.",Inclusion Grant,8,Advanced Manufacturing,25000,business,TER-WAL TOOL & MFG INC,OH,JobsOhio Inclusion Grant program rule (Ohio small business); JobsOhio monthly metrics report,<100,"JobsOhio Inclusion Grant eligibility (small business, cap $50,000); metrics jobs retained 8",2024,B,,Rule R1: Inclusion Grant recipient with no contrary size signal.
EIN:310617669,THE HYLAND MACHINE,310617669,DAYTON,OH,,25000,1,2024,business,,,,,24,23,25,HYLAND MACHINE COMPANY,OH,The Hyland Machine Company,Unknown: Inclusi on,23,Advanced,25000,business,THE HYLAND MACHINE,OH,Form 5500 plan sponsor address (2023),<100,"Form 5500 2023: 25 participants, largest plan, sponsor HYLAND MACHINE COMPANY; metrics jobs retained 23",2023,B,,"Rule R2: own plan under 250 participants, no subsidiary marker in the name, not an SEC registrant."
EIN:341096771,WAGNER MACHINE INC,341096771,NORTON,OH,,25000,1,2024,business,,,,,29,,,WAGNER MACHINE INC.,OH,"Wagner Machine, Inc.",Inclusion Grant,36,Advanced Manufacturing,25000,business,WAGNER MACHINE INC,OH,JobsOhio Inclusion Grant program rule (Ohio small business); JobsOhio monthly metrics report,<100,"JobsOhio Inclusion Grant eligibility (small business, cap $50,000); metrics jobs retained 36; Form 5500 2015: 29 participants",2024,B,,Rule R1: Inclusion Grant recipient with no contrary size signal.
EIN:341452106,WC FELTON AGENCY INC,341452106,TIFFIN,OH,,25000,1,2024,business,,,,,92,109,122,"W.C. FELTON AGENCY, INC. D/B/A UNITED INSURANCE SERVICE",OH,,,,,,business,WC FELTON AGENCY INC,OH,Form 5500 plan sponsor address (2023),100-499,"Form 5500 2023: 122 participants, largest plan, sponsor W.C. FELTON AGENCY, INC. D/B/A UNITED INSURANCE SERVICE",2023,B,,"Rule R2: own plan under 250 participants, no subsidiary marker in the name, not an SEC registrant."
EIN:310517028,WISCO PRODUCTS INCORPORATED,310517028,DAYTON,OH,,25000,1,2024,business,,,,,0,12,14,"WISCO PRODUCTS, INC.",OH,"Wisco Products, Incorporated",Inclusion Grant,13,Advanced Manufacturing,25000,business,WISCO PRODUCTS INCORPORATED,OH,JobsOhio Inclusion Grant program rule (Ohio small business); JobsOhio monthly metrics report,<100,"JobsOhio Inclusion Grant eligibility (small business, cap $50,000); metrics jobs retained 13; Form 5500 2023: 14 participants",2024,B,,Rule R1: Inclusion Grant recipient with no contrary size signal.
EIN:340840360,WOODHILL PLATING WORKS COMPANY,340840360,CLEVELAND,OH,,25000,1,2024,business,,,,,16,0,11,WOODHILL PLATING WORKS CO,OH,The Woodhill Plating Works Company,Inclusion Grant,5,Advanced Manufacturing,25000,business,WOODHILL PLATING WORKS COMPANY,OH,JobsOhio Inclusion Grant program rule (Ohio small business); JobsOhio monthly metrics report,<100,"JobsOhio Inclusion Grant eligibility (small business, cap $50,000); metrics jobs retained 5; Form 5500 2015: 16 participants",2024,B,,Rule R1: Inclusion Grant recipient with no contrary size signal.
EIN:831834479,BUDDE PRECISION MACHINING CORP,831834479,HARRISON TOWNSHIP,OH,,24990,1,2022,business,,,,,,11,17,BUDDE PRECISION MACHINING CORP.,OH,Budde Precision Machining Corp.,Inclusion Grant; Unknown: Inclusi on,14,Advanced,50000,business,BUDDE PRECISION MACHINING CORP,OH,Form 5500 plan sponsor address (2023),<100,"Form 5500 2023: 17 participants, largest plan, sponsor BUDDE PRECISION MACHINING CORP.; metrics jobs retained 14",2023,B,,"Rule R2: own plan under 250 participants, no subsidiary marker in the name, not an SEC registrant."
EIN:341101709,LAKE BUSINESS PRODUCTS INC,341101709,EASTLAKE,OH,,24942,1,2022,business,,,,,145,156,132,"LAKE BUSINESS PRODUCTS, INC.",OH,"Lake Business Products, Inc.",Inclusion Grant,77,IT,25000,business,LAKE BUSINESS PRODUCTS INC,OH,JobsOhio Inclusion Grant program rule (Ohio small business); JobsOhio monthly metrics report,100-499,"JobsOhio Inclusion Grant eligibility (small business, cap $50,000); metrics jobs retained 77; Form 5500 2019: 156 participants",2022,B,,Rule R1: Inclusion Grant recipient with no contrary size signal.
EIN:812762797,ENGINEERED PRODUCT OF OHIO LLC,812762797,CORTLAND,OH,,24886,1,2024,business,,,,,,,,,,,,,,,,,,,,,,,,
EIN:814419315,MCW CERTIFIED WELDING LTD,814419315,DELTA,OH,,24682,1,2024,business,,,,,,,,,,"MCW Certified Welding, Ltd.",Inclusion Grant,3,Advanced Manufacturing,25000,business,MCW CERTIFIED WELDING LTD,OH,JobsOhio Inclusion Grant program rule (Ohio small business); JobsOhio monthly metrics report,<100,"JobsOhio Inclusion Grant eligibility (small business, cap $50,000); metrics jobs retained 3",2024,B,,Rule R1: Inclusion Grant recipient with no contrary size signal.
EIN:463229764,ORCHESTRATE LLC,463229764,CINCINNATI,OH,,24638,1,2022,business,,,,,,,6,ORCHESTRATE LLC,OH,Orchestrate LLC,Inclusion Grant,4,Technology,50000,business,ORCHESTRATE LLC,OH,JobsOhio Inclusion Grant program rule (Ohio small business); JobsOhio monthly metrics report,<100,"JobsOhio Inclusion Grant eligibility (small business, cap $50,000); metrics jobs retained 4; Form 5500 2023: 6 participants",2022,B,,Rule R1: Inclusion Grant recipient with no contrary size signal.
EIN:341697384,Harbor Castings Inc,341697384,North Canton,OH,,24382,1,2015,business,,,,,47,65,84,"HARBOR CASTINGS, INC.",OH,,,,,,business,Harbor Castings Inc,OH,Form 5500 plan sponsor address (2023),<100,"Form 5500 2023: 84 participants, largest plan, sponsor HARBOR CASTINGS, INC.",2023,B,,"Rule R2: own plan under 250 participants, no subsidiary marker in the name, not an SEC registrant."
EIN:208588211,Eurostampa North America Inc,208588211,Cincinnati,OH,,24295,1,2017,business,,,,,146,267,296,"EUROSTAMPA NORTH AMERICA, INC.",OH,Eurostampa North America Inc.,Growth Fund Loan,200,Advanced Manufacturing,2400000,,,,,,,,,,
EIN:475207341,CHIPPEWA INDUSTRIES INC,475207341,TOLEDO,OH,,24295,1,2023,business,,,,,,7,,"CHIPPEWA INDUSTRIES, INC.",OH,Chippewa Industries Inc.,Inclusion Grant,7,Advanced Manufacturing,25000,business,CHIPPEWA INDUSTRIES INC,OH,JobsOhio Inclusion Grant program rule (Ohio small business); JobsOhio monthly metrics report,<100,"JobsOhio Inclusion Grant eligibility (small business, cap $50,000); metrics jobs retained 7; Form 5500 2019: 7 participants",2023,B,,Rule R1: Inclusion Grant recipient with no contrary size signal.
EIN:834257094,PARKS ELECTRICAL SERVICES LLC,834257094,CINCINNATI,OH,,24215,2,2023 2024,business,,,,,,7,18,PARKS ELECTRICAL SERVICES LLC,OH,"Parks Electrical Services, LLC",Inclusion Grant,8,Other,25000,business,PARKS ELECTRICAL SERVICES LLC,OH,JobsOhio Inclusion Grant program rule (Ohio small business); JobsOhio monthly metrics report,<100,"JobsOhio Inclusion Grant eligibility (small business, cap $50,000); metrics jobs retained 8; Form 5500 2023: 18 participants",2024,B,,Rule R1: Inclusion Grant recipient with no contrary size signal.
EIN:311177346,Greenville Technology Inc,311177346,Greenville,OH,,23590,1,2018,business,,,,,1067,1216,797,MORIROKU TECHNOLOGY NORTH AMERICA INC.,OH,,,,,,,,,,,,,,,
EIN:272513416,BPI Associates LLC,272513416,Dublin,OH,,23425,1,2016,business,,,,,,,,,,,,,,,,,,,,,,,,
EIN:432008761,,432008761,,,,22000,1,2014,business,,,,,,,,,,,,,,,,,,,,,,,,
EIN:273409599,JAFE Decorating Inc,273409599,Greenville,OH,,21684,1,2016,business,,,,,,,86,"JAFE DECORATING, INC.",OH,"JAFE Decorating, Inc.",Workforce Grant,44,Advanced Mfg.,21684,business,JAFE Decorating Inc,OH,Form 5500 plan sponsor address (2023),<100,"Form 5500 2023: 86 participants, largest plan, sponsor JAFE DECORATING, INC.; metrics jobs retained 44",2023,B,,"Rule R2: own plan under 250 participants, no subsidiary marker in the name, not an SEC registrant."
EIN:341145880,G&S METAL PRODUCTS CO INC,341145880,CLEVELAND,OH,,21000,1,2019,business,,,,,211,215,332,"G&S METAL PRODUCTS CO., INC.",OH,"G&S Metal Products Co., Inc.",Revitalization Grant Phase II,0,Advanced Manufacturing,21870,,,,,,,,,,
EIN:341478051,Wurtec Incorporated,341478051,Toledo,OH,,20000,1,2016,business,,,,,55,78,109,"WURTEC, INC.",OH,"Wurtec, Incorporated",Economic Development Grant; Workforce Grant,94,Advanced Manufacturing,170000,business,Wurtec Incorporated,OH,Form 5500 plan sponsor address (2023),100-499,"Form 5500 2023: 109 participants, largest plan, sponsor WURTEC, INC.; metrics jobs retained 94",2023,B,,"Rule R2: own plan under 250 participants, no subsidiary marker in the name, not an SEC registrant."
EIN:311336286,ADVANTAGE TENT FITTINGS INC,311336286,CHILLICOTHE,OH,,20000,1,2021,business,,,,,,,,,,"Advantage Tent Fittings, Inc.",Inclusion Grant,11,Advanced Manufacturing,20000,business,ADVANTAGE TENT FITTINGS INC,OH,JobsOhio Inclusion Grant program rule (Ohio small business); JobsOhio monthly metrics report,<100,"JobsOhio Inclusion Grant eligibility (small business, cap $50,000); metrics jobs retained 11",2021,B,,Rule R1: Inclusion Grant recipient with no contrary size signal.
EIN:311452347,SWINGLE ENTERPRISES,311452347,ZANESVILLE,OH,,20000,1,2023,business,,,,,,,,,,"Swingle Enterprises, Inc.",Inclusion Grant,7,Advanced Manufacturing,20000,business,SWINGLE ENTERPRISES,OH,JobsOhio Inclusion Grant program rule (Ohio small business); JobsOhio monthly metrics report,<100,"JobsOhio Inclusion Grant eligibility (small business, cap $50,000); metrics jobs retained 7",2023,B,,Rule R1: Inclusion Grant recipient with no contrary size signal.
EIN:341804827,BLUE TECHNOLOGIES INC,341804827,CLEVELAND,OH,,20000,1,2024,business,,,,,222,228,223,"BLUE TECHNOLOGIES, INC.",OH,"Blue Technologies, Inc.",Workforce Grant,0,Technology,40000,business,BLUE TECHNOLOGIES INC,OH,Form 5500 plan sponsor address (2019),100-499,"Form 5500 2019: 228 participants, largest plan, sponsor BLUE TECHNOLOGIES, INC.",2019,B,,"Rule R2: own plan under 250 participants, no subsidiary marker in the name, not an SEC registrant."
EIN:862372918,GRIFFIN FIRE & PIPE LLC,862372918,FAIRFIELD,OH,,20000,1,2024,business,,,,,,,,,,Griffin Fire & Pipe LLC,Inclusion Grant,1,Other,20000,business,GRIFFIN FIRE & PIPE LLC,OH,JobsOhio Inclusion Grant program rule (Ohio small business); JobsOhio monthly metrics report,<100,"JobsOhio Inclusion Grant eligibility (small business, cap $50,000); metrics jobs retained 1",2024,B,,Rule R1: Inclusion Grant recipient with no contrary size signal.
EIN:832064278,ARTISAN TECHNOLOGIES INC,832064278,BEAVERCREEK,OH,,19996,1,2024,business,,,,,,,,,,"Artisan Technologies, Inc.",Inclusion Grant,8,Technology,25000,business,ARTISAN TECHNOLOGIES INC,OH,JobsOhio Inclusion Grant program rule (Ohio small business); JobsOhio monthly metrics report,<100,"JobsOhio Inclusion Grant eligibility (small business, cap $50,000); metrics jobs retained 8",2024,B,,Rule R1: Inclusion Grant recipient with no contrary size signal.
EIN:911295550,Core-Mark Midcontinent Inc,911295550,Glenwillow,OH,,19559,1,2018,business,0001813469,"Core-Mark International, Inc.",DE,TX,6369,7833,,"CORE-MARK INTERNATIONAL, INC.",TX,Core-Mark Midcontinent Inc.,Workforce Grant,,Other,50000,business,Core-Mark Midcontinent Inc,TX,Form 5500 plan sponsor address (2019),500-4999,"Form 5500 2019: 7833 participants, largest plan, sponsor CORE-MARK INTERNATIONAL, INC.",2019,B,,"Rule R3: own plan at 1,500 or more participants; counts include retirees, so the bucket is conservative."
EIN:311145986,THE OHIO STATE UNIVERSITY FOUNDATION,311145986,COLUMBUS,OH,501(C)(3),18690,1,2023,university,,,,,,,,,,,,,,,university,THE OHIO STATE UNIVERSITY FOUNDATION,OH,Schedule I address; Ohio public or nonprofit entity,,,,B,,Rule R4: university by name and IRC section; not in the business headline.
EIN:311439596,STA-WARM ELECTRIC COMPANY,311439596,RAVENNA,OH,,18500,1,2022,business,,,,,,,9,STA-WARM ELECTRIC COMPANY,OH,Sta-Warm Electric Company,Inclusion Grant,7,Advanced Manufacturing,18500,business,STA-WARM ELECTRIC COMPANY,OH,JobsOhio Inclusion Grant program rule (Ohio small business); JobsOhio monthly metrics report,<100,"JobsOhio Inclusion Grant eligibility (small business, cap $50,000); metrics jobs retained 7; Form 5500 2023: 9 participants",2022,B,,Rule R1: Inclusion Grant recipient with no contrary size signal.
EIN:311544469,JIT PACKAGING CINCINNATI INC,311544469,LEBANON,OH,,16724,1,2022,business,,,,,,,,,,,,,,,,,,,,,,,,
EIN:352505708,Gentry Health Services Inc,352505708,Medina,OH,,16409,1,2016,business,,,,,,,,,,,,,,,,,,,,,,,,
EIN:340903894,THE MEDINA PLATING CORP,340903894,MEDINA,OH,,15000,3,2015 2020 2022,business,,,,,59,115,,MEDINA PLATING CORP.,OH,The Medina Plating Corp.,Economic Development Grant,60,Advanced Mfg.,50000,business,THE MEDINA PLATING CORP,OH,Form 5500 plan sponsor address (2019),100-499,"Form 5500 2019: 115 participants, largest plan, sponsor MEDINA PLATING CORP.; metrics jobs retained 60",2019,B,,"Rule R2: own plan under 250 participants, no subsidiary marker in the name, not an SEC registrant."
EIN:310870863,MANAGEMENT PERFORMANCE INTERNATIONAL INC,310870863,CINCINNATI,OH,,15000,1,2022,business,,,,,,,,,,"Management Performance International, Inc.",Inclusion Grant,6,Other,25000,business,MANAGEMENT PERFORMANCE INTERNATIONAL INC,OH,JobsOhio Inclusion Grant program rule (Ohio small business); JobsOhio monthly metrics report,<100,"JobsOhio Inclusion Grant eligibility (small business, cap $50,000); metrics jobs retained 6",2022,B,,Rule R1: Inclusion Grant recipient with no contrary size signal.
EIN:813604877,COUNTS REMODEL & DESIGN LLC,813604877,MAUMEE,OH,,14091,1,2023,business,,,,,,,13,"CRD CONSTRUCTION, LLC",OH,Counts Remodel & Design LLC,Revitalization Grant Phase II,0,Advanced Manufacturing,14091,business,COUNTS REMODEL & DESIGN LLC,OH,Form 5500 plan sponsor address (2023),<100,"Form 5500 2023: 13 participants, largest plan, sponsor CRD CONSTRUCTION, LLC",2023,B,,"Rule R2: own plan under 250 participants, no subsidiary marker in the name, not an SEC registrant."
EIN:362241181,Rexam Beverage Can Company,362241181,Fremont,OH,,13464,1,2016,business,0001732698,Rexam Beverage Can Co,DE,CO,,,,,,,,,,,,,,,,,,,,
EIN:311195864,Circleville-Pickaway Community Improvement Corpora,311195864,Circleville,OH,501(c)(3),12390,1,2016,nonprofit,,,,,,,,,,,,,,,nonprofit,Circleville-Pickaway Community Improvement Corpora,OH,Schedule I address; Ohio public or nonprofit entity,,,,B,,Rule R4: nonprofit by name and IRC section; not in the business headline.
EIN:362556469,Appvion Inc,362556469,Appleton,WI,,10000,1,2015,business,,,,,3399,,,"APPVION, INC.",WI,,,,,,business,Appvion Inc,WI,Form 5500 plan sponsor address (2015),500-4999,"Form 5500 2015: 3399 participants, largest plan, sponsor APPVION, INC.",2015,B,,"Rule R3: own plan at 1,500 or more participants; counts include retirees, so the bucket is conservative."
EIN:471253460,NASDAQ Entrepreneurial Center Inc,471253460,San Francisco,CA,,10000,1,2018,business,,,,,,34,42,"NASDAQ ENTREPRENEURIAL CENTER, INC.",MD,,,,,,business,NASDAQ Entrepreneurial Center Inc,MD,Form 5500 plan sponsor address (2023),<100,"Form 5500 2023: 42 participants, largest plan, sponsor NASDAQ ENTREPRENEURIAL CENTER, INC.",2023,B,,"Rule R2: own plan under 250 participants, no subsidiary marker in the name, not an SEC registrant."
EIN:463754675,DISABILITY IN OHIO,463754675,WORTHINGTON,OH,501(C)(3),10000,1,2020,nonprofit,,,,,,,,,,,,,,,nonprofit,DISABILITY IN OHIO,OH,Schedule I address; Ohio public or nonprofit entity,,,,B,,Rule R4: nonprofit by name and IRC section; not in the business headline.
EIN:272027486,PATTER FAM SAUCES LLC,272027486,WHEELERSBURG,OH,,10000,1,2023,business,,,,,,,,,,Patter Fam Sauces LLC,Inclusion Grant,0,Food and Agribusiness,10000,business,PATTER FAM SAUCES LLC,OH,JobsOhio Inclusion Grant program rule (Ohio small business); JobsOhio monthly metrics report,<100,"JobsOhio Inclusion Grant eligibility (small business, cap $50,000); metrics jobs retained 0",2023,B,,Rule R1: Inclusion Grant recipient with no contrary size signal.
EIN:454011666,Wolf's Ridge Brewing LLC,454011666,Columbus,OH,,9171,1,2018,business,,,,,,27,97,WOLF'S RIDGE BREWING,OH,"Wolf's Ridge Brewing, LLC",Revitalization Grant Phase II,0,Other,17300,business,Wolf's Ridge Brewing LLC,OH,Form 5500 plan sponsor address (2023),<100,"Form 5500 2023: 97 participants, largest plan, sponsor WOLF'S RIDGE BREWING",2023,B,,"Rule R2: own plan under 250 participants, no subsidiary marker in the name, not an SEC registrant."
EIN:311628973,Community Improvement Corp of Fairborn OH,311628973,Fairborn,OH,501(c)(3),8550,1,2015,government,,,,,,,,,,,,,,,government,Community Improvement Corp of Fairborn OH,OH,Schedule I address; Ohio public or nonprofit entity,,,,B,,Rule R4: government by name and IRC section; not in the business headline.
EIN:311334820,OPPORTUNITIES FOR OHIOANS WITH DISABILITIES,311334820,COLUMBUS,OH,GOVERNMENT ENTITY,7500,1,2020,government,,,,,,,,,,,,,,,government,OPPORTUNITIES FOR OHIOANS WITH DISABILITIES,OH,Schedule I address; Ohio public or nonprofit entity,,,,B,,Rule R4: government by name and IRC section; not in the business headline.
EIN:341302396,TIFFIN METAL PRODUCTS CO,341302396,TIFFIN,OH,,6648,1,2019,business,,,,,71,76,113,TIFFIN METAL PRODUCTS,OH,Tiffin Metal Products Co.,Revitalization Grant Phase II; Workforce Grant,152,Advanced Manufacturing,82650,business,TIFFIN METAL PRODUCTS CO,OH,Form 5500 plan sponsor address (2023),100-499,"Form 5500 2023: 113 participants, largest plan, sponsor TIFFIN METAL PRODUCTS; metrics jobs retained 152",2023,B,,"Rule R2: own plan under 250 participants, no subsidiary marker in the name, not an SEC registrant."
EIN:113158401,FISHER HOUSE FOUNDATION INC,113158401,ROCKVILLE,MD,501(C)(3),6000,1,2022,nonprofit,,,,,29,30,40,"FISHER HOUSE FOUNDATION, INC.",MD,,,,,,,,,,,,,,,
EIN:010781438,FOLDED PAK INC,010781438,DENVER,CO,,0,2,2014 2021,business,,,,,,,,,,,,,,,,,,,,,,,,
EIN:231269309,BON-TON DEPARTMENT STORES INC,231269309,YORK,PA,,0,3,2015 2017 2020,business,0001363544,"Bon-Ton Department Stores, Inc.",PA,PA,24065,,,"THE BON-TON DEPARTMENT STORES, INC.",PA,,,,,,business,BON-TON DEPARTMENT STORES INC,PA,Form 5500 plan sponsor address (2015),5000+,"Form 5500 2015: 24065 participants, largest plan, sponsor THE BON-TON DEPARTMENT STORES, INC.",2015,B,,"Rule R3: own plan at 1,500 or more participants; counts include retirees, so the bucket is conservative."
EIN:362552989,PACTIV LLC,362552989,LAKE FOREST,IL,,0,2,2016 2022,business,0001531574,Pactiv Management Co LLC,DE,Q2,68280,58828,19659,PACTIV LLC,IL,Pactiv LLC,Economic Development Grant,113,Advanced Manufacturing,70000,business,PACTIV LLC,IL,Form 5500 plan sponsor address (2015),5000+,"Form 5500 2015: 68280 participants, largest plan, sponsor PACTIV LLC; metrics jobs retained 113",2015,B,,"Rule R3: own plan at 1,500 or more participants; counts include retirees, so the bucket is conservative."
EIN:800917230,TRAMEC SLOAN LLC,800917230,IOLA,KS,,0,2,2016 2019,business,,,,,,,,,,"Tramec Sloan, LLC",Economic Development Grant,147,Advanced Manufacturing,200000,,,,,,,,,,
EIN:341059179,WEBSTER INDUSTRIES,341059179,TIFFIN,OH,,0,2,2016 2021,business,,,,,373,244,316,"WEBSTER INDUSTRIES, INC.",OH,"Webster Industries, Inc.",Economic Development Grant,294,Advanced Mfg.,100000,,,,,,,,,,
EIN:381556263,AJM PACKAGING CLAWBACK,381556263,BLOOMFIELD HILLS,IL,,0,2,2017 2021,business,,,,,1327,1665,2103,AJM PACKAGING CORPORATION,MI,AJM Packaging Company,Economic Development Grant,,Advanced Manufacturing,75000,business,AJM PACKAGING CLAWBACK,MI,Form 5500 plan sponsor address (2023),500-4999,"Form 5500 2023: 2103 participants, largest plan, sponsor AJM PACKAGING CORPORATION",2023,B,,"Rule R3: own plan at 1,500 or more participants; counts include retirees, so the bucket is conservative."
EIN:300931047,MICC MANUFACTURING CORPORATION,300931047,PERRYSBURG,OH,,0,2,2018 2022,business,,,,,,,2,MICC MFG,OH,MICC Manufacturing Corporation,Economic Development Grant,0,Advanced Manufacturing,150000,business,MICC MANUFACTURING CORPORATION,OH,Form 5500 plan sponsor address (2023),<100,"Form 5500 2023: 2 participants, largest plan, sponsor MICC MFG",2023,B,,"Rule R2: own plan under 250 participants, no subsidiary marker in the name, not an SEC registrant."
EIN:812506619,SKY CLIMBER FABRICATING LLC,812506619,DELAWARE,OH,,0,2,2018 2019,business,,,,,,,,,,,,,,,,,,,,,,,,
EIN:464936616,TS SALES LLC,464936616,MOUNT GILEAD,OH,,0,2,2018 2020,business,,,,,,,,,,TS Sales LLC,Revitalization Loan,1,Other,0,,,,,,,,,,
EIN:474912935,E1 DIGITAL DIRECT INC,474912935,BOARDMAN,OH,,0,2,2019 2020,business,,,,,,,,,,"E1 Digital Direct, Inc.",Workforce Grant,0,Other,70000,,,,,,,,,,
EIN:421769575,MITEC POWERTRAIN INC,421769575,FINDLAY,OH,,0,2,2019 2020,business,,,,,,234,,"MITEC POWERTRAIN, INC.",OH,MITEC Powertrain Inc.,Economic Development Grant,166,Automotive,200000,business,MITEC POWERTRAIN INC,OH,Form 5500 plan sponsor address (2019),100-499,"Form 5500 2019: 234 participants, largest plan, sponsor MITEC POWERTRAIN, INC.; metrics jobs retained 166",2019,B,,"Rule R2: own plan under 250 participants, no subsidiary marker in the name, not an SEC registrant."
EIN:680659789,BRIGHTEDGE TECHNOLOGIES INC,680659789,SAN MATEO,CA,,0,2,2021 2022,business,,,,,265,406,425,"BRIGHTEDGE TECHNOLOGIES, INC.",CA,"Brightedge Technologies, Inc.",Economic Development Grant,83,IT,200000,,,,,,,,,,
EIN:770528042,CURATION FOODS INC,770528042,CHICAGO,IL,,0,2,2021 2022,business,,,,,,,,,,,,,,,,,,,,,,,,
EIN:341873488,JKB GROUP INC,341873488,CLEVELAND,OH,,0,2,2021 2022,business,,,,,60,190,194,"J.B.K. GROUP, INC.",OH,,,,,,,,,,,,,,,
EIN:133290300,INEOS PIGMENTS USA INC,133290300,ASHTABULA,OH,,-7252,2,2021 2022,business,,,,,982,830,684,INEOS PIGMENTS USA INC.,MD,Ineos Pigments USA Inc.,Economic Development Grant,450,Energy and Chemicals,260000,,,,,,,,,,
EIN:340871763,HYNES INDUSTRIES INC,340871763,YOUNGSTOWN,OH,,-50000,1,2019,business,,,,,,,,,,,,,,,,,,,,,,,,
EIN:341474815,FOUNDATION SOFTWARE,341474815,STRONGSVILLE,OH,,-750000,1,2021,nonprofit,,,,,149,329,506,"FOUNDATION SOFTWARE, LLC",OH,"Foundation Software, Inc.",Revitalization Grant,273,Information Technology,750000,nonprofit,FOUNDATION SOFTWARE,OH,Schedule I address; Ohio public or nonprofit entity,,Form 5500 2023: 506 participants,2023,B,,Rule R4: nonprofit by name and IRC section; not in the business headline.
