recipient_id,name,all_names,ein,city,state,zip,irc_section,first_fy,last_fy,years,n_rows,total_cash,metrics_company,metrics_programs,metrics_industry,metrics_match_score,metrics_commit_total,metrics_jobs_retained_max,metrics_jobs_created_sum,metrics_months
EIN:941672743,INTEL CORPORATION,INTEL CORPORATION,941672743,SANTA CLARA,CA,95054,,2023,2024,2023 2024,2,124422793,Intel Corporation,Economic Development Grant; Workforce Grant,Technology,1.00,150000000,0,6000,2022-Dec 2022-Jul
EIN:844244377,ULTIUM CELLS,ULTIUM CELLS | ULTIUM CELLS LLC,844244377,DETROIT,MI,48265,,2022,2023,2022 2023,2,50000000,Ultium Cells LLC,Economic Development Grant,Automotive,1.00,50000000,0,1000,2020-Nov
EIN:340526850,THE SHERWIN-WILLIAMS COMPANY,THE SHERWIN-WILLIAMS COMPANY,340526850,CLEVELAND,OH,44115,,2023,2024,2023 2024,2,41990565,The Sherwin-Williams Company,Economic Development Grant; Revitalization Grant,Energy and Chemicals,1.00,37500000,3524,800,2020-Mar
EIN:316000989,UNIVERSITY OF CINCINNATI,UNIVERSITY OF CINCINNATI,316000989,CINCINNATI,OH,45221,STATE OF OHIO,2020,2023,2020 2022 2023,3,37500000,University of Cincinnati,Spec Development (OSIP),TBD,1.00,1000000,,,2022-Jul
EIN:316025986,THE OHIO STATE UNIVERSITY,THE OHIO STATE UNIVERSITY,316025986,COLUMBUS,OH,43212,STATE OF OHIO,2021,2024,2021 2022 2023 2024,4,24500000,,,,,,,,
EIN:340714585,THE CLEVELAND CLINIC FOUNDATION,THE CLEVELAND CLINIC FOUNDATION,340714585,CLEVELAND,OH,44193,501(C)(3),2024,2024,2024,1,21850725,The Cleveland Clinic Foundation,Economic Development Grant,Healthcare,1.00,10000000,17745,1000,2021-Sep
EIN:942681915,BECHTEL OIL GAS AND CHEMICALS INC,BECHTEL OIL GAS AND CHEMICALS INC,942681915,HOUSTON,TX,77056,,2020,2020,2020,1,20000000,,,,,,,,
EIN:953540776,AMGEN INC,AMGEN INC,953540776,LOS ANGELES,CA,90065,,2023,2024,2023 2024,2,18759972,Amgen Inc.,Economic Development Grant,Healthcare,1.00,23000000,400,750,2021-Nov 2025-Apr
EIN:340714775,UNIVERSITY HOSPITALS HEALTH SYSTEM INC,UNIVERSITY HOSPITALS HEALTH SYSTEM INC,340714775,SOLON,OH,44139,501(C)(3),2021,2024,2021 2022 2023 2024,4,17500000,,,,,,,,
EIN:341018992,CASE WESTERN RESERVE UNIVERSITY,CASE WESTERN RESERVE UNIVERSITY,341018992,CLEVELAND,OH,44106,501(C)(3),2021,2024,2021 2023 2024,3,15000000,,,,,,,,
EIN:340966056,CLEVELAND STATE UNIVERSITY,CLEVELAND STATE UNIVERSITY,340966056,CLEVELAND,OH,44115,STATE OF OHIO,2022,2024,2022 2023 2024,3,15000000,,,,,,,,
EIN:821661828,SEEFRIED DEVELOPMENT SERVICES INC,SEEFRIED DEVELOPMENT SERVICES INC | Seefried Development Services Inc,821661828,ATLANTA,GA,30339,,2018,2020,2018 2019 2020,3,14055000,,,,,,,,
EIN:341920747,IRONUNITS LLC,IRON UNITS LLC | IRONUNITS LLC,341920747,TOLEDO,OH,43605,,2019,2022,2019 2020 2022,3,14000000,IronUnits LLC,Economic Development Grant; Revitalization Grant; Workforce Grant,Other,1.00,14000000,0,390,2017-Dec
EIN:310833936,CINCINNATI CHILDREN'S HOSPITAL MEDICAL CENTER,CINCINNATI CHILDREN'S HOSPITAL MEDICAL CENTER,310833936,CINCINNATI,OH,45229,501(C)(3),2020,2022,2020 2022,2,12500000,Cincinnati Children's Hospital Medical Center,Other Loan,Healthcare,1.00,32000000,,,2024-Sep
EIN:341940561,FirstEnergy Generation LLC,FirstEnergy Generation LLC,341940561,Akron,OH,44308,,2017,2017,2017,1,12408019,"FirstEnergy Generation, LLC",Revitalization Grant; Revitalization Grant Phase II,Shale Energy and Petrochemicals,1.00,2200000,,,2016-Jun
EIN:474510612,PTTGC AMERICA LLC,PTTGC AMERICA LLC | PTTGC America LLC,474510612,HOUSTON,TX,77056,,2017,2021,2017 2020 2021,3,11451981,PTTGC America LLC,Economic Development Grant; Revitalization Grant,Energy and Chemicals,1.00,51451980,0,0,2017-Jun 2019-Jun 2020-Jan
EIN:952041006,HONDA DEVELOPMENT & MANUFACTURING OF AMERICA LLC,HONDA DEVELOPMENT & MANUFACTURING OF AMERICA LLC,952041006,MARYSVILLE,PA,43040,,2024,2024,2024,1,10700000,"Honda Development & Manufacturing of America, LLC",Economic Development Grant; Research & Development Grant,Automotive,1.00,232000000,8023,2536,2023-Jan 2024-Aug
EIN:383928174,Fuyao Glass America Inc,Fuyao Glass America Inc,383928174,Moraine,OH,45439,,2015,2018,2015 2017 2018,3,10600000,Fuyao Glass America Inc.,Economic Development Grant; Workforce Grant,Automotive,1.00,9000000,1589,2000,2015-Jan 2023-Apr
EIN:140689340,GENERAL ELECTRIC COMPANY,GENERAL ELECTRIC COMPANY | General Electric Company | THE GENERAL ELECTRIC COMPANY,140689340,EVENDATE,OH,45215,,2018,2024,2018 2020 2021 2023 2024,5,10091471,General Electric Company,Research & Development Grant,Aerospace and Aviation,1.00,16500000,6450,300,2018-Dec 2024-Dec
EIN:320561106,PETMIN USA INC,PETMIN USA INC,320561106,ASHTABULA,OH,44004,,2020,2021,2020 2021,2,10000000,"Petmin USA, Inc.",Economic Development Grant; Revitalization Grant,Other,1.00,10000000,0,220,2020-Feb
EIN:346004382,THE METROHEALTH SYSTEM,THE METROHEALTH SYSTEM,346004382,CLEVELAND,OH,44109,,2022,2024,2022 2024,2,10000000,,,,,,,,
EIN:471304221,Cleveland 2016 Host Committee Inc,Cleveland 2016 Host Committee Inc,471304221,Cleveland,OH,44101,501(c)(3),2015,2016,2015 2016,2,9000000,,,,,,,,
EIN:311228202,TRANSPORTATION RESEARCH CENTER INC,TRANSPORTATION RESEARCH CENTER INC,311228202,EAST LIBERTY,OH,43319,,2020,2022,2020 2021 2022,3,9000000,Transportation Research Center Inc.,Research & Development Grant,Automotive,1.00,8500000,347,48,2018-May 2021-Oct
EIN:316056230,THE RESEARCH INSTITUTE AT NATIONWIDE CHILDREN'S HOSPITAL,THE RESEARCH INSTITUTE AT NATIONWIDE CHILDREN'S HOSPITAL,316056230,COLUMBUS,OH,43205,501(C)(3),2022,2024,2022 2023 2024,3,8500000,,,,,,,,
EIN:882074726,DIGITAL ACCESS OHIO LLC,DIGITAL ACCESS OHIO LLC,882074726,CANTON,OH,44702,,2023,2024,2023 2024,2,7470000,,,,,,,,
EIN:311075744,LAWRENCE ECONOMIC DEVELOPMENT CORPORATION,LAWRENCE ECONOMIC DEVELOPMENT CORPORATION | Lawrence Economic Development Corporation,311075744,SOUTH POINT,OH,45680,501(C)(3),2018,2023,2018 2019 2020 2021 2022 2023,6,7338676,Lawrence Economic Development Corporation,Revitalization Grant; Revitalization Loan; Spec Development (OSIP),N/a,1.00,9450000,0,0,2017-Dec 2018-Mar 2021-Mar 2021-Oct
EIN:263446223,COVERMYMEDS LLC,COVERMYMEDS | COVERMYMEDS LLC | CoverMyMeds LLC,263446223,COLUMBUS,OH,43222,,2017,2022,2017 2019 2020 2021 2022,5,6613235,CoverMyMeds LLC,Economic Development Grant; Workforce Grant,Healthcare,1.00,5650000,592,2180,2015-Jan 2019-Jan
EIN:204623678,FIRST SOLAR INC,FIRST SOLAR INC,204623678,TEMPE,AZ,85281,,2019,2021,2019 2020 2021,3,6345649,"First Solar, Inc.",Economic Development Grant; Research & Development Grant; Workforce Grant,Advanced Manufacturing,1.00,14150000,2430,4517,2015-Jul 2018-Jul 2021-Nov 2024-Feb 2024-May
EIN:430470580,NESTLE PURINA PETCARE COMPANY,NESTLE PURINA PETCARE COMPANY,430470580,SAINT LOUIS,MO,63102,,2021,2021,2021,1,6000000,Nestle Purina PetCare Company,Economic Development Grant,Food and Agribusiness,1.00,6000000,0,300,2021-Mar
EIN:134994650,JPMORGAN CHASE BANK NA,JPMORGAN CHASE BANK NA | JPMORGAN CHASE BANK NATIONAL ASSOCIATION,134994650,COLUMBUS,OH,43240,,2019,2023,2019 2023,2,5900000,,,,,,,,
NAME:british airways,BRITISH AIRWAYS PLC,BRITISH AIRWAYS PLC,,,,,,2024,2024,2024,1,5681149,,,,,,,,
EIN:814690065,YORKVILLE INTERMODAL TERMINALS LLC,YORKVILLE INTERMODAL TERMINALS LLC | Yorkville Intermodal Terminals LLC,814690065,ALIQUIPPA,PA,15001,,2018,2024,2018 2023 2024,3,5200000,Yorkville Intermodal Terminals LLC*,Revitalization Grant; Revitalization Grant Phase II,Other,1.00,5200000,0,0,2017-Sep 2019-Dec
EIN:341015620,GREAT LAKES CHEESE CO INC,GREAT LAKES CHEESE CO INC,341015620,HIRAM,OH,44234,,2020,2021,2020 2021,2,5100000,"Great Lakes Cheese Co., Inc.",Economic Development Grant,Food Sciences and Agriculture,1.00,5100000,671,400,2019-Mar
EIN:310925242,Honda of America Mfg Inc,Honda of America Mfg Inc,310925242,Anna,OH,45302,,2015,2016,2015 2016,2,5000000,Honda of America Mfg Inc.,Economic Development Grant,Automotive,1.00,6800000,2520,270,2015-Jan 2020-Dec
EIN:341823010,JEFFERIS REAL ESTATE LLC,JEFFERIS REAL ESTATE LLC,341823010,BARNESVILLE,OH,43713,,2019,2020,2019 2020,2,5000000,"Jefferis Real Estate, LLC *",Revitalization Grant,Other,1.00,5000000,0,0,2018-Jun
EIN:344269370,MIDMARK CORPORATION,MIDMARK CORPORATION,344269370,VERSAILLES,OH,45380,,2019,2020,2019 2020,2,5000000,Midmark Corporation,Economic Development Grant; Research & Development Grant,Healthcare,1.00,5150000,1082,177,2017-Oct 2023-Oct
EIN:311609283,ANDELYN BIOSCIENCES INC,ANDELYN BIOSCIENCES INC,311609283,COLUMBUS,OH,43205,,2022,2022,2022,1,5000000,"Andelyn Biosciences, Inc.",Growth Fund Loan; Research & Development Grant,Healthcare,1.00,8500000,170,350,2020-Nov 2022-Feb
EIN:384050738,ENSEMBLE HP,ENSEMBLE HP | ENSEMBLE HP LLC,384050738,CINCINNATI,OH,45237,,2019,2021,2019 2020 2021,3,4919985,"Ensemble HP, LLC",Economic Development Grant,Healthcare,1.00,4250000,480,1100,2019-May
EIN:341421920,Ohio-West Virginia Excavating Co,Ohio-West Virginia Excavating Co,341421920,Shadyside,OH,43947,,2015,2018,2015 2016 2017 2018,4,4739868,Ohio-West Virginia Excavating Co.,Revitalization Grant; Revitalization Grant Phase II,Shale Energy and Petrochemicals,1.00,3277275,,,2015-Jun
EIN:330054861,HONDA DEVELOPMENT & MANUFACTURING OF AMERICA LLC,HONDA DEVELOPMENT & MANUFACTURING OF AMERICA LLC | HONDA R&D AMERICAS INC,330054861,RAYMOND,OH,43067,,2019,2021,2019 2021,2,4700000,"Honda Development & Manufacturing of America, LLC",Economic Development Grant; Research & Development Grant,Automotive,1.00,232000000,8023,2536,2023-Jan 2024-Aug
EIN:270187277,FCA US LLC,FCA US LLC,270187277,TOLEDO,OH,43608,,2018,2021,2018 2019 2020 2021,4,4540017,FCA US LLC,Economic Development Grant; Workforce Grant,Automotive,1.00,4553500,5164,1452,2017-Aug 2019-Jun
EIN:311752368,PORT OF GREATER CINCINNATI DEVELOPMENT AUTHORITY,PORT OF GREATER CINCINNATI DEVELOPMENT AUTHORITY | Port of Greater Cincinnati Development Authority,311752368,CINCINNATI,OH,45202,,2017,2024,2017 2018 2019 2021 2023 2024,6,4499294,Port of Greater Cincinnati Development Authority,Revitalization Grant; Revitalization Grant Phase II; Spec Development (OSIP),Other,1.00,5265238,0,0,2016-Sep 2017-Feb 2020-Apr 2023-Jan
EIN:813308222,JSW STEEL USA OHIO INC,JSW STEEL USA OHIO INC,813308222,MINGO JUNCTION,OH,43938,,2020,2022,2020 2021 2022,3,4437946,"JSW Steel USA Ohio, Inc.",Revitalization Grant,Advanced Manufacturing,1.00,6000000,400,306,2018-Nov 2023-Sep
EIN:341797943,NORTH STAR BLUESCOPE STEEL LLC,NORTH STAR BLUESCOPE STEEL LLC,341797943,DELTA,OH,43515,,2020,2020,2020,1,4000000,North Star Bluescope Steel LLC,Economic Development Grant,Other,1.00,4450000,577,115,2019-Oct 2024-Sep
EIN:205699765,SILFEX INC,SILFEX INC | Silfex Inc,205699765,EATON,OH,45320,,2018,2020,2018 2019 2020,3,3882369,"Silfex, Inc.",Economic Development Grant; Workforce Grant,Advanced Manufacturing,1.00,3700000,366,909,2017-Mar 2018-May
EIN:020599025,NOVAGARD SOLUTIONS INC,NOVAGARD SOLUTIONS INC,020599025,CLEVELAND,OH,44193,,2022,2024,2022 2023 2024,3,3876963,"Novagard Solutions, Inc.",Research & Development Grant,Energy and Chemicals,1.00,4000000,113,50,2021-Jun
EIN:316400080,ZANESVILLE MUSKINGUM COUNTY PORT AUTHORITY,ZANESVILLE MUSKINGUM COUNTY PORT AUTHORITY | Zanesville Muskingum County Port Authority,316400080,ZANESVILLE,OH,43701,,2017,2022,2017 2021 2022,3,3865976,Zanesville Muskingum County Port Authority,Spec Development (OSIP),Other,1.00,3090000,0,0,2020-Aug
EIN:222784107,LIBBEY GLASS,LIBBEY GLASS | LIBBEY GLASS LLC,222784107,TOLEDO,OH,43604,,2022,2023,2022 2023,2,3750000,Libbey Glass LLC,Economic Development Grant,Advanced Manufacturing,1.00,5000000,986,0,2021-Jan
EIN:340659953,GOJO INDUSTRIES INC,GOJO INDUSTRIES INC,340659953,WOOSTER,OH,44691,,2021,2022,2021 2022,2,3500000,"GOJO Industries, Inc.",Economic Development Grant; Growth Fund Loan,Healthcare,1.00,17000000,358,836,2016-Mar 2020-Dec 2020-Nov
EIN:822631781,PRATT PAPER (OH) LLC,PRATT PAPER (OH) LLC | Pratt Paper (OH) LLC,822631781,WAPAKONETA,OH,45895,,2018,2020,2018 2020,2,3350000,"Pratt Paper (OH), LLC",Economic Development Grant; Workforce Grant,Advanced Manufacturing,1.00,4250000,0,600,2018-May
EIN:311299990,PAYCOR INC,PAYCOR INC,311299990,CINCINNATI,OH,45212,,2020,2020,2020,1,3346355,"Paycor, Inc.",Economic Development Grant,Financial Services,1.00,4000000,731,1064,2018-Jan
EIN:822644964,BREEZE AVIATION GROUP,BREEZE AVIATION GROUP,822644964,COTTONWOOD HEIGHTS,UT,84121,,2022,2024,2022 2023 2024,3,3318587,,,,,,,,
EIN:871928352,AMERICAN NITRILE OPERATIONS LLC,AMERICAN NITRILE OPERATIONS LLC,871928352,GROVE CITY,OH,43123,,2022,2024,2022 2023 2024,3,3303561,"American Nitrile Operations, LLC",Economic Development Grant,Advanced,1.00,3000000,0,400,2021-Sep
EIN:951572209,NESTLE USA INC,NESTLE USA INC | Nestle Prepared Foods Company | Nestle USA Inc | Nestle Usa Inc,951572209,SOLON,OH,44139,,2016,2021,2016 2018 2020 2021,5,3200000,"Nestle USA, Inc.",Economic Development Grant; Workforce Grant,Food and Agribusiness,1.00,1200000,1251,230,2018-Aug 2020-Mar
EIN:454081743,SEEFRIED DEVELOPMENT MANAGEMENT INC,SEEFRIED DEVELOPMENT MANAGEMENT INC,454081743,ATLANTA,GA,30339,,2021,2021,2021,1,3150000,,,,,,,,
EIN:316000056,CITY OF SPRINGFIELD OHIO,CITY OF SPRINGFIELD OHIO,316000056,SPRINGFIELD,OH,45502,STATE OF OHIO,2023,2024,2023 2024,2,3126105,City of Springfield,Aerospace and Defense Opportunity Grant; Spec Development (OSIP),Other Western,0.67,3476105,0,0,2021-Feb 2022-Oct 2026-Jul
EIN:474927987,ALTIVIA PETROCHEMICALS LLC,ALTIVIA PETROCHEMICALS LLC | Altivia Petrochemicals LLC,474927987,HAVERHILL,OH,45636,,2017,2021,2017 2018 2019 2020 2021,5,3100000,"Altivia Petrochemicals, LLC",Economic Development Grant; Revitalization Grant; Workforce Grant,Shale Energy and Petrochemicals,1.00,1700000,137,72,2015-Dec 2020-Feb
EIN:205152100,TOTAL QUALITY LOGISTICS LLC,TOTAL QUALITY LOGISTICS LLC,205152100,CINCINNATI,OH,45245,,2020,2021,2020 2021,2,3050000,"Total Quality Logistics, LLC",Economic Development Grant; Workforce Grant,Logistics and Distribution,1.00,7575000,2623,2191,2017-Dec 2019-Jun 2019-Nov 2021-Nov 2022-Sep
EIN:753033627,MEDPACE INC,MEDPACE INC | Medpace Inc,753033627,CINCINNATI,OH,45227,,2018,2020,2018 2019 2020,3,3000000,"Medpace, Inc.",Economic Development Grant; Workforce Grant,Biohealth,1.00,26000000,1916,2800,2017-Jan 2023-Aug
EIN:261531856,DANA LIMITED,DANA LIMITED,261531856,MAUMEE,OH,43537,,2019,2019,2019,1,3000000,Dana Limited,Economic Development Grant; Research & Development Grant,Automotive,1.00,3700000,929,215,2018-Jul 2022-May
EIN:831622986,NSG GLASS NORTH AMERICA INC,NSG GLASS NORTH AMERICA INC,831622986,LUCKEY,OH,43443,,2019,2021,2019 2020 2021,3,3000000,"NSG Glass North America, Inc",Economic Development Grant; Workforce Grant,Advanced Manufacturing,1.00,3000000,0,300,2019-Jan
EIN:251635459,PRO-TEC COATING COMPANY LLC,PRO-TEC COATING COMPANY LLC,251635459,LEIPSIC,OH,45856,,2019,2019,2019,1,3000000,"Pro-Tec Coating Company, LLC.",Economic Development Grant,Other,1.00,3000000,310,80,2018-Dec
EIN:562341010,ADAMS COUNTY CIC,ADAMS COUNTY CIC,562341010,WEST UNION,OH,45693,,2024,2024,2024,1,2984174,Adams County CIC,Spec Development (OSIP),N/a,1.00,4234600,0,0,2021-Apr
EIN:113751366,QUALITY ELECTRODYNAMICS LLC,QUALITY ELECTRODYNAMICS LLC | Quality Electrodynamics LLC,113751366,MAYFIELD VILLAGE,OH,44143,,2018,2022,2018 2021 2022,3,2700001,Quality Electrodynamics LLC,Research & Development Grant,Biohealth,1.00,2100000,149,30,2017-Aug
EIN:420497670,PELLA CORPORATION,PELLA CORPORATION,420497670,PELLA,IA,50219,,2022,2022,2022,1,2600000,Pella Corporation,Revitalization Grant; Workforce Grant,Advanced Manufacturing,1.00,2600000,0,856,2020-Dec
EIN:820544687,AMAZONCOM SERVICES LLC,AMAZONCOM SERVICES LLC | Amazoncomdedc LLC,820544687,WASHNGTON,DC,20001,,2018,2022,2018 2022,2,2535025,,,,,,,,
EIN:341699247,HYLAND SOFTWARE INC,HYLAND SOFTWARE INC | Hyland Software Inc,341699247,WESTLAKE,OH,44145,,2018,2020,2018 2020,2,2500001,"Hyland Software, Inc.",Economic Development Grant; Workforce Grant,Information Services and Software,1.00,2500000,1507,1000,2017-Feb
EIN:360698440,ABBOTT LABORATORIES,ABBOTT LABORATORIES,360698440,COLUMBUS,OH,43215,,2023,2024,2023 2024,2,2500000,Abbott Laboratories,Economic Development Grant; Revitalization Grant,Healthcare,1.00,2950000,428,199,2019-Jun 2022-Oct
EIN:371700146,SOFIDEL AMERICA CORP,SOFIDEL AMERICA CORP | Sofidel America Corp,371700146,CIRCLEVILLE,OH,43113,,2018,2020,2018 2019 2020,3,2400000,Sofidel America Corp.,Economic Development Grant; Growth Fund Loan; Workforce Grant,Advanced Manufacturing,1.00,10900000,469,1030,2016-Dec 2017-Apr 2023-Oct
EIN:202931565,AMG VANADIUM LLC,AMG VANADIUM LLC,202931565,CAMBRIDGE,OH,43725,,2020,2020,2020,1,2400000,AMG Vanadium LLC,Revitalization Grant,Energy and Chemicals,1.00,2400000,0,102,2019-Dec
EIN:341696662,WESTERN RESERVE PORT AUTHORITY,WESTERN RESERVE PORT AUTHORITY | Western Reserve Port Authority,341696662,YOUNGSTOWN,OH,44503,,2017,2024,2017 2023 2024,3,2349478,Western Reserve Port Authority,Aerospace and Defense Opportunity Grant; Revitalization Grant Phase II; Spec Development (OSIP),TBD,1.00,4809478,,,2016-Jul 2024-Feb 2025-Feb 2026-Jul
EIN:930797222,SAREPTA THERAPEUTICS,SAREPTA THERAPEUTICS | SAREPTA THERAPEUTICS INC,930797222,CAMBRIDGE,MA,02142,,2021,2023,2021 2022 2023,3,2348087,"Sarepta Therapeutics, Inc.",Economic Development Grant,Healthcare,1.00,4000000,138,200,2021-Apr 2023-Oct
EIN:311492675,ATHENS COUNTY PORT AUTHORITY,ATHENS COUNTY PORT AUTHORITY,311492675,ATHENS,OH,45701,,2021,2024,2021 2022 2024,3,2313600,,,,,,,,
EIN:311703368,CARESOURCE MANAGEMENT SERVICES LLC,CARESOURCE MANAGEMENT SERVICES LLC,311703368,DAYTON,OH,45402,,2020,2020,2020,1,2300000,"CareSource Management Services, LLC",Workforce Grant,Healthcare,1.00,560000,2767,167,2026-Jan
EIN:132933685,THE BABCOCK & WILCOX COMPANY,THE BABCOCK & WILCOX COMPANY,132933685,CHARLOTTE,NC,28277,,2020,2023,2020 2023,2,2272675,The Babcock & Wilcox Company,Economic Development Grant,Advanced Manufacturing,1.00,2500000,750,0,2019-Jun
EIN:381888757,JAC PRODUCTS INC,JAC PRODUCTS INC,381888757,SALINE,MI,48176,,2019,2021,2019 2020 2021,3,2270325,"JAC Products, Inc.",Economic Development Grant; Workforce Grant,Automotive,1.00,1775000,0,714,2018-Aug 2018-Jul
EIN:344412691,CROWN EQUIPMENT CORPORATION,CROWN EQUIPMENT CORPORATION,344412691,NEW BREMEN,OH,45869,,2019,2023,2019 2023,2,2229000,Crown Equipment Corporation,Economic Development Grant; Workforce Grant,Advanced Manufacturing,1.00,2329000,4348,1196,2017-Nov 2018-Nov 2019-Dec
EIN:471150410,XELLIA PHARMACEUTICALS USA LLC,XELLIA PHARMACEUTICALS USA LLC | Xellia Pharmaceuticals USA LLC,471150410,BEDFORD,OH,44146,,2018,2020,2018 2020,2,2200000,Xellia Pharmaceuticals USA LLC,Economic Development Grant; Revitalization Grant; Workforce Grant,Healthcare,1.00,2200000,180,440,2017-Jan 2019-Mar 2019-May
EIN:310816401,CALDWELL MOBILE HOME SALES INC,CALDWELL MOBILE HOME SALES INC,310816401,CALDWELL,OH,43724,,2023,2024,2023 2024,2,2065524,,,,,,,,
EIN:340891000,VOSS INDUSTRIES LLC,VOSS INDUSTRIES LLC,340891000,CLEVELAND,OH,44113,,2019,2020,2019 2020,2,2026129,"Voss Industries, LLC",Economic Development Grant; Revitalization Grant; Revitalization Grant Phase II; Workforce Grant,Aerospace and Aviation,1.00,2834000,335,334,2019-Mar 2020-Oct
EIN:980380782,TOPRE AMERICA CORPORATION,TOPRE AMERICA CORPORATION | Topre America Corporation,980380782,SPRINGFIELD,OH,45503,,2018,2022,2018 2019 2020 2022,4,2025000,Topre America Corporation,Economic Development Grant; Workforce Grant,Automotive,1.00,2525000,580,798,2017-Oct 2018-May 2019-Oct 2019-Sep 2024-Aug
EIN:854115123,LOC PERFORMANCE PRODUCTS LLC,LOC PERFORMANCE PRODUCTS LLC,854115123,PLYMOUTH,MI,48170,,2023,2024,2023 2024,2,2007102,"Loc Performance Products, LLC",Economic Development Grant; Workforce Grant,Advanced Manufacturing,1.00,2200000,450,500,2022-Jun
EIN:341517671,ProMedica Health System Inc,ProMedica Health System Inc,341517671,Toledo,OH,43607,,2018,2018,2018,1,2000000,"ProMedica Health System, Inc.",Revitalization Grant; Revitalization Loan,Biohealth,1.00,6000000,900,1200,2017-Oct 2018-Feb
EIN:814480790,NANOGATE NORTH AMERICA,NANOGATE JAY SYSTEMS LLC | NANOGATE NORTH AMERICA,814480790,MANSFIELD,OH,44903,,2019,2020,2019 2020,2,2000000,,,,,,,,
EIN:300998435,UPTOWN SEQ HOLDINGS LLC,UPTOWN SEQ HOLDINGS LLC,300998435,CINCINNATI,OH,45209,,2020,2020,2020,1,2000000,"Uptown SEQ Holdings, LLC*",Revitalization Grant,Other,1.00,2000000,0,0,2019-Apr
EIN:340688825,SWAGELOK MANUFACTURING COMPANY LLC,SWAGELOK MANUFACTURING COMPANY LLC,340688825,SOLON,OH,44139,,2021,2021,2021,1,2000000,"Swagelok Manufacturing Company, LLC",Economic Development Grant,Advanced Manufacturing,1.00,2000000,5237,1000,2018-Dec
EIN:844259311,3251 WESTERVILLE RD LLC,3251 WESTERVILLE RD LLC,844259311,COLUMBUS,OH,43215,,2023,2023,2023,1,2000000,3251 Westerville Rd LLC,Revitalization Grant; Revitalization Loan,Advanced Manufacturing,1.00,4000000,0,300,2022-Nov 2022-Oct
EIN:861821916,PLASTILENE INC,PLASTILENE INC,861821916,WASHINGTON COURT HOUSE,OH,43160,,2023,2023,2023,1,2000000,Plastilene Inc.,Research & Development Grant,Food and Agribusiness,1.00,2000000,0,58,2022-Feb
EIN:871557737,PROJECT BORON LLC,PROJECT BORON LLC,871557737,CLEVELAND,OH,44128,,2023,2024,2023 2024,2,2000000,,,,,,,,
EIN:341084436,UNION HOME MORTGAGE CORP,UNION HOME MORTGAGE CORP,341084436,STRONGSVILLE,OH,44136,,2024,2024,2024,1,2000000,Union Home Mortgage Corp.,Revitalization Grant,Financial Services,1.00,2000000,245,450,2020-Sep
EIN:273218415,URBAN RENEWABLES II LLC,URBAN RENEWABLES II LLC | Urban Renewables II LLC,273218415,RITTMAN,OH,44270,,2018,2020,2018 2020,2,1994151,"Urban Renewables II, LLC*",Revitalization Grant,Advanced Manufacturing,1.00,1994151,,,2016-Jun
EIN:871334704,SFG COLUMBUS PARSONS LLC,SFG COLUMBUS PARSONS LLC,871334704,ATLANTA,GA,30305,,2023,2024,2023 2024,2,1950000,,,,,,,,
EIN:363435795,UGN INC,UGN INC | UGN Inc,363435795,TINLEY PARK,IL,60487,,2017,2023,2017 2020 2021 2022 2023,5,1916261,"UGN, Inc.",Economic Development Grant,Automotive,1.00,600000,234,111,2018-May
EIN:341482024,STERIS CORPORATION,STERIS CORPORATION | STERIS Corp,341482024,MENTOR,OH,44060,,2016,2020,2016 2020,2,1850000,Steris Corporation,Economic Development Grant,Healthcare,1.00,1600000,1576,150,2018-Dec
EIN:311124927,SOUTHGATE COMPANY LIMITED PARTNERSHIP,SOUTHGATE COMPANY LIMITED PARTNERSHIP,311124927,NEWARK,OH,43058,,2021,2022,2021 2022,2,1850000,Southgate Company Limited Partnership,Spec Development (OSIP),N/A,1.00,750000,,,2026-Jun
EIN:232472830,ALKERMES INC,ALKERMES INC | Alkermes Inc,232472830,WILMINGTON,OH,45177,,2017,2021,2017 2018 2021,3,1800000,"Alkermes, Inc.",Economic Development Grant; Workforce Grant,BioHealth,1.00,1800000,427,286,2015-Jun 2017-May
EIN:204055028,COTSWORKS LLC,COTSWORKS LLC,204055028,HIGHLAND HEIGHTS,OH,44134,,2020,2024,2020 2021 2024,3,1800000,"COTSWORKS, LLC",Research & Development Grant,Aerospace and Aviation,1.00,1200000,73,8,2018-Nov
EIN:911461045,PHARMAVITE LLC,PHARMAVITE LLC,911461045,WEST HILLS,CA,91304,,2023,2024,2023 2024,2,1800000,Pharmavite LLC,Economic Development Grant,Healthcare,1.00,1800000,0,225,2023-Jan
EIN:133163498,ADS ALLIANCE DATA SYSTEMS,ADS ALLIANCE DATA SYSTEMS | ADS Alliance Data Systems Inc,133163498,COLUMBUS,OH,43219,,2017,2022,2017 2022,2,1750000,ADS Alliance Data System Inc.,Economic Development Grant; Workforce Grant,Financial Services,0.60,2000000,1300,1400,2015-Jan
EIN:311312684,BELCAN LLC,BELCAN LLC,311312684,BLUE ASH,OH,45242,,2021,2022,2021 2022,2,1750000,"Belcan, LLC",Economic Development Grant,Aerospace and Aviation,1.00,1750000,560,200,2020-Feb
EIN:271287018,SPEEDWAY LLC,SPEEDWAY LLC | Speedway LLC,271287018,ENON,OH,45323,,2018,2021,2018 2020 2021,3,1700000,Speedway LLC,Economic Development Grant; Workforce Grant,Energy and Chemicals,1.00,2300000,1175,600,2018-Dec 2024-Sep
EIN:208423895,QUANTUM HEALTH INC,QUANTUM HEALTH INC,208423895,COLUMBUS,OH,43235,,2020,2022,2020 2021 2022,3,1700000,"Quantum Health, Inc.",Economic Development Grant; Workforce Grant,Healthcare,1.00,1700000,1099,950,2020-Dec 2020-Mar
EIN:362924281,KOCH FOODS OF CINCINNATI,KOCH FOODS OF CINCINNATI | KOCH FOODS OF CINCINNATI LLC,362924281,PARK RIDGE,IL,60068,,2022,2024,2022 2023 2024,3,1669900,Koch Foods of Cincinnati LLC,Economic Development Grant,Food and Agribusiness,1.00,1500000,1281,400,2022-Jan
EIN:382628294,MAGNA SEATING OF AMERICA INC,MAGNA SEATING OF AMERICA INC,382628294,NOVI,MI,48377,,2021,2023,2021 2023,2,1668941,"Magna Seating of America, Inc.",Economic Development Grant; Workforce Grant,Automotive,1.00,2850000,390,824,2019-Oct 2022-Dec
EIN:310536715,UNIVERSITY OF DAYTON RESEARCH,UNIVERSITY OF DAYTON RESEARCH | UNIVERSITY OF DAYTON RESEARCH INSTITUTE | University of Dayton Research Institute,310536715,DAYTON,OH,45469,501(C)(3),2017,2021,2017 2018 2019 2020 2021,5,1660735,,,,,,,,
EIN:352487058,SUPPLY LINE INTERNATIONAL MEDICAL LLC,SUPPLY LINE INTERNATIONAL MEDICAL LLC,352487058,NOVI,MI,48375,,2020,2020,2020,1,1612500,,,,,,,,
EIN:881571632,SFG GEIS SHALERSVILLE LLC,SFG GEIS SHALERSVILLE LLC,881571632,STREETSBORO,OH,44241,,2023,2023,2023,1,1600000,,,,,,,,
EIN:135381590,BDO USA LLP,BDO USA LLP,135381590,COLUMBUS,OH,43215,,2018,2020,2018 2020,2,1594318,"BDO USA, LLP",Economic Development Grant; Workforce Grant,Financial Services,1.00,1750000,0,800,2017-Feb
EIN:133357362,KOHLS INC,KOHL'S INC | KOHLS INC,133357362,MENOMONEE FALLS,WI,53051,,2022,2024,2022 2023 2024,3,1580970,,,,,,,,
EIN:310332880,KAO USA INC,KAO USA INC,310332880,CINCINNATI,OH,45214,,2022,2023,2022 2023,2,1517314,Kao USA Inc.,Revitalization Grant,Energy and Chemicals,1.00,1950000,521,45,2020-May
EIN:341604927,JACKSON COUNTY ECONOMIC DEVELOPMENT PARTNERSHIP,JACKSON COUNTY ECONOMIC DEVELOPMENT PARTNERSHIP,341604927,JACKSON,OH,45640,501(C)(3),2019,2021,2019 2020 2021,3,1510000,Jackson County Economic Development Partnership*,Revitalization Grant,Other,1.00,1699371,0,0,2019-Mar
EIN:311815356,Intelligrated Systems LLC,Intelligrated Systems LLC,311815356,Mason,OH,45040,,2016,2016,2016,1,1500000,"Intelligrated Systems, LLC",Economic Development Grant,Advanced Manufacturing,1.00,1500000,510,238,2015-Sep
EIN:270552823,Milacron Plastics Technologies Group LLC,Milacron Plastics Technologies Group LLC,270552823,Batavia,OH,45103,,2016,2016,2016,1,1500000,,,,,,,,
EIN:841651449,LuK USA LLC,LuK USA LLC,841651449,Wooster,OH,44691,,2017,2017,2017,1,1500000,Luk USA LLC,Economic Development Grant,Automotive,1.00,1500000,1767,250,2016-Dec
EIN:200721176,LAND-AIR LLC,LAND-AIR LLC,200721176,NAPOLEON,OH,43545,,2020,2024,2020 2022 2024,3,1500000,"Land-Air, LLC",Revitalization Grant; Revitalization Loan; Spec Development (OSIP),Logistics and Distribution,1.00,3500000,0,0,2017-Dec 2018-Jan 2021-Jan
EIN:390989248,MENARDS,MENARD INC | MENARDS,390989248,EAU CLAIRE,WI,54703,,2020,2024,2020 2021 2024,3,1500000,,,,,,,,
EIN:341205930,NOTTINGHAM-SPIRK DESIGN ASSOCIATES INC,NOTTINGHAM-SPIRK DESIGN ASSOCIATES INC,341205930,CLEVELAND,OH,44106,,2021,2022,2021 2022,2,1500000,"Nottingham-Spirk Design Associates, Inc.",Research & Development Grant,Other,1.00,1500000,53,11,2020-Dec
EIN:851015806,SP OFFICE,SP OFFICE | SP OFFICE LLC,851015806,COLUMBUS,OH,43204,,2021,2023,2021 2023,2,1500000,,,,,,,,
EIN:133139732,TRACTOR SUPPLY COMPANY,TRACTOR SUPPLY COMPANY,133139732,BRENTWOOD,TN,37027,,2021,2021,2021,1,1500000,Tractor Supply Company,Economic Development Grant,Logistics and Distribution,1.00,1500000,0,375,2021-Jan
EIN:834384943,COMET PROCESSING,COMET PROCESSING,834384943,ST LOUIS,MO,63144,,2023,2023,2023,1,1500000,"Comet Processing, Inc",Economic Development Grant,Food and Agribusiness,1.00,1500000,0,204,2022-Apr
EIN:873423661,SD HANGER PARTNERS LLC,SD HANGER PARTNERS LLC,873423661,AKRON,OH,44308,,2023,2023,2023,1,1500000,,,,,,,,
EIN:871277852,TOLEDO INNOVATION CENTER LANDLORD LLC,TOLEDO INNOVATION CENTER LANDLORD LLC,871277852,TOLEDO,OH,43604,,2023,2023,2023,1,1500000,,,,,,,,
EIN:593015985,BELLISIO FOODS INC,BELLISIO FOODS INC | Bellisio Foods Inc,593015985,PALATINE,IL,60055,,2015,2024,2015 2019 2023 2024,4,1490504,"Bellisio Foods, Inc.",Economic Development Grant,Food and Agribusiness,1.00,1200000,1663,177,2018-Sep 2022-Dec
EIN:471235128,RXQ COMPOUNDING LLC,RXQ COMPOUNDING LLC,471235128,ATHENS,OH,45701,,2019,2023,2019 2020 2021 2023,4,1450000,"RXQ Compounding, LLC",Workforce Grant,Biohealth,1.00,100000,17,75,2017-Nov
EIN:275245539,GLOBAL CLEVELAND, | GLOBAL CLEVELAND | Global Cleveland,275245539,CLEVELAND,OH,44114,501(C)(3),2014,2024,2014 2018 2020 2021 2024,5,1400000,,,,,,,,
EIN:341879859,LEL OPERATING COMPANY,LEL OPERATING COMPANY,341879859,CANTON,OH,44706,,2020,2020,2020,1,1400000,LEL Operating Company,Economic Development Grant,Food Processing,1.00,100000,298,15,2016-Jul
EIN:911986543,VADATA INC,VADATA INC,911986543,SEATTLE,WA,98109,,2020,2020,2020,1,1400000,"Vadata, Inc.",Economic Development Grant; Workforce Grant,Information Technology,1.00,1400000,0,240,2015-Sep
EIN:454660612,UPSTART NETWORK INC,UPSTART NETWORK INC,454660612,COLUMBUS,OH,43215,,2021,2022,2021 2022,2,1400000,"Upstart Network, Inc.",Economic Development Grant; Workforce Grant,Financial Services,1.00,1400000,257,507,2020-May 2021-Oct
EIN:832877212,ONMAIN INC,ONMAIN INC,832877212,DAYTON,OH,45469,,2020,2021,2020 2021,2,1389780,,,,,,,,
EIN:844324560,GRAVITY 2 - OFFICE LLC,GRAVITY 2 - OFFICE LLC,844324560,COLUMBUS,OH,43215,,2022,2022,2022,1,1350000,"Gravity 2 - Office, LLC",Spec Development (OSIP),N/a,1.00,1500000,0,0,2021-Mar
EIN:262908300,MIDDLE WEST SPIRITS LLC,MIDDLE WEST SPIRITS LLC | Middle West Spirits LLC,262908300,COLUMBUS,OH,43209,,2016,2024,2016 2022 2024,3,1300000,"Middle West Spirits, LLC",Economic Development Grant; Revitalization Grant,Food and,1.00,450000,166,112,2015-Sep 2021-Jul 2023-Jun
EIN:910351110,PACCAR INC,PACCAR INC,910351110,BELLEVUE,WA,98004,,2021,2024,2021 2024,2,1300000,PACCAR Inc.,Economic Development Grant,Automotive,1.00,1300000,2344,100,2019-May 2021-Oct
EIN:852762571,ROUTE 43 NORTH,ROUTE 43 NORTH | ROUTE 43 NORTH LLC,852762571,STREETSBORO,OH,44241,,2021,2024,2021 2024,2,1300000,"Route 43 North, LLC",Spec Development (OSIP),N/a,1.00,1300000,0,0,2020-Nov
EIN:364894629,UNION METAL INDUSTRIES CORPORATION,UNION METAL INDUSTRIES CORPORATION,364894629,CANTON,OH,44705,,2020,2021,2020 2021,2,1250000,Union Metal Industries Corporation,Economic Development Grant; Revitalization Grant; Workforce Grant,Advanced Manufacturing,1.00,1900000,0,750,2019-Aug 2020-Feb
EIN:341006008,LEWCO INC,LEWCO INC,341006008,SANDUSKY,OH,44870,,2021,2021,2021,1,1250000,"Lewco, Inc.",Economic Development Grant; Revitalization Grant,Advanced Manufacturing,1.00,2050000,467,534,2021-Jan 2026-Apr
EIN:341102630,GREEN CIRCLE GROWERS INC,GREEN CIRCLE GROWERS INC,341102630,OBERLIN,OH,44074,,2023,2023,2023,1,1250000,"Green Circle Growers, Inc.",Economic Development Grant,Food & Agribusiness,1.00,1250000,692,250,2021-Oct
EIN:471636712,MONROE COUNTY PORT AUTHORITY,MONROE COUNTY PORT AUTHORITY | Monroe County Port Authority,471636712,WOODSFIELD,OH,43793,,2017,2024,2017 2023 2024,3,1246469,Monroe County Port Authority,Spec Development (OSIP),TBD,1.00,1000000,,,2022-Aug
EIN:831502676,TREW LLC,TREW LLC,831502676,FAIRFIELD,OH,45014,,2024,2024,2024,1,1237397,"Trew, LLC",Economic Development Grant; Research & Development Grant,Advanced Manufacturing,1.00,5000000,220,265,2023-Jan 2024-May
EIN:814145031,V WERT 1 LLC,V WERT 1 LLC,814145031,VAN WERT,OH,45891,,2019,2019,2019,1,1224966,,,,,,,,
EIN:381490038,WHIRLPOOL CORPORATION,WHIRLPOOL CORPORATION,381490038,FINDLAY,OH,45840,,2015,2020,2015 2020,2,1200000,Whirlpool Corporation,Economic Development Grant; Revitalization Grant; Workforce Grant,Advanced Manufacturing,1.00,2270000,2175,290,2016-Jun 2020-Mar 2023-Feb 2026-Aug
EIN:814750045,The Gravity Project LLC,The Gravity Project LLC,814750045,Columbus,OH,43215,,2018,2018,2018,1,1200000,"The Gravity Project, LLC *",Revitalization Grant; Revitalization Loan,Other,1.00,4000000,0,0,2017-Feb 2017-Mar
EIN:341827019,OHIO LOGISTICS LTD,OHIO LOGISTICS LTD | Ohio Logistics Ltd,341827019,FINDLAY,OH,45839,,2018,2024,2018 2024,2,1110000,"Ohio Logistics, Ltd.",Economic Development Grant; Spec Development (OSIP),TBD,1.00,2110000,0,15,2017-Jun 2022-May 2025-Jun
EIN:911347935,UNIVAR SOLUTIONS USA INC,UNIVAR SOLUTIONS USA INC,911347935,DOWNERS GROVE,IL,60515,,2020,2024,2020 2024,2,1100001,Univar Solutions USA Inc.,Workforce Grant,Energy and Chemicals,1.00,1100000,313,225,2019-Oct
EIN:510389504,Campbell Soup Supply Company LLC,Campbell Soup Supply Company LLC,510389504,Camden,NJ,08103,,2017,2018,2017 2018,2,1100000,"Campbell Soup Supply Company, LLC",Workforce Grant,Food Processing,1.00,100000,1382,25,2015-Dec
EIN:451257111,MADTREE BREWING LLC,MADTREE BREWING LLC | MadTree House LLC,451257111,CINCINNATI,OH,45213,,2017,2021,2017 2021,2,1100000,"MadTree Brewing, LLC",Revitalization Grant; Revitalization Loan,Food Processing,1.00,2000000,31,46,2016-Apr 2016-Mar
EIN:341059601,MAR-BAL INC,MAR-BAL INC | Mar-Bal Inc,341059601,PAINESVILLE,OH,44407,,2017,2021,2017 2021,2,1100000,"Mar-Bal, Inc.",Revitalization Grant; Revitalization Loan,Advanced Manufacturing,1.00,2000000,116,214,2017-Aug
EIN:340142230,THE CHILCOTE COMPANY,THE CHILCOTE COMPANY,340142230,CLEVELAND,OH,44114,,2020,2021,2020 2021,2,1100000,The Chilcote Company,Economic Development Grant,Advanced Manufacturing,1.00,500000,120,36,2019-Jul
EIN:272696689,ISSQUARED INC,ISSQUARED INC,272696689,WESTLAKE VILLAGE,CA,91361,,2022,2022,2022,1,1100000,"ISSQUARED, Inc.",Economic Development Grant; Workforce Grant,IT,1.00,1300000,0,218,2021-Nov
EIN:621260875,M&M INDUSTRIES OF OHIO,M & M INDUSTRIES OF OHIO INC (M & M INDUSTRIES INC) | M&M INDUSTRIES OF OHIO,621260875,CHATTANOOGA,TN,37419,,2022,2024,2022 2023 2024,3,1089346,"M & M Industries of Ohio, Inc. (M & M Industries,",Economic Development Grant; Revitalization Grant,Advanced,1.00,1000000,0,208,2021-Apr
EIN:814058205,HUMBLE ROBINSON GROUP LLC,HUMBLE ROBINSON GROUP LLC,814058205,FINDLAY,OH,45840,,2019,2020,2019 2020,2,1075970,Humble Robinson Group LLC *,Revitalization Grant; Revitalization Loan,Other,1.00,3031000,0,0,2017-Nov 2017-Oct
EIN:271251275,KIRCHHOFF AUTOMOTIVE WAVERLY INC,KIRCHHOFF AUTOMOTIVE WAVERLY INC,271251275,WAVERLY,OH,45690,,2021,2022,2021 2022,2,1060911,KIRCHHOFF Automotive Waverly Inc.,Economic Development Grant; Workforce Grant,Automotive,1.00,1100000,230,0,2019-Oct
EIN:810889811,Midtown 59th Street Partners LLC,Midtown 59th Street Partners LLC,810889811,Cleveland,OH,44114,,2018,2018,2018,1,1056318,"Midtown 59th Street Partners, LLC *",Revitalization Grant; Revitalization Loan,Other,1.00,4421240,0,0,2017-Aug 2017-Sep
EIN:800278036,2509 HAYES LLC,2509 HAYES LLC,800278036,LOMBARD,IL,60148,,2023,2023,2023,1,1040000,2509 Hayes LLC,Spec Development (OSIP),Other,1.00,1300000,0,0,2021-May
EIN:853769189,CDC INVESTMENT PARTNERSHIP LLC,CDC INVESTMENT PARTNERSHIP LLC,853769189,LIMA,OH,45801,,2024,2024,2024,1,1012000,,,,,,,,
EIN:272408671,NUVASIVE MANUFACTURING LLC,NUVASIVE MANUFACTURING LLC | NuVasive Manufacturing LLC,272408671,SAN DIEGO,CA,92121,,2018,2024,2018 2020 2022 2023 2024,5,1011227,"NuVasive Manufacturing, LLC",Revitalization Grant; Workforce Grant,Biohealth,1.00,750000,97,390,2016-Oct
EIN:202552348,SURGERE INC,SURGERE INC,202552348,NORTH CANTON,OH,44720,,2020,2020,2020,1,1010000,"Surgere, Inc.",Economic Development Grant; Workforce Grant,IT,1.00,1010000,52,186,2020-Feb
EIN:208764829,MORGAN STANLEY & CO LLC,MORGAN STANLEY & CO LLC,208764829,NEW YORK,NY,10036,,2019,2021,2019 2020 2021,3,1006031,Morgan Stanley & Co. LLC,Workforce Grant,Financial Services,1.00,1500000,426,375,2017-May
EIN:310411981,The Procter & Gamble Distributing LLC,The Procter & Gamble Distributing LLC,310411981,Cincinnati,OH,45202,,2015,2015,2015,1,1000000,,,,,,,,
EIN:271453375,Assurex Health Inc,Assurex Health Inc,271453375,Mason,OH,45040,,2016,2016,2016,1,1000000,"Assurex Health, Inc.",Economic Development Grant; Growth Fund Loan,Biohealth,1.00,5000000,124,300,2016-Mar
EIN:340359955,THE LINCOLN ELECTRIC COMPANY,THE LINCOLN ELECTRIC COMPANY | The Lincoln Electric Company,340359955,CLEVELAND,OH,44117,,2017,2023,2017 2023,2,1000000,The Lincoln Electric Company,Economic Development Grant,Advanced Manufacturing,1.00,1000000,2475,60,2015-Dec 2021-Nov
EIN:311145612,ATHENS MOLD AND MACHINE INC,ATHENS MOLD AND MACHINE INC | Athens Mold and Machine Inc,311145612,ATHENS,OH,45701,,2017,2021,2017 2021,2,1000000,"Athens Mold and Machine, Inc.",Revitalization Grant,Advanced Manufacturing,1.00,400000,,60,2016-Apr
EIN:812463049,711 LLC,711 LLC,812463049,Columbus,OH,43215,,2018,2018,2018,1,1000000,"711, LLC *",Revitalization Grant; Revitalization Loan,Other,1.00,2000000,0,0,2017-Jan
EIN:384013255,AIR SOUTH COMMERCE CENTER PHASE II LLC,AIR SOUTH COMMERCE CENTER PHASE II LLC | Air South Commerce Center Phase II LLC,384013255,WHITEHALL,OH,43213,,2018,2019,2018 2019,2,1000000,Air South Commerce Center Phase II LLC *,Revitalization Grant; Revitalization Loan,Other,1.00,2000000,0,0,2017-Aug 2017-Sep
EIN:814251752,Nordson Xaloy Incoporated,Nordson Xaloy Incoporated,814251752,Austintown,OH,44515,,2018,2018,2018,1,1000000,Nordson Xaloy Incorporated,Economic Development Grant,Advanced Manufacturing,0.67,1000000,106,143,2017-Nov
EIN:813568315,476 BRIDGE STREET LLC,476 BRIDGE STREET LLC,813568315,WHITE PLAINS,NY,10603,,2019,2020,2019 2020,2,1000000,,,,,,,,
EIN:314183710,FRANKLIN INTERNATIONAL INC,FRANKLIN INTERNATIONAL INC,314183710,COLUMBUS,OH,43207,,2019,2019,2019,1,1000000,"Franklin International, Inc.",Research & Development Grant,Shale Energy and Petrochemicals,1.00,1000000,372,8,2018-May
EIN:310783143,STEWART-MACDONALD MANUFACTURING COMPANY,STEWART-MACDONALD MANUFACTURING COMPANY,310783143,ATHENS,OH,45701,,2019,2021,2019 2021,2,1000000,,,,,,,,
EIN:310966785,THE HUNTINGTON NATIONAL BANK,THE HUNTINGTON NATIONAL BANK,310966785,COLUMBUS,OH,43287,,2019,2022,2019 2022,2,1000000,The Huntington National Bank,Revitalization Grant; Workforce Grant,Financial Services,1.00,1725000,4677,579,2017-Apr 2017-Jun
EIN:316001691,VILLAGE OF EVENDALE,VILLAGE OF EVENDALE,316001691,EVENDALE,OH,45241,,2019,2022,2019 2020 2022,3,1000000,Village of Evendale,Revitalization Grant; Spec Development (OSIP),Other,1.00,1500000,0,0,2017-May 2021-May
EIN:475174203,BIG HEART PET BRANDS,BIG HEART PET BRANDS,475174203,ORRVILLE,OH,44667,,2020,2021,2020 2021,2,1000000,"Big Heart Pet, Inc.",Economic Development Grant; Workforce Grant,Food Processing,0.75,1000000,,800,2015-Dec
EIN:822298836,DUPONT SPECIALTY PRODUCTS USA LLC,DUPONT SPECIALTY PRODUCTS USA LLC,822298836,CIRCLEVILLE,OH,43113,,2020,2020,2020,1,1000000,"DuPont Specialty Products USA, LLC",Economic Development Grant,Energy and Chemicals,1.00,1000000,500,46,2019-Jun
EIN:464113583,EXACT CARE PHARMACY LLC,EXACT CARE PHARMACY LLC,464113583,VALLEY VIEW,OH,44125,,2020,2020,2020,1,1000000,"Exact Care Pharmacy, LLC",Economic Development Grant; Workforce Grant,Biohealth,1.00,1000000,185,1380,2016-Sep
EIN:311176515,WEASTEC INC,WEASTEC INC,311176515,DUBLIN,OH,43016,,2020,2020,2020,1,1000000,"Weastec, Incorporated",Research & Development Grant,Automotive,1.00,1500000,184,20,2018-Jun
EIN:473049829,ROOT HOLDINGS INC (ROOT INC),ROOT HOLDINGS INC (ROOT INC),473049829,COLUMBUS,OH,43215,,2021,2021,2021,1,1000000,"Root Holdings, Inc. (Root, Inc.)",Workforce Grant,Financial Services,1.00,1000000,551,400,2019-Oct
EIN:813064148,BOLD PENGUIN INC,BOLD PENGUIN INC,813064148,COLUMBUS,OH,43215,,2022,2022,2022,1,1000000,"Bold Penguin, Inc.",Economic Development Grant,Financial Services,1.00,1000000,78,162,2021-Aug
EIN:560751341,CASE FARMS PROCESSING INC,CASE FARMS PROCESSING INC,560751341,WINESBURG,OH,44690,,2022,2022,2022,1,1000000,"Case Farms Processing, Inc",Economic Development Grant,Food and Agribusiness,1.00,1000000,346,144,2020-Mar
EIN:853515557,CLEVELAND AMERICAN LAND LLC,CLEVELAND AMERICAN LAND LLC,853515557,RICHFIELD,OH,44286,,2022,2023,2022 2023,2,1000000,"Cleveland American Land, LLC",Spec Development (OSIP),Other,1.00,1000000,0,0,2021-Jun
EIN:833203630,FOUNTAIN PLACE LLC,FOUNTAIN PLACE LLC,833203630,CINCINNATI,OH,45202,,2022,2023,2022 2023,2,1000000,"Fountain Place, LLC*",Spec Development (OSIP),,1.00,2000000,0,0,2021-Nov
EIN:832167544,MENTOR INDUSTRIAL DEVELOPMENT,MENTOR INDUSTRIAL DEVELOPMENT | MENTOR INDUSTRIAL DEVELOPMENT LLC,832167544,MENTOR,OH,44061,,2022,2023,2022 2023,2,1000000,Mentor Industrial Development LLC,Spec Development (OSIP),Other,1.00,1000000,0,0,2021-Feb
EIN:871064326,AQUABOUNTY FARMS OHIO LLC,AQUABOUNTY FARMS OHIO LLC,871064326,MAYNARD,MA,01754,,2023,2023,2023,1,1000000,AquaBounty Farms Ohio LLC,Economic Development Grant,Food and Agribusiness,1.00,1000000,0,112,2021-Aug
EIN:951801944,BEHR PROCESS CORPORATION,BEHR PROCESS CORPORATION,951801944,SANTA ANA,CA,92705,,2023,2023,2023,1,1000000,Behr Process Corporation,Economic Development Grant,Energy and Chemicals,1.00,1000000,0,90,2022-Dec
EIN:310804159,BULLEN ULTRASONICS INC,BULLEN ULTRASONICS INC,310804159,EATON,OH,45320,,2023,2023,2023,1,1000000,"Bullen Ultrasonics, Inc.",Research & Development Grant,Advanced Manufacturing,1.00,1000000,120,55,2022-Dec
EIN:832880614,CC SUPERIOR ACQUISITION LLC,CC SUPERIOR ACQUISITION LLC,832880614,BEACHWOOD,OH,44122,,2023,2023,2023,1,1000000,,,,,,,,
EIN:882083052,ECP OAKRIDGE LAU PARKWAY HOLDINGS LLC,ECP OAKRIDGE LAU PARKWAY HOLDINGS LLC,882083052,COLUMBUS,OH,43215,,2023,2024,2023 2024,2,1000000,"ECP OAKRIDGE LAU PARKWAY HOLDINGS, LLC",Spec Development (OSIP),TBD,1.00,1000000,,,2023-Feb
EIN:843555353,FORGE BIOLOGICS INC,FORGE BIOLOGICS INC,843555353,GROVE CITY,OH,43123,,2023,2023,2023,1,1000000,"Forge Biologics, Inc.",Workforce Grant,Healthcare,1.00,1500000,26,150,2022-Oct
EIN:410274440,GENERAL MILLS INC,GENERAL MILLS INC,410274440,MINNEAPOLIS,MN,55426,,2023,2023,2023,1,1000000,"General Mills Operations, LLC",Economic Development Grant,Food and Agribusiness,0.67,2200000,1004,75,2020-Jan 2021-Aug 2022-Dec 2024-Dec
EIN:850851086,KETTERING FOUNDERS LLC,KETTERING FOUNDERS LLC,850851086,RICHFIELD,OH,44286,,2023,2023,2023,1,1000000,Kettering Founders LLC,Spec Development (OSIP),Other,1.00,1000000,0,0,2021-Jun
EIN:800356966,LG CHEM AMERICA INC,LG CHEM AMERICA INC,800356966,ATLANTA,GA,30305,,2023,2023,2023,1,1000000,"LG Chem America, Inc.",Economic Development Grant,Automotive,1.00,1000000,0,72,2022-Oct
EIN:852401464,MILLS BARNETT SIRRIS HOLDINGS II LLC,MILLS BARNETT SIRRIS HOLDINGS II LLC,852401464,BEAVERCREEK,OH,45431,,2023,2024,2023 2024,2,1000000,"Mills Barnett Sirris Holdings II, LLC",Spec Development (OSIP),TBD,1.00,1000000,,,2023-Feb
EIN:251151457,MORGAN TRUCK BODY LLC,MORGAN TRUCK BODY LLC,251151457,NEW YORK,NY,10087,,2023,2023,2023,1,1000000,"Morgan Truck Body, LLC",Revitalization Grant; Workforce Grant,Automotive,1.00,1000000,0,278,2020-Jun
EIN:871507299,PEAK PARK HOLDCO LLC,PEAK PARK HOLDCO LLC,871507299,COLUMBUS,OH,43221,,2023,2023,2023,1,1000000,"Peak Park Holdco, LLC",Spec Development (OSIP),,1.00,1000000,0,0,2021-Oct
EIN:872678863,UNION ODC BREP I LLC,UNION ODC BREP I LLC,872678863,MINNETONKA,MN,55343,,2023,2023,2023,1,1000000,,,,,,,,
EIN:264753241,CUYAHOGA COUNTY LAND REUTILIZATION CORP,CUYAHOGA COUNTY LAND REUTILIZATION CORP,264753241,AKRON,OH,44321,,2024,2024,2024,1,1000000,Cuyahoga County Land Reutilization Corporation,Spec Development (OSIP),TBD,1.00,1500000,,,2023-Apr
EIN:863988020,DROF BP I LLC,DROF BP I LLC,863988020,CLEVELAND,OH,44128,,2024,2024,2024,1,1000000,,,,,,,,
EIN:853165520,RESILIENCE US INC,RESILIENCE US INC,853165520,SAN DIEGO,CA,92121,,2024,2024,2024,1,1000000,"Resilience US, Inc.",Economic Development Grant,Healthcare,1.00,7000000,916,640,2024-Apr 2025-Jan
EIN:311054769,FAXON MACHINING INC,FAXON MACHINING INC,311054769,CINCINNATI,OH,45240,,2019,2021,2019 2020 2021,3,992400,"Faxon Machining, Inc.",Economic Development Grant; Workforce Grant,Advanced Manufacturing,1.00,380000,90,170,2019-Apr 2020-Jan
EIN:471885117,TERREX HARRIS AVE LLC,TERREX HARRIS AVE LLC | Terrex Harris Ave LLC,471885117,CINCINNATI,OH,45209,,2018,2019,2018 2019,2,990000,"Terrex Harris Ave, LLC *",Revitalization Grant,Other,1.00,990000,0,0,2017-Aug
EIN:550805988,AXOGEN CORPORATION,AXOGEN CORPORATION,550805988,ALACHUA,FL,32615,,2022,2022,2022,1,950000,AxoGen Corporation,Economic Development Grant,Healthcare,1.00,950000,28,200,2019-Feb
EIN:611697358,HANON SYSTEMS USA LLC,HANON SYSTEMS USA LLC | Hanon Systems USA LLC,611697358,VAN BUREN TOWNSHIP,MI,48111,,2018,2022,2018 2020 2021 2022,4,949495,"Hanon Systems USA, LLC",Economic Development Grant,Automotive,1.00,810000,139,381,2016-Dec 2018-Jun
EIN:862016546,GATED PROPERTIES GLOBAL I LLC,GATED PROPERTIES GLOBAL I LLC,862016546,LONG BEACH,CA,90803,,2023,2023,2023,1,925000,"GATED Properties Global I, LLC",Spec Development (OSIP),TBD,1.00,925000,,,2022-Sep
EIN:822976846,NA Busche LLC,NA Busche LLC,822976846,FT Wayne,IN,46825,,2018,2018,2018,1,900000,,,,,,,,
EIN:980390818,ST BERNARD SOAP COMPANY,ST BERNARD SOAP COMPANY,980390818,CINCINNATI,OH,45217,,2019,2019,2019,1,900000,St. Bernard Soap Company,Economic Development Grant,Shale Energy and Petrochemicals,1.00,900000,240,112,2018-May
EIN:901020167,CHEWY INC,CHEWY INC,901020167,DAYTON,OH,45377,,2020,2021,2020 2021,2,900000,"Chewy, Inc.",Economic Development Grant; Workforce Grant,Distribution,1.00,900000,0,1200,2018-Nov
EIN:346401532,CITY OF WAPAKONETA OHIO,CITY OF WAPAKONETA OHIO,346401532,WAPAKONETA,OH,45895,GOVERNMENT ENTITY,2020,2020,2020,1,900000,,,,,,,,
EIN:824786509,YOUNGSTOWN TOOL & DIE COMPANY INC,YOUNGSTOWN TOOL & DIE COMPANY INC | YOUNGSTOWN TOOL AND DIE COMPANY LLC,824786509,YOUNGSTOWN,OH,44509,,2020,2021,2020 2021,2,900000,Youngstown Tool and Die Company LLC,Economic Development Grant,Advanced Manufacturing,1.00,300000,44,60,2020-Jan
EIN:854339793,NP DAYTON BUILDING VIII,NP DAYTON BUILDING VIII | NP DAYTON BUILDING VIII LLC,854339793,RIVERSIDE,MO,64150,,2022,2023,2022 2023,2,900000,,,,,,,,
EIN:882608845,POINTE VENTURES LLC,POINTE VENTURES LLC,882608845,COLUMBUS,OH,43215,,2023,2024,2023 2024,2,900000,,,,,,,,
EIN:843338280,TENBY PARTNERS LLC,TENBY PARTNERS LLC,843338280,COLUMBUS,OH,43215,,2023,2024,2023 2024,2,900000,"Tenby Partners, LLC",Spec Development (OSIP),Other,1.00,900000,,,2022-Jun
EIN:340897539,ROGERS INDUSTRIAL PRODUCTS INC,ROGERS INDUSTRIAL PRODUCTS INC,340897539,AKRON,OH,44311,,2019,2021,2019 2021,2,899641,"Rogers Industrial Products, Inc.",Workforce Grant,Advanced Manufacturing,1.00,100000,33,48,2017-Jun
EIN:471842264,OCULII CORP,OCULII CORP,471842264,BEAVERCREEK,OH,45434,,2020,2022,2020 2021 2022,3,895008,Oculii Corp.,Economic Development Grant,IT,1.00,550000,21,31,2019-Jun
EIN:351989444,ITM MARKETING INC,ITM MARKETING INC,351989444,COSHOCTON,OH,43812,,2019,2021,2019 2021,2,885000,"Itm Marketing, Inc.",Revitalization Grant,Information Services and Software,1.00,285000,85,25,2018-May
EIN:261737051,TRUE INSPECTION SERVICES LLC,TRUE INSPECTION SERVICES LLC,261737051,URBANA,OH,43078,,2019,2020,2019 2020,2,883947,True Inspection Services LLC *,Revitalization Grant,Other,1.00,883947,0,0,2017-Feb
EIN:472373487,MUNICIPAL LIGHT PLANT LLC,MUNICIPAL LIGHT PLANT LLC | Municipal Light Plant LLC,472373487,COLUMBUS,OH,43215,,2016,2019,2016 2019,2,880931,Municipal Light Plant LLC,Revitalization Grant; Revitalization Grant Phase II; Revitalization Loan,Other,1.00,2353012,51,46,2015-Apr 2019-Jan 2019-Jun
EIN:232790930,NORTHWEST BANCSHARES INC,NORTHWEST BANCSHARES INC,232790930,WARREN,PA,16365,,2022,2022,2022,1,875000,,,,,,,,
EIN:310789412,FORTNER UPHOLSTERING INC,FORTNER UPHOLSTERING INC | Fortner Upholstering Inc,310789412,COLUMBUS,OH,43206,,2017,2021,2017 2018 2021,3,851500,"Fortner Upholstering, Inc.",Revitalization Grant; Revitalization Grant Phase II,Other,1.00,231500,37,10,2017-Feb 2017-Jan 2023-Sep
EIN:472532936,NAVARRE FACILITY LLC,NAVARRE FACILITY LLC,472532936,NAVARRE,OH,44662,,2019,2019,2019,1,850000,,,,,,,,
EIN:481299541,GLOBAL COOLING INC,GLOBAL COOLING INC,481299541,ATHENS,OH,45701,,2020,2021,2020 2021,2,850000,"Global Cooling, Inc.",Economic Development Grant; Workforce Grant,Advanced Manufacturing,1.00,250000,82,64,2019-May
EIN:821056572,COMPLETE FILTER MEDIA LLC,COMPLETE FILTER MEDIA LLC,821056572,LANCASTER,OH,43130,,2021,2022,2021 2022,2,832508,"Complete Filter Media, LLC",Revitalization Grant,Advanced Manufacturing,1.00,300000,0,45,2018-Jun
EIN:131623940,THE CHRISTIAN AND MISSIONARY ALLIANCE,THE CHRISTIAN AND MISSIONARY ALLIANCE,131623940,COLORADO SPRINGS,CO,80920,501(C)(3),2023,2023,2023,1,819525,The Christian and Missionary Alliance,Economic Development Grant; Revitalization Grant,Other,1.00,1000000,0,212,2021-Aug
EIN:043590028,SPRAY PRODUCTS CORPORATION,SPRAY PRODUCTS CORPORATION,043590028,MEDINA,OH,44256,,2020,2022,2020 2021 2022,3,810855,Spray Products Corporation,Revitalization Grant; Revitalization Grant Phase II,Shale Energy and Petrochemicals,1.00,948000,0,37,2018-Dec 2019-Feb
EIN:825105839,SUPERIOR ROLL FORMING LLC,SUPERIOR ROLL FORMING LLC,825105839,VALLEY CITY,OH,44280,,2022,2023,2022 2023,2,800450,Superior Roll Forming LLC,Revitalization Grant; Revitalization Grant Phase II,Advanced Manufacturing,1.00,800450,223,150,2021-Jul 2021-Mar
EIN:271499609,MRI SOFTWARE,MRI SOFTWARE | MRI SOFTWARE LLC | MRI Software LLC,271499609,SOLON,OH,44139,,2018,2021,2018 2019 2021,3,800000,MRI Software LLC,Economic Development Grant; Workforce Grant,Information Services and Software,1.00,500000,418,240,2018-May
EIN:680600078,TREVES INC,TREVES INC | Treves Inc,680600078,FOSTORIA,OH,44830,,2018,2021,2018 2021,2,800000,"Treves, Inc.",Economic Development Grant,Automotive,1.00,200000,0,91,2018-Apr
EIN:310841368,US BANK NATIONAL ASSOCIATION,US BANK NATIONAL ASSOCIATION,310841368,MINNEAPOLIS,MN,55402,,2019,2023,2019 2023,2,800000,,,,,,,,
EIN:341940305,ATRICURE INC,ATRICURE INC,341940305,MASON,OH,45040,,2020,2020,2020,1,800000,"AtriCure, Inc.",Economic Development Grant,Healthcare,1.00,7300000,602,528,2019-Aug 2025-Dec
EIN:341568276,GRIFFETH & SON TRUCKING INC,GRIFFETH & SON TRUCKING INC,341568276,CARROLLTON,OH,44615,,2020,2021,2020 2021,2,800000,"Griffeth & Son Trucking, Inc.",Revitalization Grant,Logistics and Distribution,1.00,200000,26,40,2019-Sep
EIN:341522786,OVERDRIVE INC,OVERDRIVE INC,341522786,CLEVELAND,OH,44192,,2020,2024,2020 2024,2,800000,"Overdrive, Inc.",Economic Development Grant; Workforce Grant,Technology,1.00,800000,391,450,2018-Jun 2021-Aug
EIN:943207296,MCKESSON CORPORATION,MCKESSON CORPORATION,943207296,HOUSTON,TX,77065,,2021,2023,2021 2023,2,800000,McKesson Corporation,Economic Development Grant; Workforce Grant,Healthcare,1.00,800000,129,84,2020-Feb
EIN:341838868,BH (OHIO) LEASING LLC,BH (OHIO) LEASING LLC,341838868,AKRON,OH,44308,,2022,2022,2022,1,800000,"BH (OHIO) LEASING, LLC",Spec Development (OSIP),Other,1.00,1000000,0,0,2021-Jun
EIN:822202906,COOKE BUILDING LLC,COOKE BUILDING LLC,822202906,SAN DIEGO,CA,92109,,2022,2022,2022,1,800000,Hogrefe-Cooke Building,Vibrant Community Grant,Other,0.67,1000000,16,16,2021-Oct
EIN:200307941,MACYS CORPORATE SERVICES LLC,MACYS CORPORATE SERVICES LLC,200307941,NORTH JACKSON,OH,44451,,2022,2022,2022,1,800000,"Macy's Corporate Services, LLC",Economic Development Grant; Workforce Grant,Logistics and,1.00,800000,55,834,2021-Jul
EIN:112270659,FESTO CORPORATION,FESTO CORPORATION,112270659,ISLANDIA,NY,11749,,2023,2023,2023,1,800000,Festo Corporation,Economic Development Grant; Workforce Grant,Advanced Manufacturing,1.00,1050000,250,500,2019-Sep
EIN:340720629,JO-ANN STORES,JO-ANN STORES,340720629,HUDSON,OH,44236,,2023,2024,2023 2024,2,800000,"Jo-Ann Stores, LLC",Economic Development Grant; Workforce Grant,Logistics and,1.00,800000,0,350,2021-May
EIN:884040984,SR 29 WEST JEFF LLC,SR 29 WEST JEFF LLC,884040984,DAYTON,NJ,08810,,2023,2023,2023,1,800000,SR 29 West Jeff LLC,Spec Development (OSIP),TBD,1.00,1000000,,,2023-Mar
EIN:883438708,NP FTC LLC,NP FTC LLC,883438708,KANSAS CITY,MO,64116,,2024,2024,2024,1,800000,,,,,,,,
EIN:453836837,EXSURCO MEDICAL INC,EXSURCO MEDICAL INC,453836837,WAKEMAN,OH,44889,,2019,2021,2019 2021,2,793576,"Exsurco Medical, Inc.",Workforce Grant,Biohealth,1.00,300000,199,52,2018-Jan
EIN:341667697,P GRAHAM DUNN INC,P GRAHAM DUNN INC | P Graham Dunn Inc,341667697,DALTON,OH,44618,,2017,2021,2017 2021,2,790000,"P. Graham Dunn, Inc.",Revitalization Grant,Advanced Manufacturing,1.00,190000,125,75,2016-Oct
EIN:752303920,TYLER TECHNOLOGIES INC,TYLER TECHNOLOGIES INC,752303920,MORAINE,OH,45439,,2020,2020,2020,1,790000,"Tyler Technologies, Inc.",Economic Development Grant,Information Technology,1.00,790000,158,225,2019-May
EIN:200688727,UPTOWN TRANSPORTATION AUTHORITY LLC,UPTOWN TRANSPORTATION AUTHORITY LLC,200688727,CINCINNATI,OH,45206,,2023,2023,2023,1,778151,,,,,,,,
EIN:311422564,MANIFEST SOLUTIONS CORP,MANIFEST SOLUTIONS CORP,311422564,UPPER ARLINGTON,OH,43221,,2020,2022,2020 2021 2022,3,775000,Manifest Solutions Corp.,Workforce Grant,Information Services and Software,1.00,175000,60,40,2019-Feb
EIN:862790596,RESERVE PREMIER LLC,RESERVE PREMIER LLC,862790596,BEDFORD HEIGHTS,OH,44146,,2022,2023,2022 2023,2,754554,Reserve Premier LLC,Revitalization Grant Phase II; Spec Development (OSIP),Other,1.00,2022800,0,0,2021-Aug 2022-Jul
EIN:310792103,BRAUN INDUSTRIES INC,BRAUN INDUSTRIES INC | Braun Industries Inc,310792103,VAN WERT,OH,45891,,2015,2021,2015 2019 2020 2021,4,751000,"Braun Industries, Inc.",Workforce Grant,Automotive,1.00,55000,265,40,2018-Jul
EIN:311588140,APPALACHIAN WOOD FLOORS INC,APPALACHIAN WOOD FLOORS INC | Appalachian Wood Floors Inc,311588140,PORTSMOUTH,OH,45662,,2016,2021,2016 2021,2,750000,"Appalachian Wood Floors, Inc.",Revitalization Grant,Advanced,1.00,300000,167,50,2016-May 2021-Sep
EIN:251872814,HJ Heinz Company LP,HJ Heinz Company LP,251872814,Pittsburgh,PA,15222,,2016,2016,2016,1,750000,,,,,,,,
EIN:134133473,Hunter Defense Technologies Inc,Hunter Defense Technologies Inc,134133473,Solon,OH,44139,,2016,2016,2016,1,750000,,,,,,,,
EIN:431192063,Stanley Electric US Co Inc,Stanley Electric US Co Inc,431192063,London,OH,43140,,2017,2017,2017,1,750000,,,,,,,,
EIN:582514686,Tronair Inc,Tronair Inc,582514686,Swanton,OH,43604,,2018,2018,2018,1,750000,"Tronair, Inc.",Economic Development Grant,Aerospace and Aviation,1.00,750000,104,110,2017-Jun
EIN:461185968,JUST4CONSTRUCTIONCOM LLC,JUST4CONSTRUCTIONCOM LLC,461185968,STRONGSVILLE,OH,44149,,2019,2019,2019,1,750000,,,,,,,,
EIN:474578433,AMG INDUSTRIES LLC,AMG INDUSTRIES LLC,474578433,MOUNT VERNON,OH,43050,,2020,2021,2020 2021,2,750000,"AMG Industries, LLC",Economic Development Grant,Automotive,1.00,150000,123,0,2019-May
EIN:474646314,TECH ELEVATOR INC,TECH ELEVATOR INC,474646314,CLEVELAND,OH,44103,,2020,2023,2020 2021 2022 2023,4,750000,"Tech Elevator, Inc.",Economic Development Grant,IT,1.00,750000,29,15,2019-Dec
EIN:361924025,WALGREEN CO,WALGREEN CO,361924025,DEERFIELD,IL,60015,,2020,2020,2020,1,750000,Walgreen Co.,Economic Development Grant,Healthcare,1.00,1150000,679,550,2018-Jul 2022-Jun
EIN:852416905,MILLS BARNETT SIRRIS HOLDINGS III LLC,MILLS BARNETT SIRRIS HOLDINGS III LLC,852416905,BEAVERCREEK,OH,45431,,2022,2023,2022 2023,2,750000,"Mills Barnett Sirris Holdings III, LLC",Spec Development (OSIP),Aerospace and Aviation,1.00,750000,0,0,2021-Jul
EIN:825215665,PURECYCLE OHIO LLC,PURECYCLE OHIO LLC,825215665,CHICAGO,IL,60611,,2022,2022,2022,1,750000,PureCycle: Ohio LLC,Revitalization Grant,Advanced Manufacturing,1.00,750000,22,51,2020-Nov
EIN:112695700,AMERICAN REGENT INC,AMERICAN REGENT INC,112695700,SHIRLEY,NY,11967,,2023,2023,2023,1,750000,"American Regent, Inc.",Economic Development Grant; Workforce Grant,Healthcare,1.00,800000,447,140,2024-Aug
EIN:621554972,FORWARD AIR INC,FORWARD AIR INC,621554972,ATLANTA,GA,30354,,2023,2023,2023,1,750000,"Forward Air, Inc.",Revitalization Grant,Logistics and Distribution,1.00,750000,403,50,2021-Mar
EIN:364670631,STAQ PHARMA INC,STAQ PHARMA INC,364670631,DENVER,CO,80239,,2023,2023,2023,1,750000,"STAQ Pharma of Ohio, LLC",Revitalization Grant,Healthcare,0.67,750000,0,150,2021-Nov
EIN:852215540,ZENNI BUCK LLC,ZENNI BUCK LLC,852215540,NOVATO,CA,94949,,2023,2023,2023,1,750000,,,,,,,,
EIN:562546716,CLINTON COUNTY PORT AUTHORITY,CLINTON COUNTY PORT AUTHORITY,562546716,WILMINGTON,OH,45177,,2020,2020,2020,1,742687,Clinton County Port Authority,Revitalization Grant; Spec Development (OSIP),TBD,1.00,2961290,,,2016-Oct 2024-Dec
EIN:453720765,BARKBOX INC,BARKBOX INC,453720765,NEW YORK,NY,10013,,2023,2023,2023,1,727108,"Barkbox, Inc.",Workforce Grant,Other,1.00,805000,249,500,2022-Feb
EIN:474350524,T&C RAIL HOLDINGS INC,T&C RAIL HOLDINGS INC | T&C Rail Holdings Inc,474350524,BUCYRUS,OH,44820,,2018,2021,2018 2021,2,725000,"T&C Rail Holdings, Inc.",Economic Development Grant,Advanced Manufacturing,1.00,125000,40,40,2017-Jul
EIN:271256368,NOVA STEEL INC,NOVA STEEL INC,271256368,DELTA,OH,43515,,2020,2020,2020,1,725000,Nova Tube and Steel LLC,Economic Development Grant,Other,0.67,725000,0,102,2020-May
EIN:341816209,A & P TOOL INC,A & P TOOL INC,341816209,HICKSVILLE,OH,43526,,2019,2021,2019 2021,2,712233,"A & P Tool, Inc.",Workforce Grant,Advanced Manufacturing,1.00,100000,130,60,2017-Dec
EIN:341789017,AUTOTOOL INC,AUTOTOOL INC,341789017,PLAIN CITY,OH,43064,,2019,2021,2019 2020 2021,3,703352,"Autotool, Inc.",Workforce Grant,Automotive,1.00,175000,63,35,2017-Aug
EIN:930768561,AIRSTREAM INC,AIRSTREAM INC | Airstream Inc,930768561,JACKSON CENTER,OH,45334,,2016,2019,2016 2019,2,700000,"Airstream, Inc.",Economic Development Grant,Automotive,1.00,600000,900,280,2018-Dec
EIN:461590730,RELATECARE LLC,RELATECARE LLC | Relatecare LLC,461590730,CLEVELAND,OH,44114,,2018,2021,2018 2019 2021,3,700000,"RelateCare, LLC",Workforce Grant,Biohealth,1.00,100000,10,50,2017-Mar
EIN:821921127,FORTUITY CALLING LLC,FORTUITY CALLING LLC | FORTUITY HOLDING LLC,821921127,COLUMBUS,OH,43222,,2019,2021,2019 2021,2,700000,"Fortuity Calling, LLC",Revitalization Grant,Other,1.00,400000,0,200,2018-Jun
EIN:341269925,NATIONAL DOOR AND TRIM INC,NATIONAL DOOR AND TRIM INC,341269925,VAN WERT,OH,45891,,2019,2021,2019 2020 2021,3,700000,"National Door and Trim, Inc.",Economic Development Grant,Advanced Manufacturing,1.00,100000,51,50,2019-Feb
EIN:311260509,5 B'S INC,5 B'S INC,311260509,ZANESVILLE,OH,43701,,2020,2021,2020 2021,2,700000,"5 B's, Inc.",Revitalization Grant,Logistics and Distribution,1.00,100000,280,30,2019-Nov
EIN:311581466,REVLOCAL LLC,REVLOCAL LLC,311581466,GRANVILLE,OH,43023,,2020,2022,2020 2021 2022,3,700000,"RevLocal, LLC",Workforce Grant,IT,1.00,100000,167,40,2018-Oct
EIN:310308370,THE HAMILTON CASTER & MFG COMPANY,THE HAMILTON CASTER & MFG COMPANY,310308370,HAMILTON,OH,45011,,2020,2021,2020 2021,2,700000,The Hamilton Caster & Mfg. Company,Revitalization Grant,Advanced Manufacturing,1.00,100000,85,10,2019-Sep
EIN:133160717,WILLIAMS LEA INC,WILLIAMS LEA INC,133160717,COLUMBUS,OH,43206,,2020,2022,2020 2022,2,700000,Williams Lea Inc.,Workforce Grant,Other,1.00,700000,3,550,2019-Dec
EIN:208883202,CONAGRA FOODS PACKAGED FOODS LLC,CONAGRA FOODS PACKAGED FOODS LLC,208883202,ARCHBOLD,OH,43502,,2021,2021,2021,1,700000,"Conagra Foods Packaged Foods, LLC",Economic Development Grant; Workforce Grant,Food and Agribusiness,1.00,1250000,929,493,2016-Apr 2018-Apr 2018-Dec 2020-Jan 2022-Feb
EIN:316034125,KEMBA CREDIT UNION INC,KEMBA CREDIT UNION INC,316034125,WEST CHESTER,OH,45069,,2021,2021,2021,1,700000,"Kemba Credit Union, Inc.",Economic Development Grant,Financial Services,1.00,100000,108,40,2019-Jun
EIN:473802496,RELINK MEDICAL LLC,RELINK MEDICAL LLC,473802496,TWINSBURG,OH,44087,,2021,2022,2021 2022,2,700000,"Relink Medical, LLC",Workforce Grant,Healthcare,1.00,100000,28,30,2018-Dec
EIN:222769024,CBIZ INC,CBIZ INC,222769024,CLEVELAND,OH,44131,,2024,2024,2024,1,700000,"CBIZ, Inc.",Economic Development Grant,Financial Services,1.00,700000,202,25,2021-Nov
EIN:200154319,RMF NOOTER INC,RMF NOOTER INC,200154319,TOLEDO,OH,43612,,2024,2024,2024,1,690000,"RMF Nooter, LLC",Economic Development Grant,Advanced Manufacturing,1.00,200000,85,28,2025-May
EIN:311225519,LONDON COMPUTER SYSTEMS INC,LONDON COMPUTER SYSTEMS INC,311225519,CINCINNATI,OH,45249,,2020,2021,2020 2021,2,685000,"London Computer Systems, Inc.",Workforce Grant,IT,1.00,85000,177,150,2018-Oct
EIN:471671054,NULLABLE INC,NULLABLE INC,471671054,COLUMBUS,OH,43215,,2022,2024,2022 2023 2024,3,681756,"Nullable, Inc.",Workforce Grant,Technology,1.00,450000,33,50,2021-Jul
EIN:272573145,GARRETT DAY LLC,GARRETT DAY LLC | Garrett Day LLC,272573145,LEXINGTON,KY,40502,,2016,2024,2016 2024,2,675230,Garrett Day LLC,Revitalization Grant Phase II,Other,1.00,880289,0,0,2015-Apr 2015-Feb 2015-Mar 2023-Oct
EIN:341483237,WAUSEON MACHINE & MANUFACTURING INC,WAUSEON MACHINE & MANUFACTURING INC | Wauseon Machine & Manufacturing Inc,341483237,WAUSEON,OH,43567,,2018,2021,2018 2021,2,675000,"Wauseon Machine & Manufacturing, Inc.",Economic Development Grant,Advanced Manufacturing,1.00,75000,179,25,2017-Sep
EIN:310821189,CITYWIDE DEVELOPMENT CORPORATION,CITYWIDE DEVELOPMENT CORPORATION,310821189,DAYTON,OH,45402,501(C)(4),2020,2020,2020,1,675000,,,,,,,,
EIN:311697398,POWERBUILT MATERIAL HANDLING SOLUTIONS LLC,POWERBUILT MATERIAL HANDLING SOLUTIONS LLC,311697398,BELLEFONTAINE,OH,43311,,2020,2021,2020 2021,2,675000,Powerbuilt Material Handling Solutions LLC,Revitalization Grant,Automotive,1.00,75000,25,18,2019-Jun
EIN:800631677,VIGILANT LLC,VIGILANT LLC,800631677,WEST CHESTER,OH,45069,,2022,2024,2022 2023 2024,3,674095,,,,,,,,
EIN:222568977,BMW FINANCIAL SERVICES NA LLC,BMW FINANCIAL SERVICES NA LLC,222568977,HILLIARD,OH,43026,,2024,2024,2024,1,672598,"BMW Financial Services NA, LLC",Workforce Grant,Financial Services,1.00,1000000,760,0,2023-Feb
EIN:463867345,CANDLE-LITE COMPANY LLC,CANDLE-LITE COMPANY LLC | CL PRODUCTS INTERNATIONAL LLC | Candle-lite Company LLC,463867345,LEESBURG,OH,43135,,2017,2022,2017 2019 2020 2021 2022,5,666796,"Candle-lite Company, LLC",Economic Development Grant; Workforce Grant,Advanced Manufacturing,1.00,330000,535,76,2016-Aug 2020-Apr
EIN:540582680,GENERAL DYNAMICS LAND SYSTEMS INC,GENERAL DYNAMICS LAND SYSTEMS | GENERAL DYNAMICS LAND SYSTEMS INC,540582680,STERLING HEIGHTS,MI,48310,,2020,2021,2020 2021,2,665470,,,,,,,,
EIN:341940366,Dealer Tire LLC,Dealer Tire LLC,341940366,Cleveland,OH,44114,,2018,2018,2018,1,660000,,,,,,,,
EIN:341965647,FULTON COUNTY PROCESSING LTD, | FULTON COUNTY PROCESSING LTD,341965647,DELTA,OH,43515,,2014,2022,2014 2019 2021 2022,4,658000,"Fulton County Processing, Ltd.",Economic Development Grant; Workforce Grant,Other,1.00,108000,127,50,2018-Jun 2020-Jan
EIN:274011682,IRG MORAINE LLC,IRG MORAINE LLC,274011682,RICHFIELD,OH,44286,,2023,2023,2023,1,656000,"IRG Moraine, LLC",Spec Development (OSIP),TBD,1.00,820000,,,2023-Mar
EIN:271123127,S&P DATA OHIO LLC,S&P DATA OHIO LLC | S&P Data Ohio LLC,271123127,CLEVELAND,OH,44113,,2018,2021,2018 2021,2,650000,"S&P Data Ohio, LLC",Workforce Grant,Information Services and Software,1.00,150000,122,180,2018-Apr
EIN:310345740,THE KROGER CO,THE KROGER CO | THE KROGER COMPANY | The Kroger Co,310345740,CINCINNATI,OH,45202,,2018,2023,2018 2020 2023,3,650000,The Kroger Co.,Economic Development Grant; Workforce Grant,Food and Agribusiness,1.00,1205000,387,1188,2016-Jan 2019-Aug 2021-Dec 2022-Nov
EIN:341715965,RIMECO PRODUCTS INC,RIMECO PRODUCTS INC,341715965,WILLOUGHBY,OH,44094,,2019,2021,2019 2021,2,650000,"Rimeco Products, Inc.",Economic Development Grant,Aerospace and Aviation,1.00,50000,38,38,2018-Oct
EIN:362513626,BOOZ ALLEN HAMILTON INC,BOOZ ALLEN HAMILTON INC,362513626,MCLEAN,VA,22102,,2020,2023,2020 2022 2023,3,650000,Booz Allen Hamilton Inc.,Economic Development Grant; Workforce Grant,IT,1.00,650000,290,120,2019-Jul
EIN:346401447,CITY OF TOLEDO,CITY OF TOLEDO,346401447,TOLEDO,OH,43604,GOVERNMENT ENTITY,2020,2020,2020,1,650000,,,,,,,,
EIN:273889959,INGAGE PARTNERS INC,INGAGE PARTNERS INC,273889959,CINCINNATI,OH,45226,,2020,2021,2020 2021,2,650000,"Ingage Partners, Inc.",Workforce Grant,IT,1.00,50000,89,35,2019-Nov
EIN:311441978,NEXTECH MATERIALS LTD,NEXTECH MATERIALS LTD,311441978,LEWIS CENTER,OH,43035,,2021,2021,2021,1,650000,"NexTech Materials, Ltd.",Economic Development Grant,Energy and Chemicals,1.00,50000,45,10,2019-Dec
EIN:160834011,BENDERSON PROPERTIES INC,BENDERSON PROPERTIES INC,160834011,UNIVERSITY PARK,FL,34201,,2021,2021,2021,1,647172,"Benderson Properties, Inc.*",Revitalization Grant,Other,1.00,825000,0,0,2019-Sep
EIN:310963794,BLUE LABEL PACKAGING COMPANY,BLUE LABEL PACKAGING COMPANY,310963794,LANCASTER,OH,43130,,2020,2021,2020 2021,2,645000,Blue Label Packaging Company,Growth Fund Loan; Workforce Grant,Other,1.00,1645000,146,50,2019-Jan 2024-Aug
EIN:363621191,KENO KOZIE ASSOCIATES LTD,KENO KOZIE ASSOCIATES LTD,363621191,COLUMBUS,OH,43215,,2019,2021,2019 2021,2,640000,"Keno Kozie Associates, LTD.",Workforce Grant,Information Services and Software,1.00,40000,0,36,2018-Jan
EIN:311313904,THE CONNOR GROUP A REAL ESTATE INVESTMENT FIRM LLC,THE CONNOR GROUP A REAL ESTATE INVESTMENT FIRM LLC,311313904,MIAMISBURG,OH,45342,,2024,2024,2024,1,640000,"The Connor Group, A Real Estate Investment Firm, LLC",Spec Development (OSIP),Building,1.00,800000,0,0,2022-Jan
EIN:363143159,TAIHO CORPORATION OF AMERICA,TAIHO CORPORATION OF AMERICA | Taiho Corporation of America,363143159,TIFFIN,OH,44883,,2018,2021,2018 2021,2,635000,Taiho Corporation of America,Economic Development Grant,Automotive,1.00,35000,177,25,2015-Nov
EIN:310940115,DYSINGER INCORPORATED,DYSINGER INCORPORATED,310940115,DAYTON,OH,45414,,2020,2021,2020 2021,2,635000,Dysinger Incorporated,Economic Development Grant,Aerospace and Aviation,1.00,35000,53,12,2019-Sep
EIN:341679064,ALKON CORPORATION,ALKON CORPORATION,341679064,FREMONT,OH,43420,,2019,2021,2019 2021,2,630000,Alkon Corporation,Workforce Grant,Advanced Manufacturing,1.00,30000,156,20,2015-Jul
EIN:310653828,GREENFIELD PRODUCTS INCORPORATED,GREENFIELD PRODUCTS INCORPORATED,310653828,GREENFIELD,OH,45123,,2020,2021,2020 2021,2,630000,Greenfield Products Incorporated,Economic Development Grant,Energy & Chemicals,1.00,30000,43,24,2019-Sep
EIN:842767756,HIGH ROAD HOLDINGS LLC,HIGH ROAD HOLDINGS LLC,842767756,CINCINNATI,OH,45242,,2021,2024,2021 2022 2023 2024,4,629052,,,,,,,,
EIN:274356106,CRANE CONSUMABLES INC,CRANE CONSUMABLES INC,274356106,MIDDLETOWN,OH,45044,,2019,2021,2019 2021,2,625000,Crane Consumables Inc.,Economic Development Grant,Advanced Manufacturing,1.00,125000,66,33,2018-Jul 2025-Sep
EIN:541737649,DOLLAR TREE DISTRIBUTION INC,DOLLAR TREE DISTRIBUTION INC,541737649,CHESAPEAKE,VA,23320,,2019,2023,2019 2020 2021 2023,4,613277,"Dollar Tree Distribution, Inc.",Workforce Grant,Logistics and Distribution,1.00,400000,0,400,2019-Feb
EIN:900398931,SOUTHERN OHIO PORT AUTHORITY,SOUTHERN OHIO PORT AUTHORITY,900398931,PORTSMOUTH,OH,45662,,2023,2024,2023 2024,2,608565,Southern Ohio Port Authority*,Spec Development (OSIP),,1.00,608565,,,2021-Dec
EIN:900951383,THEKEN COMPANIES LLC,THEKEN COMPANIES LLC,900951383,AKRON,OH,44306,,2019,2020,2019 2020,2,608529,"Theken Companies, LLC",Research & Development Grant,Biohealth,1.00,2000000,33,71,2018-Jan
EIN:910699706,Pyrotek Incorporated,Pyrotek Incorporated,910699706,Aurora,OH,44202,,2016,2016,2016,1,600000,Pyrotek Incorporated,Economic Development Grant,Advanced Manufacturing,1.00,800000,88,52,2015-May 2025-Apr
EIN:341888626,CardinalCommerce Corporation,CardinalCommerce Corporation,341888626,Mentor,OH,44060,,2017,2017,2017,1,600000,CardinalCommerce Corporation,Revitalization Grant,Financial Services,1.00,600000,146,204,2016-Sep
EIN:341899036,NRP INVESTMENTS LLC,NRP INVESTMENTS LLC,341899036,CLEVELAND,OH,44125,,2019,2019,2019,1,600000,NRP Investments LLC,Revitalization Grant,Other,1.00,600000,116,38,2017-Oct
EIN:262958880,CONSOLIDATED STORAGE SOLUTIONS INC,CONSOLIDATED STORAGE SOLUTIONS INC,262958880,ZANESVILLE,OH,43701,,2020,2021,2020 2021,2,600000,"Consolidated Storage Solutions, Inc",Revitalization Grant; Revitalization Loan,Food and Agribusiness,1.00,125000,35,16,2016-Dec 2019-Dec
EIN:813632762,SONGS AT THE CENTER,SONGS AT THE CENTER,813632762,WORTHINGTON,OH,43085,,2020,2020,2020,1,600000,,,,,,,,
EIN:471756027,BOCCHI LABORATORIES OHIO LLC,BOCCHI LABORATORIES OHIO LLC,471756027,NEW ALBANY,OH,43054,,2021,2021,2021,1,600000,"Bocchi Laboratories Ohio, LLC",Growth Fund Loan,Advanced Manufacturing,1.00,4000000,,300,2016-Mar
EIN:273929785,FEW AUTOMOTIVE GLASS APPLICATIONS INC,FEW AUTOMOTIVE GLASS APPLICATIONS INC,273929785,WOOSTER,OH,44691,,2021,2021,2021,1,600000,"FEW Automotive Glass Applications, Inc.",Workforce Grant,Automotive,1.00,30000,43,37,2017-Nov
EIN:461560163,GRAPHIC VILLAGE LLC,GRAPHIC VILLAGE LLC,461560163,BLUE ASH,OH,45242,,2021,2021,2021,1,600000,"Graphic Village, LLC",Revitalization Grant,Other,1.00,350000,152,40,2018-Jul
EIN:815429950,MIMI FARMS INC,MIMI FARMS INC,815429950,HURON,OH,44839,,2021,2021,2021,1,600000,MIMI Farms Inc.,Economic Development Grant,Food and Agribusiness,1.00,200000,0,200,2018-Jul
EIN:820878051,OHIO PACK LLC,OHIO PACK LLC,820878051,JOHNSTOWN,OH,43031,,2021,2021,2021,1,600000,"Ohio Pack, LLC",Economic Development Grant,Advanced Manufacturing,1.00,150000,0,55,2018-Dec
EIN:611403731,PRODUCE PACKAGING INC,PRODUCE PACKAGING INC,611403731,WILLOUGHBY HILLS,OH,44092,,2021,2021,2021,1,600000,"Produce Packaging, Inc.",Revitalization Loan,Food & Agribusiness,1.00,2500000,308,40,2019-Aug
EIN:341848737,RIFFLE MACHINE WORKS INC,RIFFLE MACHINE WORKS INC,341848737,CHILLICOTHE,OH,45601,,2021,2021,2021,1,600000,"Riffle Machine Works, Inc.",Economic Development Grant; Inclusion Grant,Automotive,1.00,75000,293,45,2019-Nov 2023-Jul
EIN:311462897,RIPLEY METALWORKS LTD,RIPLEY METALWORKS LTD,311462897,RIPLEY,OH,45167,,2021,2021,2021,1,600000,"Ripley Metalworks, Ltd.",Economic Development Grant,Advanced Manufacturing,1.00,180000,55,24,2018-Aug
EIN:344079588,SELMAN & COMPANY LLC,SELMAN & COMPANY LLC,344079588,RICHMOND HEIGHTS,OH,44143,,2021,2021,2021,1,600000,"Selman & Company, LLC",Economic Development Grant,Financial Services,1.00,300000,125,41,2018-Dec
EIN:202694811,STANDARD TECHNOLOGIES LLC,STANDARD TECHNOLOGIES LLC,202694811,FREMONT,OH,43420,,2021,2021,2021,1,600000,"Standard Technologies, LLC",Inclusion Grant,Advanced,1.00,25000,119,2,2021-Sep
EIN:310999166,SUPERIOR MARINE WAYS INC,SUPERIOR MARINE WAYS INC,310999166,SOUTH POINT,OH,45680,,2021,2021,2021,1,600000,,,,,,,,
EIN:311274364,VALUED RELATIONSHIPS INC,VALUED RELATIONSHIPS INC,311274364,FRANKLIN,OH,45005,,2021,2021,2021,1,600000,"Valued Relationships, Inc.",Economic Development Grant,Healthcare,1.00,42000,259,50,2019-Oct
EIN:311815237,MONTGOMERY COUNTY TRANSPORTION IMPROVEMENT,MONTGOMERY COUNTY TRANSPORTATION IMPROVEMENT DISTRICT | MONTGOMERY COUNTY TRANSPORTION IMPROVEMENT,311815237,DAYTON,OH,45422,STATE OF OHIO,2022,2024,2022 2024,2,600000,,,,,,,,
EIN:311335829,COLUMBUS REGIONAL AIRPORT AUTHORITY,COLUMBUS REGIONAL AIRPORT AUTHORITY,311335829,COLUMBUS,OH,43260,,2024,2024,2024,1,600000,Columbus Regional Airport Authority,Spec Development (OSIP),Other,1.00,600000,0,0,2021-Jun
EIN:310914553,LAKE SHORE CRYOTRONICS INC,LAKE SHORE CRYOTRONICS INC,310914553,WESTERVILLE,OH,43082,,2024,2024,2024,1,600000,"Lake Shore Cryotronics, Inc.",Economic Development Grant,Advanced Manufacturing,1.00,600000,168,36,2024-Feb
EIN:921602928,MARYSVILLE FLEX LLC,MARYSVILLE FLEX LLC,921602928,AUSTIN,TX,78741,,2024,2024,2024,1,600000,Marysville Flex LLC,Spec Development (OSIP),TBD,1.00,750000,,,2023-May
EIN:882459843,TCC DELAWARE II LLC,TCC DELAWARE II LLC,882459843,DUBLIN,OH,43017,,2024,2024,2024,1,600000,"TCC Delaware II, LLC",Spec Development (OSIP),TBD,1.00,3750000,,,2024-Jan 2025-Jun
EIN:882794171,FORSEE POWER INC,FORSEE POWER INC,882794171,COLUMBUS,OH,43215,,2024,2024,2024,1,596000,Forsee Power Inc.,Economic Development Grant; Inclusion Grant,Advanced Manufacturing,1.00,525000,26,157,2023-Jun
EIN:842834508,PHOENIX TOLEDO INDUSTRIAL INVESTORS LLC,PHOENIX TOLEDO INDUSTRIAL INVESTORS LLC,842834508,MILWAUKEE,WI,53202,,2021,2021,2021,1,577680,,,,,,,,
EIN:391138388,CHARTER MANUFACTURING COMPANY INC,CHARTER MANUFACTURING COMPANY INC | Charter Manufacturing Company Inc,391138388,MEQUON,WI,53092,,2018,2023,2018 2023,2,575000,"Charter Manufacturing Company, Inc.",Economic Development Grant; Workforce Grant,Advanced Manufacturing,1.00,695000,425,73,2017-Aug 2021-Jun 2024-Apr
EIN:316000064,CITY OF CINCINNATI,CITY OF CINCINNATI,316000064,CINCINNATI,OH,45202,,2019,2019,2019,1,570000,,,,,,,,
EIN:832648721,DEFIANCE HARMON,DEFIANCE HARMON | DEFIANCE HARMON LLC,832648721,COLUMBUS,OH,43207,,2021,2023,2021 2023,2,565000,,,,,,,,
EIN:464455633,OLIVE AI INC,CROSSCHX INC | OLIVE | OLIVE AI INC,464455633,COLUMBUS,OH,43215,,2020,2022,2020 2021 2022,3,560770,,,,,,,,
EIN:821260781,Fintech71,Fintech71,821260781,Columbus,OH,43215,,2018,2018,2018,1,557500,,,,,,,,
EIN:263498215,MCDANIEL PRODUCTS INC,MCDANIEL PRODUCTS INC,263498215,MANSFIELD,OH,44903,,2019,2021,2019 2021,2,556964,"McDaniel Products, Inc.",Revitalization Grant,Advanced Manufacturing,1.00,75000,24,20,2019-Jan
EIN:203246696,ERNST METAL TECHNOLOGIES LLC,ERNST METAL TECHNOLOGIES LLC | Ernst Metal Technologies LLC,203246696,MORAINE,OH,45439,,2017,2021,2017 2021,2,550000,Ernst Metal Technologies LLC,Revitalization Grant,Advanced Manufacturing,1.00,150000,85,21,2016-Aug
EIN:842008607,OMEC SMART CARD LLC,OMEC SMART CARD LLC,842008607,STRONGSVILLE,OH,44136,,2021,2021,2021,1,550000,"OMEC Smart Card, LLC",Economic Development Grant,Technology,1.00,550000,0,200,2020-Dec
EIN:310829698,STARWIN INDUSTRIES LLC,STARWIN INDUSTRIES LLC,310829698,KETTERING,OH,45429,,2022,2023,2022 2023,2,550000,"Starwin Industries, LLC",Economic Development Grant,Aerospace and Aviation,1.00,550000,42,95,2021-Oct
EIN:043537265,AMERICAN CRAFT BREWERY,AMERICAN CRAFT BREWERY,043537265,BOSTON,OH,02210,,2024,2024,2024,1,550000,American Craft Brewery LLC,Economic Development Grant,Food and Agribusiness,1.00,550000,118,105,2020-Sep
EIN:410543420,THE SMEAD MANUFACTURING COMPANY,THE SMEAD MANUFACTURING COMPANY,410543420,HASTINGS,MN,55033,,2022,2023,2022 2023,2,549921,The Smead Manufacturing Company,Economic Development Grant,Advanced,1.00,400000,182,89,2021-Feb
EIN:340941570,CREDIT ADJUSTMENTS INC,CREDIT ADJUSTMENTS INC,340941570,DEFIANCE,OH,45312,,2019,2022,2019 2020 2021 2022,4,542546,"Credit Adjustments, Inc.",Workforce Grant,Financial Services,1.00,50000,64,80,2017-Nov
EIN:341942414,KELLER LOGISTICS GROUP INC,KELLER LOGISTICS GROUP INC | Keller Logistics Group Inc,341942414,DEFIANCE,OH,43512,,2018,2024,2018 2024,2,530000,"Keller Logistics Group, Inc.",Economic Development Grant; Spec Development (OSIP),Other,1.00,750000,126,194,2022-Jun 2023-Dec
EIN:341193031,HUMTOWN ADDITIVE,HUMTOWN ADDITIVE | Humtown Pattern Company,341193031,LEETONIA,OH,44431,,2017,2021,2017 2021,2,525000,,,,,,,,
EIN:834185692,UNITED CANDLE COMPANY LLC,UNITED CANDLE COMPANY LLC,834185692,NORWICH,OH,43767,,2021,2022,2021 2022,2,525000,United Candle Company LLC,Economic Development Grant,Advanced Manufacturing,1.00,125000,0,100,2019-Jul
EIN:811178175,GETWORKERFIT PARTNERS,GETWORKERFIT PARTNERS,811178175,NEWBURY,OH,44065,,2023,2023,2023,1,520000,,,,,,,,
EIN:463981791,SAFEWAY PACKAGING INC,SAFEWAY PACKAGING INC | Safeway Packaging Inc,463981791,NEW BREMEN,OH,45869,,2018,2021,2018 2021,2,519263,"Safeway Packaging, Inc.",Workforce Grant,Advanced Manufacturing,1.00,20000,111,16,2017-Dec
EIN:341003685,NORTHWEST STATE COMMUNITY COLLEGE,NORTHWEST STATE COMMUNITY COLLEGE,341003685,ARCHBOLD,OH,43502,,2020,2020,2020,1,513210,,,,,,,,
EIN:770616243,STOLLE MACHINERY COMPANY LLC,STOLLE MACHINERY COMPANY LLC | Stolle Machinery Company LLC,770616243,CANTON,OH,44720,,2015,2021,2015 2019 2021,3,510000,"Stolle Machinery Company, LLC",Economic Development Grant; Workforce Grant,Advanced Manufacturing,1.00,220000,188,76,2015-Jul 2019-May 2026-Apr
EIN:815476676,Recleim OH LLC,Recleim OH LLC,815476676,Atlanta,GA,30342,,2018,2018,2018,1,510000,,,,,,,,
EIN:880094415,SIERRA NEVADA CORPORATION,SIERRA NEVADA CORPORATION,880094415,SPARKS,NV,89434,,2023,2024,2023 2024,2,505505,Sierra Nevada Corporation,Economic Development Grant; Spec Development (OSIP),Aerospace and Aviation,1.00,6500000,147,347,2022-Dec 2022-Sep 2024-Dec 2025-Mar
EIN:471392335,Matalco Realty Inc,Matalco Realty Inc,471392335,Lordstown,OH,44481,,2015,2015,2015,1,500000,,,,,,,,
EIN:455425231,The New Carlisle LLC,The New Carlisle LLC,455425231,Materials Park,OH,44073,,2015,2016,2015 2016,2,500000,,,,,,,,
EIN:271202150,Zulily Inc,Zulily Inc | zulily inc,271202150,Seattle,WA,98121,,2015,2017,2015 2017,2,500000,"zulily, inc.",Workforce Grant,Other,1.00,250000,,900,2016-Feb
EIN:061678153,Columbus Steel Castings Company,Columbus Steel Castings Company,061678153,Columbus,OH,43207,,2016,2016,2016,1,500000,,,,,,,,
EIN:341339938,FirstMerit Corporation,FirstMerit Corporation,341339938,Akron,OH,44308,,2016,2016,2016,1,500000,,,,,,,,
EIN:311125853,MULTI-COLOR CORPORATION,MULTI-COLOR CORPORATION | Multi-Color Corporation,311125853,BATAVIA,OH,45103,,2016,2019,2016 2019,2,500000,Multi-Color Corporation,Economic Development Grant,Advanced Mfg.,1.00,500000,535,230,2015-Mar 2018-May
EIN:250317820,HOWMET AEROSPACE INC,ARCONIC | Arconic | HOWMET AEROSPACE INC,250317820,CUYAHOGA HEIGHTS,OH,44105,,2017,2022,2017 2019 2022,3,500000,Howmet Aerospace Inc.,Economic Development Grant; Revitalization Grant,Aerospace and,1.00,200000,1000,4,2021-Sep 2022-Nov
EIN:611728225,Drury Southwest Inc,Drury Southwest Inc,611728225,Saint Louis,MO,63141,,2017,2017,2017,1,500000,,,,,,,,
EIN:130871985,International Business Machines Corporation,International Business Machines Corporation,130871985,Armonk,NY,10504,,2017,2017,2017,1,500000,International Business Machines Corporation,Economic Development Grant,Information Technology,1.00,1000000,170,125,2016-May
EIN:821369338,4560 Darrow Road LLC,4560 Darrow Road LLC,821369338,Stow,OH,44224,,2018,2018,2018,1,500000,,,,,,,,
EIN:200046535,Carlisle Brake & Friction Inc,Carlisle Brake & Friction Inc,200046535,Solon,OH,44139,,2018,2018,2018,1,500000,"Carlisle Brake & Friction, Inc",Economic Development Grant,Automotive,1.00,500000,240,70,2017-Mar
EIN:344210902,Emerson Climate Technologies Inc,Emerson Climate Technologies Inc,344210902,Sidney,OH,45365,,2018,2018,2018,1,500000,"Emerson Climate Technologies, Inc.",Economic Development Grant,Advanced Manufacturing,1.00,500000,1565,0,2017-Sep
EIN:311423221,R & L Carriers Inc,R & L Carriers Inc,311423221,Wilmington,OH,45177,,2018,2018,2018,1,500000,"R&L Carriers, Inc.",Economic Development Grant,Logistics and Distribution,1.00,600000,1456,399,2016-Oct 2022-Mar
EIN:953323502,Sterigenics US LLC,Sterigenics US LLC,953323502,Oak Brook,IL,60439,,2018,2018,2018,1,500000,,,,,,,,
EIN:811701544,Taylor Communications of Minnesota (Taylor Communi,Taylor Communications of Minnesota (Taylor Communi,811701544,Dayton,OH,45402,,2018,2018,2018,1,500000,"Communications of Taylor Minnesota (Taylor Communications, Inc.)",Economic Development Grant,Other,0.75,500000,500,0,2018-Apr
EIN:384031342,777 LENA LLC,777 LENA LLC,384031342,AURORA,OH,44202,,2019,2019,2019,1,500000,,,,,,,,
EIN:311229422,ADVICS MANUFACTURING OHIO INC,ADVICS MANUFACTURING OHIO INC,311229422,LEBANON,OH,45036,,2019,2020,2019 2020,2,500000,"Advics Manufacturing Ohio, Inc.",Workforce Grant,Automotive,1.00,500000,714,260,2016-Aug
EIN:521843583,BENDIX COMMERCIAL VEHICLE SYSTEMS LLC,BENDIX COMMERCIAL VEHICLE SYSTEMS LLC,521843583,ELYRIA,OH,44035,,2019,2019,2019,1,500000,,,,,,,,
EIN:800595003,DAISY BRAND LLC,DAISY BRAND LLC,800595003,WOOSTER,OH,44691,,2019,2020,2019 2020,2,500000,"Daisy Brand, LLC",Economic Development Grant; Workforce Grant,Food Processing,1.00,725000,172,251,2017-Mar 2023-Oct
EIN:330989359,INOGEN INC,INOGEN INC,330989359,GOLETA,CA,93117,,2019,2019,2019,1,500000,"Inogen, Inc.",Economic Development Grant,Healthcare,1.00,500000,240,500,2017-Apr 2019-Jan
EIN:230628360,PH GLATFELTER COMPANY,PH GLATFELTER COMPANY,230628360,CHILLICOTHE,OH,45601,,2019,2019,2019,1,500000,,,,,,,,
EIN:464521270,RUDOLPH DEVELOPMENT LLC,RUDOLPH DEVELOPMENT LLC,464521270,RONKONKOMA,NY,11779,,2019,2019,2019,1,500000,,,,,,,,
EIN:202057743,SEARCH DISCOVERY INC,SEARCH DISCOVERY INC,202057743,CLEVELAND,OH,44115,,2019,2019,2019,1,500000,"Search Discovery, Inc.",Economic Development Grant,Information Technology,1.00,500000,22,51,2018-Dec
EIN:833394582,80 ACRES URBAN AGRICULTURE INC,80 ACRES URBAN AGRICULTURE INC,833394582,HAMILTON,OH,45011,,2020,2020,2020,1,500000,"80 Acres Urban Agriculture, Inc.",Economic Development Grant,Food and Agribusiness,1.00,500000,29,125,2020-May
EIN:300796726,CMG STRATEGY CO LLC,CMG STRATEGY CO LLC,300796726,DENVER,CO,80202,,2020,2020,2020,1,500000,"CMG Strategy Co, LLC",Workforce Grant,Food & Agribusiness,1.00,500000,82,274,2019-Sep
EIN:455145307,EDU EVERYTHING INC,EDU EVERYTHING INC,455145307,CALEDONIA,OH,43314,501(C)(3),2020,2020,2020,1,500000,,,,,,,,
EIN:462417625,QUICK LOADZ CONTAINER SYSTEM LLC,QUICK LOADZ CONTAINER SYSTEM LLC,462417625,ATHENS,OH,45701,,2020,2021,2020 2021,2,500000,"Quick Loadz Container System, LLC",Revitalization Grant,Advanced Manufacturing,1.00,300000,9,40,2019-Nov
EIN:823296382,HYDROFRESH LTD,HYDROFRESH LTD,823296382,DELPHOS,OH,45833,,2021,2021,2021,1,500000,"Hydrofresh, LTD.",Economic Development Grant,Food Sciences and Agriculture,1.00,130000,0,56,2018-Apr
EIN:621151687,MARELLI NORTH AMERICA INC,MARELLI NORTH AMERICA INC,621151687,BOWLING GREEN,OH,43402,,2021,2021,2021,1,500000,"Marelli North America, Inc.",Economic Development Grant,Automotive,1.00,500000,0,75,2020-May
EIN:341014989,MCBEE SUPPLY CORPORATION,MCBEE SUPPLY CORPORATION,341014989,CLEVELAND,OH,44114,,2021,2021,2021,1,500000,McBee Supply Corporation,Economic Development Grant,Automotive,1.00,500000,272,30,2021-May
EIN:311474045,MEDISYNC INC,MEDISYNC INC,311474045,CINCINNATI,OH,45246,,2021,2021,2021,1,500000,Medisync Inc.,Growth Fund Loan,Healthcare,1.00,2600000,13,75,2019-Oct
EIN:680208702,OPTION CARE ENTERPRISES INC,OPTION CARE ENTERPRISES INC,680208702,HUDSON,OH,44236,,2021,2021,2021,1,500000,"Option Care Enterprises, Inc.",Economic Development Grant,Healthcare,1.00,500000,148,16,2019-Sep
EIN:310854367,POSITROL INC,POSITROL INC,310854367,CINCINNATI,OH,45227,,2021,2021,2021,1,500000,"Positrol, Inc.",Workforce Grant,Advanced Manufacturing,1.00,25000,31,10,2018-Apr
EIN:823358014,PROVIA HOLDINGS INC,PROVIA HOLDINGS INC,823358014,SUGARCREEK,OH,44681,,2021,2021,2021,1,500000,ProVia LLC,Economic Development Grant,Advanced Manufacturing,1.00,500000,0,197,2019-Feb
EIN:823023919,SCANNELL PROPERTIES #317 LLC,SCANNELL PROPERTIES #317 LLC,823023919,INDIANAPOLIS,IN,46240,,2021,2021,2021,1,500000,"Scannell Properties #317, LLC*",Revitalization Grant; Revitalization Loan,Logistics and Distribution,1.00,3500000,0,0,2020-Mar
EIN:862070397,CW PARTNERS LLC,CW PARTNERS LLC,862070397,COLUMBUS,OH,43215,,2022,2023,2022 2023,2,500000,,,,,,,,
EIN:204014729,KASPER HOLDINGS LLC,KASPER HOLDINGS LLC,204014729,NORTH CANTON,OH,44720,,2022,2022,2022,1,500000,Kasper Holdings LLC,Economic Development Grant,IT,1.00,500000,113,203,2021-Oct
EIN:833169626,K-NOVA LLC,K-NOVA LLC,833169626,AKRON,OH,44310,,2022,2024,2022 2024,2,500000,K-NOVA LLC*,Spec Development (OSIP),,1.00,500000,,,2021-Dec
EIN:200485783,REPUBLIC STEEL INC,REPUBLIC STEEL INC,200485783,LORAIN,OH,44055,,2022,2022,2022,1,500000,Republic Steel,Workforce Grant,Other,1.00,500000,0,125,2019-Feb
EIN:200527936,THE TOMKO COMPANY LLC,THE TOMKO COMPANY LLC,200527936,COLUMBUS,OH,43214,,2022,2022,2022,1,500000,"The Tomko Company, LLC",Revitalization Grant; Revitalization Loan,Other,1.00,2000000,12,80,2019-Mar
EIN:842657818,APACKAGING GROUP LLC,APACKAGING GROUP LLC,842657818,AZUSA,CA,91702,,2023,2023,2023,1,500000,Apackaging Group LLC,Economic Development Grant,Advanced Manufacturing,1.00,500000,0,135,2021-Nov
EIN:810921790,FORT WINCHESTER INVESTMENT PARTNERS LLC,FORT WINCHESTER INVESTMENT PARTNERS LLC,810921790,DEFIANCE,OH,43512,,2023,2024,2023 2024,2,500000,"Fort Winchester Investment Partners, LLC",Growth Fund Loan; Spec Development (OSIP),Other,1.00,4500000,72,70,2021-Jul 2025-Jul
EIN:341237442,IMCO CARBIDE TOOL INC,IMCO CARBIDE TOOL INC,341237442,PERRYSBURG,OH,43551,,2023,2023,2023,1,500000,IMCO Carbide Tool Inc.,Economic Development Grant,Advanced Manufacturing,1.00,500000,98,92,2022-Nov
EIN:853384073,MB SHETH OHIO LLC,MB SHETH OHIO LLC,853384073,SPOTSWOOD,NJ,08884,,2023,2023,2023,1,500000,,,,,,,,
EIN:311623179,THE HILLMAN GROUP INC,THE HILLMAN GROUP INC,311623179,CINCINNATI,OH,45231,,2023,2023,2023,1,500000,"The Hillman Group, Inc.",Economic Development Grant; Revitalization Grant,Advanced Manufacturing,1.00,2500000,650,60,2022-Oct 2025-Oct
EIN:874711577,700 LIVERPOOL DRIVE OHIO LLC,700 LIVERPOOL DRIVE OHIO LLC,874711577,INDEPENDENCE,OH,44131,,2024,2024,2024,1,500000,700 Liverpool Drive Ohio LLC,Spec Development (OSIP),TBD,1.00,500000,,,2023-Jun
EIN:133059174,GROB SYSTEMS INC,GROB SYSTEMS INC,133059174,BLUFFTON,OH,45817,,2024,2024,2024,1,500000,"Grob Systems, Inc.",Economic Development Grant,Advanced Manufacturing,1.00,500000,838,200,2023-Nov
EIN:043183269,HOMEGOODS INC,HOMEGOODS INC,043183269,FRAMINGHAM,MA,01701,,2024,2024,2024,1,500000,"HomeGoods, Inc.",Economic Development Grant,Logistics and Distribution,1.00,500000,0,1000,2019-Mar
EIN:341721701,OHIO ORDNANCE WORKS INC,OHIO ORDNANCE WORKS INC,341721701,CHARDON,OH,44024,,2024,2024,2024,1,500000,"Ohio Ordnance Works, Inc.",Economic Development Grant; Growth Fund Loan,Advanced Manufacturing,1.00,3300000,104,140,2023-Oct
EIN:823980882,ADDUP INC,ADDUP INC,823980882,GREENVILLE,SC,29601,,2021,2024,2021 2022 2023 2024,4,485567,AddUp Inc,Economic Development Grant,Advanced Manufacturing,1.00,300000,5,25,2020-Nov
EIN:341210426,PLEASANT PRECISION INC,PLEASANT PRECISION INC,341210426,KENTON,OH,43326,,2021,2022,2021 2022,2,480000,"Pleasant Precision, Inc.",Economic Development Grant,Advanced Manufacturing,1.00,80000,35,20,2019-Jun
EIN:852727087,REYNOLDS INVESTMENT PROPERTIES LLC,REYNOLDS INVESTMENT PROPERTIES LLC,852727087,DUBLIN,OH,43016,,2024,2024,2024,1,480000,"Reynolds Investment Properties, LLC",Spec Development (OSIP),TBD,1.00,600000,,,2023-Sep
EIN:340714532,ASM INTERNATIONAL,ASM INTERNATIONAL,340714532,NOVELTY,OH,44073,,2019,2019,2019,1,475000,,,,,,,,
EIN:541845387,BWXT GOVERNMENT GROUP INC,BWXT GOVERNMENT GROUP INC,541845387,BARBERTON,OH,44203,,2020,2020,2020,1,475000,,,,,,,,
EIN:742099724,UNITED AIRLINES INC,UNITED AIRLINES INC,742099724,DALLAS,TX,75303,,2024,2024,2024,1,473975,,,,,,,,
EIN:346000646,CITY OF CLEVELAND,CITY OF CLEVELAND | City of Cleveland,346000646,CLEVELAND,OH,44114,,2016,2021,2016 2019 2020 2021,4,473908,City of Cleveland,Revitalization Grant Phase II,Other,1.00,391007,0,0,2019-Mar 2020-Jan
EIN:208235463,VEEVA SYSTEMS INC,VEEVA SYSTEMS INC,208235463,PLEASANTON,CA,94588,,2022,2024,2022 2023 2024,3,472571,,,,,,,,
EIN:352487208,Massillon Energy & Technology Park LLC,Massillon Energy & Technology Park LLC,352487208,Canton,OH,44735,,2015,2015,2015,1,465500,,,,,,,,
EIN:311813317,STANDARDAERO COMPONENT SERVICES INC,STANDARDAERO COMPINENT SERVICES | STANDARDAERO COMPONENT SERVICES INC | StandardAero Component Services Inc,311813317,CINCINNATI,OH,45241,,2017,2022,2017 2021 2022,3,460929,"StandardAero Component Services, Inc.",Economic Development Grant; Workforce Grant,Aerospace and Aviation,1.00,625000,746,420,2016-Jul 2026-Jan
EIN:371888955,EVE ENERGY NORTH AMERICA CORPORATION,EVE ENERGY NORTH AMERICA CORPORATION,371888955,LEWIS CENTER,OH,43035,,2024,2024,2024,1,460124,Eve Energy North America Corporation,Research & Development Grant,Automotive,1.00,1000000,8,12,2022-Nov
EIN:872803324,CEMLEB PROPERTIES,CEMLEB PROPERTIES,872803324,MINSTER,OH,45865,,2024,2024,2024,1,457564,"Cemleb Properties, LTD.",Spec Development (OSIP),TBD,1.00,462000,0,0,2022-Jan
EIN:463689142,LOWER LLC,HOMESIDE FINANCIAL LLC | LOWER LLC,463689142,COLUMBIA,MD,21046,,2019,2023,2019 2022 2023,3,451404,,,,,,,,
EIN:721122018,CBTS TECHNOLOGY SOLUTIONS LLC,CBTS TECHNOLOGY SOLUTIONS LLC,721122018,CINCINNATI,OH,45202,,2023,2023,2023,1,450023,CBTS Technology Solutions LLC,Workforce Grant,Technology,1.00,1000000,671,137,2021-Jul
EIN:340084595,Barium & Chemicals Inc,Barium & Chemicals Inc,340084595,Steubenville,OH,43952,,2016,2016,2016,1,450000,"Barium & Chemicals, Inc.",Revitalization Grant,Advanced Manufacturing,1.00,450000,27,5,2015-Jul
EIN:311624971,Dmax Ltd,Dmax Ltd,311624971,Moraine,OH,45439,,2017,2018,2017 2018,2,450000,"Dmax, Ltd.",Economic Development Grant; Workforce Grant,Automotive,1.00,7450000,814,150,2015-Aug 2017-Oct 2024-Aug
EIN:522108862,CONTINENTAL STRUCTURAL PLASTICS INC,CONTINENTAL STRUCTURAL PLASTICS INC | Continental Structural Plastics Inc,522108862,AUBURN HILLS,MI,48326,,2018,2019,2018 2019,2,450000,"Continental Structural Plastics, Inc.",Workforce Grant,Automotive,1.00,400000,1052,186,2017-Oct
EIN:311383824,DIVERSIFIED SYSTEMS INC,DIVERSIFIED SYSTEMS INC | Diversified Systems Inc,311383824,WESTERVILLE,OH,43081,,2018,2021,2018 2021,2,450000,,,,,,,,
EIN:340253240,The Goodyear Tire & Rubber Company,The Goodyear Tire & Rubber Company,340253240,Akron,OH,44316,,2018,2018,2018,1,450000,The Goodyear Tire & Rubber Company,Economic Development Grant; Other Grant,Energy and Chemicals,1.00,785000,61,3,2025-Apr 2025-Jun
EIN:273357481,ALPONT LLC,ALPONT LLC,273357481,OREGON,OH,43616,,2020,2020,2020,1,450000,"Alpont, LLC",Economic Development Grant,Shale Energy and Petrochemicals,1.00,450000,0,40,2017-Aug
EIN:550688163,MPR SUPPLY CHAIN SOLUTIONS (MOUNTAINEER PRODUCTS INC),MPR SUPPLY CHAIN SOLUTIONS (MOUNTAINEER PRODUCTS INC),550688163,BELLAIRE,OH,43906,,2022,2022,2022,1,450000,"MPR Supply Chain Solutions (Mountaineer Products, Inc.)",Spec Development (OSIP),Energy and Chemicals,1.00,2000000,0,0,2023-Mar
EIN:831771797,KARSS GROUP LLC,KARSS GROUP LLC,831771797,FORT LORAMIE,OH,45845,,2024,2024,2024,1,450000,"KARSS Group, LLC",Spec Development (OSIP),TBD,1.00,450000,,,2023-Jan
EIN:270340105,NEXIENT LLC,NEXIENT LLC,270340105,NEWARK,CA,94560,,2020,2021,2020 2021,2,446530,Nexient LLC,Workforce Grant,IT,1.00,500000,2,200,2019-Jul
EIN:311163734,Q Labs LLC,Q Labs LLC,311163734,Cincinnati,OH,45214,,2018,2018,2018,1,445000,"Q Labs, LLC",Economic Development Grant,Biohealth,1.00,300000,130,90,2017-Jul
EIN:223286312,TEKNI-PLEX INC,TEKNI-PLEX INC | Tekni-Plex Inc,223286312,WAYNE,PA,19087,,2015,2024,2015 2024,2,440000,"Tekni-Plex, Inc.",Economic Development Grant; Workforce Grant,Advanced Manufacturing,1.00,840000,100,152,2015-Jan 2023-Jul 2025-Sep
EIN:263565519,PIKE REALTY LLC,PIKE REALTY LLC,263565519,MARIETTA,OH,45750,,2023,2023,2023,1,437600,"Pike Realty, LLC",Spec Development (OSIP),Other,1.00,547000,0,0,2021-Jul
EIN:204933610,OLDCASTLE LAWN & GARDEN INC,OLDCASTLE LAWN & GARDEN INC,204933610,ATLANTA,GA,30346,,2022,2023,2022 2023,2,430500,"Oldcastle Lawn & Garden, Inc.",Revitalization Grant; Revitalization Grant Phase II,Advanced Manufacturing,1.00,430500,25,40,2021-Aug 2021-Jan
EIN:261226551,INTEVA PRODUCTS LLC,INTEVA PRODUCTS LLC,261226551,TROY,MI,48084,,2020,2020,2020,1,427000,"Inteva Products, LLC",Research & Development Grant,Automotive,1.00,3000000,153,35,2018-Oct
EIN:311012711,VITATOE INDUSTRIES INC,VITATOE INDUSTRIES INC,311012711,CHILLICOTHE,OH,45601,,2019,2021,2019 2021,2,425000,"Vitatoe Industries, Inc.",Workforce Grant,Automotive,1.00,25000,86,25,2015-Sep
EIN:208115228,PREMIER DEVELOPMENT PARTNERS LLC,PREMIER DEVELOPMENT PARTNERS LLC,208115228,CLEVELAND,OH,44125,,2021,2022,2021 2022,2,425000,,,,,,,,
EIN:823350155,PROVIA PAYROLL LLC,PROVIA PAYROLL LLC,823350155,STRASBURG,OH,44680,,2022,2022,2022,1,425000,ProVia Payroll LLC,Revitalization Grant; Workforce Grant,Advanced,1.00,525000,1098,242,2021-Sep 2024-Jan
EIN:344456321,DOREL HOME FURNISHINGS INC,DOREL HOME FURNISHINGS INC,344456321,WRIGHT CITY,MO,63390,,2023,2023,2023,1,425000,"Dorel Home Furnishings, Inc.",Economic Development Grant; Workforce Grant,Advanced Manufacturing,1.00,425000,218,174,2020-Sep
EIN:340655810,The Gent Machine Company,The Gent Machine Company,340655810,Cleveland,OH,44108,,2017,2017,2017,1,423228,The Gent Machine Company,Revitalization Grant; Revitalization Loan,Automotive,1.00,429795,48,12,2016-Apr 2016-Dec
EIN:923287153,HILLSBORO BUSINESS COMPLEX LLC,HILLSBORO BUSINESS COMPLEX LLC,923287153,HILLSBORO,OR,45133,,2024,2024,2024,1,415200,,,,,,,,
EIN:311653174,HESS INDUSTRIES LTD,HESS INDUSTRIES LTD | Hess Industries Ltd,311653174,MANSFIELD,OH,44902,,2018,2021,2018 2021,2,413861,"Hess Industries, Ltd.",Revitalization Grant,Advanced Manufacturing,1.00,50000,11,2,2017-Jan
EIN:341644643,2828 CLINTON INC,2828 CLINTON INC,341644643,CLEVELAND,OH,44109,,2019,2021,2019 2020 2021,3,407200,"2828 Clinton, Inc.",Revitalization Grant; Revitalization Grant Phase II,Advanced Manufacturing,1.00,107200,23,16,2019-Jul 2019-May
EIN:881080457,THE DOWNTOWN EXCHANGE LLC,THE DOWNTOWN EXCHANGE LLC,881080457,ZANESVILLE,OH,43701,,2023,2023,2023,1,404312,,,,,,,,
EIN:341059164,OWENS STATE COMMUNITY COLLEGE,OWENS STATE COMMUNITY COLLEGE,341059164,TOLEDO,OH,43699,501(C)(3),2021,2021,2021,1,402116,,,,,,,,
EIN:311225301,SUGAR CREEK PACKING CO,SUGAR CREEK PACKING CO | Sugar Creek Packing Co,311225301,WEST CHESTER,OH,45014,,2016,2020,2016 2020,2,400000,Sugar Creek Packing Co.,Economic Development Grant,Food and Agribusiness,1.00,600000,506,355,2020-Jan 2021-Jun
EIN:341117191,ALEX PRODUCTS INC,ALEX PRODUCTS INC | Alex Products Inc,341117191,RIDGEVILLE CORNERS,OH,43555,,2017,2019,2017 2018 2019,3,400000,"Alex Products, Inc.",Economic Development Grant; Workforce Grant,Automotive,1.00,400000,735,215,2016-Apr 2016-Aug
EIN:954260108,Amcor Rigid Plastics USA LLC,Amcor Rigid Plastics USA LLC,954260108,Bellevue,OH,44811,,2017,2017,2017,1,400000,"Amcor Rigid Plastics USA, LLC",Economic Development Grant,Advanced Manufacturing,1.00,400000,129,23,2017-Jan
EIN:471846501,Waverly 3PL LLC,Waverly 3PL LLC,471846501,Waverly,OH,45690,,2017,2017,2017,1,400000,,,,,,,,
EIN:223114571,West-Ward Pharmaceuticals Corp,West-Ward Pharmaceuticals Corp,223114571,Columbus,OH,43228,,2018,2018,2018,1,400000,West-Ward Pharmaceuticals Corp.,Workforce Grant,Biohealth,1.00,400000,1255,65,2017-Feb
EIN:341136697,HILLCREST EGG & CHEESE CO,HILLCREST EGG & CHEESE CO,341136697,CLEVELAND,OH,44115,,2019,2019,2019,1,400000,Hillcrest Egg & Cheese Co.,Revitalization Grant,Food Sciences and Agriculture,1.00,400000,130,25,2018-Feb
EIN:472512296,SJN DATA CENTER LLC,SJN DATA CENTER LLC,472512296,CINCINNATI,OH,45212,,2019,2019,2019,1,400000,"SJN Data Center, LLC",Economic Development Grant; Workforce Grant,Technology,1.00,1400000,273,389,2017-Mar 2024-Dec
EIN:134996950,CHURCH & DWIGHT CO INC,CHURCH & DWIGHT CO INC,134996950,OLD FORT,OH,44861,,2020,2020,2020,1,400000,"Church & Dwight Co., Inc.",Economic Development Grant; Workforce Grant,Energy and Chemicals,1.00,1000000,342,240,2020-Apr 2022-Nov 2025-Nov
EIN:344472215,TOLEDO TOOL AND DIE COMPANY INC,TOLEDO TOOL AND DIE COMPANY INC,344472215,TOLEDO,OH,43612,,2020,2020,2020,1,400000,"Toledo Tool and Die Company, Inc.",Economic Development Grant,Automotive,1.00,700000,622,170,2019-Dec 2026-Apr
EIN:150257610,BURROWS PAPER CORPORATION,BURROWS PAPER CORPORATION,150257610,FRANKLIN,OH,45005,,2021,2024,2021 2024,2,400000,Burrows Paper Corporation,Economic Development Grant,Advanced Manufacturing,1.00,400000,310,0,2020-Nov
EIN:952680965,INVACARE CORPORATION,INVACARE CORPORATION,952680965,ELYRIA,OH,44036,,2021,2022,2021 2022,2,400000,Invacare Corporation,Economic Development Grant,Healthcare,1.00,400000,450,150,2020-Nov
EIN:310559326,MAGNA MACHINE CO,MAGNA MACHINE CO,310559326,CINCINNATI,OH,45240,,2021,2021,2021,1,400000,Magna Machine Co.,Revitalization Grant,Advanced Manufacturing,1.00,150000,134,12,2018-Oct
EIN:853778356,REALPATH GROUP LLC,REALPATH GROUP LLC,853778356,WEST CHESTER,OH,45069,,2021,2021,2021,1,400000,,,,,,,,
EIN:310410580,THE WILLIAM POWELL COMPANY,THE WILLIAM POWELL COMPANY,310410580,CINCINNATI,OH,45225,,2021,2021,2021,1,400000,The William Powell Company,Economic Development Grant; Revitalization Grant,Advanced Manufacturing,1.00,400000,27,18,2020-Mar
EIN:311670693,CTI - CLINICAL TRIAL SERVICES INC,CTI - CLINICAL TRIAL SERVICES INC,311670693,COVINGTON,KY,41011,,2022,2022,2022,1,400000,"CTI - Clinical Trial Services, Inc.",Economic Development Grant,Healthcare,1.00,400000,44,70,2021-Mar
EIN:850641425,SAICA PACK US LLC,SAICA PACK US LLC,850641425,HAMILTON,OH,45015,,2022,2022,2022,1,400000,,,,,,,,
EIN:310976407,THE GORILLA GLUE COMPANY LLC,THE GORILLA GLUE COMPANY LLC,310976407,CINCINNATI,OH,45241,,2022,2022,2022,1,400000,The Gorilla Glue Company LLC,Economic Development Grant,Energy & Chemicals,1.00,400000,529,55,2020-Dec
EIN:541163725,AES US SERVICES,AES US SERVICES,541163725,DAYTON,OH,45432,,2023,2023,2023,1,400000,"AES US SERVICES, LLC",Economic Development Grant,Energy and Chemicals,1.00,400000,55,31,2020-Oct
EIN:341851391,AURORA PLASTICS LLC,AURORA PLASTICS LLC,341851391,CLEVELAND,OH,44193,,2023,2023,2023,1,400000,"Aurora Plastics, LLC",Economic Development Grant,Energy and Chemicals,1.00,400000,68,29,2022-Apr
EIN:831310303,RKDS,RKDS,831310303,MATTOON,IL,61938,,2023,2023,2023,1,400000,,,,,,,,
EIN:262315760,RONFELDT MANUFACTURING LLC,RONFELDT MANUFACTURING LLC,262315760,TOLEDO,OH,43614,,2023,2023,2023,1,400000,,,,,,,,
EIN:310671786,THE SUTPHEN CORPORATION,THE SUTPHEN CORPORATION,310671786,DUBLIN,OH,43016,,2023,2024,2023 2024,2,400000,The Sutphen Corporation,Economic Development Grant; Growth Fund Loan; Workforce Grant,Automotive,1.00,2900000,155,75,2021-Dec 2021-Nov
EIN:113523578,AER LINGUS LIMITED,AER LINGUS LIMITED,113523578,JERICHO,NY,11753,,2024,2024,2024,1,400000,,,,,,,,
EIN:262393746,MJM LOGISTICS LLC,MJM LOGISTICS LLC,262393746,CHILLICOTHE,OH,45601,,2024,2024,2024,1,400000,"MJM Logistics, LLC",Revitalization Grant,Automotive,1.00,400000,20,120,2023-Mar
EIN:810611942,NUPRODUCE SOLUTIONS,NUPRODUCE SOLUTIONS,810611942,GRAND RAPIDS,MI,49501,,2024,2024,2024,1,400000,Nuproduce Solutions LLC,Economic Development Grant,Food and Agribusiness,1.00,400000,0,224,2023-Sep
EIN:223062521,STEELITE INTERNATIONAL USA INC,STEELITE INTERNATIONAL USA INC,223062521,NEW CASTLE,PA,16105,,2024,2024,2024,1,400000,,,,,,,,
EIN:341727300,TRIVIUM ALUMINUM PACKAGING USA CORPORATION,TRIVIUM ALUMINUM PACKAGING USA CORPORATION,341727300,YOUNGSTOWN,OH,44502,,2024,2024,2024,1,400000,Trivium Aluminum Packaging USA,Workforce Grant,Advanced Manufacturing,1.00,400000,394,93,2023-Mar
EIN:952121355,WALTCO LIFT CORP,WALTCO LIFT CORP,952121355,TALLMADGE,OH,44278,,2021,2023,2021 2022 2023,3,398543,Waltco Lift Corp.,Economic Development Grant,Advanced Manufacturing,1.00,450000,185,120,2020-Nov
EIN:205871676,CUSTOM GLASS SOLUTIONS LLC,CUSTOM GLASS SOLUTIONS LLC,205871676,WORTHINGTON,OH,43085,,2023,2024,2023 2024,2,391762,,,,,,,,
EIN:475586394,Chestnut Commerce Center LLC,Chestnut Commerce Center LLC,475586394,Mantua,OH,44255,,2017,2018,2017 2018,2,383673,"Chestnut Commerce Center, LLC",Revitalization Grant; Revitalization Grant Phase II,Logistics and Distribution,1.00,417305,6,25,2016-Jun 2017-Mar
EIN:202485456,Corvac Composites LLC,Corvac Composites LLC,202485456,Kentwood,MI,49512,,2017,2017,2017,1,381446,"Corvac Composites, LLC",Revitalization Grant; Revitalization Grant Phase II,Automotive,1.00,490000,,350,2016-Jun
EIN:203946941,ALTENLOH BRINCK & CO US INC,ALTENLOH BRINCK & CO US INC,203946941,BRYAN,OH,43506,,2022,2023,2022 2023,2,381100,"Altenloh, Brinck & Co. Us, Inc.",Workforce Grant,Advanced Manufacturing,1.00,300000,273,181,2022-Feb
EIN:311652755,CONSTRUCTCONNECT INC,CONSTRUCTCONNECT INC | iSqFt Inc,311652755,CINCINNATI,OH,45242,,2016,2022,2016 2022,2,375000,,,,,,,,
EIN:341751707,YOUNGSTOWN BUSINESS INCUBATOR,YOUNGSTOWN BUSINESS INCUBATOR,341751707,YOUNGSTOWN,OH,44503,,2022,2022,2022,1,370000,,,,,,,,
EIN:844569918,LOGOPLASTE LIMA LLC,LOGOPLASTE LIMA LLC,844569918,PLAINFIELD,NJ,60544,,2024,2024,2024,1,365000,Logoplaste Lima LLC,Economic Development Grant,Advanced Manufacturing,1.00,365000,0,51,2020-Jul
EIN:341353186,RBB SYSTEMS INC,RBB SYSTEMS INC,341353186,WOOSTER,OH,44691,,2019,2021,2019 2021,2,360000,"RBB Systems, Inc.",Economic Development Grant,Advanced Manufacturing,1.00,60000,52,25,2018-Sep
EIN:872424262,V WERT 2 LLC,V WERT 2 LLC,872424262,BELLEFONTAINE,OH,43311,,2023,2023,2023,1,360000,,,,,,,,
EIN:900928520,iMFLUX Inc,iMFLUX Inc,900928520,West Chester,OH,45069,,2015,2015,2015,1,350000,,,,,,,,
EIN:300841962,BORGERS OHIO INC,BORGERS OHIO INC | Borgers Ohio Inc,300841962,NORWALK,OH,44857,,2016,2020,2016 2017 2020,3,350000,"Borgers Ohio, Inc.",Economic Development Grant; Growth Fund Loan; Workforce Grant,Automotive,1.00,5750000,375,734,2015-Apr 2017-Feb 2019-Nov
EIN:825280312,4440 CREEK ROAD PROPERTIES LLC,4440 CREEK ROAD PROPERTIES LLC,825280312,CINCINNATI,OH,45242,,2019,2019,2019,1,350000,,,,,,,,
EIN:232510893,CERTAINTEED CORPORATION,CERTAINTEED CORPORATION,232510893,MILAN,OH,44846,,2019,2019,2019,1,350000,Certainteed Corporation,Economic Development Grant,Energy and Chemicals,1.00,350000,196,10,2018-Aug
EIN:311682777,CREATIVE PACKAGING LLC,CREATIVE PACKAGING LLC,311682777,ZANESVILLE,OH,43701,,2019,2019,2019,1,350000,"Creative Packaging, LLC",Revitalization Grant,Advanced Manufacturing,1.00,350000,66,20,2018-Jun
EIN:410177680,CARGILL INC,CARGILL INC,410177680,SIDNEY,OH,45365,,2021,2021,2021,1,350000,"Cargill, Incorporated",Economic Development Grant,Food and Agribusiness,1.00,350000,293,12,2019-Oct
EIN:311179223,HENNY PENNY CORPORATION,HENNY PENNY CORPORATION,311179223,EATON,OH,45320,,2021,2021,2021,1,350000,Henny Penny Corporation,Economic Development Grant,Food and Agribusiness,1.00,350000,737,70,2019-Dec
EIN:383214772,HP PELZER AUTOMOTIVE SYSTEMS INC,HP PELZER AUTOMOTIVE SYSTEMS INC,383214772,TROY,MI,48084,,2021,2022,2021 2022,2,350000,"HP Pelzer Automotive Systems, Inc.",Economic Development Grant,Automotive,1.00,350000,0,79,2020-Jun
EIN:850997867,QQE SUMMIT LLC,QQE SUMMIT LLC,850997867,DAYTON,OH,45404,,2021,2023,2021 2023,2,350000,"QQE Summit, LLC",Economic Development Grant; Revitalization Grant,Advanced Manufacturing,1.00,375000,136,66,2020-Oct 2021-Dec 2026-Mar
EIN:862446567,SYMBA & SNAP LLC,SYMBA & SNAP LLC,862446567,CLEVELAND,OH,44103,,2022,2022,2022,1,350000,,,,,,,,
EIN:753164446,ALLIANCE AUTOMATION INC,ALLIANCE AUTOMATION INC,753164446,VAN WERT,OH,45891,,2024,2024,2024,1,350000,"Alliance Automation, LLC",Economic Development Grant; Growth Fund Loan,Advanced Manufacturing,1.00,2850000,83,120,2021-Mar 2023-Jan
EIN:830846896,CLEVELAND KITCHEN CO,CLEVELAND KITCHEN CO,830846896,CLEVELAND,OH,44103,,2024,2024,2024,1,350000,Cleveland Kitchen Co.,Economic Development Grant,Food and Agribusiness,1.00,400000,58,125,2020-Jun 2023-Nov
EIN:341313085,TECHNICOTE INC,TECHNICOTE INC,341313085,MIAMISBURG,OH,45342,,2024,2024,2024,1,350000,"Technicote, Inc.",Economic Development Grant,Advanced Manufacturing,1.00,700000,70,163,2023-Dec
EIN:810608730,THE HILSINGER COMPANY PARENT LLC,THE HILSINGER COMPANY PARENT LLC,810608730,PLAINVILLE,MA,02762,,2024,2024,2024,1,350000,"The Hilsinger Company Parent, LLC",Economic Development Grant,Healthcare,1.00,350000,0,200,2021-Aug
EIN:346002813,City of Toronto,City of Toronto,346002813,Toronto,OH,43964,,2017,2018,2017 2018,2,338827,,,,,,,,
EIN:274453719,Pison Stream Solutions LLC,Pison Stream Solutions LLC,274453719,Brecksville,OH,44141,,2017,2018,2017 2018,2,337180,"Pison Stream Solutions, LLC",Economic Development Grant,Shale Energy and Petrochemicals,1.00,337180,0,150,2016-Aug
EIN:832135454,PATH ROBOTICS INC,PATH ROBOTICS INC,832135454,COLUMBUS,OH,43215,,2023,2024,2023 2024,2,334543,,,,,,,,
EIN:341897652,OMNNOVA SOLUTIONS INC,OMNNOVA SOLUTIONS INC | OMNOVA SOLUTIONS INC,341897652,BEACHWOOD,OH,44122,,2023,2024,2023 2024,2,333214,,,,,,,,
EIN:264715674,EVANSTON INVESTMENTS LLC,EVANSTON INVESTMENTS LLC | Evanston Investments LLC,264715674,LIMA,OH,45805,,2017,2024,2017 2021 2024,3,330000,Evanston Investments LLC,Economic Development Grant; Inclusion Grant; Revitalization Grant,Advanced Manufacturing,1.00,330000,23,67,2016-Sep 2020-Sep 2023-Apr
EIN:823411495,DIGERONIMO COMPANIES,DIGERONIMO COMPANIES | DIGERONIMO DEVELOPMENT LLC,823411495,INDEPENDENCE,OH,44131,,2019,2021,2019 2021,2,330000,,,,,,,,
EIN:340130090,CANTON DROP FORGE INC,CANTON DROP FORGE INC,340130090,DETROIT,MI,48277,,2021,2024,2021 2024,2,330000,"Canton Drop Forge, Inc.",Economic Development Grant,Advanced Manufacturing,1.00,580000,195,84,2021-Jan 2021-Oct
EIN:341945124,2020 Custom Molded Plastics LLC,2020 Custom Molded Plastics LLC,341945124,Holiday City,OH,43543,,2018,2018,2018,1,325000,"20/20 Custom Molded Plastics, LLC",Economic Development Grant,Advanced Manufacturing,0.60,400000,296,190,2015-Aug 2017-Aug 2018-Nov
EIN:471991500,RESONANT SCIENCES LLC,RESONANT SCIENCES LLC,471991500,DAYTON,OH,45430,,2023,2023,2023,1,325000,Resonant Sciences LLC,Aerospace and Defense Opportunity Grant; Economic Development Grant,Aerospace and,1.00,4125000,113,260,2021-Sep 2023-Mar 2026-Apr
EIN:341776126,Veluscek and Heban Properties,Veluscek and Heban Properties,341776126,Rossford,OH,43460,,2017,2017,2017,1,307622,Veluscek and Heban Properties,Revitalization Grant Phase II,Other,1.00,9700,,,2016-Jun
EIN:346003691,CITY OF BEDFORD HEIGHTS,CITY OF BEDFORD HEIGHTS,346003691,CLEVELAND,OH,44146,,2019,2019,2019,1,302350,,,,,,,,
EIN:371549655,CODEBLUE 360,CODEBLUE 360,371549655,SPRINGFIELD,OH,45502,,2020,2020,2020,1,301748,,,,,,,,
EIN:752781858,Legacy Measurement Solutions Inc,Legacy Measurement Solutions Inc,752781858,Addison,TX,75001,,2015,2015,2015,1,300000,,,,,,,,
EIN:134143915,LUBRIZOL ADVANCED MATERIALS INC,LUBRIZOL ADVANCED MATERIALS INC | Lubrizol Advanced Materials Inc,134143915,AVON LAKE,OH,44012,,2015,2021,2015 2021,2,300000,Lubrizol Advanced Materials Inc.,Economic Development Grant; Workforce Grant,Polymers & Chemicals,1.00,300000,525,88,2015-Jan 2017-Oct
EIN:463270421,Ace Torwel Inc,Ace Torwel Inc,463270421,Brookville,OH,45309,,2016,2017,2016 2017,2,300000,"Ace Torwel, Inc.",Revitalization Grant,Automotive,1.00,300000,,20,2015-Jul
EIN:860941329,First Solar Inc,First Solar Inc,860941329,Perrysburg,OH,43551,,2016,2016,2016,1,300000,"First Solar, Inc.",Economic Development Grant; Research & Development Grant; Workforce Grant,Advanced Manufacturing,1.00,14150000,2430,4517,2015-Jul 2018-Jul 2021-Nov 2024-Feb 2024-May
EIN:311161086,Mercy Health,Mercy Health,311161086,Cincinnati,OH,45202,,2016,2016,2016,1,300000,Mercy Health,Economic Development Grant,BioHealth,1.00,300000,1050,175,2015-Sep
EIN:311551430,Speedway LLC,Speedway LLC,311551430,Enon,OH,45323,,2016,2016,2016,1,300000,Speedway LLC,Economic Development Grant; Workforce Grant,Energy and Chemicals,1.00,2300000,1175,600,2018-Dec 2024-Sep
EIN:472420000,Valfilm LLC,Valfilm LLC,472420000,Findlay,OH,45840,,2016,2016,2016,1,300000,Valfilm LLC,Economic Development Grant,Advanced Manufacturing,1.00,300000,55,80,2015-May
EIN:812604289,1250 Old River Road LLC,1250 Old River Road LLC,812604289,Cleveland,OH,44115,,2017,2017,2017,1,300000,1250 Old River Road LLC,Revitalization Grant,Other,1.00,300000,18,30,2017-Feb
EIN:275010387,Clarkwestern Dietrich Building Systems LLC,Clarkwestern Dietrich Building Systems LLC,275010387,Vienna,OH,44473,,2017,2017,2017,1,300000,"Clarkwestern Dietrich Building Systems, LLC",Revitalization Grant,Advanced Manufacturing,1.00,300000,112,12,2016-Mar
EIN:800810911,Tower Partners LLC,Tower Partners LLC,800810911,Dayton,OH,45423,,2017,2017,2017,1,300000,"Tower Partners, LLC",Revitalization Loan,Biohealth,1.00,1400000,1750,300,2017-Jan
EIN:263399741,Arcelormittal Tubular Products Shelby Llc,Arcelormittal Tubular Products Shelby Llc,263399741,Shelby,OH,44875,,2018,2018,2018,1,300000,,,,,,,,
EIN:475253747,Autoliv Nissin Brake Systems America LLC,Autoliv Nissin Brake Systems America LLC,475253747,Findlay,OH,45839,,2018,2018,2018,1,300000,Autoliv Nissin Brake Systems America LLC,Economic Development Grant; Workforce Grant,Automotive,1.00,500000,287,0,2018-Jan
EIN:813941507,CPG - Ohio LLC,CPG - Ohio LLC,813941507,Cincinnati,OH,45240,,2018,2018,2018,1,300000,CPG - Ohio LLC,Economic Development Grant,Advanced Manufacturing,1.00,300000,65,30,2017-Mar
EIN:042801160,Exel Inc,Exel Inc,042801160,Westerville,OH,43082,,2018,2018,2018,1,300000,Exel Inc.,Economic Development Grant,Logistics and Distribution,1.00,300000,0,400,2017-Feb
EIN:521762325,Kadant Black Clawson LLC,Kadant Black Clawson LLC,521762325,Mason,OH,45040,,2018,2018,2018,1,300000,Kadant Black Clawson LLC,Economic Development Grant,Advanced Manufacturing,1.00,300000,62,62,2018-Feb
EIN:311208705,Mitsubishi Electric Automotive America Inc,Mitsubishi Electric Automotive America Inc,311208705,Mason,OH,45040,,2018,2018,2018,1,300000,"Mitsubishi Electric Automotive America, Inc.",Economic Development Grant,Automotive,1.00,300000,452,100,2015-Sep
EIN:311019872,SFA Architects Inc,SFA Architects Inc,311019872,Cincinnati,OH,45202,,2018,2018,2018,1,300000,"SFA Architects, Inc.",Revitalization Grant,Other,1.00,300000,62,25,2017-Jan
EIN:814369608,Vora Solution Center LLC,Vora Solution Center LLC,814369608,Blue Ash,OH,45242,,2018,2018,2018,1,300000,,,,,,,,
EIN:112808682,CLOPAY BUILDING PRODUCTS COMPANY INC,CLOPAY BUILDING PRODUCTS COMPANY INC,112808682,TROY,OH,45373,,2019,2020,2019 2020,2,300000,"Clopay Building Products Company, Inc.",Economic Development Grant,Advanced Manufacturing,1.00,300000,918,205,2015-Aug
EIN:475146583,OHIO AWNING GRANT LENDER INC,OHIO AWNING GRANT LENDER INC,475146583,CLEVELAND,OH,44113,,2019,2019,2019,1,300000,,,,,,,,
EIN:464760127,RISE BRANDS INC,RISE BRANDS INC,464760127,COLUMBUS,OH,43215,,2019,2020,2019 2020,2,300000,Rise Brands Inc.,Revitalization Grant,Other,1.00,300000,15,38,2019-Jan
EIN:831892831,SCIOTO VALLEY WOODWORKING INC,SCIOTO VALLEY WOODWORKING INC,831892831,WAVERLY,OH,45690,,2019,2020,2019 2020,2,300000,"Scioto Valley Woodworking, Inc.",Revitalization Grant,Advanced Manufacturing,1.00,300000,0,103,2018-Nov
EIN:203398663,CGF REALTY LLC,CGF REALTY LLC,203398663,MAYFIELD HEIGHTS,OH,44124,,2020,2020,2020,1,300000,,,,,,,,
EIN:832472063,GTL LUMBER INC,GTL LUMBER INC,832472063,IRONTON,OH,45638,,2020,2021,2020 2021,2,300000,"GTL Lumber, Inc.",Revitalization Grant,Food & Agribusiness,1.00,300000,18,19,2019-Sep
EIN:341263101,IMCD US LLC,IMCD US LLC,341263101,WESTLAKE,OH,44145,,2020,2020,2020,1,300000,"IMCD US, LLC",Economic Development Grant,Energy and Chemicals,1.00,300000,66,25,2019-Jun
EIN:911577949,INTEGRATED STAIR SYSTEMS INC,INTEGRATED STAIR SYSTEMS INC,911577949,LEXINGTON,OH,44904,,2020,2021,2020 2021,2,300000,"Integrated Stair Systems, Inc.",Revitalization Grant,Advanced Manufacturing,1.00,100000,0,70,2020-Mar
EIN:811798612,OREGON INNOVATION DISTRICT LLC,OREGON INNOVATION DISTRICT LLC,811798612,LOUISVILLE,KY,40202,,2020,2020,2020,1,300000,,,,,,,,
EIN:824056199,AMERICAN NUTS INC,AMERICAN NUTS INC,824056199,SYLMAR,CA,91342,,2021,2021,2021,1,300000,American Nuts LLC,Economic Development Grant,Food and Agribusiness,1.00,300000,0,60,2020-May
EIN:310729027,HAMILTON SAFE CO,HAMILTON SAFE CO,310729027,CINCINNATI,OH,45242,,2021,2021,2021,1,300000,Hamilton Safe Co.,Economic Development Grant; Growth Fund Loan,Advanced,1.00,2900000,204,76,2021-Apr 2022-Apr
EIN:223845948,INTERNATIONAL CUSHIONING COMPANY LLC,INTERNATIONAL CUSHIONING COMPANY LLC,223845948,MARLBORO,NJ,07746,,2021,2022,2021 2022,2,300000,International Cushioning Company LLC,Economic Development Grant,Advanced Manufacturing,1.00,300000,0,75,2020-Aug
EIN:384028278,NEHEMIAH MANUFACTURING COMPANY LLC,NEHEMIAH MANUFACTURING COMPANY LLC,384028278,CINCINNATI,OH,45204,,2021,2021,2021,1,300000,Nehemiah Manufacturing Company LLC,Revitalization Grant,Logistics and Distribution,1.00,425000,125,65,2017-May 2021-Nov
EIN:341603215,NORTH POINT LEASING CORP,NORTH POINT LEASING CORP,341603215,MAYFIELD HEIGHTS,OH,44124,,2021,2021,2021,1,300000,,,,,,,,
EIN:842268150,STAKES MANUFACTURING LLC,STAKES MANUFACTURING LLC,842268150,EASTLAKE,OH,44095,,2021,2022,2021 2022,2,300000,"Stakes Manufacturing, LLC",Economic Development Grant; Workforce Grant,Other,1.00,500000,92,800,2021-Jan
EIN:741776312,TEAM INDUSTRIAL SERVICES INC,TEAM INDUSTRIAL SERVICES INC,741776312,CINCINNATI,OH,45215,,2021,2021,2021,1,300000,"TEAM Industrial Services, Inc.",Economic Development Grant,Aerospace and Aviation,1.00,300000,96,75,2020-Dec
EIN:854328006,AIRPORT WEST I LLC,AIRPORT WEST I LLC,854328006,MANSFIELD,OH,44906,,2022,2023,2022 2023,2,300000,,,,,,,,
EIN:475665675,AMERICAN TRAILER WORLD CORP,AMERICAN TRAILER WORLD CORP,475665675,RICHARDSON,TX,75081,,2022,2022,2022,1,300000,,,,,,,,
EIN:263306955,AVERY DENNISON RETAIL INFORMATION SERVICES LLC,AVERY DENNISON RETAIL INFORMATION SERVICES LLC,263306955,MIAMISBURG,OH,45342,,2022,2022,2022,1,300000,Avery Dennison Retail Information Services LLC,Economic Development Grant,IT,1.00,300000,472,65,2020-Feb
EIN:822019085,BBI LOGISTICS LLC,BBI LOGISTICS LLC,822019085,COLUMBUS,OH,43215,,2022,2022,2022,1,300000,BBI Logistics LLC,Workforce Grant,Logistics and Distribution,1.00,1300000,202,390,2021-Mar 2022-Aug
EIN:300836516,CERELIA USA BAKERY INC,CERELIA USA BAKERY INC,300836516,WHITEHALL,OH,43213,,2022,2022,2022,1,300000,Cerelia USA Bakery Inc.,Economic Development Grant,Food and,1.00,500000,120,90,2021-Sep 2024-Nov
EIN:391684871,CLARIOS LLC,CLARIOS LLC,391684871,HOLLAND,OH,43528,,2022,2022,2022,1,300000,"Clarios, LLC",Economic Development Grant,Automotive,1.00,300000,710,40,2021-Aug
EIN:841326644,BALL METAL BEVERAGE CONTAINER CORP,BALL METAL BEVERAGE CONTAINER CORP,841326644,WESTMINSTER,CO,80021,,2023,2023,2023,1,300000,Ball Metal Beverage Container Corp.,Workforce Grant,Advanced Manufacturing,1.00,300000,392,18,2022-Apr
EIN:562479324,CHARLES RIVER LABORATORIES INC,CHARLES RIVER LABORATORIES INC,562479324,WILMINGTON,MA,01887,,2023,2023,2023,1,300000,"Charles River Laboratories, Inc.",Economic Development Grant,Healthcare,1.00,300000,224,105,2022-Apr
EIN:470248710,CONAGRA BRANDS,CONAGRA BRANDS,470248710,EL PASO,TX,79998,,2023,2023,2023,1,300000,,,,,,,,
EIN:760509980,CHARLES RIVER LABORATORIES INC,CHARLES RIVER LABORATORIES INC,760509980,NEW YORK,NY,10087,,2024,2024,2024,1,300000,"Charles River Laboratories, Inc.",Economic Development Grant,Healthcare,1.00,300000,224,105,2022-Apr
EIN:300537225,J AND M HOLDINGS LLC,J AND M HOLDINGS LLC,300537225,AURORA,CO,44202,,2024,2024,2024,1,300000,,,,,,,,
EIN:222760260,SUNSTAR ENGINEERING AMERICAS INC,SUNSTAR ENGINEERING AMERICAS INC,222760260,SPRINGBORO,OH,45066,,2024,2024,2024,1,300000,"Sunstar Engineering Americas, Inc.",Economic Development Grant,Energy and Chemicals,1.00,300000,137,60,2023-Jul
EIN:341397769,Bellevue Economic Development Corporation,Bellevue Economic Development Corporation,341397769,Bellevue,OH,44811,,2015,2018,2015 2016 2018,3,298647,,,,,,,,
EIN:340946365,PENTA CAREER CENTER,PENTA CAREER CENTER,340946365,PERRYSBURG,OH,43552,,2020,2020,2020,1,290733,,,,,,,,
EIN:311209925,Wright Warehousing Inc,Wright Warehousing Inc,311209925,Lima,OH,45802,,2018,2018,2018,1,290000,,,,,,,,
EIN:261643545,Alternate Solutions Healthcare System Inc,Alternate Solutions Healthcare System Inc,261643545,Kettering,OH,45419,,2016,2016,2016,1,285000,"Alternate Solutions Healthcare System, Inc.",Revitalization Grant,BioHealth,1.00,285000,114,64,2015-Dec
EIN:316001089,CITY OF TRENTON OHIO,CITY OF TRENTON OHIO,316001089,TRENTON,OH,45067,STATE OF OHIO,2024,2024,2024,1,284984,City of Trenton,Spec Development (OSIP),TBD,0.67,356230,0,0,2022-May
EIN:874718796,P&THE MANUFACTURING ACQUISITION LLC,P&THE MANUFACTURING ACQUISITION LLC,874718796,SIDNEY,OH,45365,,2024,2024,2024,1,280698,P&THE Manufacturing Acquisition LLC,Revitalization Grant,Advanced Manufacturing,1.00,900000,49,175,2022-Sep
EIN:474217340,J&M INVESTMENTS OF NW OHIO LLC,J&M INVESTMENTS OF NW OHIO LLC,474217340,PIQUA,OH,45356,,2024,2024,2024,1,280000,"J&M INVESTMENTS OF NW OHIO, LLC",Spec Development (OSIP),TBD,1.00,350000,,,2023-Nov
EIN:462863103,AUTICON GMBH,AUTICON GMBH | MINDSPARK INC,462863103,SANTA MONICA,CA,90405,,2021,2022,2021 2022,2,276989,,,,,,,,
EIN:473309055,SPEYSIDE BOURBON COOPERAGE INC,SPEYSIDE BOURBON COOPERAGE INC | Speyside Bourbon Cooperage Inc,473309055,JACKSON,OH,45640,,2016,2022,2016 2018 2022,3,275000,"Speyside Bourbon Cooperage, Inc.",Economic Development Grant,Advanced Manufacturing,1.00,275000,51,67,2015-Jul 2016-Dec 2018-Jul
EIN:431984002,CUSTOM GLASS SOLUTIONS FOSTORIA LLC,CUSTOM GLASS SOLUTIONS FOSTORIA LLC,431984002,FOSTORIA,OH,44830,,2020,2020,2020,1,275000,"Custom Glass Solutions Fostoria, LLC",Economic Development Grant,Automotive,1.00,425000,419,228,2019-May 2021-Jul
EIN:821565064,MFM BUILDING PRODUCTS,MFM BUILDING PRODUCTS | MFM BUILDING PRODUCTS CORPORATION,821565064,COSHOCTON,OH,43812,,2021,2023,2021 2023,2,275000,MFM Building Products Corporation,Economic Development Grant; Revitalization Grant,Energy and Chemicals,1.00,350000,70,35,2020-Oct 2021-Jun
EIN:344360680,SPANGLER CANDY COMPANY,SPANGLER CANDY COMPANY,344360680,BRYAN,OH,43506,,2021,2021,2021,1,275000,Spangler Candy Company,Revitalization Grant,Food and Agribusiness,1.00,275000,455,0,2019-May
EIN:454788036,CARVANA LLC,CARVANA LLC,454788036,HEATH,OH,43056,,2022,2022,2022,1,275000,"Carvana, LLC",Economic Development Grant; Workforce Grant,Logistics and Distribution,1.00,525000,222,1200,2019-Aug 2020-Jun 2020-Oct
EIN:311669463,ENGINEERED PROFILES LLC,ENGINEERED PROFILES LLC,311669463,COLUMBUS,OH,43207,,2022,2022,2022,1,275000,"Engineered Profiles, LLC",Economic Development Grant,Advanced Manufacturing,1.00,275000,0,55,2021-Dec
EIN:275554206,ATW OHIO LLC,ATW OHIO LLC,275554206,MT ORAB,OH,45154,,2022,2023,2022 2023,2,261110,"ATW Ohio, LLC",Economic Development Grant,Automotive,1.00,300000,137,249,2021-May
EIN:310735812,WASHINGTON COUNTY CAREER CENTER,WASHINGTON COUNTY CAREER CENTER,310735812,MARIETTA,OH,45750,,2019,2019,2019,1,259877,,,,,,,,
EIN:464332431,UPSTART NETWORK INC,UPSTART NETWORK INC,464332431,SAN MATEO,CA,94403,,2023,2023,2023,1,252858,"Upstart Network, Inc.",Economic Development Grant; Workforce Grant,Financial Services,1.00,1400000,257,507,2020-May 2021-Oct
EIN:346400269,Celina City Board of Education,Celina City Board of Education,346400269,Celina,OH,45822,,2015,2015,2015,1,250000,,,,,,,,
EIN:260440499,Tower Automotive Operations USA I LLC,Tower Automotive Operations USA I LLC,260440499,Bellevue,OH,44811,,2016,2016,2016,1,250000,"Tower Automotive Operations USA I, LLC",Economic Development Grant; Workforce Grant,Automotive,1.00,1175000,440,401,2015-Sep 2018-Oct 2023-Jan 2026-Jan
EIN:382858208,Freudenberg NOK General Partnership,Freudenberg NOK General Partnership,382858208,Chicago,IL,60673,,2016,2016,2016,1,250000,Freudenberg-NOK General Partnership,Economic Development Grant,Advanced Manufacturing,1.00,250000,148,25,2015-Nov
EIN:274718303,King's Command Foods LLC,King's Command Foods LLC,274718303,Versailles,OH,45380,,2017,2017,2017,1,250000,"King’s Command Foods, LLC",Economic Development Grant,Food Processing,1.00,250000,47,160,2016-Feb
EIN:464196165,Nickel Plate Station LLC,Nickel Plate Station LLC,464196165,Euclid,OH,44117,,2017,2018,2017 2018,2,250000,,,,,,,,
EIN:311635680,Peter Cremer North America LP,Peter Cremer North America LP,311635680,Cincinnati,OH,45204,,2017,2017,2017,1,250000,,,,,,,,
EIN:311456357,The Black Family Limited Partnership,The Black Family Limited Partnership,311456357,Hebron,OH,43025,,2017,2017,2017,1,250000,,,,,,,,
EIN:472662079,2101 Superior Avenue LLC,2101 Superior Avenue LLC,472662079,Cleveland,OH,44115,,2018,2018,2018,1,250000,,,,,,,,
EIN:204459634,Cutting Edge Countertops Inc,Cutting Edge Countertops Inc,204459634,Perrysburg,OH,43551,,2018,2018,2018,1,250000,"Cutting Edge Countertops, Inc.",Economic Development Grant,Advanced Manufacturing,1.00,250000,90,40,2017-Oct
EIN:271284632,Marathon Petroleum Corporation,Marathon Petroleum Corporation,271284632,Findlay,OH,45840,,2018,2018,2018,1,250000,,,,,,,,
EIN:260621636,SOUTHSIDE REDEVELOPMENT LLC,SOUTHSIDE REDEVELOPMENT LLC | Southside Redevelopment LLC,260621636,CINCINNATI,OH,45207,,2018,2019,2018 2019,2,250000,"Southside Redevelopment, LLC *",Revitalization Grant,Other,1.00,820000,0,0,2017-Jan
EIN:464844030,Tenk Center LLC,Tenk Center LLC,464844030,Cleveland,OH,44113,,2018,2018,2018,1,250000,"Tenk Center, LLC",Revitalization Grant,Food Processing,1.00,250000,20,25,2017-Mar
EIN:311267098,AK STEEL CORPORATION,AK STEEL CORPORATION,311267098,WEST CHESTER,OH,45069,,2019,2019,2019,1,250000,AK Steel Corporation,Economic Development Grant,Advanced Manufacturing,1.00,250000,75,15,2015-Aug
EIN:462460862,CUSTOM PRO LOGISTICS LLC,CUSTOM PRO LOGISTICS LLC,462460862,CINCINNATI,OH,45202,,2019,2019,2019,1,250000,"Custom Pro Logistics, LLC",Revitalization Grant,Logistics and Distribution,1.00,250000,7,40,2017-Jan
EIN:261347098,DANA LIGHT AXLE MANUFACTURING LLC,DANA LIGHT AXLE MANUFACTURING LLC,261347098,TOLEDO,OH,43657,,2019,2019,2019,1,250000,"Dana Light Axle Manufacturing, LLC",Growth Fund Loan,Automotive,1.00,6250000,0,300,2016-Dec
EIN:453790057,METALX LLC,METALX LLC,453790057,WATERLOO,IN,46793,,2019,2019,2019,1,250000,"MetalX, LLC",Economic Development Grant,Advanced Manufacturing,1.00,250000,0,75,2018-Jan
EIN:954015700,SHIN-ETSU SILICONES OF AMERICA INC,SHIN-ETSU SILICONES OF AMERICA INC,954015700,AKRON,OH,44305,,2019,2020,2019 2020,2,250000,"Shin-Etsu Silicones of America, Inc.",Economic Development Grant,Energy and Chemicals,1.00,250000,135,25,2018-Jul
EIN:810550216,ZIMMER SURGICAL INC,ZIMMER SURGICAL INC,810550216,BROADVIEW HEIGHTS,OH,44147,,2019,2019,2019,1,250000,"Zimmer Surgical, Inc.",Economic Development Grant,Healthcare,1.00,250000,43,25,2018-Sep
EIN:314379427,BATTELLE MEMORIAL INSTITUTE,BATTELLE MEMORIAL INSTITUTE,314379427,COLUMBUS,OH,43201,,2020,2020,2020,1,250000,,,,,,,,
EIN:475621244,BEAM TECHNOLOGIES INC,BEAM TECHNOLOGIES INC,475621244,COLUMBUS,OH,43215,,2020,2020,2020,1,250000,Beam Technologies Inc.,Workforce Grant,Other,1.00,250000,41,150,2019-Jun
EIN:250530110,CALGON CARBON CORPORATION,CALGON CARBON CORPORATION,250530110,COLUMBUS,OH,43219,,2020,2020,2020,1,250000,Calgon Carbon Corporation,Economic Development Grant; Revitalization Grant,Energy and Chemicals,1.00,400000,42,32,2019-Oct 2026-May
EIN:475676237,CHAMPLAIN ENTERPRISES LLC,CHAMPLAIN ENTERPRISES LLC,475676237,NORTH OLMSTED,OH,44070,,2020,2020,2020,1,250000,,,,,,,,
EIN:205877688,NOSTRUM LABORATORIES INC,NOSTRUM LABORATORIES INC,205877688,BRYAN,OH,43506,,2020,2021,2020 2021,2,250000,Nostrum Laboratories Inc.,Economic Development Grant,Healthcare,1.00,250000,57,40,2020-Jan
EIN:310807991,ODW LOGISTICS INC,ODW LOGISTICS INC,310807991,COLUMBUS,OH,43215,,2020,2024,2020 2024,2,250000,"ODW Logistics, Inc.",Economic Development Grant; Workforce Grant,Logistics and Distribution,1.00,250000,745,148,2019-May 2023-Sep
EIN:133246026,UNITED GRINDING NORTH AMERICA INC,UNITED GRINDING NORTH AMERICA INC,133246026,MIAMISBURG,OH,45342,,2020,2020,2020,1,250000,"United Grinding North America, Inc.",Economic Development Grant,Advanced Manufacturing,1.00,250000,100,40,2016-Dec
EIN:311317049,WHITE CASTLE MANAGEMENT CO,WHITE CASTLE MANAGEMENT CO,311317049,COLUMBUS,OH,43215,,2020,2020,2020,1,250000,,,,,,,,
EIN:208619767,ZIPLINE LOGISTICS LLC,ZIPLINE LOGISTICS LLC,208619767,COLUMBUS,OH,43215,,2020,2020,2020,1,250000,Zipline Logistics LLC,Economic Development Grant,Logistics and Distribution,1.00,250000,57,37,2019-Dec
EIN:264690600,ARLINGTON VALLEY FARMS LLC,ARLINGTON VALLEY FARMS LLC,264690600,HUDSON,OH,44236,,2021,2021,2021,1,250000,"Arlington Valley Farms, LLC",Economic Development Grant,Food and Agribusiness,1.00,250000,11,97,2020-Oct
EIN:824672012,CERAMFAB INCORPORATED,CERAMFAB INCORPORATED,824672012,EAST PALESTINE,OH,44413,,2021,2021,2021,1,250000,CeramFab Incorporated,Revitalization Grant,Advanced Manufacturing,1.00,250000,8,45,2021-Jan
EIN:352380696,HAGERTY INSURANCE AGENCY LLC,HAGERTY INSURANCE AGENCY LLC,352380696,TRAVERSE CITY,MI,49684,,2021,2021,2021,1,250000,"Hagerty Insurance Agency, LLC",Workforce Grant,Financial Services,1.00,250000,0,127,2020-Jan
EIN:341437898,KYOCERA SGS PRECISION TOOLS INC,KYOCERA SGS PRECISION TOOLS INC,341437898,CUYAHOGA FALLS,OH,44223,,2021,2021,2021,1,250000,"Kyocera SGS Precision Tools, Inc.",Economic Development Grant,Advanced Manufacturing,1.00,250000,209,0,2019-Oct
EIN:341675168,NIPPON PAINT AUTOMOTIVE AMERICAS INC,NIPPON PAINT AUTOMOTIVE AMERICAS INC,341675168,CLEVELAND,OH,44102,,2021,2021,2021,1,250000,,,,,,,,
EIN:222784144,OWENS-BROCKWAY GLASS CONTAINER INC,OWENS-BROCKWAY GLASS CONTAINER INC,222784144,ZANESVILLE,OH,43701,,2021,2021,2021,1,250000,Owens-Brockway Glass Container Inc.,Economic Development Grant,Advanced Manufacturing,1.00,250000,350,0,2020-Nov
EIN:341378660,CABINETWORKS GROUP MIDDLEFIELD LLC,CABINETWORKS GROUP MIDDLEFIELD LLC,341378660,MIDDLEFIELD,OH,44062,,2022,2022,2022,1,250000,,,,,,,,
EIN:341532037,CALIBER MOLD AND MACHINE INC,CALIBER MOLD AND MACHINE INC,341532037,AKRON,OH,44310,,2022,2023,2022 2023,2,250000,"Caliber Mold and Machine, Inc.",Revitalization Grant,Advanced,1.00,250000,21,70,2021-Sep
EIN:201702549,CIIC HOLDINGS LTD,CIIC HOLDINGS LTD,201702549,CLEVELAND,OH,44110,,2022,2022,2022,1,250000,CiiC Holdings Ltd.,Revitalization Grant,Advanced Manufacturing,1.00,250000,0,20,2018-Mar
EIN:201248880,CONAGRA FOODS PACKAGED FOODS LLC,CONAGRA FOODS PACKAGED FOODS LLC,201248880,ARCHBOLD,OH,43502,,2022,2022,2022,1,250000,"Conagra Foods Packaged Foods, LLC",Economic Development Grant; Workforce Grant,Food and Agribusiness,1.00,1250000,929,493,2016-Apr 2018-Apr 2018-Dec 2020-Jan 2022-Feb
EIN:310568575,GAYSTON CORPORATION,GAYSTON CORPORATION,310568575,MIAMISBURG,OH,45342,,2022,2022,2022,1,250000,Gayston Corporation,Economic Development Grant,Advanced,1.00,250000,87,41,2021-Sep
EIN:831024049,HOMETOWN FOOD COMPANY,HOMETOWN FOOD COMPANY,831024049,CHICAGO,IL,60661,,2022,2022,2022,1,250000,Hometown Food Company,Economic Development Grant,Food Sciences and Agriculture,1.00,250000,227,15,2019-Feb
EIN:316402113,OHIO UNIVERSITY,OHIO UNIVERSITY | OHIO UNIVSERSITY,316402113,ATHENS,OH,45701,501(C)(3),2022,2024,2022 2023 2024,3,250000,,,,,,,,
EIN:340750763,BIERY CHEESE CO,BIERY CHEESE CO,340750763,CHICAGO,IL,60673,,2023,2023,2023,1,250000,Biery Cheese Co.,Economic Development Grant,Food and Agribusiness,1.00,250000,449,51,2023-Jan
EIN:822257804,PRIME SOLON INVESTMENTS LLC,PRIME SOLON INVESTMENTS LLC,822257804,BRUNSWICK,OH,44212,,2023,2023,2023,1,250000,,,,,,,,
EIN:262673266,APA SOLAR LLC,APA SOLAR LLC,262673266,RIDGEVILLE CORNERS,OH,43555,,2024,2024,2024,1,250000,"APA Solar, LLC",Growth Fund Loan,Advanced Manufacturing,1.00,2000000,90,110,2023-Nov
EIN:812419784,ARDAGH METAL BEVERAGE USA INC,ARDAGH METAL BEVERAGE USA INC,812419784,CHICAGO,IL,60674,,2024,2024,2024,1,250000,Ardagh Metal Beverage USA Inc.,Economic Development Grant; Workforce Grant,Advanced Manufacturing,1.00,1750000,0,422,2021-Jun
EIN:340818723,GREGORY INDUSTRIES INC,GREGORY INDUSTRIES INC,340818723,CANTON,OH,44710,,2024,2024,2024,1,250000,"Gregory Industries, Inc.",Economic Development Grant,Advanced Manufacturing,1.00,250000,161,36,2023-Aug
EIN:314427476,OHIO STEEL INDUSTRIES INC,OHIO STEEL INDUSTRIES INC,314427476,COLUMBUS,OH,43224,,2024,2024,2024,1,250000,"Ohio Steel Industries, Inc.",Economic Development Grant,Advanced Manufacturing,1.00,250000,198,52,2023-Nov
EIN:814100770,SKULD LLC,SKULD LLC,814100770,LONDON,OH,43140,,2024,2024,2024,1,250000,SKULD LLC,Inclusion Grant; Revitalization Grant,Advanced Manufacturing,1.00,250000,4,53,2023-Apr 2024-Feb
EIN:364883768,TRI TECH LABORATORIES LLC,TRI TECH LABORATORIES LLC,364883768,NEW ALBANY,OH,43054,,2024,2024,2024,1,250000,"Tri-Tech Laboratories, LLC",Economic Development Grant,Advanced Manufacturing,1.00,250000,666,200,2022-Sep
EIN:344302060,THE MENNEL MILLING COMPANY,THE MENNEL MILLING COMPANY | The Mennel Milling Company,344302060,FOSTORIA,OH,44830,,2017,2024,2017 2024,2,249640,The Mennel Milling Company,Economic Development Grant; Research & Development Grant,Food and Agribusiness,1.00,1275000,340,22,2020-Aug 2024-Dec
EIN:471851866,LION FIRST RESPONDER PPE INC,LION FIRST RESPONDER PPE INC,471851866,DAYTON,OH,45414,,2020,2023,2020 2021 2023,3,249177,"Lion First Responder PPE, Inc.",Revitalization Grant,Advanced Manufacturing,1.00,50000,0,75,2018-Oct
EIN:311653157,MI-DE-CON INC,MI-DE-CON INC,311653157,IRONTON,OH,45638,,2021,2021,2021,1,248563,"Mi-De-Con, Inc.",Revitalization Grant,Energy and Chemicals,1.00,250000,75,15,2020-Jun
EIN:461426922,SAFRAN POWER USA LLC,SAFRAN POWER USA LLC,461426922,TWINSBURG,OH,44087,,2019,2022,2019 2021 2022,3,246423,"Safran Power USA, LLC",Economic Development Grant; Workforce Grant,Aerospace and Aviation,1.00,250000,113,7,2018-Apr 2020-Aug
EIN:205152109,TOTAL QUALITY LOGISTICS LLC,TOTAL QUALITY LOGISTICS LLC,205152109,MILFORD,OH,45150,,2022,2024,2022 2024,2,244175,"Total Quality Logistics, LLC",Economic Development Grant; Workforce Grant,Logistics and Distribution,1.00,7575000,2623,2191,2017-Dec 2019-Jun 2019-Nov 2021-Nov 2022-Sep
EIN:310411982,THE PROCTER & GAMBLE MANUFACTURING COMPANY,THE PROCTER & GAMBLE MANUFACTURING COMPANY,310411982,CINCINNATI,OH,45202,,2020,2024,2020 2024,2,241850,The Procter & Gamble Manufacturing Company,Economic Development Grant; Workforce Grant,Energy and Chemicals,1.00,1000000,749,186,2016-Oct 2023-Aug
EIN:831267351,AAG GLASS LLC,AAG GLASS LLC,831267351,BATAVIA,OH,45103,,2020,2021,2020 2021,2,241098,"AAG Glass, LLC",Workforce Grant,Automotive,1.00,100000,0,89,2018-Oct
EIN:881728901,SPRING & MAIN LLC,SPRING & MAIN LLC,881728901,LIMA,OH,45804,,2024,2024,2024,1,240000,,,,,,,,
EIN:825076139,PROTO PRECISION ADDITIVE LLC,PROTO PRECISION ADDITIVE LLC,825076139,HILLIARD,OH,43026,,2021,2021,2021,1,233423,"Proto Precision Additive, LLC",Economic Development Grant,Advanced Manufacturing,1.00,250000,3,40,2019-Nov
EIN:570276334,JM Smith Corporation,JM Smith Corporation,570276334,Carey,OH,43316,,2018,2018,2018,1,230000,JM Smith Corporation,Economic Development Grant,BioHealth,1.00,230000,0,50,2018-Apr
EIN:362596612,MEDLINE INDUSTRIES INC,MEDLINE INDUSTRIES INC,362596612,NORTHFIELD,IL,60093,,2020,2023,2020 2023,2,230000,"Medline Industries, Inc.",Workforce Grant,Healthcare,1.00,80000,0,150,2019-Mar
EIN:310547954,VEGA AMERICAS INC,VEGA AMERICAS INC | VEGA Americas Inc,310547954,MASON,OH,45036,,2016,2022,2016 2022,2,227500,"VEGA Americas, Inc.",Economic Development Grant,Advanced Manufacturing,1.00,275000,388,61,2020-Feb 2024-Jan
EIN:208040748,OPRONA INC,OPRONA INC | Oprona Inc,208040748,HOUSTON,TX,77032,,2015,2024,2015 2024,2,226287,"Oprona, Inc.",Economic Development Grant,Energy and Chemicals,1.00,200000,41,35,2023-Jul
EIN:363104688,Union Tank Car Company,Union Tank Car Company,363104688,Marion,OH,43302,,2016,2016,2016,1,225000,Union Tank Car Company,Economic Development Grant,Advanced Manufacturing,1.00,225000,117,200,2015-Aug
EIN:010499341,MODULA INC,MODULA INC,010499341,FRANKLIN,OH,45005,,2020,2020,2020,1,225000,Modula Inc.,Economic Development Grant,Advanced Manufacturing,1.00,625000,110,160,2019-Jul 2024-Oct
EIN:201498559,BDG WRAP-TITE INC,BDG WRAP-TITE INC,201498559,SOLON,OH,44139,,2021,2021,2021,1,225000,,,,,,,,
EIN:340894745,PRINCIPLE BUSINESS ENTERPRISES INC,PRINCIPLE BUSINESS ENTERPRISES INC,340894745,DUNBRIDGE,OH,43414,,2023,2024,2023 2024,2,225000,"Principle Business Enterprises, Inc.",Workforce Grant,Advanced Manufacturing,1.00,225000,337,34,2022-Apr
EIN:812174460,OATS OVERNIGHT INC,OATS OVERNIGHT INC,812174460,TEMPE,AZ,85281,,2024,2024,2024,1,225000,"Oats Overnight, Inc",Economic Development Grant,Food and Agribusiness,1.00,850000,179,359,2023-Oct 2025-Jun
EIN:134212209,Pillar Technology Group LLC,Pillar Technology Group LLC,134212209,Columbus,OH,43215,,2018,2018,2018,1,224642,"Pillar Technology Group, LLC",Research & Development Grant; Workforce Grant,Information Services and Software,1.00,2225000,154,85,2017-Dec 2018-Apr
EIN:820628587,BRANCH FINANCIAL INC,BRANCH FINANCIAL INC,820628587,COLUMBUS,OH,43215,,2021,2024,2021 2022 2023 2024,4,220670,,,,,,,,
EIN:475369803,EAGLE FAMILY FOODS GROUP LLC,EAGLE FAMILY FOODS GROUP LLC,475369803,RICHFIELD,OH,44286,,2021,2021,2021,1,215000,Eagle Family Foods Group LLC,Economic Development Grant,Food and Agribusiness,1.00,215000,54,56,2020-Apr
EIN:630139000,MCWANE INC,MCWANE INC,630139000,COSHOCTON,OH,43812,,2023,2024,2023 2024,2,212704,,,,,,,,
EIN:043689503,OHIO ASSOCIATED ENTERPRISES LLC,OHIO ASSOCIATED ENTERPRISES LLC,043689503,PAINESVILLE,OH,44077,,2021,2021,2021,1,211925,"Ohio Associated Enterprises, LLC",Revitalization Grant; Workforce Grant,Technology,1.00,300000,177,176,2020-Nov
EIN:823898039,MAGNODE LLC,MAGNODE LLC,823898039,TRENTON,NJ,45067,,2024,2024,2024,1,210250,"Magnode, LLC",Economic Development Grant,Advanced Manufacturing,1.00,200000,232,171,2021-Jun
EIN:900751535,Lakeview Farms LLC,Lakeview Farms LLC,900751535,Delphos,OH,45833,,2015,2015,2015,1,200000,,,,,,,,
EIN:208333491,Next Generation Films Inc,Next Generation Films Inc,208333491,Lexington,OH,44904,,2015,2016,2015 2016,2,200000,"Next Generation Films, Inc.",Growth Fund Loan; Workforce Grant,Advanced Manufacturing,1.00,4300000,606,278,2015-Oct 2017-Aug 2020-Mar
EIN:344346145,Sauder Woodworking Co,Sauder Woodworking Co,344346145,Archbold,OH,43502,,2015,2017,2015 2017,2,200000,Sauder Woodworking Co.,Economic Development Grant,Advanced Manufacturing,1.00,100000,1976,100,2015-Jun
EIN:341616556,Scranton Development Company,Scranton Development Company,341616556,Cleveland,OH,44113,,2015,2015,2015,1,200000,Scranton Development Company,Revitalization Grant Phase II,Other,1.00,200000,,,2015-May
EIN:451759535,Artiflex Manufacturing LLC,Artiflex Manufacturing LLC,451759535,Wooster,OH,44691,,2016,2016,2016,1,200000,,,,,,,,
EIN:341919610,Encore Industries Inc,Encore Industries Inc,341919610,Cambridge,OH,43725,,2016,2016,2016,1,200000,"Encore Industries, Inc.",Economic Development Grant,Advanced Manufacturing,1.00,200000,189,35,2015-Aug
EIN:146075575,Mohawk Fine Papers Inc,Mohawk Fine Papers Inc,146075575,Ashtabula,OH,44004,,2016,2016,2016,1,200000,,,,,,,,
EIN:272624327,TerraSmart LLC,TerraSmart LLC,272624327,Columbus,OH,43207,,2016,2016,2016,1,200000,TerraSmart LLC,Revitalization Grant,Advanced Manufacturing,1.00,200000,,31,2015-Aug
EIN:952797355,ThyssenKrupp Bilstein of America Inc,ThyssenKrupp Bilstein Of America | ThyssenKrupp Bilstein of America Inc,952797355,Hamilton,OH,45015,,2016,2017,2016 2017,2,200000,"ThyssenKrupp Bilstein of America, Inc.",Economic Development Grant,Automotive,1.00,500000,586,75,2022-May
EIN:341185757,Arhaus LLC,Arhaus LLC,341185757,Walton Hills,OH,44146,,2017,2017,2017,1,200000,,,,,,,,
EIN:311752403,Masters Pharmaceutical Inc,Masters Pharmaceutical Inc,311752403,Cincinnati,OH,45240,,2017,2017,2017,1,200000,"Masters Pharmaceutical, Inc.",Economic Development Grant,Biohealth,1.00,200000,229,100,2016-Mar
EIN:205839715,The Imperial Electric Company,The Imperial Electric Company,205839715,Middleport,OH,45760,,2017,2017,2017,1,200000,The Imperial Electric Company,Economic Development Grant,Advanced Manufacturing,1.00,200000,27,18,2016-Mar
EIN:361178800,Wilbert Plastic Services,Wilbert Plastic Services,361178800,Bellevue,OH,44811,,2017,2017,2017,1,200000,,,,,,,,
EIN:310798878,Marion Technical College,Marion Technical College,310798878,Marion,OH,43302,501(c)(3),2017,2017,2017,1,200000,,,,,,,,
EIN:202016358,COMPOSITE ADVANTAGE LLC,COMPOSITE ADVANTAGE LLC | Composite Advantage LLC,202016358,DAYTON,OH,45404,,2018,2022,2018 2022,2,200000,Composite Advantage LLC,Revitalization Grant,Advanced Manufacturing,1.00,325000,92,90,2017-Jun
EIN:942912316,Dole Fresh Vegetables Inc,Dole Fresh Vegetables Inc,942912316,Springfield,OH,45502,,2018,2018,2018,1,200000,,,,,,,,
EIN:980208105,JOHNSON MEDTECH LLC,JOHNSON MEDTECH LLC | Johnson Medtech LLC,980208105,METHUEN,MA,01844,,2018,2019,2018 2019,2,200000,,,,,,,,
EIN:352586251,KLK Property Holdings LLC,KLK Property Holdings LLC,352586251,Richfield,OH,44286,,2018,2018,2018,1,200000,,,,,,,,
EIN:464523320,Pretzel Baron Properties LLC,Pretzel Baron Properties LLC,464523320,Cincinnati,OH,45246,,2018,2018,2018,1,200000,Pretzel Baron LLC,Economic Development Grant,Food and Agribusiness,0.67,200000,10,49,2017-Oct
EIN:260379798,AEROCONTROLEX GROUP INC,AEROCONTROLEX GROUP INC,260379798,PAINESVILLE,OH,44077,,2019,2019,2019,1,200000,"Aerocontrolex Group, Inc.",Economic Development Grant,Aerospace and Aviation,1.00,200000,130,40,2018-Sep
EIN:340859271,BRENNAN INDUSTRIES INC,BRENNAN INDUSTRIES INC,340859271,SOLON,OH,44139,,2019,2019,2019,1,200000,"Brennan Industries, Inc.",Economic Development Grant,Advanced Manufacturing,1.00,200000,68,28,2019-Jan
EIN:346400671,CITY OF HURON,CITY OF HURON,346400671,HURON,OH,44839,,2019,2019,2019,1,200000,,,,,,,,
EIN:581493818,GEORGIA TSS INC (TOTAL SYSTEM SERVICES INC),GEORGIA TSS INC (TOTAL SYSTEM SERVICES INC),581493818,COLUMBUS,OH,43228,,2019,2019,2019,1,200000,"Georgia TSS, Inc. (Total System Services, Inc.)",Economic Development Grant,Financial Services,1.00,200000,0,145,2017-Dec
EIN:311611663,MANE INC,MANE INC,311611663,PALATINE,IL,60055,,2019,2024,2019 2024,2,200000,"Mane, Inc.",Economic Development Grant; Workforce Grant,Food and Agribusiness,1.00,200000,435,116,2016-Jul 2023-May
EIN:823810794,MSW RE 1 INC,MSW RE 1 INC,823810794,VANDALIA,OH,45414,,2019,2019,2019,1,200000,,,,,,,,
EIN:263444991,NIPPON STEEL INTEGRATED CRANKSHAFT LLC,NIPPON STEEL INTEGRATED CRANKSHAFT LLC,263444991,FOSTORIA,OH,44830,,2019,2019,2019,1,200000,Nippon Steel Integrated Crankshaft LLC,Economic Development Grant,Automotive,1.00,200000,102,33,2019-Apr
EIN:341923454,THERMA-TRU CORP CLAWBACK,THERMA-TRU CORP | THERMA-TRU CORP CLAWBACK,341923454,MAUMEE,OH,43537,,2019,2021,2019 2021,2,200000,Therma-Tru Corp.,Economic Development Grant,Advanced Manufacturing,0.67,350000,224,38,2017-Aug
EIN:203900803,DEDIENNE AEROSPACE,DEDIENNE AEROSPACE,203900803,BATAVIA,OH,45103,,2020,2020,2020,1,200000,Dedienne Aerospace,Economic Development Grant,Aerospace and Aviation,1.00,200000,0,40,2018-Apr
EIN:611624649,EXCELITAS TECHNOLOGIES CORP,EXCELITAS TECHNOLOGIES CORP,611624649,MIAMISBURG,OH,45342,,2020,2020,2020,1,200000,Excelitas Technologies Corp.,Economic Development Grant,Advanced Manufacturing,1.00,200000,140,30,2018-Aug
EIN:831942321,KEI REALTY HOLDINGS LLC,KEI REALTY HOLDINGS LLC,831942321,TOLEDO,OH,43617,,2020,2020,2020,1,200000,,,,,,,,
EIN:311609501,NATURE'S ONE LLC,NATURE'S ONE LLC,311609501,HEATH,OH,43056,,2020,2020,2020,1,200000,"Nature's One, LLC",Economic Development Grant,Food Sciences and Agriculture,1.00,200000,0,22,2019-Apr
EIN:273330722,NIDEC MOTOR CORPORATION,NIDEC MOTOR CORPORATION,273330722,BROOKLYN HEIGHTS,OH,44131,,2020,2020,2020,1,200000,Nidec Motor Corporation,Economic Development Grant,Advanced Manufacturing,1.00,200000,130,29,2019-May
EIN:920191641,RHINOSYSTEMS INC,RHINOSYSTEMS INC,920191641,BROOKLYN,OH,44144,,2020,2020,2020,1,200000,"RhinoSystems, Inc.",Economic Development Grant,Healthcare,1.00,200000,17,117,2018-Oct
EIN:341670663,THE ADCOM GROUP INC,THE ADCOM GROUP INC,341670663,CLEVELAND,OH,44113,,2020,2020,2020,1,200000,"The Adcom Group, Inc.",Revitalization Grant,IT,1.00,200000,90,46,2020-Apr
EIN:980442575,VEHTEK SYSTEMS INC,VEHTEK SYSTEMS INC,980442575,BOWLING GREEN,OH,43402,,2020,2020,2020,1,200000,Vehtek Systems Inc.,Economic Development Grant,Automotive,1.00,700000,760,171,2019-Mar 2025-Jan
EIN:800298170,WELLPET LLC,WELLPET LLC,800298170,LOCKBOURNE,OH,43137,,2020,2020,2020,1,200000,WellPet LLC,Economic Development Grant,Logistics and Distribution,1.00,200000,0,45,2019-Mar
EIN:310620191,BRAKEFIRE INCORPORATED,BRAKEFIRE INCORPORATED,310620191,EVENDALE,OH,45241,,2021,2021,2021,1,200000,"Brakefire, Incorporated",Economic Development Grant,Other,1.00,200000,107,48,2020-Aug
EIN:208677704,CALLIBRITY SOLUTIONS LLC,CALLIBRITY SOLUTIONS LLC,208677704,CINCINNATI,OH,45242,,2021,2021,2021,1,200000,,,,,,,,
EIN:860221312,O'REILLY AUTO ENTERPRISES LLC,O'REILLY AUTO ENTERPRISES LLC,860221312,TWINSBURG,OH,44087,,2021,2021,2021,1,200000,"O'Reilly Auto Enterprises, LLC",Workforce Grant,Logistics and Distribution,1.00,200000,0,350,2020-Apr
EIN:311418092,SCHLABACH WOOD DESIGN INC,SCHLABACH WOOD DESIGN INC,311418092,BALTIC,OH,43894,,2021,2021,2021,1,200000,"Schlabach Wood Design, Inc.",Economic Development Grant,Advanced Manufacturing,1.00,200000,83,55,2020-Sep
EIN:311645116,STEELIAL WELDING & METAL FABRICATION INC,STEELIAL WELDING & METAL FABRICATION INC,311645116,VINTON,OH,45686,,2021,2021,2021,1,200000,"Steelial Welding & Metal Fabrication, Inc.",Revitalization Grant,Advanced Manufacturing,1.00,150000,55,30,2018-Sep
EIN:853520068,TIGHTLINE REAL ESTATE HOLDINGS LLC,TIGHTLINE REAL ESTATE HOLDINGS LLC,853520068,MILFORD,OH,45150,,2021,2021,2021,1,200000,,,,,,,,
EIN:471035156,TOPCO AMERICA LLC,TOPCO AMERICA LLC,471035156,BLUE ASH,OH,45242,,2021,2021,2021,1,200000,"Topco America, LLC",Economic Development Grant,Other,1.00,200000,46,35,2021-Jan
EIN:880377766,(KROY LLC) KROY LLC A NEVADA LIMITED LIABILITY COMPANY,(KROY LLC) KROY LLC A NEVADA LIMITED LIABILITY COMPANY,880377766,CLEVELAND,OH,44103,,2022,2022,2022,1,200000,,,,,,,,
EIN:341914556,ARBORWEAR LLC,ARBORWEAR LLC,341914556,CHAGRIN FALLS,OH,44023,,2022,2022,2022,1,200000,Arborwear LLC,Revitalization Grant,Advanced Manufacturing,1.00,200000,54,42,2020-Nov
EIN:310882540,ATS OHIO INC,ATS OHIO INC,310882540,LEWIS CENTER,OH,43035,,2022,2022,2022,1,200000,"ATS Ohio, Inc.",Economic Development Grant,Advanced Manufacturing,1.00,200000,105,40,2019-Jul
EIN:344420713,BINKELMAN CORPORATION,BINKELMAN CORPORATION,344420713,BOWLING GREEN,OH,43402,,2022,2022,2022,1,200000,Binkelman Corporation,Economic Development Grant,Advanced,1.00,200000,29,15,2021-Jul
EIN:161128471,CENTURY MOLD COMPANY INC,CENTURY MOLD COMPANY INC,161128471,MIDDLETOWN,OH,45044,,2022,2022,2022,1,200000,"Century Mold Company, Inc.",Economic Development Grant,Automotive,1.00,200000,54,70,2021-Oct
EIN:831027486,CSA AMERICA TESTING & CERTIFICATION LLC,CSA AMERICA TESTING & CERTIFICATION LLC,831027486,INDEPENDENCE,OH,44131,,2022,2022,2022,1,200000,CSA America Testing & Certification LLC,Economic Development Grant; Revitalization Grant,Other,1.00,600000,206,117,2021-May 2026-Feb
EIN:872778954,JAMLAND2 LLC,JAMLAND2 LLC,872778954,TOLEDO,OH,43612,,2022,2022,2022,1,200000,,,,,,,,
EIN:314244940,LANCASTER COLONY CORPORATION,LANCASTER COLONY CORPORATION,314244940,WESTERVILLE,OH,43081,,2022,2022,2022,1,200000,Lancaster Colony Corporation,Economic Development Grant,Food and Agribusiness,1.00,200000,104,20,2021-Jun
EIN:843382410,NUVIK USA INC,NUVIK USA INC,843382410,GAHANNA,OH,43230,,2022,2022,2022,1,200000,"Nuvik USA, Inc.",Economic Development Grant,Advanced Manufacturing,1.00,400000,46,71,2021-Jun 2026-Jan
EIN:834693967,RSL LLC,RSL LLC,834693967,WARREN,OH,44483,,2022,2022,2022,1,200000,RSL LLC,Economic Development Grant,Advanced Manufacturing,1.00,200000,40,33,2020-Nov
EIN:273454290,TEMEG HOLDINGS INC,TEMEG HOLDINGS INC,273454290,HUDSON,OH,44236,,2022,2022,2022,1,200000,Temeg Holdings Inc,Economic Development Grant,Healthcare,1.00,200000,210,60,2021-Jun
EIN:314271820,THE OHIO VALLEY BANK COMPANY,THE OHIO VALLEY BANK COMPANY,314271820,GALLIPOLIS,OH,45631,,2022,2022,2022,1,200000,The Ohio Valley Bank Company,Revitalization Grant,Financial Services,1.00,200000,240,0,2019-Feb
EIN:911387913,AVELO AIRLINES INC,AVELO AIRLINES INC,911387913,HOUSTON,TX,77046,,2023,2024,2023 2024,2,200000,,,,,,,,
EIN:262058192,BW PARTNERS LTD,BW PARTNERS LTD,262058192,MIAMISBURG,OH,45458,,2023,2023,2023,1,200000,"BW PARTNERS, LTD.",Spec Development (OSIP),TBD,1.00,200000,,,2022-Sep
EIN:311728288,VELOCYS INC,VELOCYS INC,311728288,PLAIN CITY,OH,43064,,2023,2023,2023,1,200000,"Velocys, Inc.",Economic Development Grant,Energy and Chemicals,1.00,200000,14,19,2022-Sep
EIN:881346424,YELLOWSTONE INDUSTRIAL LLC,YELLOWSTONE INDUSTRIAL LLC,881346424,GIRARD,OH,44420,,2023,2023,2023,1,200000,"Yellowstone Industrial, LLC",Revitalization Grant,Advanced Manufacturing,1.00,200000,0,25,2022-Dec
EIN:943470237,ADB SAFEGATE AMERICAS LLC,ADB SAFEGATE AMERICAS LLC,943470237,NEW YORK,NY,10087,,2024,2024,2024,1,200000,ADB Safegate Americas LLC,Economic Development Grant,Advanced Manufacturing,1.00,200000,202,24,2022-Nov
EIN:341282776,K&M INTERNATIONAL,K&M INTERNATIONAL,341282776,TWINSBURG,OH,44087,,2024,2024,2024,1,200000,"K. & M. International, Inc.",Economic Development Grant,Logistics and Distribution,1.00,200000,87,45,2023-May
EIN:473134140,MADDOX INDUSTRIAL TRANSFORMER LLC,MADDOX INDUSTRIAL TRANSFORMER LLC,473134140,GREER,SC,29651,,2024,2024,2024,1,200000,"Maddox Industrial Transformer, LLC",Economic Development Grant,Advanced Manufacturing,1.00,200000,0,50,2023-Oct
EIN:341650951,RGH ENTERPRISES LLC,RGH ENTERPRISES LLC,341650951,DUBLIN,OH,43017,,2024,2024,2024,1,200000,"RGH Enterprises, LLC",Economic Development Grant,Healthcare,1.00,200000,0,75,2023-May
EIN:314153030,THE COLUMBUS CLUB,THE COLUMBUS CLUB,314153030,COLUMBUS,OH,43215,,2024,2024,2024,1,200000,,,,,,,,
EIN:800814251,GEO-TECH POLYMERS LLC,GEO-TECH POLYMERS LLC,800814251,WAVERLY,OH,45690,,2019,2020,2019 2020,2,198860,"Geo-Tech Polymers, LLC",Economic Development Grant; Revitalization Grant,Energy and Chemicals,1.00,200000,40,116,2018-Dec
EIN:272573256,Garrett Wood LLC,Garrett Wood LLC,272573256,Lexington,KY,40502,,2016,2016,2016,1,196000,,,,,,,,
EIN:475030627,MCLANE OHIO INC,MCLANE OHIO INC,475030627,FINDLAY,OH,45840,,2019,2020,2019 2020,2,195301,,,,,,,,
EIN:472250959,ELYRIA COMMUNITY IMPROVEMENT CORPORATION,ELYRIA COMMUNITY IMPROVEMENT CORPORATION,472250959,ELYRIA,OH,44035,501(C)(3),2019,2019,2019,1,192889,Elyria Community Improvement Corporation,Revitalization Grant,Advanced Manufacturing,1.00,300000,60,5,2017-Apr
EIN:311398219,Geiger Excavating Inc,Geiger Excavating Inc,311398219,Gahanna,OH,43230,,2016,2016,2016,1,192393,"Geiger Excavating, Inc.",Revitalization Grant Phase II,Other,1.00,192393,,,2015-Jul
EIN:204718296,Al Neyer LLC,Al Neyer LLC,204718296,Cincinnati,OH,45202,,2017,2017,2017,1,190021,"Al. Neyer, LLC",Revitalization Grant Phase II,Other,1.00,101000,0,,2015-Sep
EIN:310796550,ZANE STATE COLLEGE,ZANE STATE COLLEGE,310796550,ZANESVILLE,OH,43701,,2021,2021,2021,1,189000,,,,,,,,
EIN:815322241,H2W Consulting LLC,H2W Consulting LLC,815322241,Columbus,OH,43215,,2017,2017,2017,1,187500,,,,,,,,
EIN:611346414,DIVISIONS INC,DIVISIONS INC,611346414,CHICAGO,IL,60677,,2024,2024,2024,1,184411,,,,,,,,
EIN:202164234,CROCS INC,CROCS INC,202164234,PITTSBURGH,PA,15264,,2020,2022,2020 2021 2022,3,184324,,,,,,,,
EIN:760795388,NEXUS ENGINEERING GROUP LLC,NEXUS ENGINEERING GROUP LLC,760795388,CLEVELAND,OH,44115,,2023,2024,2023 2024,2,183495,"Nexus Engineering Group, LLC",Economic Development Grant,Other,1.00,200000,125,65,2021-Sep
EIN:811145148,SPERRY & RICE LLC,SPERRY & RICE LLC,811145148,KILL BUCK,OH,44637,,2021,2024,2021 2022 2024,3,182844,"Sperry & Rice, LLC",Economic Development Grant,Advanced Manufacturing,1.00,200000,53,30,2020-Nov
EIN:316001082,VILLAGE OF RIPLEY,VILLAGE OF RIPLEY,316001082,RIPLEY,OH,45167,,2019,2021,2019 2021,2,179500,,,,,,,,
EIN:341916518,,,341916518,,,,501(c)(3),2014,2014,2014,1,176000,,,,,,,,
EIN:364867239,CANDID CARE CO,CANDID CARE CO | CANDID CARE CO INC,364867239,NEW YORK,NY,10003,,2019,2021,2019 2020 2021,3,175839,,,,,,,,
EIN:360700810,ACE HARDWARE CORPORATION,ACE HARDWARE CORPORATION | Ace Hardware Corporation,360700810,WEST JEFFERSON,OH,43162,,2015,2021,2015 2021,2,175000,Ace Hardware Corporation,Economic Development Grant,Logistics and Distribution,1.00,100000,130,72,2018-Oct
EIN:823297322,4371 Pearl Road LLC,4371 Pearl Road LLC,823297322,Cleveland,OH,44115,,2018,2018,2018,1,175000,,,,,,,,
EIN:371878747,FOR-TECH USA LLC,FOR-TECH USA LLC,371878747,PIQUA,OH,45356,,2020,2021,2020 2021,2,175000,"For-Tech USA, LLC",Revitalization Grant,Advanced Manufacturing,1.00,175000,2,20,2019-Sep
EIN:270543481,SOLE CHOICE INC,SOLE CHOICE INC,270543481,PORTSMOUTH,OH,45662,,2021,2021,2021,1,175000,"Sole Choice, Inc.",Revitalization Grant,Advanced Manufacturing,1.00,175000,35,30,2020-Nov
EIN:340654854,CHALFANT MANUFACTURING COMPANY,CHALFANT MANUFACTURING COMPANY,340654854,BRUNSWICK,OH,44212,,2023,2023,2023,1,175000,Chalfant Manufacturing Company,Economic Development Grant,Advanced Manufacturing,1.00,175000,35,22,2019-Sep
EIN:270733747,CERKL INCORPORATED,CERKL INCORPORATED,270733747,BLUE ASH,OH,45242,,2023,2024,2023 2024,2,173486,,,,,,,,
EIN:813793558,20100 ST CLAIR AVENUE LLC,20100 ST CLAIR AVENUE LLC,813793558,EUCLID,OH,44117,,2020,2020,2020,1,168185,"20100 ST. CLAIR AVENUE, LLC",Revitalization Grant Phase II,Other,1.00,175030,0,0,2018-Apr
EIN:450508423,LIBERTY CASTING COMPANY LLC,LIBERTY CASTING COMPANY LLC,450508423,DELAWARE,OH,43015,,2021,2021,2021,1,167724,,,,,,,,
EIN:205316317,CLASSIC NORTHERN INVESTMENTS LTD,CLASSIC NORTHERN INVESTMENTS LTD,205316317,MARION,OH,43301,,2024,2024,2024,1,167500,,,,,,,,
EIN:815275280,GRIFFON HOLDINGS,GRIFFON HOLDINGS | GRIFFON HOLDINGS LLC,815275280,LITCHFIELD,OH,44253,,2022,2023,2022 2023,2,166568,Griffon Holdings LLC,Economic Development Grant,Advanced Manufacturing,1.00,200000,0,45,2020-Dec
EIN:382788802,ABC INOAC EXTERIOR SYSTEMS LLC,ABC INOAC EXTERIOR SYSTEMS LLC,382788802,FREMONT,OH,43420,,2022,2023,2022 2023,2,162458,,,,,,,,
EIN:311399268,RIDGE CORPORATION,RIDGE CORPORATION | Ridge Corporation,311399268,PATASKALA,OH,43062,,2015,2024,2015 2022 2023 2024,4,160997,,,,,,,,
EIN:621551944,Umicore Specialty Materials Recycling LLC,Umicore Specialty Materials Recycling LLC,621551944,Wickliffe,OH,44092,,2017,2017,2017,1,157043,Umicore Specialty Materials Recycling LLC,Revitalization Grant; Revitalization Grant Phase II,Polymers & Chemicals,1.00,788000,44,30,2015-Jan
EIN:346003189,City of Youngstown,City of Youngstown,346003189,Youngstown,OH,44503,,2016,2016,2016,1,154783,,,,,,,,
EIN:341695487,Ashtabula County Port Authority,Ashtabula County Port Authority,341695487,Jefferson,OH,44047,,2018,2018,2018,1,151853,Ashtabula County Port Authority,Revitalization Grant Phase II,Food Processing,1.00,171973,,0,2016-Dec
EIN:263199128,,,263199128,,,,,2014,2014,2014,1,150000,,,,,,,,
EIN:340971763,Hynes Industries Inc,Hynes Industries Inc,340971763,Austintown,OH,44515,,2015,2015,2015,1,150000,,,,,,,,
EIN:383496076,Meijer Stores Limited Partnership,Meijer Stores Limited Partnership,383496076,Grand Rapids,MI,49501,,2015,2015,2015,1,150000,Meijer Stores Limited Partnership,Workforce Grant,Food and Agribusiness,1.00,200000,976,137,2021-Jun
EIN:271509190,Columbus 2020,Columbus 2020,271509190,Columbus,OH,43215,501(c)(6),2015,2015,2015,1,150000,,,,,,,,
EIN:311734210,Egelhof Controls Corp,Egelhof Controls Corp,311734210,Toledo,OH,43611,,2016,2016,2016,1,150000,Egelhof Controls Corp.,Workforce Grant,Automotive,1.00,150000,40,11,2015-Apr
EIN:272252732,HDI Landing Gear USA Inc,HDI Landing Gear USA Inc,272252732,Springfield,OH,45506,,2016,2017,2016 2017,2,150000,,,,,,,,
EIN:463221951,Pratt (Lewisburg Corrugating) LLC,Pratt (Lewisburg Corrugating) LLC,463221951,Lewisburg,OH,45338,,2016,2016,2016,1,150000,"Pratt (Lewisburg Corrugating), LLC",Workforce Grant,Advanced Mfg.,1.00,150000,,140,2015-Mar
EIN:262590893,HSNi LLC,HSNi LLC,262590893,St Petersburg,FL,33729,,2017,2017,2017,1,150000,"HSNi, LLC",Workforce Grant,Other,1.00,150000,,200,2015-Oct
EIN:030607461,deSter Corporation,deSter Corporation,030607461,CollegePark,GA,30337,,2018,2018,2018,1,150000,deSter Corporation,Economic Development Grant; Revitalization Grant,Advanced Manufacturing,1.00,300000,0,140,2017-Dec
EIN:431680037,Harbisonwalker International Inc,Harbisonwalker International Inc,431680037,Moon Township,PA,15108,,2018,2018,2018,1,150000,,,,,,,,
EIN:261997145,Nexen Tire America Inc,Nexen Tire America Inc,261997145,Richfield,OH,44286,,2018,2018,2018,1,150000,,,,,,,,
EIN:383629823,syncreon America Inc,syncreon America Inc,383629823,Auburn Hills,MI,48326,,2018,2018,2018,1,150000,syncreon America Inc.,Economic Development Grant,Logistics and Distribution,1.00,150000,277,8,2018-Jan
EIN:133607217,Warehouse Associates LP,Warehouse Associates LP,133607217,Lima,OH,45804,,2018,2018,2018,1,150000,,,,,,,,
EIN:582611718,ALPLA INC,ALPLA INC,582611718,LIMA,OH,45806,,2019,2019,2019,1,150000,ALPLA Inc.,Economic Development Grant; Workforce Grant,Advanced Manufacturing,1.00,150000,94,79,2018-Aug 2018-Jan
EIN:204772714,PAS TECHNOLOGIES INC,PAS TECHNOLOGIES INC,204772714,HILLSBORO,OH,45133,,2019,2019,2019,1,150000,PAS Technologies Inc.,Economic Development Grant,Aerospace and Aviation,1.00,150000,173,20,2018-Apr
EIN:311778278,CAMBRIDGE-GUERNSEY COUNTY COMMUNITY IMPROVEMENT CORPORATION,CAMBRIDGE-GUERNSEY COUNTY COMMUNITY IMPROVEMENT CORPORATION,311778278,CAMBRIDGE,OH,43725,,2020,2020,2020,1,150000,,,,,,,,
EIN:465041467,FUND THAT FLIP INC,FUND THAT FLIP INC,465041467,CLEVELAND,OH,44113,,2020,2020,2020,1,150000,"Fund That Flip, Inc",Workforce Grant,Financial Services,1.00,150000,31,124,2020-Jan
EIN:330517898,NORTHROP GRUMMAN INNOVATION SYSTEMS,NORTHROP GRUMMAN INNOVATION SYSTEMS,330517898,BEAVERCREEK,OH,45430,,2020,2020,2020,1,150000,,,,,,,,
EIN:341827361,PINNACLE TECHNOLOGY GROUP INC,PINNACLE TECHNOLOGY GROUP INC,341827361,OTTAWA LAKE,MI,49267,,2020,2020,2020,1,150000,"Pinnacle Technology Group, Inc.",Economic Development Grant,Advanced Manufacturing,1.00,150000,0,35,2019-Oct
EIN:311776202,UNITED PRECISION SERVICES INC,UNITED PRECISION SERVICES INC,311776202,CINCINNATI,OH,45240,,2020,2020,2020,1,150000,,,,,,,,
EIN:831533341,5500 BUILDING LLC,5500 BUILDING LLC,831533341,CLEVELAND,OH,44103,,2021,2021,2021,1,150000,"5500 Building, LLC",Revitalization Grant,Healthcare,1.00,150000,35,60,2020-May
EIN:610502302,DOLGENCORP LLC,DOLGENCORP LLC,610502302,ZANESVILLE,OH,43701,,2021,2021,2021,1,150000,"Dolgencorp, LLC",Economic Development Grant,Logistics and Distribution,1.00,450000,758,100,2019-Jul 2020-Jun
EIN:020572651,INTELLITEACH INC,INTELLITEACH INC,020572651,ATLANTA,GA,30303,,2021,2021,2021,1,150000,Intelliteach Inc.,Workforce Grant,IT,1.00,150000,0,132,2020-Jan
EIN:311092812,NEATON AUTO PRODUCTS MANUFACTURING INC,NEATON AUTO PRODUCTS MANUFACTURING INC,311092812,EATON,OH,45320,,2021,2021,2021,1,150000,"Neaton Auto Products Manufacturing, Inc.",Economic Development Grant,Automotive,1.00,250000,678,70,2020-May
EIN:344473514,PERRY PRO TECH INC,PERRY PRO TECH INC,344473514,LIMA,OH,45801,,2021,2021,2021,1,150000,"Perry Pro Tech, Inc.",Economic Development Grant,Technology,1.00,150000,78,0,2020-Nov
EIN:262786046,UPDOX LLC,UPDOX LLC,262786046,DUBLIN,OH,43017,,2021,2021,2021,1,150000,Updox LLC,Workforce Grant,IT,1.00,150000,92,45,2020-Apr
EIN:208104524,USA VINYL LLC,USA VINYL LLC,208104524,GROVEPORT,OH,43125,,2021,2021,2021,1,150000,,,,,,,,
EIN:842782969,ALENE POLLEN LLC,ALENE POLLEN LLC,842782969,MILFORD,NH,03055,,2022,2022,2022,1,150000,"Alene Pollen, LLC",Economic Development Grant,Advanced Manufacturing,1.00,150000,176,58,2020-Apr
EIN:222784124,CENTOR INC,CENTOR INC,222784124,MILLERSBURG,OH,44654,,2022,2022,2022,1,150000,"Centor, Inc.",Workforce Grant,Healthcare,1.00,150000,205,46,2021-Jun
EIN:341044431,COASTAL PET PRODUCTS INC,COASTAL PET PRODUCTS INC,341044431,ALLIANCE,OH,44601,,2022,2022,2022,1,150000,"Coastal Pet Products, Inc.",Workforce Grant,Advanced Manufacturing,1.00,150000,450,74,2021-Mar
EIN:861365263,GREEN MEADOWS PAPER COMPANY,GREEN MEADOWS PAPER COMPANY,861365263,MASSILLON,OH,44647,,2022,2022,2022,1,150000,Green Meadows Paper Company,Workforce Grant,Advanced Manufacturing,1.00,150000,63,65,2021-Aug
EIN:860802110,INTERNATIONAL TECHNICAL COATINGS INC,INTERNATIONAL TECHNICAL COATINGS INC,860802110,COLUMBUS,OH,43207,,2022,2022,2022,1,150000,"International Technical Coatings, Inc.",Economic Development Grant,Advanced,1.00,150000,165,67,2021-Sep
EIN:341778077,REVENUE ASSISTANCE CORPORATION,REVENUE ASSISTANCE CORPORATION,341778077,CLEVELAND,OH,44114,,2022,2023,2022 2023,2,150000,Revenue Assistance Corporation,Workforce Grant,Healthcare,1.00,150000,297,156,2021-Mar
EIN:272293444,CHEER PACK NORTH AMERICA LLC,CHEER PACK NORTH AMERICA LLC,272293444,WEST BRIDGEWATER,MA,02379,,2023,2023,2023,1,150000,,,,,,,,
EIN:873928846,ENDLESS DISCOVERY HOLDINGS LLC,ENDLESS DISCOVERY HOLDINGS LLC,873928846,CHARDON,OH,44024,,2023,2023,2023,1,150000,,,,,,,,
EIN:340471740,PRINCE & IZANT LLC,PRINCE & IZANT LLC,340471740,CLEVELAND,OH,44130,,2023,2023,2023,1,150000,The Prince & Izant Company,Economic Development Grant,Advanced Manufacturing,1.00,150000,104,21,2020-Nov
EIN:205345851,RAVAGO AMERICAS LLC,RAVAGO AMERICAS LLC,205345851,ORLANDO,FL,32803,,2023,2023,2023,1,150000,Ravago Americas LLC,Economic Development Grant,Energy and Chemicals,1.00,150000,35,40,2019-May
EIN:851804991,STARSTONE US INTERMEDIARIES INC,STARSTONE US INTERMEDIARIES INC,851804991,COLUMBIA,SC,29223,,2023,2023,2023,1,150000,"StarStone US Intermediaries, Inc.",Economic Development Grant,Financial Services,1.00,150000,12,40,2021-Sep
EIN:462990322,XCESS LIMITED,XCESS LIMITED,462990322,WOOSTER,OH,44691,,2023,2023,2023,1,150000,Xcess Limited,Economic Development Grant,Logistics and Distribution,1.00,150000,40,125,2019-Jan
EIN:260013885,BROCK AIR PRODUCTS INC,BROCK AIR PRODUCTS INC,260013885,TROY,MI,45373,,2024,2024,2024,1,150000,"Brock Air Products, Inc.",Economic Development Grant,Advanced Manufacturing,1.00,150000,78,120,2023-Jul
EIN:814442785,DIGITAL ROOM LLC,DIGITAL ROOM LLC,814442785,VAN NUYS,CA,91406,,2024,2024,2024,1,150000,Digital Room LLC,Economic Development Grant,Advanced Manufacturing,1.00,150000,111,60,2021-Mar
EIN:452676797,GVS FILTRATION INC,GVS FILTRATION INC,452676797,FINDLAY,OH,45840,,2024,2024,2024,1,150000,GVS Filtration Inc.,Revitalization Grant,Automotive,1.00,500000,0,150,2023-Jun
EIN:250542520,KRAFT HEINZ FOODS COMPANY,KRAFT HEINZ FOODS COMPANY,250542520,GLENVIEW,IL,60025,,2024,2024,2024,1,150000,Kraft Heinz Foods Company (LLC),Workforce Grant,Food and,1.00,150000,337,20,2021-Sep
EIN:873879236,LIQUID MANUFACTURING SOLUTIONS,LIQUID MANUFACTURING SOLUTIONS,873879236,FRANKLIN,TN,45005,,2024,2024,2024,1,150000,"Liquid Manufacturing Solutions, LLC",Economic Development Grant,Food and Agribusiness,1.00,150000,36,29,2023-Jul
EIN:314190600,THE GLOCKNER CHEVROLET COMPANY,THE GLOCKNER CHEVROLET COMPANY,314190600,PORTSMOUTH,OH,45662,,2024,2024,2024,1,150000,The Glockner Chevrolet Company,Revitalization Grant,Other,1.00,150000,35,2,2022-Jul
EIN:352022237,WELCH PACKAGING GROUP INC,WELCH PACKAGING GROUP INC,352022237,ELKHART,IN,46516,,2024,2024,2024,1,150000,Welch Packaging Group,Economic Development Grant,Advanced Manufacturing,1.00,150000,0,50,2024-Mar
EIN:222379300,WILSON SPORTING GOODS COMPANY,WILSON SPORTING GOODS COMPANY,222379300,ADA,OH,45810,,2024,2024,2024,1,150000,Wilson Sporting Goods Co.,Economic Development Grant,Advanced Manufacturing,1.00,150000,142,30,2023-Jul
EIN:300869183,TPAM INC,TPAM INC,300869183,TOLEDO,OH,43611,,2019,2020,2019 2020,2,149619,TPAM INC.,Economic Development Grant,Advanced Manufacturing,1.00,560000,65,146,2018-Sep 2023-Aug 2024-Nov
EIN:383697656,Miami Valley Manufacturing & Assembly Inc,Miami Valley Manufacturing & Assembly Inc,383697656,Dayton,OH,45431,,2016,2016,2016,1,145907,,,,,,,,
EIN:202105810,OEDA,OEDA,202105810,COLUMBUS,OH,43215,501(C)(6),2020,2020,2020,1,145350,,,,,,,,
EIN:261520180,VAM USA LLC,VAM USA LLC,261520180,Youngstown,OH,44510,,2016,2016,2016,1,145217,"VAM USA, LLC",Revitalization Grant,Advanced Mfg.,1.00,300000,12,71,2015-Feb
EIN:844863234,TEXTUM OPCO LLC,TEXTUM OPCO LLC,844863234,BELMONT,NC,28012,,2024,2024,2024,1,142892,"Textum OPCO, LLC",Economic Development Grant,Advanced Manufacturing,1.00,145000,3,22,2022-May
EIN:346000504,City of Canton,City of Canton,346000504,Canton,OH,44702,,2018,2018,2018,1,142480,City of Canton,Revitalization Grant Phase II,Advanced Manufacturing,1.00,148215,,,2016-Mar
EIN:813538518,Alcott Holdings LLC,Alcott Holdings LLC,813538518,London,OH,43140,,2017,2017,2017,1,140816,Alcott Holdings LLC,Revitalization Grant Phase II,Logistics and Distribution,1.00,145500,,0,2016-Dec
NAME:development solutions,DEVELOPMENT SOLUTIONS,DEVELOPMENT SOLUTIONS,,NEW RIEGEL,OH,44853,,2024,2024,2024,1,140580,,,,,,,,
EIN:341126813,APOLLO CAREER CENTER,APOLLO CAREER CENTER,341126813,LIMA,OH,45806,,2020,2020,2020,1,140000,,,,,,,,
EIN:341468011,Daniel's Amish Collection LLC,Daniel's Amish Collection LLC,341468011,Killbuck,OH,44637,,2018,2018,2018,1,139347,"Daniel’s Amish Collection, LLC",Revitalization Grant,Advanced Manufacturing,1.00,140000,150,25,2016-Oct
EIN:473019794,CHARTER NEXT GENERATION INC,CHARTER NEXT GENERATION INC,473019794,MILTON,WI,53563,,2023,2023,2023,1,138456,"Charter Next Generation, Inc.",Workforce Grant,Advanced Manufacturing,1.00,800000,1236,425,2022-Feb 2025-Mar
EIN:133934027,PCS Nitrogen Ohio L P,PCS Nitrogen Ohio L P,133934027,Lima,OH,45804,,2017,2017,2017,1,137500,"PCS Nitrogen Ohio, L.P.",Economic Development Grant,Energy and Chemicals,1.00,1200000,177,20,2024-Mar
EIN:310843022,Tri-Rivers Career Center or Center for Adult Educa,Tri-Rivers Career Center or Center for Adult Educa,310843022,Marion,OH,43302,,2018,2018,2018,1,137000,,,,,,,,
EIN:341412951,DEFORD BUILDING LLC,DEFORD BUILDING LLC,341412951,OTTAWA,OH,45875,,2024,2024,2024,1,136775,,,,,,,,
EIN:454001073,ContactUS LLC,ContactUS LLC,454001073,Columbus,OH,43026,,2015,2015,2015,1,135000,,,,,,,,
EIN:340690321,The Malish Corporation,The Malish Corporation,340690321,Willoughby,OH,44094,,2016,2018,2016 2018,2,134640,The Malish Corporation,Revitalization Grant; Revitalization Grant Phase II; Revitalization Loan,Advanced Manufacturing,1.00,1134640,105,30,2016-Jul 2016-May 2017-Jul
EIN:831623694,PIXELLE SPECIALTY SOLUTIONS LLC,PIXELLE SPECIALTY SOLUTIONS LLC,831623694,SPRING GROVE,PA,17362,,2023,2023,2023,1,133645,Pixelle Specialty Solutions LLC,Workforce Grant,Advanced Manufacturing,1.00,250000,993,52,2022-Aug
EIN:473900155,KEYSTONE TAILORED MANUFACTURING LLC,KEYSTONE TAILORED MANUFACTURING LLC | Keystone Tailored Manufacturing LLC,473900155,BROOKLYN,OH,44144,,2016,2019,2016 2019,2,131911,"Keystone Tailored Manufacturing, LLC",Economic Development Grant,Advanced Manufacturing,1.00,420000,150,20,2015-Jun
EIN:760428239,EMERSON PROCESS MANAGEMENT VALVE AUTOMATION INC,EMERSON PROCESS MANAGEMENT VALVE AUTOMATION INC,760428239,ONTARIO,OH,44906,,2020,2020,2020,1,130000,Emerson Process Management Valve AutomationAdvanced,Economic Development Grant,Manufacturing,0.67,130000,174,20,2020-Jan
EIN:362999270,ENERGIZER AUTO INC,ENERGIZER AUTO INC,362999270,DAYTON,OH,45377,,2021,2021,2021,1,130000,,,,,,,,
EIN:844955156,FOUNDATION MILWORK AND STONE LLC,FOUNDATION MILWORK AND STONE LLC,844955156,COLUMBUS,OH,43228,,2023,2023,2023,1,130000,,,,,,,,
EIN:842617419,ECCOZH2O LLC,ECCOZH2O LLC,842617419,WILLOUGHBY HILLS,OH,44092,,2023,2023,2023,1,129573,"ECCOzH2O, LLC",Revitalization Grant Phase II,Advanced Manufacturing,1.00,162100,0,0,2020-Oct
EIN:341146218,VANTAGE CAREER CENTER,VANTAGE CAREER CENTER,341146218,VAN WERT,OH,45891,,2020,2020,2020,1,126640,,,,,,,,
EIN:854364273,1865 LLC,1865 LLC,854364273,COLUMBUS,OH,43203,,2024,2024,2024,1,125709,"1865, LLC",Inclusion Grant,Financial Services,1.00,150000,5,13,2022-Dec
EIN:473582799,MARK ONE MANUFACTURING LTD,MARK ONE MANUFACTURING LTD,473582799,MINSTER,OH,45865,,2022,2022,2022,1,125088,"Mark One Manufacturing, LTD.",Economic Development Grant,Advanced,1.00,500000,45,90,2021-Apr
EIN:130872805,International Paper Company,International Paper Company,130872805,Kenton,OH,43326,,2016,2016,2016,1,125000,,,,,,,,
EIN:990365994,Klarna Inc,Klarna Inc,990365994,Columbus,OH,43215,,2017,2017,2017,1,125000,,,,,,,,
EIN:262024381,Clinical Management Consultants Inc,Clinical Management Consultants Inc,262024381,Cleveland,OH,44113,,2018,2018,2018,1,125000,Clinical Management Consultants Inc.,Economic Development Grant,I n f ormation Services and Software,1.00,125000,14,20,2017-Apr
EIN:814549773,WF MANUFACTURING LTD,WF MANUFACTURING LTD,814549773,WADSWORTH,OH,44281,,2019,2019,2019,1,125000,"WF Manufacturing, Ltd.",Revitalization Grant,Advanced Manufacturing,1.00,125000,1,30,2018-Mar
EIN:341646871,OMNI SYSTEMS INC,OMNI SYSTEMS INC,341646871,MAYFIELD,OH,44143,,2020,2020,2020,1,125000,"OMNI Systems, Inc.",Economic Development Grant,Advanced Manufacturing,1.00,125000,135,45,2019-Aug
EIN:311655295,PACIFIC MANUFACTURING OHIO INC,PACIFIC MANUFACTURING OHIO INC,311655295,FAIRFIELD,OH,45011,,2020,2020,2020,1,125000,"Pacific Manufacturing Ohio, Inc.",Economic Development Grant,Automotive,1.00,725000,890,158,2016-Aug 2025-Jan
EIN:841914949,WATKINS ROAD LLC,WATKINS ROAD LLC,841914949,SANDY SPRINGS,GA,30350,,2020,2020,2020,1,125000,,,,,,,,
EIN:341290571,CAST NYLONS CO LTD,CAST NYLONS CO LTD,341290571,WILLOUGHBY,OH,44094,,2021,2021,2021,1,125000,"Cast Nylons Co., Ltd.",Revitalization Grant,Advanced Manufacturing,1.00,125000,118,20,2020-Nov
EIN:310997825,STEED HAMMOND PAUL INC,STEED HAMMOND PAUL INC,310997825,CINCINNATI,OH,45202,,2021,2021,2021,1,125000,"Steed Hammond Paul, Inc.",Economic Development Grant,Other,1.00,125000,52,30,2017-Nov
EIN:815387175,TEST-FUCHS CORPORATION,TEST-FUCHS CORPORATION,815387175,INDEPENDENCE,OH,44131,,2021,2021,2021,1,125000,Test-Fuchs Corporation,Economic Development Grant,Aerospace and Aviation,1.00,125000,6,29,2018-Feb
EIN:310287650,THE LOUIS G FREEMAN COMPANY LLC,THE LOUIS G FREEMAN COMPANY LLC,310287650,FREMONT,OH,43420,,2021,2021,2021,1,125000,"The Louis G. Freeman Company, LLC",Economic Development Grant,Advanced Manufacturing,1.00,125000,68,29,2020-Aug
EIN:421769430,MATSU OHIO,MATSU OHIO | MATSU OHIO INC,421769430,EDGERTON,OH,43517,,2022,2023,2022 2023,2,125000,"Matsu Ohio, Inc.",Workforce Grant,Automotive,1.00,125000,176,104,2021-May
EIN:340673444,RW BECKETT CORPORATION,RW BECKETT CORPORATION,340673444,NORTH RIDGEVILLE,OH,44039,,2022,2022,2022,1,125000,,,,,,,,
EIN:273187193,ATLANTIC EMERGENCY SOLUTIONS,ATLANTIC EMERGENCY SOLUTIONS,273187193,YORKTOWN,VA,23692,,2023,2023,2023,1,125000,"Atlantic Emergency Solutions, Inc.",Economic Development Grant,Automotive,1.00,125000,18,17,2022-May
EIN:201626973,PLIBRICO COMPANY LLC,PLIBRICO COMPANY LLC,201626973,NORTHBROOK,IL,60062,,2023,2023,2023,1,125000,"Plibrico Company, LLC",Economic Development Grant,Advanced Manufacturing,1.00,125000,16,4,2022-Mar
EIN:843192180,EVOLVE SOLUTIONS LLC,EVOLVE SOLUTIONS LLC,843192180,STURTEVANT,WI,53177,,2024,2024,2024,1,125000,"Evolve Solutions, LLC",Economic Development Grant,Automotive,1.00,125000,25,30,2022-Apr
EIN:455115834,ART TECHNOLOGIES LLC,ART TECHNOLOGIES LLC,455115834,FAIRFIELD,OH,45015,,2022,2023,2022 2023,2,124042,"Art Technologies, LLC",Growth Fund Loan,Automotive,1.00,800000,37,15,2023-Jan
EIN:861564797,PLATINUM RECOVERY LLC,PLATINUM RECOVERY LLC,861564797,WILLOUGHBY,OH,44094,,2023,2024,2023 2024,2,124000,,,,,,,,
EIN:311239446,JEFFERSON INDUSTRIES CORPORATION,JEFFERSON INDUSTRIES CORPORATION,311239446,WEST JEFFERSON,OH,43162,,2022,2022,2022,1,122873,Jefferson Industries Corporation,Workforce Grant,Automotive,1.00,200000,648,150,2019-Oct
EIN:841923636,GRAF CUSTOM LOGISTICS LLC,GRAF CUSTOM LOGISTICS LLC,841923636,PORTSMOUTH,OH,45662,,2022,2022,2022,1,122625,,,,,,,,
EIN:854368179,GEST STREET DISTRIBUTIONS LLC,GEST STREET DISTRIBUTIONS LLC,854368179,CINCINNATI,OH,45204,,2023,2023,2023,1,122601,,,,,,,,
EIN:873225116,SOCIETY BRANDS OF OHIO INC,SOCIETY BRANDS OF OHIO INC,873225116,CANTON,OH,44708,,2024,2024,2024,1,120600,"Society Brands of Ohio, Inc.",Economic Development Grant,Logistics and Distribution,1.00,300000,1,70,2023-Oct
EIN:630944385,CFD RESEARCH CORPORATION,CFD RESEARCH CORPORATION,630944385,HUNTSVILLE,AL,35824,,2024,2024,2024,1,120196,CFD Research Corporation,Economic Development Grant,Aerospace and Aviation,1.00,200000,12,78,2023-Jul
EIN:274462942,IRONHAWK INDUSTRIAL DISTRIBUTION LLC,IRONHAWK INDUSTRIAL DISTRIBUTION LLC,274462942,EUCLID,OH,44117,,2021,2021,2021,1,120065,Ironhawk Industrial Distribution LLC,Revitalization Grant,Advanced Manufacturing,1.00,200000,6,31,2020-Aug
EIN:760356084,TEIKOKU USA INC,TEIKOKU USA INC,760356084,MARIETTA,OH,45750,,2019,2019,2019,1,120000,Teikoku USA Inc.,Revitalization Grant,Manufacturing,1.00,120000,20,0,2018-Oct
EIN:310682235,WILLIAM R HAGUE INC,WILLIAM R HAGUE INC,310682235,GROVEPORT,OH,43125,,2020,2020,2020,1,120000,"William R. Hague, Inc.",Workforce Grant,Other,1.00,120000,121,70,2018-Jul
EIN:300389878,PLEASANT VALLEY TEARDROP TRAILERS LLC,PLEASANT VALLEY TEARDROP TRAILERS LLC,300389878,SUGARCREEK,OH,44681,,2023,2023,2023,1,120000,"Pleasant Valley Teardrop Trailers, LLC",Growth Fund Loan; Workforce Grant,Automotive,1.00,1120000,165,78,2017-May 2021-Aug
EIN:270176680,Maumee Assembly & Stamping LLC,Maumee Assembly & Stamping LLC,270176680,Maumee,OH,43537,,2018,2018,2018,1,119929,"Maumee Assembly & Stamping, LLC",Economic Development Grant,Automotive,1.00,120000,133,50,2017-Jan
EIN:251487618,Peerless-Winsmith Inc,Peerless-Winsmith Inc,251487618,Warren,OH,44485,,2017,2017,2017,1,119863,,,,,,,,
EIN:263039980,WAGENBRENNER DEVELOPMENT INC,WAGENBRENNER DEVELOPMENT INC,263039980,COLUMBUS,OH,43215,,2020,2020,2020,1,119256,,,,,,,,
EIN:311269601,TRI-COUNTY RURAL WATER AND SEWER DISTRICT,TRI-COUNTY RURAL WATER AND SEWER DISTRICT | Tri-County Rural Water and Sewer District,311269601,WATERFORD,OH,45786,,2015,2019,2015 2019,2,119000,,,,,,,,
EIN:823959668,AMERICAN HEAVY PLATE SOLUTION,AMERICAN HEAVY PLATE SOLUTION | AMERICAN HEAVY PLATE SOLUTIONS LLC,823959668,CLARINGTON,OH,43915,,2022,2024,2022 2024,2,115000,"American Heavy Plate Solutions, LLC",Economic Development Grant; Revitalization Grant; Unknown: Inclusi on,Advanced Manufacturing,0.60,215000,153,33,2021-Apr 2023-Jan 2024-Apr
EIN:203319511,FACILITYSOURCE LLC,FACILITYSOURCE LLC | FacilitySource LLC,203319511,COLUMBUS,OH,43235,,2018,2019,2018 2019,2,114095,"FacilitySource, LLC",Workforce Grant,Information Services and Software,1.00,400000,323,272,2017-Oct
EIN:851418989,INFINITY LABS LLC,INFINITY LABS LLC,851418989,XENIA,OH,45385,,2024,2024,2024,1,113780,,,,,,,,
EIN:822889106,RAYCO MANUFACTURING LLC,RAYCO MANUFACTURING LLC,822889106,WOOSTER,OH,44691,,2019,2020,2019 2020,2,112025,"Rayco Manufacturing, LLC",Workforce Grant,Advanced Manufacturing,1.00,100000,155,50,2018-Feb
EIN:260422372,WILLOWTREE LLC,WILLOWTREE LLC,260422372,CHARLOTTESVILLE,VA,22902,,2021,2023,2021 2022 2023,3,109682,,,,,,,,
EIN:341839929,MOMENTIVE PERFORMANCE MATERIALS QUARTZ INC,MOMENTIVE PERFORMANCE MATERIALS QUARTZ INC,341839929,STRONGSVILLE,OH,44149,,2024,2024,2024,1,107900,"Momentive Performance Materials Quartz, Inc.",Economic Development Grant,Advanced Manufacturing,1.00,150000,445,97,2023-Jul
EIN:260869685,RESONETICS LLC,RESONETICS LLC,260869685,KETTERING,OH,45420,,2022,2022,2022,1,106575,"Resonetics, LLC",Economic Development Grant,Healthcare,1.00,300000,150,95,2021-Jul
EIN:264214574,Airborne Maintenance and Engineering Services Inc,Airborne Maintenance and Engineering Services Inc,264214574,Wilmington,OH,45177,,2018,2018,2018,1,106186,"Airborne Maintenance and Engineering Services, Inc.",Workforce Grant,Advanced Manufacturing,1.00,315000,644,100,2016-May
EIN:464864574,PROFUSION INDUSTRIES LLC,PROFUSION INDUSTRIES LLC,464864574,MARIETTA,OH,45750,,2022,2022,2022,1,102206,"Profusion Industries, LLC",Economic Development Grant,Advanced,1.00,250000,117,19,2021-Apr
EIN:462190696,VANTAGE POINT LOGISTICS LLC,VANTAGE POINT LOGISTICS LLC,462190696,COLUMBUS,OH,43229,,2020,2020,2020,1,100614,"Vantage Point Logistics, Inc.",Workforce Grant,IT,1.00,300000,30,80,2019-Sep
EIN:472197022,Round Box Management LLC,Round Box Management LLC,472197022,Massillon,OH,44646,,2018,2018,2018,1,100589,"Round Box Management, LLC",Revitalization Grant Phase II,Other,1.00,110832,0,0,2017-Feb
EIN:470691259,AdaletScott Fetzer Company,AdaletScott Fetzer Company,470691259,Cleveland,OH,44135,,2015,2015,2015,1,100000,,,,,,,,
EIN:316000175,City of Dayton Department of Aviation,City of Dayton Department of Aviation,316000175,Dayton,OH,45402,,2015,2015,2015,1,100000,,,,,,,,
EIN:753060494,lululemon athletica,lululemon athletica,753060494,Groveport,OH,43125,,2015,2015,2015,1,100000,,,,,,,,
EIN:341918788,Trans-Foam Inc,Trans-Foam Inc,341918788,Tallmadge,OH,44278,,2015,2015,2015,1,100000,,,,,,,,
EIN:463761164,xperion E & E USA LLC,xperion E & E USA LLC,463761164,Heath,OH,43056,,2015,2015,2015,1,100000,,,,,,,,
EIN:453507457,Gwynnie Bee Inc,Gwynnie Bee Inc,453507457,Long Island City,NY,11105,,2015,2015,2015,1,100000,,,,,,,,
EIN:541923952,Acumen Solutions Inc,Acumen Solutions Inc,541923952,Mc Lean,VA,22102,,2016,2016,2016,1,100000,,,,,,,,
EIN:262828128,Express Inc,Express Inc,262828128,Columbus,OH,43230,,2016,2016,2016,1,100000,"Express, Inc.",Workforce Grant,Other,1.00,100000,757,30,2015-Oct
EIN:341134243,Major Metals Company,Major Metals Company,341134243,Mansfield,OH,44904,,2016,2016,2016,1,100000,Major Metals Company,Economic Development Grant,Advanced Manufacturing,1.00,100000,52,18,2015-Sep
EIN:204212631,Sekisui Plastics USA Inc,Sekisui Plastics USA Inc,204212631,Mount Pleasant,TN,38474,,2016,2016,2016,1,100000,"Sekisui Plastics USA, Inc.",Economic Development Grant,Automotive,1.00,100000,,50,2015-Mar
EIN:421772220,SRI Ohio Inc,SRI Ohio Inc,421772220,Lancaster,OH,43130,,2016,2016,2016,1,100000,"SRI Ohio, Inc.",Economic Development Grant,Advanced Manufacturing,1.00,100000,73,50,2015-Aug
EIN:133744485,Valeo North America Inc,Valeo North America Inc,133744485,East Liberty,OH,43319,,2016,2016,2016,1,100000,,,,,,,,
EIN:020537099,WINESBURG CHAIR COMPANY LTD,WINESBURG CHAIR COMPANY LTD | Winesburg Chair Company LTD,020537099,DUNDEE,OH,44624,,2016,2023,2016 2023,2,100000,"Winesburg Chair Company, LTD.",Economic Development Grant; Workforce Grant,Advanced,1.00,100000,162,75,2015-Aug 2021-Sep
EIN:341929504,Bibbo Properties Ltd,Bibbo Properties Ltd,341929504,Valley View,OH,44125,,2017,2017,2017,1,100000,,,,,,,,
EIN:133916524,FlightSafety International Inc,FlightSafety International Inc,133916524,Columbus,OH,43219,,2017,2017,2017,1,100000,FlightSafety International Inc.,Economic Development Grant; Workforce Grant,Aerospace and Aviation,1.00,700000,287,148,2022-Feb 2025-Jan
EIN:383825650,Miba Energy Holding LLC,Miba Energy Holding LLC,383825650,McConnelsville,OH,43756,,2017,2017,2017,1,100000,,,,,,,,
EIN:311014212,MPW Industrial Services Inc,MPW Industrial Services Inc,311014212,Hebron,OH,43025,,2017,2017,2017,1,100000,"MPW Industrial Services Group, Inc.",Economic Development Grant,Advanced Manufacturing,0.75,75000,316,32,2022-Feb
EIN:462903016,Precision Products Group Inc,Precision Products Group Inc,462903016,Apple Creek,OH,44606,,2017,2017,2017,1,100000,"Precision Products Group, Inc.",Workforce Grant,Advanced Manufacturing,1.00,100000,40,25,2015-Jun
EIN:812288733,Scannell Properties #277 LLC,Scannell Properties #277 LLC,812288733,Indianapolis,IN,46240,,2017,2017,2017,1,100000,,,,,,,,
EIN:340564691,Superior Dairy Inc,Superior Dairy Inc,340564691,Canton,OH,44706,,2017,2017,2017,1,100000,"Superior Dairy, Inc.",Economic Development Grant,Food and Agribusiness,1.00,1400000,313,123,2020-Mar
EIN:311119067,TNT Equipment Company,TNT Equipment Company,311119067,Somerset,OH,43783,,2017,2018,2017 2018,2,100000,,,,,,,,
EIN:340697598,The Sanson Company,The Sanson Company,340697598,Cleveland,OH,44115,,2017,2017,2017,1,100000,The Sanson Company,Revitalization Grant,Food Processing,1.00,100000,153,15,2016-Jul
EIN:341108705,Uni-Grip Inc,Uni-Grip Inc,341108705,Upper Sandusky,OH,43351,,2017,2017,2017,1,100000,Uni-Grip Inc.,Economic Development Grant; Inclusion Grant,Advanced Manufacturing,1.00,150000,75,28,2017-Apr 2026-Apr
EIN:474320975,BREWDOG COLUMBUS LLC,BREWDOG COLUMBUS LLC | BrewDog USA Inc,474320975,CANAL WINDCHESTER,OH,43110,,2018,2019,2018 2019,2,100000,,,,,,,,
EIN:453810227,Detroit Manufacturing Systems Toledo and Non-Autom,Detroit Manufacturing Systems Toledo and Non-Autom,453810227,Toledo,OH,43610,,2018,2018,2018,1,100000,"Detroit Manufacturing Systems Toledo and Non-Automotive, LLC",Growth Fund Loan; Workforce Grant,Automotive,0.71,1600000,12,221,2018-Jan 2020-Apr
EIN:341014060,Fireline Inc,Fireline Inc,341014060,Youngstown,OH,44505,,2018,2018,2018,1,100000,"Fireline, Inc.",Economic Development Grant,Aerospace and Aviation,1.00,100000,88,21,2016-Dec
EIN:352549748,Fluvitex USA Inc,Fluvitex USA Inc,352549748,Groveport,OH,43125,,2018,2018,2018,1,100000,"Fluvitex USA, Inc.",Economic Development Grant,Advanced Manufacturing,1.00,100000,0,80,2017-Oct
EIN:363083135,KRAFT FOODS GROUP INC,KRAFT FOODS GROUP INC | Kraft Foods Group Inc,363083135,NORTHFIELD,IL,60093,,2018,2019,2018 2019,2,100000,,,,,,,,
EIN:473252445,Nature Fresh Farms USA Inc,Nature Fresh Farms USA Inc,473252445,Delta,OH,43515,,2018,2018,2018,1,100000,"Nature Fresh Farms USA, Inc.",Economic Development Grant; Growth Fund Loan,Food Sciences and Agriculture,1.00,2600000,0,306,2017-Dec
EIN:200378455,Recker Consulting LLC,Recker Consulting LLC,200378455,Cincinnati,OH,45237,,2018,2018,2018,1,100000,"Recker Consulting, LLC",Economic Development Grant,Information Technology,1.00,100000,160,150,2017-Mar
EIN:263605464,Sand Lake Property LLC,Sand Lake Property LLC,263605464,Cleveland,OH,44114,,2018,2018,2018,1,100000,,,,,,,,
EIN:341754280,Trumbull Manufacturing Inc,Trumbull Manufacturing Inc,341754280,Austintown,OH,44515,,2018,2018,2018,1,100000,"Trumbull Manufacturing, Inc.",Revitalization Grant,Advanced Manufacturing,1.00,100000,22,5,2017-Mar
EIN:341176077,V H Cooper & Co Inc,V H Cooper & Co Inc,341176077,Van Wert,OH,45891,,2018,2018,2018,1,100000,"V.H. Cooper & Co., Inc.",Workforce Grant,Food Services and Agriculture,1.00,100000,1224,100,2017-Apr
EIN:811187897,Woodard Development LLC,Woodard Development LLC,811187897,Dayton,OH,45401,,2018,2018,2018,1,100000,Woodard Development LLC,Revitalization Grant,Other,1.00,100000,12,18,2017-Apr
EIN:311006364,CHERYL & CO,CHERYL & CO,311006364,OBETZ,OH,43207,,2019,2019,2019,1,100000,Cheryl & Co.,Economic Development Grant,Logistics and Distribution,1.00,100000,149,27,2018-Mar
EIN:311703809,CINTAS CORPORATION NO 2,CINTAS CORPORATION NO 2,311703809,GROVEPORT,OH,43125,,2019,2019,2019,1,100000,Cintas Corporation No. 2,Economic Development Grant,Other,1.00,2100000,1293,194,2017-Dec 2024-Jun
EIN:311178698,NEW HORIZONS BAKING COMPANY INC,NEW HORIZONS BAKING COMPANY INC,311178698,NORWALK,OH,44857,,2019,2019,2019,1,100000,"New Horizons Baking Company, LLC",Economic Development Grant; Workforce Grant,Food and Agribusiness,1.00,275000,217,85,2017-Aug 2023-Oct 2024-Jan
EIN:900629281,VEE PAK OHIO LLC,VEE PAK OHIO LLC,900629281,NEW ALBANY,OH,43054,,2019,2019,2019,1,100000,"Vee Pak Ohio, LLC",Workforce Grant,Advanced Manufacturing,1.00,100000,134,100,2015-Sep
EIN:340922427,WAYNE TRAIL TECHNOLOGIES INC,WAYNE TRAIL TECHNOLOGIES INC,340922427,FORT LORAMIE,OH,45845,,2019,2019,2019,1,100000,"Wayne Trail Technologies, Inc.",Economic Development Grant,Advanced Manufacturing,1.00,100000,170,50,2017-Nov
EIN:911678875,BLADE-TECH INDUSTRIES INC,BLADE-TECH INDUSTRIES INC,911678875,STREETSBORO,OH,44241,,2020,2020,2020,1,100000,"Blade-Tech Industries, Inc.",Workforce Grant,Advanced Manufacturing,1.00,100000,0,30,2018-Dec
EIN:202093507,IRON CITY PIPE & SUPPLY COMPANY,IRON CITY PIPE & SUPPLY COMPANY,202093507,JACKSON,OH,45640,,2020,2020,2020,1,100000,Iron City Pipe & Supply Company,Revitalization Grant,Logistics and Distribution,1.00,100000,17,5,2019-Apr
EIN:823127174,JERICHO WALLS LTD,JERICHO WALLS LTD,823127174,ASHLAND,OH,44691,,2020,2020,2020,1,100000,,,,,,,,
EIN:130889690,JOHNS MANVILLE CORPORATION,JOHNS MANVILLE CORPORATION,130889690,DEFIANCE,OH,43512,,2020,2020,2020,1,100000,Johns Manville,Economic Development Grant,Advanced Manufacturing,1.00,100000,414,24,2018-Nov
EIN:261762076,LEFTON METAL ENTERPRISES CORPORATION,LEFTON METAL ENTERPRISES CORPORATION,261762076,LEETONIA,OH,44431,,2020,2020,2020,1,100000,Lefton Metal Enterprises Corporation,Economic Development Grant,Advanced Manufacturing,1.00,100000,157,41,2019-Jun
EIN:341930826,NORTHERN STAMPING CO,NORTHERN STAMPING CO,341930826,CUYAHOGA HEIGHTS,OH,44125,,2020,2020,2020,1,100000,Northern Stamping Co.,Growth Fund Loan; Revitalization Grant; Revitalization Loan,Automotive,1.00,3700000,205,102,2017-Oct 2019-Sep
EIN:833230349,POLYMER FILM & BAG LLC,POLYMER FILM & BAG LLC,833230349,MASSILLON,OH,44646,,2020,2020,2020,1,100000,"Polymer Film & Bag, LLC",Economic Development Grant,Advanced Manufacturing,1.00,100000,48,48,2019-Oct
EIN:341563471,RUDOLPH FOODS COMPANY INC,RUDOLPH FOODS COMPANY INC,341563471,LIMA,OH,45804,,2020,2020,2020,1,100000,"Rudolph Foods Company, Inc.",Economic Development Grant,Food and Agribusiness,1.00,100000,157,25,2019-Jul
EIN:824247602,THE HIVE MY PLACE LTD,THE HIVE MY PLACE LTD,824247602,CLEVELAND,OH,44113,,2020,2020,2020,1,100000,The Hive My Place Ltd,Revitalization Grant,Other,1.00,100000,47,15,2019-Jun
EIN:202122306,GBQ PARTNERS LLC,GBQ PARTNERS LLC,202122306,COLUMBUS,OH,43215,,2021,2021,2021,1,100000,,,,,,,,
EIN:341488414,HALTEC CORPORATION,HALTEC CORPORATION,341488414,SALEM,OH,44460,,2021,2021,2021,1,100000,Haltec Corporation,Economic Development Grant,Automotive,1.00,100000,113,41,2020-Apr
EIN:452717594,NORTH JACKSON SPECIALTY STEEL LLC,NORTH JACKSON SPECIALTY STEEL LLC,452717594,NORTH JACKSON,OH,44451,,2021,2021,2021,1,100000,"North Jackson Specialty Steel, LLC",Economic Development Grant,Advanced Manufacturing,1.00,150000,99,20,2020-Dec 2022-Dec
EIN:542094200,OWENS & MINOR DISTRIBUTION INC,OWENS & MINOR DISTRIBUTION INC,542094200,OBETZ,OH,43125,,2021,2021,2021,1,100000,"Owens & Minor Distribution, Inc",Workforce Grant,Healthcare,1.00,100000,0,45,2018-Aug
EIN:813802029,POLYTECH AMERICA LLC,POLYTECH AMERICA LLC,813802029,CHESHIRE,CT,06410,,2021,2021,2021,1,100000,"Polytech America, LLC",Revitalization Grant,Advanced Manufacturing,1.00,100000,0,30,2020-Oct
EIN:952546613,SATCO INC,SATCO INC,952546613,EL SEGUNDO,CA,90245,,2021,2021,2021,1,100000,Satco Inc.,Economic Development Grant,Advanced Manufacturing,1.00,100000,0,75,2019-Nov
EIN:341499502,SOLMET TECHNOLOGIES INC,SOLMET TECHNOLOGIES INC,341499502,CANTON,OH,44706,,2021,2021,2021,1,100000,,,,,,,,
EIN:311205501,TIGERPOLY MANUFACTURING INC,TIGERPOLY MANUFACTURING INC,311205501,GROVE CITY,OH,43123,,2021,2021,2021,1,100000,"Tigerpoly Manufacturing, Inc.",Economic Development Grant,Automotive,1.00,100000,384,40,2019-Nov
EIN:272571914,WURTH ELECTRONICS ICS INC,WURTH ELECTRONICS ICS INC,272571914,VANDALIA,OH,45414,,2021,2021,2021,1,100000,"Wurth Electronics ICS, Inc.",Economic Development Grant,Technology,1.00,100000,33,34,2019-Oct
EIN:310721681,ARIEL CORPORATION,ARIEL CORPORATION,310721681,HEATH,OH,43056,,2022,2022,2022,1,100000,Ariel Corporation,Economic Development Grant,Energy & Chemicals,1.00,100000,61,40,2019-Sep
EIN:341472584,BUTECH INC,BUTECH INC,341472584,SALEM,OH,44460,,2022,2022,2022,1,100000,"Butech, Inc.",Revitalization Grant,Advanced,1.00,100000,270,11,2021-Feb
EIN:061569176,COMPONENT HARDWARE GROUP INC,COMPONENT HARDWARE GROUP INC,061569176,LAKEWOOD,NJ,08701,,2022,2022,2022,1,100000,"Component Hardware Group, Inc.",Economic Development Grant,Logistics and Distribution,1.00,100000,0,35,2021-Dec
EIN:341032966,DISCOUNT DRUG MART INC,DISCOUNT DRUG MART INC,341032966,AVON LAKE,OH,44012,,2022,2022,2022,1,100000,Discount Drug Mart Inc.,Economic Development Grant; Workforce Grant,Other,1.00,120000,276,82,2015-Jan 2018-Jul
EIN:383669580,DOWA THT AMERICA INC,DOWA THT AMERICA INC,383669580,BOWLING GREEN,OH,43402,,2022,2022,2022,1,100000,"Dowa THT America, Inc.",Economic Development Grant,Automotive,1.00,100000,71,25,2021-Mar
EIN:382673743,ESSILOR LABORATORIES OF AMERICA INC,ESSILOR LABORATORIES OF AMERICA INC,382673743,COLUMBUS,OH,43125,,2022,2022,2022,1,100000,"Essilor Laboratories of America, Inc.",Economic Development Grant,Healthcare,1.00,100000,342,118,2020-May
EIN:854302513,HANNECARD ROLLER COATINGS INC,HANNECARD ROLLER COATINGS INC,854302513,BARBERTON,OH,44203,,2022,2022,2022,1,100000,Hannecard Roller Coatings Inc.,Economic Development Grant; Revitalization Grant,Advanced,1.00,150000,51,33,2021-Sep 2023-Oct
EIN:870574076,HEMASOURCE INC,HEMASOURCE INC,870574076,WARREN,OH,44438,,2022,2022,2022,1,100000,HemaSource Inc.,Revitalization Grant,Logistics and Distribution,1.00,100000,14,9,2021-Nov
EIN:471243799,HEMATITE INC,HEMATITE INC,471243799,ENGLEWOOD,OH,45315,,2022,2022,2022,1,100000,"Hematite, Inc.",Growth Fund Loan; Workforce Grant,Automotive,1.00,3600000,0,200,2017-Jun
EIN:311690460,KUTOL PRODUCTS COMPANY INC,KUTOL PRODUCTS COMPANY INC,311690460,SHARONVILLE,OH,45241,,2022,2022,2022,1,100000,"Kutol Products Company, Inc.",Economic Development Grant,Energy and Chemicals,1.00,100000,187,45,2021-Apr
EIN:251924400,MCG FAMILY OF PENNSYLVANIA LIMITED PARTNERSHIP,MCG FAMILY OF PENNSYLVANIA LIMITED PARTNERSHIP,251924400,STEUBENVILLE,OH,43952,,2022,2022,2022,1,100000,,,,,,,,
EIN:310875005,RMI TITANIUM COMPANY LLC,RMI TITANIUM COMPANY LLC,310875005,PITTSBURGH,PA,15212,,2022,2022,2022,1,100000,,,,,,,,
EIN:311364046,ROCKY BRANDS INC,ROCKY BRANDS INC,311364046,NELSONVILLE,OH,45764,,2022,2022,2022,1,100000,"Rocky Brands, Inc.",Revitalization Grant; Workforce Grant,Advanced Manufacturing,1.00,225000,315,74,2019-Jul 2021-Aug
EIN:311204991,TENCATE ADVANCED ARMOR USA INC,TENCATE ADVANCED ARMOR USA INC,311204991,HEBRON,OH,43025,,2022,2022,2022,1,100000,"TenCate Advanced Armor USA, Inc.",Economic Development Grant,Energy and,1.00,100000,61,20,2021-Sep
EIN:412194439,UNIVERSITY TEES INC,UNIVERSITY TEES INC,412194439,CLEVELAND,OH,44102,,2022,2022,2022,1,100000,"University Tees, Inc.",Revitalization Grant,Advanced,1.00,100000,147,70,2021-Sep
EIN:341691596,V & S SCHULER ENGINEERING INC,V & S SCHULER ENGINEERING INC,341691596,CANTON,OH,44707,,2022,2022,2022,1,100000,"V & S Schuler Engineering, Inc.",Revitalization Grant,Advanced,1.00,100000,99,40,2021-Apr
EIN:320039658,BEVCORP LLC,BEVCORP LLC,320039658,CHICAGO,IL,60674,,2023,2023,2023,1,100000,"Bevcorp, LLC",Revitalization Grant,Advanced Manufacturing,1.00,100000,144,15,2020-Dec
EIN:363459913,EVANS FOOD GROUP LTD,EVANS FOOD GROUP LTD,363459913,CHICAGO,IL,60609,,2023,2023,2023,1,100000,Evans Food Group Ltd.,Economic Development Grant,Food and Agribusiness,1.00,100000,126,40,2022-Oct
EIN:341545822,FINDLAY MACHINE & TOOL INC,FINDLAY MACHINE & TOOL INC,341545822,FINDLAY,OH,45840,,2023,2023,2023,1,100000,"Findlay Machine & Tool, Inc.",Economic Development Grant,Advanced,1.00,100000,26,52,2021-Jul
EIN:341031008,G&J PEPSI COLA BOTTLERS INC,G&J PEPSI COLA BOTTLERS INC,341031008,CINCINNATI,OH,45249,,2023,2023,2023,1,100000,"G & J Pepsi-Cola Bottlers, Inc.",Economic Development Grant,Advanced Manufacturing,1.00,225000,603,72,2022-Feb 2023-Dec
EIN:311277407,JBM PACKAGING COMPANY,JBM PACKAGING COMPANY,311277407,CINCINNATI,OH,45274,,2023,2023,2023,1,100000,JBM Packaging Company,Economic Development Grant,Advanced,1.00,100000,150,23,2021-May
EIN:831235047,MIX TALENT,MIX TALENT,831235047,COLUMBUS,OH,43212,,2023,2023,2023,1,100000,"Mix Talent, LLC",Workforce Grant,Other,1.00,100000,20,50,2022-Mar
EIN:311341799,RIPPLE JUNCTION DESIGN COMPANY,RIPPLE JUNCTION DESIGN COMPANY,311341799,WEST CHESTER,OH,45069,,2023,2024,2023 2024,2,100000,Ripple Junction Design Co.,Economic Development Grant; Workforce Grant,Other,1.00,175000,97,31,2021-Feb 2023-Sep
EIN:221717737,SANDVIK ROCK PROCESSING SOLUTIONS NORTH AMERICA LLC,SANDVIK ROCK PROCESSING SOLUTIONS NORTH AMERICA LLC,221717737,PALATINE,IL,60055,,2023,2023,2023,1,100000,"Sandvik Rock Processing Solutions North America, LLC",Economic Development Grant,Advanced Manufacturing,1.00,100000,28,27,2022-Feb
EIN:900823691,STRIDAS LLC,STRIDAS LLC,900823691,CINCINNATI,OH,45225,,2023,2023,2023,1,100000,Stridas LLC,Workforce Grant,Logistics and Distribution,1.00,100000,38,40,2022-Jan
EIN:341954882,TARPSTOP LLC,TARPSTOP LLC,341954882,PERRYSBURG,OH,43551,,2023,2023,2023,1,100000,"Tarpstop, LLC",Economic Development Grant,Automotive,1.00,100000,96,33,2022-Jun
EIN:860566930,TESSENDERLO KERLEY INC,TESSENDERLO KERLEY INC,860566930,PHOENIX,AZ,85060,,2023,2023,2023,1,100000,"Tessenderlo Kerley, Inc.",Economic Development Grant,Energy and Chemicals,1.00,100000,0,17,2022-Jul
EIN:850660241,TRUCENT RENEWABLE CHEMICALS LLC,TRUCENT RENEWABLE CHEMICALS LLC,850660241,DEXTER,MI,48130,,2023,2023,2023,1,100000,Trucent Renewable Chemicals LLC,Growth Fund Loan; Revitalization Grant,Energy and,1.00,1100000,0,42,2021-Sep 2022-Oct
EIN:454144957,VISCUS BIOLOGICS LLC,VISCUS BIOLOGICS LLC,454144957,CLEVELAND,OH,44128,,2023,2024,2023 2024,2,100000,Viscus Biologics LLC,Economic Development Grant,Healthcare,1.00,100000,13,21,2022-Dec
EIN:873286018,WINANS LLC,WINANS LLC,873286018,PIQUA,OH,45356,,2023,2023,2023,1,100000,,,,,,,,
EIN:311793525,AMPAC PLASTICS LLC,AMPAC PLASTICS LLC,311793525,CINCINNATI,OH,45246,,2024,2024,2024,1,100000,"Ampac Plastics, LLC",Economic Development Grant,Advanced Manufacturing,1.00,100000,222,30,2021-Nov
EIN:882627991,CLEARESTATES LLC,CLEARESTATES LLC,882627991,TAYLORSVILLE,NC,28681,,2024,2024,2024,1,100000,,,,,,,,
EIN:611607695,COVETRUS NORTH AMERICA LLC,COVETRUS NORTH AMERICA LLC,611607695,DUBLIN,OH,43017,,2024,2024,2024,1,100000,,,,,,,,
EIN:720728139,DISTRAN STEEL,DISTRAN STEEL,720728139,ALEXANDRIA,LA,71307,,2024,2024,2024,1,100000,,,,,,,,
EIN:471395397,ECS TUNING LLC,ECS TUNING LLC,471395397,WADSWORTH,OH,44281,,2024,2024,2024,1,100000,"ECS Tuning, LLC",Economic Development Grant,Logistics and Distribution,1.00,100000,308,98,2022-May
EIN:341224718,EXPERT CRANE INC,EXPERT CRANE INC,341224718,CUYAHOGA HEIGHTS,OH,44105,,2024,2024,2024,1,100000,"Expert Crane, Inc.",Economic Development Grant,Advanced Manufacturing,1.00,100000,67,18,2024-Jan
EIN:260295908,FIRE MANUFACTURING INNOVATIONS LLC,FIRE MANUFACTURING INNOVATIONS LLC,260295908,SPRINGFIELD,OH,45502,,2024,2024,2024,1,100000,,,,,,,,
EIN:844116479,KWEEN AND CO,KWEEN AND CO,844116479,BROOKLYN HEIGHTS,NY,44131,,2024,2024,2024,1,100000,Kween and Co.,Economic Development Grant,Food and Agribusiness,1.00,100000,0,25,2023-Nov
EIN:341845975,MUM INDUSTRIES,MUM INDUSTRIES,341845975,MENTOR,OH,44061,,2024,2024,2024,1,100000,Mum Industries Inc.,Economic Development Grant,Advanced Manufacturing,1.00,100000,92,45,2022-Dec
EIN:611322994,PEGASUS INDUSTRIES LLC,PEGASUS INDUSTRIES LLC,611322994,SHELBYVILLE,KY,40065,,2024,2024,2024,1,100000,"Pegasus Industries, LLC",Economic Development Grant; Workforce Grant,Automotive,1.00,300000,154,221,2021-Dec 2023-Mar
EIN:010866461,PEPPER CONSTRUCTION COMPANY OF OHIO LLC,PEPPER CONSTRUCTION COMPANY OF OHIO LLC,010866461,BARRINGTON,IL,60010,,2024,2024,2024,1,100000,"Pepper Construction Company of Ohio, LLC",Revitalization Grant,Other,1.00,100000,27,20,2021-Aug
EIN:850848748,PREMIER GLOBAL TRANSPORTATION LLC,PREMIER GLOBAL TRANSPORTATION LLC,850848748,MILFORD,OH,45150,,2024,2024,2024,1,100000,"Premier Global Transportation, LLC",Workforce Grant,Logistics and Distribution,1.00,150000,25,42,2024-Apr
EIN:921419914,PREMIUM METALS INC,PREMIUM METALS INC,921419914,CLEVELAND,OH,44128,,2024,2024,2024,1,100000,"Premium Metals, Inc.",Revitalization Grant,Advanced Manufacturing,1.00,100000,21,25,2023-Nov
EIN:340806947,SUPERIOR ALUMINUM PRODUCTS INC,SUPERIOR ALUMINUM PRODUCTS INC,340806947,RUSSIA,OH,45363,,2024,2024,2024,1,100000,"Superior Aluminum Products, Inc.",Economic Development Grant,Advanced Manufacturing,1.00,100000,55,17,2023-Aug
EIN:811354314,TEKION CORP,TEKION CORP,811354314,PLEASANTON,CA,94588,,2024,2024,2024,1,100000,Tekion Corp.,Economic Development Grant,Technology,1.00,100000,2,103,2023-Feb
EIN:010656293,THOMASLANE INC,THOMASLANE INC,010656293,TWINSBURG,OH,44087,,2024,2024,2024,1,100000,"Thomaslane, Inc.",Economic Development Grant,Food and Agribusiness,1.00,100000,40,40,2023-Sep
EIN:311786929,MIBA ENERGY HOLDING LLC,MIBA ENERGY HOLDING LLC,311786929,MC CONNELSVILLE,OH,43766,,2023,2023,2023,1,99900,,,,,,,,
EIN:473922900,Dougherty Redevelopment Partners LLC,Dougherty Redevelopment Partners LLC,473922900,Cuyahoga Heights,OH,44105,,2016,2016,2016,1,99774,"Dougherty Redevelopment Partners, LLC",Revitalization Grant Phase II,Other,1.00,139847,,,2015-Jul
EIN:811520982,Global Graphene Group Inc,Global Graphene Group Inc,811520982,Dayton,OH,45404,,2018,2018,2018,1,99550,"Global Graphene Group, Inc.",Revitalization Grant Phase II,Advanced Manufacturing,1.00,99550,0,0,2017-Dec
EIN:873325044,PROPEL PHARMACY OHIO LLC,PROPEL PHARMACY OHIO LLC,873325044,DUBLIN,OH,43017,,2024,2024,2024,1,99430,Propel Pharmacy Ohio LLC,Workforce Grant,Healthcare,1.00,200000,0,35,2022-Jun
EIN:310625744,HONEYMOON PAPER PRODUCTS INC,HONEYMOON PAPER PRODUCTS INC,310625744,FAIRFIELD,OH,45014,,2019,2020,2019 2020,2,98357,"Honeymoon Paper Products, Inc.",Economic Development Grant,Advanced Manufacturing,1.00,40000,79,40,2018-Mar
EIN:340689355,THE GREAT LAKES CONSTRUCTION CO,THE GREAT LAKES CONSTRUCTION CO,340689355,HINCKLEY,OH,44233,,2019,2019,2019,1,96500,The Great Lakes Construction Co.,Revitalization Grant Phase II,Other,1.00,96500,0,0,2018-Apr
EIN:341809003,Venture Packaging Midwest Inc,Venture Packaging Midwest Inc,341809003,Evansville,IN,47710,,2017,2018,2017 2018,2,95000,,,,,,,,
EIN:474094933,MILE TWO LLC,MILE TWO LLC,474094933,DAYTON,OH,45402,,2023,2023,2023,1,95000,Mile Two LLC,Workforce Grant,IT,1.00,95000,34,36,2019-Nov
EIN:341834239,AMERICAN TECHNICAL COATINGS INC,AMERICAN TECHNICAL COATINGS INC,341834239,WESTLAKE,OH,44145,,2023,2023,2023,1,94783,"American Technical Coatings, Inc.",Economic Development Grant,Advanced Manufacturing,1.00,150000,3,29,2022-Apr
EIN:943450803,SATELYTICS,SATELYTICS,943450803,TOLEDO,OH,43606,,2023,2023,2023,1,90940,Satelytics Inc.,Workforce Grant,Technology,1.00,200000,10,38,2021-Apr
EIN:341424666,Sandusky County Economic Development Corporation,Sandusky County Economic Development Corporation,341424666,Fremont,OH,43420,501(c)(3),2015,2015,2015,1,90000,,,,,,,,
EIN:204410794,ElectroCraft Ohio Inc,ElectroCraft Ohio Inc,204410794,Gallipolis,OH,45631,,2017,2017,2017,1,90000,"ElectroCraft Ohio, Inc.",Revitalization Grant; Workforce Grant,Advanced Manufacturing,1.00,90000,135,60,2016-Oct
EIN:863326996,TRAILHEAD PROPERTY MANAGEMENT LLC,TRAILHEAD PROPERTY MANAGEMENT LLC,863326996,BEACHWOOD,OH,44122,,2022,2022,2022,1,88500,,,,,,,,
EIN:815315937,Allied Crawford (Cincinnati) Inc,Allied Crawford (Cincinnati) Inc,815315937,Franklin,OH,45005,,2018,2018,2018,1,85000,Allied Crawford (Cincinnati) Inc.,Revitalization Grant,Logistics and Distribution,1.00,85000,0,50,2017-Aug
EIN:311564962,VINYLMAX LLC,VINYLMAX LLC,311564962,HAMILTON,OH,45011,,2024,2024,2024,1,83707,Vinylmax LLC,Economic Development Grant,Advanced Manufacturing,1.00,225000,274,150,2022-Aug
EIN:320536305,FORMLABS OHIO INC,FORMLABS OHIO INC,320536305,MILLBURY,OH,43447,,2019,2024,2019 2024,2,82680,Formlabs Ohio Inc.,Economic Development Grant,Advanced Manufacturing,1.00,150000,45,55,2018-Jun 2022-Sep
EIN:311290621,R&R TOOL INC,R&R TOOL INC,311290621,BLANCHESTER,OH,45107,,2024,2024,2024,1,82226,"R & R Tool, Inc.",Economic Development Grant,Healthcare,1.00,100000,92,40,2022-Mar
EIN:311401876,THERMOSEAL INC,THERMOSEAL INC,311401876,SIDNEY,OH,45365,,2023,2023,2023,1,82000,Thermoseal Inc.,Economic Development Grant,Advanced Manufacturing,1.00,82000,28,6,2020-Jun
EIN:272450190,Diamond Manufacturing of Bluffton LTD,Diamond Manufacturing of Bluffton LTD,272450190,Bluffton,OH,45817,,2015,2015,2015,1,80000,"Diamond Manufacturing of Bluffton, Ltd.",Inclusion Grant,Advanced,1.00,25000,58,10,2021-Sep
EIN:340367600,The Lubrizol Corporation,The Lubrizol Corporation,340367600,Wickliffe,OH,44092,,2018,2018,2018,1,80000,Lubrizol,Economic Development Grant; Workforce Grant,Shale Energy and Petrochemicals,1.00,330000,309,48,2017-Mar
EIN:311751707,Youngstown Business Incubator,Youngstown Business Incubator,311751707,Youngstown,OH,44503,,2018,2018,2018,1,80000,,,,,,,,
EIN:341846562,NELSON PACKAGING COMPANY INC,NELSON PACKAGING COMPANY INC,341846562,LIMA,OH,45804,,2019,2019,2019,1,80000,"Nelson Packaging Company, Inc.",Workforce Grant,Advanced Manufacturing,1.00,80000,211,140,2015-Jul
EIN:344306440,NIDEC MINSTER CORPORATION,NIDEC MINSTER CORPORATION,344306440,MINSTER,OH,45865,,2020,2020,2020,1,80000,Nidec Minster Corporation,Workforce Grant,Advanced Manufacturing,1.00,80000,547,25,2019-Mar
EIN:340641582,GENERAL ALUMINUM MFG COMPANY,GENERAL ALUMINUM MFG COMPANY,340641582,RAVENNA,OH,44266,,2021,2021,2021,1,80000,General Aluminum Mfg. Company,Workforce Grant,Advanced Manufacturing,1.00,80000,110,80,2017-Sep
EIN:310733949,GEIGER BROTHERS INC,GEIGER BROTHERS INC,310733949,JACKSON,OH,45640,,2024,2024,2024,1,80000,"Geiger Brothers, Inc.",Economic Development Grant,Advanced Manufacturing,1.00,80000,260,20,2024-Mar
EIN:134108681,Coty US LLC,Coty US LLC,134108681,Pataskala,OH,43062,,2018,2018,2018,1,77468,,,,,,,,
EIN:341943090,CENTRAL MACHINERY COMPANY LLC,CENTRAL MACHINERY COMPANY LLC,341943090,MARION,OH,43302,,2019,2020,2019 2020,2,76998,"Central Machinery Company, LLC",Workforce Grant,Advanced Manufacturing,1.00,75000,54,55,2018-Jul
EIN:340978908,VANGUARD-SENTINEL CAREER & TECHNOLOGY,VANGUARD-SENTINEL CAREER & TECHNOLOGY,340978908,FREMONT,OH,43420,,2020,2020,2020,1,76823,,,,,,,,
EIN:383933363,TRACTION ON DEMAND (TRACTION ON DEMAND US INC),TRACTION ON DEMAND (TRACTION ON DEMAND US INC),383933363,DAYTON,OH,45402,,2020,2020,2020,1,75716,Traction on Demand,Workforce Grant,IT,1.00,300000,5,80,2019-Nov
EIN:260546656,PRIME AE Group Inc,PRIME AE Group Inc,260546656,Columbus,OH,43240,,2016,2018,2016 2018,2,75000,PRIME AE Group Inc.,Economic Development Grant,Information Technology,1.00,75000,83,59,2015-May
EIN:341376029,Wrap N' Ship Inc,Wrap N' Ship Inc,341376029,Toledo,OH,43612,,2017,2018,2017 2018,2,75000,,,,,,,,
EIN:800065827,Raymond Storage Concepts Inc,Raymond Storage Concepts Inc,800065827,Blue Ash,OH,45242,,2018,2018,2018,1,75000,"Raymond Storage Concepts, Inc.",Economic Development Grant,Logistics and Distribution,1.00,75000,80,30,2017-Oct
EIN:821501811,BANK STREET HOLDINGS LLC,BANK STREET HOLDINGS | BANK STREET HOLDINGS LLC,821501811,VALLEY VIEW,OH,44125,,2019,2022,2019 2021 2022,3,75000,,,,,,,,
EIN:825505807,GHD GREEN LLC,GHD GREEN LLC,825505807,CINCINNATI,OH,45242,,2019,2019,2019,1,75000,,,,,,,,
EIN:362407381,UNITED PARCEL SERVICE INC,UNITED PARCEL SERVICE INC,362407381,COLUMBUS,OH,43228,,2019,2019,2019,1,75000,"United Parcel Service, Inc.",Workforce Grant,Logistics and Distribution,1.00,375000,1799,681,2017-May 2021-Jan
EIN:383974397,EASIBUY LLC,EASIBUY LLC,383974397,HUDSON,OH,44236,,2020,2020,2020,1,75000,"EASiBuy, LLC",Revitalization Grant,IT,1.00,75000,9,15,2020-Jan
EIN:943487885,SGB USA INC,SGB USA INC,943487885,TALLMADGE,OH,44278,,2020,2020,2020,1,75000,"SGB USA, Inc.",Workforce Grant,Advanced Manufacturing,1.00,75000,7,22,2018-Dec
EIN:611692583,CROZIER WELDING LLC,CROZIER WELDING LLC,611692583,COSHOCTON,OH,43812,,2021,2021,2021,1,75000,"Crozier Welding, LLC",Economic Development Grant,Energy and Chemicals,1.00,75000,30,15,2020-Jun
EIN:461588341,FAXON FIREARMS LLC,FAXON FIREARMS LLC,461588341,WEST CHESTER,OH,45014,,2021,2021,2021,1,75000,"Faxon Firearms, LLC",Economic Development Grant,Advanced Manufacturing,1.00,75000,55,15,2020-May
EIN:814598385,HYDRAULIC MANIFOLDS USA LLC,HYDRAULIC MANIFOLDS USA LLC,814598385,WEST MILFORD,NJ,07480,,2021,2021,2021,1,75000,"Hydraulic Manifolds, USA LLC",Economic Development Grant,Advanced Manufacturing,1.00,75000,0,15,2020-Aug
EIN:203815844,INDUSTRIAL RELIABILITY AND REPAIR,INDUSTRIAL RELIABILITY AND REPAIR | INDUSTRIAL RELIABILITY AND REPAIR LLC,203815844,CHILLICOTHE,OH,45601,,2021,2024,2021 2024,2,75000,"Industrial Reliability and Repair, LLC",Economic Development Grant; Inclusion Grant,Advanced Manufacturing,1.00,75000,35,24,2021-Jan 2023-Feb
EIN:222451241,MERIDIENNE INTERNATIONAL INC,MERIDIENNE INTERNATIONAL INC,222451241,AURORA,OH,44202,,2021,2021,2021,1,75000,"Meridienne International, Inc.",Revitalization Grant,Advanced Manufacturing,1.00,75000,20,14,2020-May
EIN:341174227,PRENTKE ROMICH COMPANY,PRENTKE ROMICH COMPANY,341174227,WOOSTER,OH,44691,,2021,2021,2021,1,75000,Prentke Romich Company,Workforce Grant,IT,1.00,75000,202,31,2019-Sep
EIN:646016768,QUALITY STEEL CORPORATION OF MS (QUALITY STEEL CORPORATION),QUALITY STEEL CORPORATION OF MS (QUALITY STEEL CORPORATION),646016768,FREMONT,OH,43420,,2021,2021,2021,1,75000,Quality Steel Corporation of MS (Quality Steel Corporation),Economic Development Grant,Advanced Manufacturing,1.00,75000,164,18,2020-Nov
EIN:311393419,QUEST DEFENSE SYSTEMS,QUEST DEFENSE SYSTEMS,311393419,CINCINNATI,OH,45246,,2021,2021,2021,1,75000,,,,,,,,
EIN:844259995,THALER MACHINE COMPANY LLC,THALER MACHINE COMPANY LLC,844259995,SPRINGBORO,OH,45066,,2021,2021,2021,1,75000,Thaler Machine Company LLC,Economic Development Grant,Advanced Manufacturing,1.00,75000,110,30,2020-Aug
EIN:311585233,THE WORTHINGTON STEEL COMPANY,THE WORTHINGTON STEEL COMPANY,311585233,DELTA,OH,43515,,2021,2021,2021,1,75000,The Worthington Steel Company,Economic Development Grant,Advanced Manufacturing,1.00,75000,175,26,2017-Aug
EIN:871421992,10600 EVENDALE DRIVE LLC,10600 EVENDALE DRIVE LLC,871421992,BLUE ASH,OH,45242,,2022,2022,2022,1,75000,,,,,,,,
EIN:460635641,A-GAS US INC,A-GAS US INC,460635641,BOWLING GREEN,OH,43402,,2022,2022,2022,1,75000,A-Gas US Inc.,Economic Development Grant,Energy and Chemicals,1.00,75000,81,19,2021-Jun
EIN:262606260,N2Y LLC,N2Y LLC,262606260,HURON,OH,44839,,2022,2022,2022,1,75000,N2Y LLC,Workforce Grant,Technology,1.00,75000,111,15,2021-May
EIN:271764977,NAPOLEON MACHINE LLC,NAPOLEON MACHINE LLC,271764977,NAPOLEON,OH,43545,,2022,2022,2022,1,75000,"Napoleon Machine, LLC",Economic Development Grant,Advanced Manufacturing,1.00,75000,30,15,2021-Jan
EIN:200027233,TRANSGLOBAL INC,TRANSGLOBAL INC,200027233,WARREN,OH,44483,,2022,2022,2022,1,75000,"Transglobal, Inc.",Economic Development Grant; Growth Fund Loan,Automotive,1.00,3075000,35,70,2021-Aug 2024-Aug
EIN:844391631,1M GROUP LLC,1M GROUP LLC,844391631,DENVER,CO,80238,,2023,2023,2023,1,75000,"1M Group, LLC",Economic Development Grant,Advanced Manufacturing,1.00,75000,0,30,2022-Mar
EIN:873277500,35350 CURITS LLC,35350 CURITS LLC,873277500,HIGHLAND HEIGHTS,OH,44143,,2023,2023,2023,1,75000,,,,,,,,
EIN:341165942,AMERICAN COLORS INC,AMERICAN COLORS INC,341165942,SANDUSKY,OH,44871,,2023,2023,2023,1,75000,"American Colors, Inc.",Economic Development Grant,Energy and Chemicals,1.00,75000,53,22,2022-Sep
EIN:842948886,DANSONS PEEBLES LLC,DANSONS PEEBLES LLC,842948886,PHOENIX,AZ,85013,,2023,2023,2023,1,75000,Dansons Peebles LLC,Economic Development Grant,Food and Agribusiness,1.00,75000,0,21,2020-May
EIN:383223296,EDW C LEVY CO,EDW C LEVY CO,383223296,DELTA,OH,43515,,2023,2023,2023,1,75000,EDW. C. Levy Co.,Workforce Grant,Advanced,1.00,75000,40,30,2021-May
EIN:341019273,KEIM LUMBER COMPANY,KEIM LUMBER COMPANY,341019273,CHARM,OH,44617,,2023,2023,2023,1,75000,Keim Lumber Company,Economic Development Grant; Workforce Grant,Logistics and Distribution,1.00,135000,633,56,2020-Aug 2022-Aug
EIN:311574034,LUBRICATION SPECIALTIES INC,LUBRICATION SPECIALTIES INC,311574034,WESTERVILLE,OH,43086,,2023,2023,2023,1,75000,"Lubrication Specialties, Inc.",Economic Development Grant,Energy and,1.00,75000,37,15,2021-Sep
EIN:311567260,MPW INDUSTRIAL SERVICES GROUP INC,MPW INDUSTRIAL SERVICES GROUP INC,311567260,CHICAGO,IL,60674,,2023,2023,2023,1,75000,"MPW Industrial Services Group, Inc.",Economic Development Grant,Advanced Manufacturing,1.00,75000,316,32,2022-Feb
EIN:581455083,PHOENIX METALS COMPANY (PHOENIX CORPORATION),PHOENIX METALS COMPANY (PHOENIX CORPORATION),581455083,ATLANTA,GA,31193,,2023,2023,2023,1,75000,Phoenix Metals Company (Phoenix Corporation),Economic Development Grant,Advanced Manufacturing,1.00,75000,59,20,2021-Jun
EIN:411921490,POLARIS SALES INC,POLARIS SALES INC,411921490,MINNEAPOLIS,MN,55486,,2023,2023,2023,1,75000,"Polaris Sales, Inc.",Economic Development Grant,Logistics and Distribution,1.00,75000,79,20,2022-Apr
EIN:470691265,STAHLSCOTT FETZER COMPANY,STAHLSCOTT FETZER COMPANY,470691265,CLEVELAND,OH,44193,,2023,2023,2023,1,75000,,,,,,,,
EIN:340176110,THE DAVEY TREE EXPERT COMPANY,THE DAVEY TREE EXPERT COMPANY,340176110,KENT,OH,44240,,2023,2023,2023,1,75000,The Davey Tree Expert Company,Economic Development Grant; Revitalization Grant,Other,1.00,375000,537,90,2020-Jun 2022-Feb
EIN:611853400,AVT BECKETT ELEVATORS USA INC,AVT BECKETT ELEVATORS USA INC,611853400,LOGAN,OH,43138,,2024,2024,2024,1,75000,"AVT Beckett Elevators USA, Inc.",Economic Development Grant,Advanced Manufacturing,1.00,75000,0,20,2023-Sep
EIN:881542227,B&T ASSOCIATES,B&T ASSOCIATES,881542227,NAVARRE,OH,44602,,2024,2024,2024,1,75000,,,,,,,,
EIN:270173350,CORE SPECIALTY INSURANCE SERVICES INC,CORE SPECIALTY INSURANCE SERVICES INC,270173350,CINCINNATI,OH,45202,,2024,2024,2024,1,75000,"Core Specialty Insurance Services, Inc.",Economic Development Grant,Financial Services,1.00,150000,78,70,2023-Nov 2024-Sep
EIN:820515535,PEAK FOODS LLC,PEAK FOODS LLC,820515535,BOISE,ID,83702,,2024,2024,2024,1,75000,Peak Foods LLC.,Economic Development Grant,Food and,1.00,75000,66,20,2021-Sep
EIN:341148853,POLYMERICS INC,POLYMERICS INC,341148853,CUYAHOGA FALLS,OH,44221,,2024,2024,2024,1,75000,"Polymerics, Inc.",Workforce Grant,Energy and Chemicals,1.00,75000,49,30,2024-Mar
EIN:341913858,SEQUOIA FINANCIAL GROUP LLC,SEQUOIA FINANCIAL GROUP LLC,341913858,AKRON,OH,44333,,2024,2024,2024,1,75000,"Sequoia Financial Group, LLC",Economic Development Grant,Financial Services,1.00,75000,75,19,2022-May
EIN:262093343,WIKA SENSOR TECHNOLOGY LP,WIKA SENSOR TECHNOLOGY LP,262093343,LAWRENCEVILLE,GA,30043,,2024,2024,2024,1,75000,"Sensor Technology, LP",Inclusion Grant,Advanced Manufacturing,0.67,25000,9,2,2023-Jun
EIN:464870260,STARK COUNTY MINORITY BUSINESS ASSOCATION,STARK COUNTY MINORITY BUSINESS ASSOCATION | STARK COUNTY MINORITY BUSINESS ASSOCIATION,464870260,CANTON,OH,44705,,2020,2022,2020 2021 2022,3,73457,,,,,,,,
EIN:943196943,SIMPSON MANUFACTURING CO INC,SIMPSON MANUFACTURING CO INC,943196943,PLEASANTON,CA,94588,,2023,2023,2023,1,73000,"Simpson Manufacturing Co., Inc.",Workforce Grant,Advanced Manufacturing,1.00,200000,380,125,2024-Jun
EIN:832600215,NATIONAL BEEF OHIO LLC,NATIONAL BEEF OHIO LLC,832600215,NORTH BALTIMORE,OH,45872,,2023,2023,2023,1,72500,,,,,,,,
EIN:311309353,KC ROBOTICS INC,KC ROBOTICS INC,311309353,WEST CHESTER,OH,45214,,2023,2023,2023,1,71249,"KC Robotics, Inc.",Economic Development Grant,Advanced Manufacturing,1.00,75000,31,12,2021-Nov
EIN:311570785,THE CLARENCE AND JUDITH LAPEDES FAMILY LLC,THE CLARENCE AND JUDITH LAPEDES FAMILY LLC,311570785,CINCINNATI,OH,45208,,2019,2019,2019,1,68696,,,,,,,,
EIN:453535042,GREEN PLANET 21 UTILITY SERVICES LLC,GREEN PLANET 21 UTILITY SERVICES LLC,453535042,OAKLAND,CA,94607,,2023,2024,2023 2024,2,66604,,,,,,,,
EIN:822325963,DAYTON SEWING COLLABORATIVE,DAYTON SEWING COLLABORATIVE,822325963,DAYTON,OH,45401,,2019,2019,2019,1,66300,,,,,,,,
NAME:arkay properties,Arkay Properties LLC,Arkay Properties LLC,,Cuyahoga Falls,OH,44221,,2016,2016,2016,1,65000,,,,,,,,
EIN:452752253,USA FIRMWARE LLC,USA FIRMWARE LLC,452752253,BRECKSVILLE,OH,44141,,2021,2021,2021,1,65000,"USA Firmware, LLC",Economic Development Grant,IT,1.00,65000,15,28,2020-May
EIN:341440886,MULLET CABINETS INC,MULLET CABINETS INC,341440886,MILLERSBURG,OH,44654,,2024,2024,2024,1,65000,"Mullet Cabinets, Inc.",Economic Development Grant,Advanced Manufacturing,1.00,65000,204,20,2022-Dec
EIN:822415903,GLBC Scranton LLC,GLBC Scranton LLC,822415903,Cleveland,OH,44143,,2018,2018,2018,1,64727,GLBC Scranton LLC,Revitalization Grant Phase II,Other,1.00,77235,0,0,2017-Nov
EIN:262885325,SCOTT STEEL LLC,SCOTT STEEL LLC,262885325,PIQUA,OH,45356,,2024,2024,2024,1,63094,"Scott Steel, LLC",Revitalization Grant; Revitalization Grant Phase II,Advanced Manufacturing,1.00,311445,45,18,2022-Dec 2024-Jun
EIN:581853319,The Home Depot Inc,The Home Depot Inc,581853319,Atlanta,GA,30339,,2018,2018,2018,1,62000,,,,,,,,
EIN:346401558,City of Wauseon,City of Wauseon,346401558,Wauseon,OH,43567,,2018,2018,2018,1,61839,City of Wauseon,Revitalization Grant Phase II,Automotive,1.00,63937,0,0,2017-Aug
EIN:271511457,CROW WORKS LLC,CROW WORKS LLC,271511457,KILLBUCK,OH,44637,,2022,2022,2022,1,61555,"Crow Works, LLC",Workforce Grant,Advanced Manufacturing,1.00,250000,50,75,2018-Nov
EIN:341152347,KURTZ BROS INC,KURTZ BROS INC,341152347,GARFIELD HEIGHTS,OH,44125,,2019,2019,2019,1,61351,"Kurtz Bros., Inc.",Revitalization Grant Phase II,Food and Agribusiness,1.00,68291,0,0,2018-Sep
EIN:201783964,INFOTRUST LLC,INFOTRUST LLC,201783964,BLUE ASH,OH,45242,,2020,2020,2020,1,60000,"InfoTrust, LLC",Workforce Grant,Software,1.00,60000,36,60,2019-Apr
EIN:341202777,PANELMATIC YOUNGSTOWN INC,PANELMATIC YOUNGSTOWN INC,341202777,BROOKFIELD,OH,44403,,2020,2020,2020,1,60000,"Panelmatic Youngstown, Inc.",Economic Development Grant,Advanced Manufacturing,1.00,60000,48,30,2019-Jul
EIN:311669229,PHILLIPS EDISON & COMPANY LTD,PHILLIPS EDISON & COMPANY LTD,311669229,CINCINNATI,OH,45249,,2020,2020,2020,1,60000,Phillips Edison Company Ltd.,Workforce Grant,Other,1.00,100000,181,65,2016-Sep
EIN:472427790,ACE PRODUCTS & CONSULTING LLC,ACE PRODUCTS & CONSULTING LLC,472427790,RAVENNA,OH,44266,,2021,2024,2021 2024,2,60000,"ACE Products & Consulting, LLC",Inclusion Grant,Advanced Manufacturing,1.00,60000,19,9,2020-Sep 2024-Mar
EIN:208679477,REALEFLOW LLC,REALEFLOW LLC,208679477,BRUNSWICK,OH,44212,,2024,2024,2024,1,57216,"Realeflow, LLC",Economic Development Grant,Technology,1.00,100000,30,15,2023-Jul
EIN:202779385,CPG INTERNATIONAL LLC,CPG INTERNATIONAL LLC,202779385,SKOKIE,IL,60077,,2019,2019,2019,1,55000,CPG International LLC,Workforce Grant,Manufacturing,1.00,55000,0,35,2018-Sep
EIN:222988012,ASHTA CHEMICALS INC,ASHTA CHEMICALS INC,222988012,ASHTABULA,OH,44004,,2020,2020,2020,1,55000,Ashta Chemicals Inc.,Workforce Grant,Shale Energy and Petrochemicals,1.00,55000,91,5,2017-Mar
EIN:111986323,MARCUM LLP,MARCUM LLP,111986323,CLEVELAND,OH,44114,,2020,2020,2020,1,55000,Marcum LLP,Workforce Grant,Financial Services,1.00,55000,30,20,2020-Mar
EIN:030223034,WEIDMANN ELECTRICAL TECHNOLOGY INC,WEIDMANN ELECTRICAL TECHNOLOGY INC,030223034,URBANA,OH,43078,,2020,2020,2020,1,55000,Weidmann Electrical Technology Inc.,Revitalization Grant; Workforce Grant,Advanced Manufacturing,1.00,2055000,215,125,2018-Aug 2026-Aug
EIN:371418273,ST ENGINEERING HACKNEY INC,ST ENGINEERING HACKNEY INC,371418273,KIDRON,OH,44636,,2022,2022,2022,1,55000,"ST Engineering Hackney, Inc.",Economic Development Grant,Automotive,1.00,55000,63,27,2021-Aug
EIN:510407971,BARCLAYS SERVICES LLC,BARCLAYS SERVICES LLC | Barclays Services Ohio,510407971,WILMINGTON,DE,19801,,2017,2022,2017 2022,2,52869,Barclays Services Ohio (Barclays Services LLC),Workforce Grant,Financial Services,0.67,300000,,1500,2016-May
EIN:311435433,Maca Plastics Inc,Maca Plastics Inc,311435433,Winchester,OH,45697,,2015,2016,2015 2016,2,52000,,,,,,,,
EIN:453997071,MONITOR THERAPEUTICS INC,MONITOR THERAPEUTICS INC,453997071,DUBLIN,OH,43017,,2023,2023,2023,1,50130,,,,,,,,
EIN:741478631,McLane Ohio Inc,McLane Ohio Inc,741478631,Findlay,OH,45840,,2018,2018,2018,1,50100,,,,,,,,
EIN:113682720,,,113682720,,,,,2014,2014,2014,1,50000,,,,,,,,
EIN:520902777,,,520902777,,,,,2014,2014,2014,1,50000,,,,,,,,
EIN:161090809,BASF Corporation,BASF Corporation,161090809,Florham Park,NJ,07932,,2015,2015,2015,1,50000,,,,,,,,
EIN:930518680,Consolidated Metco Inc,Consolidated Metco Inc,930518680,Vancouver,WA,98661,,2015,2015,2015,1,50000,,,,,,,,
EIN:340936989,UNVERFERTH MANUFACTURING CO INC,UNVERFERTH MANU CO INC | UNVERFERTH MANUFACTURING CO INC | Unverferth Manufacturing Company Inc,340936989,KALIDA,OH,45853,,2015,2023,2015 2019 2023,3,50000,"Unverferth Manufacturing Company, Inc.",Economic Development Grant,Advanced Manufacturing,1.00,50000,484,20,2022-Jun
EIN:341775903,Downtown Cleveland Alliance,Downtown Cleveland Alliance,341775903,Cleveland,OH,44115,501(c)(3),2015,2015,2015,1,50000,,,,,,,,
EIN:320071821,Manufacturing Business Development Solutions LLC,Manufacturing Business Development Solutions LLC,320071821,Findlay,OH,45840,,2016,2017,2016 2017,2,50000,,,,,,,,
EIN:341398298,Walnut Creek Foods,Walnut Creek Foods,341398298,Walnut Creek,OH,44687,,2016,2016,2016,1,50000,,,,,,,,
EIN:341570807,Polychem Corporation,Polychem Corporation,341570807,Mentor,OH,44060,,2017,2017,2017,1,50000,"Polychem, LLC",Economic Development Grant; Workforce Grant,Advanced Manufacturing,1.00,150000,157,125,2016-Apr 2023-May
EIN:461515066,Talis Clinical LLC,Talis Clinical LLC,461515066,Streetsboro,OH,44241,,2017,2017,2017,1,50000,"Talis Clinical, LLC",Revitalization Grant,Information Services and Software,1.00,50000,24,15,2016-Aug
EIN:260349166,Te-Co Manufacturing LLC,Te-Co Manufacturing LLC,260349166,Union,OH,45322,,2017,2017,2017,1,50000,Te-Co Manufacturing LLC,Economic Development Grant,Advanced Manufacturing,1.00,50000,55,14,2016-Aug
EIN:465690691,W&W Dry Cleaners Laundry and Linen Services LLC,W&W Dry Cleaners Laundry and Linen Services LLC,465690691,Greenfield,OH,45123,,2017,2017,2017,1,50000,"W&W Dry Cleaners, Laundry and Linen Services, LLC",Revitalization Grant,Other,1.00,50000,7,14,2016-Aug
EIN:760846911,3D Engineering Solutions LLC,3D Engineering Solutions LLC,760846911,Cincinnati,OH,45215,,2018,2018,2018,1,50000,"3D Engineering Solutions, LLC",Workforce Grant,Other,1.00,50000,18,15,2017-Feb
EIN:341904711,Arnold Machine Inc,Arnold Machine Inc,341904711,Tiffin,OH,44883,,2018,2018,2018,1,50000,"Arnold Machine, Inc.",Economic Development Grant,Advanced Manufacturing,1.00,50000,43,20,2017-May
EIN:341876781,Coldwater Machine Company LLC,Coldwater Machine Company LLC,341876781,Coldwater,OH,45828,,2018,2018,2018,1,50000,"Coldwater Machine Company, LLC",Economic Development Grant,Advanced Manufacturing,1.00,50000,117,12,2017-Nov
EIN:341101302,Dan-Mar Company Inc,Dan-Mar Company Inc,341101302,Norwalk,OH,44857,,2018,2018,2018,1,50000,,,,,,,,
EIN:271320001,Federal Supply Services International LLC,Federal Supply Services International LLC,271320001,Lucasville,OH,45648,,2018,2018,2018,1,50000,Federal Supply Services International LLC,Workforce Grant,Advanced Manufacturing,1.00,50000,0,31,2017-Mar
EIN:251766580,FedEx Supply Chain Inc,FedEx Supply Chain Inc,251766580,Columbus,OH,43217,,2018,2018,2018,1,50000,,,,,,,,
EIN:311539233,Grady McCauley Inc,Grady McCauley Inc,311539233,North Canton,OH,44720,,2018,2018,2018,1,50000,Grady McCauley Inc.,Workforce Grant,Advanced Manufacturing,1.00,50000,87,95,2017-Jun
EIN:341949320,JR Manufacturing Inc,JR Manufacturing Inc,341949320,Fort Recovery,OH,45846,,2018,2018,2018,1,50000,"JR Manufacturing, Inc.",Workforce Grant,Automotive,1.00,50000,190,30,2015-Sep
EIN:452583478,Keihin Thermal Technology of America Inc,Keihin Thermal Technology of America Inc,452583478,MT Sterling,OH,43143,,2018,2018,2018,1,50000,,,,,,,,
EIN:204752011,National Automotive Experts LLC,National Automotive Experts LLC,204752011,Strongsville,OH,44136,,2018,2018,2018,1,50000,"National Automotive Experts, LLC",Economic Development Grant,Financial Services,1.00,50000,146,30,2018-Feb
EIN:133537004,NEX Transport Inc,NEX Transport Inc,133537004,East Liberty,OH,43319,,2018,2018,2018,1,50000,,,,,,,,
EIN:311437701,TS Tech Americas Inc,TS Tech Americas Inc,311437701,Reynoldsburg,OH,43068,,2018,2018,2018,1,50000,,,,,,,,
EIN:341904902,AQUABLOK LTD,AQUABLOK LTD,341904902,SWANTON,OH,43558,,2019,2019,2019,1,50000,"Aquablok, Ltd.",Revitalization Loan,Advanced Manufacturing,1.00,50000,7,20,2018-Aug
EIN:133996703,BENCHMARK EDUCATION COMPANY LLC,BENCHMARK EDUCATION COMPANY LLC,133996703,NEW ROCHELLE,NY,10801,,2019,2019,2019,1,50000,Benchmark Education Company LLC,Workforce Grant,Other,1.00,50000,,49,2015-Mar
EIN:371790634,BLECKMANN USA LLC,BLECKMANN USA LLC,371790634,JOHNSTOWN,OH,43031,,2019,2019,2019,1,50000,,,,,,,,
EIN:311745568,DECEUNINCK NORTH AMERICA LLC,DECEUNINCK NORTH AMERICA LLC,311745568,MONROE,OH,45050,,2019,2019,2019,1,50000,"Deceuninck North America, LLC",Workforce Grant,Advanced Manufacturing,1.00,50000,480,85,2018-May
EIN:462633179,DECKED LLC,DECKED LLC,462633179,KETCHUM,ID,83340,,2019,2019,2019,1,50000,Decked LLC,Economic Development Grant,Automotive,1.00,150000,36,66,2018-Nov 2022-Dec
EIN:271931373,FAT HEAD'S BREWING LP,FAT HEAD'S BREWING LP,271931373,MIDDLEBURG HEIGHTS,OH,44130,,2019,2019,2019,1,50000,"Fat Head's Brewing, L.P.",Economic Development Grant,Food Processing,0.60,50000,35,25,2017-Mar
EIN:351153549,KOORSEN FIRE & SECURITY INC,KOORSEN FIRE & SECURITY INC,351153549,COLUMBUS,OH,43228,,2019,2019,2019,1,50000,"Koorsen Fire & Security, Inc.",Workforce Grant,Other,1.00,50000,84,25,2018-Mar
EIN:830892018,MAC WHITE LLC,MAC WHITE LLC,830892018,VAN WERT,OH,45891,,2019,2019,2019,1,50000,,,,,,,,
EIN:273887724,SMITHERS INFORMATION LLC,SMITHERS INFORMATION LLC,273887724,AKRON,OH,44303,,2019,2019,2019,1,50000,Smithers Information LLC,Workforce Grant,Other,1.00,50000,,22,2015-Jun
EIN:300225741,THE WORNICK COMPANY,THE WORNICK COMPANY,300225741,BLUE ASH,OH,45242,,2019,2019,2019,1,50000,The Wornick Company,Workforce Grant,Food Processing,1.00,70000,509,90,2015-Dec
EIN:262898052,AIR WISCONSIN AIRLINES LLC,AIR WISCONSIN AIRLINES LLC,262898052,APPLETON,WI,54914,,2020,2020,2020,1,50000,Air Wisconsin Airlines LLC,Economic Development Grant,Aerospace and Aviation,1.00,50000,0,70,2018-Jan
EIN:562640186,CIL ISOTOPE SEPARATIONS LLC,CIL ISOTOPE SEPARATIONS LLC,562640186,XENIA,OH,45385,,2020,2020,2020,1,50000,"CIL Isotope Separations, LLC",Economic Development Grant,Healthcare,1.00,50000,29,10,2019-Jan
EIN:471923176,MIXT SOLUTIONS LLC,MIXT SOLUTIONS LLC,471923176,PLAIN CITY,OH,43064,,2020,2020,2020,1,50000,Mixt Solutions LLC,Economic Development Grant; Growth Fund Loan,Logistics and Distribution,1.00,3050000,22,28,2020-Feb 2025-Feb
EIN:250730780,PPG INDUSTRIES INC,PPG INDUSTRIES INC,250730780,BARBERTON,OH,44203,,2020,2020,2020,1,50000,"PPG Industries, Inc.",Workforce Grant,Energy and Chemicals,1.00,50000,160,14,2020-Jan
EIN:341480627,REIFEL INDUSTRIES INC,REIFEL INDUSTRIES INC,341480627,PIONEER,OH,43554,,2020,2020,2020,1,50000,"Reifel Industries, Inc.",Workforce Grant,Advanced Manufacturing,1.00,50000,172,20,2018-Sep
EIN:852209533,CIRCLE M MEATS LLC,CIRCLE M MEATS LLC,852209533,JACKSON,OH,45640,,2021,2021,2021,1,50000,"Circle M Meats, LLC",Inclusion Grant,Food Sciences and Agriculture,1.00,50000,0,8,2020-Sep
EIN:311408665,DNK ARCHITECTS INC,DNK ARCHITECTS INC,311408665,CINCINNATI,OH,45214,,2021,2024,2021 2024,2,50000,"DNK Architects, Inc.",Inclusion Grant,Other,1.00,50000,5,3,2020-Dec
EIN:208033614,FIRE-DEX LLC,FIRE-DEX LLC,208033614,MEDINA,OH,44256,,2021,2021,2021,1,50000,"Fire-Dex, LLC",Workforce Grant,Advanced Manufacturing,1.00,50000,133,30,2017-Nov
EIN:392059617,GATEWAY LOGISTICS INC,GATEWAY LOGISTICS INC,392059617,CINCINNATI,OH,45215,,2021,2021,2021,1,50000,"Gateway Logistics, Inc.",Inclusion Grant,Logistics and Distribution,1.00,50000,32,18,2020-Dec
EIN:770043660,HARDY DIAGNOSTICS,HARDY DIAGNOSTICS,770043660,SPRINGBORO,OH,45066,,2021,2021,2021,1,50000,Hardy Diagnostics,Economic Development Grant,Healthcare,1.00,50000,128,5,2020-May
EIN:272751869,HEARTLAND ENGINEERED PRODUCTS LLC,HEARTLAND ENGINEERED PRODUCTS LLC,272751869,HARRISON,OH,45030,,2021,2021,2021,1,50000,"Heartland Engineered Products, LLC",Economic Development Grant,Advanced Manufacturing,1.00,50000,91,25,2021-Jan
EIN:270722424,JOURNEY STEEL INC,JOURNEY STEEL INC,270722424,CINCINNATI,OH,45237,,2021,2021,2021,1,50000,"Journey Steel, Inc.",Inclusion Grant,Other,1.00,50000,27,4,2020-Oct
EIN:471876052,KOCHER FOODS INTERNATIONAL INC,KOCHER FOODS INTERNATIONAL INC,471876052,BELLAIRE,OH,43906,,2021,2021,2021,1,50000,"Kocher Foods International, Inc.",Inclusion Grant,Advanced Manufacturing,1.00,50000,5,0,2021-Jan
EIN:311471291,LINKS UNLIMITED INC,LINKS UNLIMITED INC,311471291,CINCINNATI,OH,45216,,2021,2021,2021,1,50000,"Links Unlimited, Inc.",Revitalization Grant,Logistics and Distribution,1.00,50000,69,18,2019-Jul
EIN:341972762,MARK-ALL ENTERPRISES LLC,MARK-ALL ENTERPRISES LLC,341972762,AKRON,OH,44314,,2021,2021,2021,1,50000,"Mark-All Enterprises, LLC",Inclusion Grant,Advanced Manufacturing,1.00,50000,18,4,2021-Jan
EIN:311338488,MICROPYRETICS HEATERS INTERNATIONAL INC,MICROPYRETICS HEATERS INTERNATIONAL INC,311338488,CINCINNATI,OH,45215,,2021,2021,2021,1,50000,Micropyretics Heaters International Inc.,Inclusion Grant,Advanced Manufacturing,1.00,50000,10,15,2020-Sep
EIN:814715411,NEW SIGNS OHIO LLC,NEW SIGNS OHIO LLC,814715411,LIMA,OH,45804,,2021,2021,2021,1,50000,New Signs Ohio LLC,Inclusion Grant,Advanced Manufacturing,1.00,75000,10,3,2021-Jan 2024-Jun
EIN:261216494,PATRICIA RAWLINSON DESIGNS LLC,PATRICIA RAWLINSON DESIGNS LLC,261216494,GALLIPOLIS,OH,45631,,2021,2021,2021,1,50000,Patricia Rawlinson Designs LLC,Inclusion Grant,Advanced Manufacturing,1.00,50000,14,4,2020-Sep
EIN:822684125,PENGUIN CITY BREWING COMPANY LLC,PENGUIN CITY BREWING COMPANY LLC,822684125,YOUNGSTOWN,OH,44502,,2021,2021,2021,1,50000,"Penguin City Brewing Company, LLC",Inclusion Grant,Food and Agribusiness,1.00,50000,16,29,2020-Nov
EIN:821304226,PROOF PRODUCTS USA LLC,PROOF PRODUCTS USA LLC,821304226,COLUMBUS,OH,43204,,2021,2021,2021,1,50000,Proof Products USA LLC,Inclusion Grant,Advanced Manufacturing,1.00,50000,8,10,2021-Jan
EIN:823136388,RSR VENTURES LLC,RSR VENTURES LLC,823136388,TIFFIN,OH,44883,,2021,2021,2021,1,50000,,,,,,,,
EIN:261506356,SCHAAD AND SONS INC,SCHAAD AND SONS INC,261506356,MCCONNELSVILLE,OH,43756,,2021,2021,2021,1,50000,"Schaad and Sons, Inc.",Inclusion Grant; Revitalization Grant,Advanced Manufacturing,1.00,250000,23,18,2020-Oct 2024-Nov
EIN:271569711,STAMARK COMPANY LTD,STAMARK COMPANY LTD,271569711,WALNUT CREEK,OH,44687,,2021,2021,2021,1,50000,,,,,,,,
EIN:812695838,THE OHIO WIRE HARNESS LLC,THE OHIO WIRE HARNESS LLC,812695838,BELLEFONTAINE,OH,43311,,2021,2021,2021,1,50000,"The Ohio Wire Harness, LLC",Inclusion Grant,Advanced Manufacturing,1.00,50000,13,6,2020-Dec
EIN:813092110,THE SIMPLAY3 COMPANY,THE SIMPLAY3 COMPANY,813092110,STREETSBORO,OH,44241,,2021,2021,2021,1,50000,The Simplay3 Company,Inclusion Grant,Advanced Manufacturing,1.00,50000,47,50,2021-Jan
EIN:113705112,TTL ASSOCIATES INC,TTL ASSOCIATES INC,113705112,TOLEDO,OH,43604,,2021,2021,2021,1,50000,"TTL Associates, Inc.",Inclusion Grant,Other,1.00,50000,58,9,2020-Aug
EIN:800455983,VAZQUEZ COMMERCIAL CONSTRUCTION LLC,VAZQUEZ COMMERCIAL CONSTRUCTION LLC,800455983,MIAMI TOWNSHIP,OH,45140,,2021,2021,2021,1,50000,Vazquez Commercial Construction LLC,Inclusion Grant,Other,1.00,50000,2,25,2021-Jan
EIN:341866533,WEST OHIO TOOL CO,WEST OHIO TOOL CO,341866533,RUSSELLS POINT,OH,43348,,2021,2021,2021,1,50000,West Ohio Tool Co.,Inclusion Grant,Advanced,1.00,100000,18,2,2021-Feb 2025-Jun
EIN:262308491,YOUR BOTTLED WATER LLC,YOUR BOTTLED WATER LLC,262308491,WELLSTON,OH,45692,,2021,2021,2021,1,50000,"Your Bottled Water, LLC",Inclusion Grant; Unknown: Inclusi on,Food and Agribusiness,1.00,100000,8,6,2021-Apr 2025-Jan
EIN:521747729,AMERICAN WOOD FIBERS INC,AMERICAN WOOD FIBERS INC,521747729,CIRCLEVILLE,OH,43113,,2022,2022,2022,1,50000,"American Wood Fibers, Inc",Inclusion Grant,Advanced Manufacturing,1.00,50000,38,0,2020-Dec
EIN:455279635,BOJHUN ENVIRRONMENTAL SERVICES LLC,BOJHUN ENVIRRONMENTAL SERVICES LLC,455279635,FOSTORIA,OH,44830,,2022,2022,2022,1,50000,,,,,,,,
EIN:811076038,CANARY CONSULTING INC,CANARY CONSULTING INC,811076038,DAYTON,OH,45402,,2022,2022,2022,1,50000,"Canary Consulting, Inc.",Inclusion Grant,Financial Services,1.00,50000,12,30,2020-Dec
EIN:844134054,CINCINNATI SOY BRANDS CORPORATION,CINCINNATI SOY BRANDS CORPORATION,844134054,CINCINNATI,OH,45213,,2022,2023,2022 2023,2,50000,Cincinnati Soy Brands Corporation,Inclusion Grant,Food and Agribusiness,1.00,50000,2,25,2021-Dec
EIN:311657386,CITY BARBEQUE LLC,CITY BARBEQUE LLC,311657386,DUBLIN,OH,43016,,2022,2022,2022,1,50000,"City Barbeque Group, Inc.",Economic Development Grant,Other,0.67,50000,47,35,2021-Jan
EIN:841865395,CROWNME COIL CARE LLC,CROWNME COIL CARE LLC,841865395,TROTWOOD,OH,45426,,2022,2022,2022,1,50000,Crownme Coil Care LLC,Inclusion Grant,Advanced Manufacturing,1.00,50000,17,12,2021-Aug
EIN:200643423,D3 FUTURE INVESTMENTS LLC,D3 FUTURE INVESTMENTS LLC,200643423,WOODLAWN,OH,45215,,2022,2022,2022,1,50000,,,,,,,,
EIN:262604359,EARTHQUAKER DEVICES LLC,EARTHQUAKER DEVICES LLC,262604359,AKRON,OH,44307,,2022,2022,2022,1,50000,"Earthquaker Devices, LLC",Inclusion Grant,Advanced Manufacturing,1.00,50000,45,13,2022-Apr
EIN:592857432,ERNIE GREEN INDUSTRIES INC,ERNIE GREEN INDUSTRIES INC,592857432,CIRCLEVILLE,OH,43113,,2022,2022,2022,1,50000,"Ernie Green Industries, Inc.",Inclusion Grant,Advanced Manufacturing,1.00,50000,250,0,2021-Aug
EIN:463040190,EZKIN COMPANY,EZKIN COMPANY,463040190,DAYTON,OH,45403,,2022,2022,2022,1,50000,EzKin Company,Unknown: Inclusi on,Other,1.00,50000,4,4,2021-May
EIN:205829591,FOODIES VEGAN LTD,FOODIES VEGAN LTD,205829591,CINCINNATI,OH,45232,,2022,2022,2022,1,50000,Foodies Vegan Ltd,Inclusion Grant,Food and,1.00,50000,11,15,2021-Sep
EIN:811273849,HI-POINT GRAPHICS LLC,HI-POINT GRAPHICS LLC,811273849,BELLEFONTAINE,OH,43311,,2022,2022,2022,1,50000,"Hi-Point Graphics, LLC",Inclusion Grant,Advanced Manufacturing,1.00,50000,4,0,2021-Mar
EIN:341374782,HOFFMAN ANALYTIC SERVICES INC,HOFFMAN ANALYTIC SERVICES INC,341374782,LIMA,OH,45805,,2022,2022,2022,1,50000,"Hoffman Analytic Services, Inc.",Inclusion Grant,Other,1.00,50000,35,2,2020-Nov
EIN:812246204,HOSANNA REVIVAL LLC,HOSANNA REVIVAL LLC,812246204,LOCKLAND,OH,45215,,2022,2022,2022,1,50000,Hosanna Revival LLC,Inclusion Grant; Unknown: Inclusi on,Other,1.00,100000,11,4,2021-Apr 2023-Sep
EIN:821779921,HYGGELIGHT LLC,HYGGELIGHT LLC,821779921,TOLEDO,OH,43604,,2022,2022,2022,1,50000,Hyggelight LLC,Inclusion Grant,Advanced,1.00,50000,6,2,2021-Feb
EIN:460717135,IMAGINE BAKING INC,IMAGINE BAKING INC,460717135,SANDUSKY,OH,44870,,2022,2022,2022,1,50000,"Imagine Baking, Inc.",Inclusion Grant,Food & Agribusiness,1.00,50000,10,15,2021-Oct
EIN:844523710,INPHLU LLC,INPHLU LLC,844523710,CINCINNATI,OH,45203,,2022,2022,2022,1,50000,"Inphlu, LLC",Inclusion Grant,Technology,1.00,50000,0,4,2021-Jun
EIN:311593171,JOSTIN CONSTRUCTION INC,JOSTIN CONSTRUCTION INC,311593171,CINCINNATI,OH,45206,,2022,2022,2022,1,50000,"Jostin Construction, Inc.",Inclusion Grant,Other,1.00,50000,75,21,2021-Sep
EIN:472828847,KDA REALTY LLC,KDA REALTY LLC,472828847,NORTON,OH,44203,,2022,2022,2022,1,50000,,,,,,,,
EIN:473550369,KIRTLEY MOLD INC,KIRTLEY MOLD INC,473550369,AKRON,OH,44314,,2022,2023,2022 2023,2,50000,"Kirtley Mold, Inc.",Inclusion Grant,Advanced Manufacturing,1.00,50000,11,10,2021-Nov
EIN:270063019,MILO'S WHOLE WORLD GOURMET LLC,MILO'S WHOLE WORLD GOURMET LLC,270063019,NELSONVILLE,OH,45764,,2022,2022,2022,1,50000,"Milo's Whole World Gourmet, LLC",Inclusion Grant,Food and,1.00,100000,14,7,2021-Jul 2025-Mar
EIN:205128462,MILSEK FURNITURE POLISH INC,MILSEK FURNITURE POLISH INC,205128462,SALEM,OH,44460,,2022,2022,2022,1,50000,"Milsek Furniture Polish, Inc.",Inclusion Grant,Shale Energy and Petrochemicals,1.00,50000,4,3,2020-Sep
EIN:383907747,PARADIGM INDUSTRIAL LLC,PARADIGM INDUSTRIAL LLC,383907747,DAYTON,OH,45410,,2022,2022,2022,1,50000,Paradigm Industrial LLC,Inclusion Grant,Advanced Manufacturing,1.00,50000,32,6,2021-Aug
EIN:310733680,PETLAND INC,PETLAND INC,310733680,CHILLICOTHE,OH,45601,,2022,2022,2022,1,50000,"Petland, Inc.",Economic Development Grant,Advanced Manufacturing,1.00,50000,53,21,2020-Dec
EIN:845032350,POET BIOREFINING AND MANAGEMENT LLC,POET BIOREFINING AND MANAGEMENT LLC,845032350,LEIPSIC,OH,45856,,2022,2022,2022,1,50000,"POET Biorefining and Management, LLC",Economic Development Grant,Energy and,1.00,50000,42,6,2021-Jul
EIN:824913296,RIVER ROASTERS COFFEE COMPANY LLC,RIVER ROASTERS COFFEE COMPANY LLC,824913296,POMEROY,OH,45769,,2022,2022,2022,1,50000,River Roasters Coffee Company LLC,Unknown: Inclusi on,Food and Agribusiness,1.00,50000,0,4,2021-Apr
EIN:811341860,ROLLING ENTERPRISES INC,ROLLING ENTERPRISES INC,811341860,MORAINE,OH,45409,,2022,2022,2022,1,50000,Rolling Enterprises Inc.,Inclusion Grant,Advanced Manufacturing,1.00,50000,31,4,2021-Dec
EIN:061251791,SAMUEL SON & CO (USA) INC,SAMUEL SON & CO (USA) INC,061251791,HEATH,OH,43056,,2022,2022,2022,1,50000,"Samuel, Son & Co. (USA) Inc.",Economic Development Grant,Advanced Manufacturing,1.00,50000,93,20,2018-Mar
EIN:311692695,SCENIC SOLUTIONS LIMITED LIABILITY COMPANY,SCENIC SOLUTIONS LIMITED LIABILITY COMPANY,311692695,WEST CARROLLTON,OH,45449,,2022,2022,2022,1,50000,"Scenic Solutions, Limited Liability Company",Inclusion Grant,Advanced Manufacturing,1.00,50000,17,3,2021-Aug
EIN:200070121,SENTRILOCK LLC,SENTRILOCK LLC,200070121,WEST CHESTER TOWNSHIP,OH,45069,,2022,2022,2022,1,50000,"Sentrilock, LLC",Economic Development Grant,Advanced Manufacturing,1.00,50000,175,79,2021-Aug
EIN:272915235,SPINTECH HOLDINGS INC,SPINTECH HOLDINGS INC,272915235,XENIA,OH,45385,,2022,2022,2022,1,50000,"Spintech Holdings, Inc.",Economic Development Grant,Advanced Manufacturing,1.00,50000,19,14,2022-Feb
EIN:264346624,STAR HOLDING COMPANY LLC,STAR HOLDING COMPANY LLC,264346624,WEST CHESTER,OH,45246,,2022,2022,2022,1,50000,,,,,,,,
EIN:340552740,STATE INDUSTRIAL PRODUCTS CORPORATION,STATE INDUSTRIAL PRODUCTS CORPORATION,340552740,MAYFIELD HEIGHTS,OH,44124,,2022,2022,2022,1,50000,State Industrial Products Corporation,Economic Development Grant; Workforce Grant,Energy and Chemicals,1.00,150000,104,25,2017-Jun 2025-Jan
EIN:341826518,T J DAVIES COMPANY INC,T J DAVIES COMPANY INC,341826518,MANTUA,OH,44255,,2022,2022,2022,1,50000,"T.J. Davies Company, Inc",Inclusion Grant,Advanced Manufacturing,1.00,50000,6,4,2021-Jun
EIN:340898426,THE MCALEAR GROUP INC,THE MCALEAR GROUP INC,340898426,MAUMEE,OH,43537,,2022,2022,2022,1,50000,"The McAlear Group, Inc.",Economic Development Grant,Advanced Manufacturing,1.00,50000,127,30,2021-Jun
EIN:752459038,UNICONTROL INC,UNICONTROL INC,752459038,PARMA,OH,44109,,2022,2022,2022,1,50000,Unicontrol Inc.,Inclusion Grant,Advanced Manufacturing,1.00,50000,109,27,2022-Feb
EIN:200976157,XTEK PARTNERS INC,XTEK PARTNERS INC,200976157,COLUMBUS,OH,43228,,2022,2022,2022,1,50000,"Xtek Partners, Inc.",Unknown: Inclusi on,Software,1.00,50000,49,5,2021-May
EIN:832349752,ZANESVILLE STEEL LTD,ZANESVILLE STEEL LTD,832349752,ZANESVILLE,OH,43701,,2022,2022,2022,1,50000,"Zanesville Steel, Ltd",Inclusion Grant,Advanced Manufacturing,1.00,50000,8,5,2020-Dec
EIN:311090029,ABLE TOOL CORPORATION,ABLE TOOL CORPORATION,311090029,CINCINNATI,OH,45215,,2023,2023,2023,1,50000,Able Tool Corporation,Inclusion Grant,Advanced Manufacturing,1.00,50000,31,24,2022-Jan
EIN:871054446,ACME SITE ONE LLC,ACME SITE ONE LLC,871054446,NEWPORT,KY,41011,,2023,2023,2023,1,50000,,,,,,,,
EIN:341458914,AIRMATE COMPANY,AIRMATE COMPANY,341458914,BRYAN,OH,43506,,2023,2023,2023,1,50000,"Airmate Co., Inc.",Inclusion Grant,Advanced Manufacturing,1.00,50000,15,5,2022-Mar
EIN:474136342,AMELIA GRAY LLC,AMELIA GRAY LLC,474136342,SOUTH WEBSTER,OH,45682,,2023,2023,2023,1,50000,Amelia Gray LLC,Inclusion Grant,Logistics and Distribution,1.00,50000,1,3,2021-Jun
EIN:341690243,ANDERSON AND BUBOSE INC,ANDERSON AND BUBOSE INC,341690243,LORDSTOWN,OH,44481,,2023,2023,2023,1,50000,,,,,,,,
EIN:341651874,ART OF BEAUTY COMPANY INC,ART OF BEAUTY COMPANY INC,341651874,BEDFORD,OH,44146,,2023,2023,2023,1,50000,"Art of Beauty Company, Inc.",Economic Development Grant,Energy and Chemicals,1.00,50000,44,4,2020-May
EIN:833869983,ATMOS 360 MANUFACTURING LLC,ATMOS 360 MANUFACTURING LLC,833869983,CINCINNATI,OH,45246,,2023,2023,2023,1,50000,ATMOS 360 Manufacturing LLC,Inclusion Grant,Advanced Manufacturing,1.00,50000,1,5,2020-Oct
EIN:341254126,B & L TRANSPORT INC,B & L TRANSPORT INC,341254126,MILLERSBURG,OH,44654,,2023,2023,2023,1,50000,"B. & L. Transport, Inc.",Economic Development Grant,Logistics and Distribution,1.00,50000,33,12,2022-May
EIN:200097790,BROELL ENTERPRISES LLC,BROELL ENTERPRISES LLC,200097790,FREDERICKTOWN,OH,43019,,2023,2023,2023,1,50000,"Broell Enterprises, LLC",Inclusion Grant,Food and Agribusiness,1.00,50000,11,2,2021-Dec
EIN:381850421,CBS BORING AND MACHINE CO,CBS BORING AND MACHINE CO,381850421,FRASER,MI,48026,,2023,2023,2023,1,50000,,,,,,,,
EIN:341871890,COLOR 3 EMBROIDERY INC,COLOR 3 EMBROIDERY INC,341871890,WARREN,OH,44482,,2023,2023,2023,1,50000,Color 3 Embroidery Inc.,Inclusion Grant,Advanced Manufacturing,1.00,50000,30,24,2022-Mar
EIN:760704655,COLUMBUS DOWTOWN DEVELOPMENT,COLUMBUS DOWNTOWN DEVELOPMENT CORPORATION | COLUMBUS DOWTOWN DEVELOPMENT,760704655,COLUMBUS,OH,43215,501(C)(3),2023,2024,2023 2024,2,50000,,,,,,,,
EIN:341786803,DANA WHITE MACHINING AND WELDING,DANA WHITE MACHINING AND WELDING,341786803,NOVA,OH,44859,,2023,2023,2023,1,50000,"Dana White Machining & Welding, Inc.",Inclusion Grant,Advanced Manufacturing,1.00,50000,11,3,2021-Jan
EIN:455425838,DEFRIES COPP LLC,DEFRIES COPP LLC,455425838,DAYTON,OH,45402,,2023,2023,2023,1,50000,"DeFries Copp, LLC",Inclusion Grant,IT,1.00,50000,23,12,2021-Oct
EIN:454388819,DEWESOFT LLC,DEWESOFT LLC,454388819,WHITEHOUSE,OH,43571,,2023,2023,2023,1,50000,Dewesoft LLC,Economic Development Grant,Technology,1.00,50000,19,17,2022-Jul
EIN:475137261,DIRTY GIRL COFFEE LLC,DIRTY GIRL COFFEE LLC,475137261,GLOUSTER,OH,45732,,2023,2023,2023,1,50000,"Dirty Girl Coffee, LLC",Inclusion Grant,Food and,1.00,50000,1,5,2021-Jul
EIN:208295733,DURAFLOW INDUSTRIES,DURAFLOW INDUSTRIES,208295733,WAKEMAN,OH,44889,,2023,2023,2023,1,50000,"Duraflow Industries, Inc.",Unknown: Inclusi on,Advanced,1.00,50000,7,15,2021-May
EIN:822566679,EMINENT GLOBAL SOLUTIONS LLC,EMINENT GLOBAL SOLUTIONS LLC,822566679,CLEVELAND,OH,44114,,2023,2023,2023,1,50000,Eminent Global Solutions LLC,Inclusion Grant,Logistics and,1.00,50000,4,7,2021-Sep
EIN:473360682,ERIE BONE BROTH LLC,ERIE BONE BROTH LLC,473360682,CLEVELAND,OH,44114,,2023,2023,2023,1,50000,"Erie Bone Broth, LLC",Inclusion Grant,Food and Agribusiness,1.00,50000,8,10,2022-Dec
EIN:475355898,GEMINI INDUSTRIAL MACHINE GROUP LLC,GEMINI INDUSTRIAL MACHINE GROUP LLC,475355898,NEW PHILADELPHIA,OH,44663,,2023,2023,2023,1,50000,"Gemini Industrial Machine Group, LLC",Inclusion Grant,Advanced Manufacturing,1.00,50000,9,7,2022-Jun
EIN:814719550,GOODLEVEL ENTERPRISES LLC,GOODLEVEL ENTERPRISES LLC,814719550,NORWALK,OH,44857,,2023,2023,2023,1,50000,"Goodlevel Enterprises, LLC",Inclusion Grant,Advanced Manufacturing,1.00,100000,74,14,2022-Jan 2026-Feb
EIN:824027022,HANLON COMPOSITES LLC,HANLON COMPOSITES LLC,824027022,EUCLID,OH,44117,,2023,2023,2023,1,50000,"Hanlon Composites, LLC",Inclusion Grant,Advanced Manufacturing,1.00,50000,16,9,2022-Dec
EIN:743254340,INNOVATIVE CARD SOLUTIONS,INNOVATIVE CARD SOLUTIONS,743254340,CINCINNATI,OH,45246,,2023,2023,2023,1,50000,"Innovative Card Solutions, LLC",Inclusion Grant,Financial Services,1.00,50000,4,2,2020-Dec
EIN:473375885,ISLAND TIME MEDIA,ISLAND TIME MEDIA,473375885,JACKSON,OH,45640,,2023,2023,2023,1,50000,"Island Time Media, LLC",Inclusion Grant,Food and Agribusiness,1.00,50000,1,7,2021-Jan
EIN:201299801,JW OF ROCKY RIVER,JW OF ROCKY RIVER,201299801,LORAIN,OH,44052,,2023,2023,2023,1,50000,,,,,,,,
EIN:471351569,LIONA ENTERPRISES,LIONA ENTERPRISES,471351569,CINCINNATI,OH,45202,,2023,2023,2023,1,50000,"Liona Enterprises, Inc.",Unknown: Inclusi on,Technology,1.00,50000,3,5,2021-Apr
EIN:471569655,LOPAUS POINT LLC,LOPAUS POINT LLC,471569655,COLUMBUS,OH,43220,,2023,2023,2023,1,50000,"Lopaus Point, LLC",Inclusion Grant,Food and Agribusiness,1.00,50000,5,2,2023-Mar
EIN:831971507,NEW DAY CREATIVE LLC,NEW DAY CREATIVE LLC,831971507,MANSFIELD,OH,44906,,2023,2023,2023,1,50000,"New Day Creative, LLC",Inclusion Grant,Technology,1.00,50000,6,10,2022-Jun
EIN:341655024,OHIO VALLEY STAMPING & ASSEMBLIES INC,OHIO VALLEY STAMPING & ASSEMBLIES INC,341655024,MANSFIELD,OH,44902,,2023,2023,2023,1,50000,"Ohio Valley Stamping-Assemblies, Inc.",Inclusion Grant,Advanced Manufacturing,1.00,100000,60,30,2022-Jun 2025-Mar
EIN:341293999,PINNACLE PRESS INC,PINNACLE PRESS INC,341293999,CANTON,OH,44705,,2023,2023,2023,1,50000,"Pinnacle Press, Inc.",Inclusion Grant,Advanced Manufacturing,1.00,50000,6,2,2023-May
EIN:421613564,PLOGER TRANSPORTATION LLC,PLOGER TRANSPORTATION LLC,421613564,NORWALK,OH,44857,,2023,2023,2023,1,50000,"Ploger Transportation, LLC",Inclusion Grant,Logistics and Distribution,1.00,50000,33,4,2022-Mar
EIN:341761583,RL COLE ENTERPRISE INC,RL COLE ENTERPRISE INC,341761583,BEACHWOOD,OH,44122,,2023,2023,2023,1,50000,,,,,,,,
EIN:853157191,RELIABILITY INSPECTIONS LLC,RELIABILITY INSPECTIONS LLC,853157191,RACINE,OH,45771,,2023,2023,2023,1,50000,Reliability Inspections LLC,Inclusion Grant,Energy and Chemicals,1.00,50000,10,3,2022-May
EIN:341273548,SCHAEFFER METAL PRODUCTS INC,SCHAEFFER METAL PRODUCTS INC,341273548,RAVENNA,OH,44266,,2023,2023,2023,1,50000,"Schaeffer Metal Products, Inc",Inclusion Grant,Advanced Manufacturing,1.00,50000,7,2,2022-Apr
EIN:270733710,SEAL-TITE LLC,SEAL-TITE LLC,270733710,MIDDLETOWN,OH,45042,,2023,2023,2023,1,50000,Seal-Tite LLC,Economic Development Grant,Advanced Manufacturing,1.00,100000,116,80,2021-Nov
EIN:464837984,SILVER BRIDGE COFFEE COMPANY LLC,SILVER BRIDGE COFFEE COMPANY LLC,464837984,GALLIPOLIS,OH,45631,,2023,2023,2023,1,50000,"Silver Bridge Coffee Company, LLC",Inclusion Grant,Food Sciences and Agriculture,1.00,50000,5,3,2020-Sep
EIN:463120860,SLD ENTERPRISES LLC,SLD ENTERPRISES LLC,463120860,CINCINNATI,OH,45237,,2023,2023,2023,1,50000,,,,,,,,
EIN:883732303,SMITH BROTHERS CREAMERY,SMITH BROTHERS CREAMERY,883732303,MCCONNELSVILLE,OH,43756,,2023,2023,2023,1,50000,"Smith Brothers Creamery, LLC",Inclusion Grant,Food and Agribusiness,1.00,50000,0,2,2022-Nov
EIN:461090667,SOLUTIONS VENDING INTERNATIONAL INC,SOLUTIONS VENDING INTERNATIONAL INC,461090667,MIAMI BEACH,FL,33139,,2023,2023,2023,1,50000,"Solutions Vending International, Inc.",Inclusion Grant,Technology,1.00,50000,2,2,2022-May
EIN:310918771,SOUTHERN OHIO COMMUNICATION SERIVCES INC,SOUTHERN OHIO COMMUNICATION SERIVCES INC,310918771,WAVERLY,OH,45690,,2023,2023,2023,1,50000,"Southern Ohio Communication Services, Inc.",Inclusion Grant,Technology,0.60,50000,10,5,2020-Nov
EIN:844810330,SPRINTS LLC,SPRINTS LLC,844810330,CINCINNATI,OH,45208,,2023,2024,2023 2024,2,50000,Sprints LLC,Inclusion Grant,Other,1.00,50000,0,6,2021-Sep
EIN:341576726,STAR TURBINE INC,STAR TURBINE INC,341576726,MARION,OH,43302,,2023,2023,2023,1,50000,"Star Turbine, Inc.",Economic Development Grant,Advanced Manufacturing,1.00,50000,45,19,2022-Oct
EIN:300494586,THE VOICE OF YOUR CUSTOMER LLC,THE VOICE OF YOUR CUSTOMER LLC,300494586,CINCINNATI,OH,45206,,2023,2023,2023,1,50000,"The Voice of Your Customer, LLC",Inclusion Grant,Other,1.00,50000,1,2,2021-Jan
EIN:203581585,TRIVERSITY CONSTRUCTION COMPANY,TRIVERSITY CONSTRUCTION COMPANY,203581585,CINCINNATI,OH,45212,,2023,2023,2023,1,50000,"TriVersity Construction Company, LLC",Inclusion Grant,Other,1.00,50000,89,0,2020-Nov
EIN:833686461,VISPIRI INC,VISPIRI INC,833686461,CLEVELAND,OH,44114,,2023,2023,2023,1,50000,Vispiri Inc.,Inclusion Grant,Food and Agribusiness,1.00,50000,16,25,2022-Sep
EIN:310792900,ZEBCO INDUSTRIES INC,ZEBCO INDUSTRIES INC,310792900,LANCASTER,OH,43130,,2023,2023,2023,1,50000,"Zebco Industries, Inc.",Inclusion Grant,Advanced Manufacturing,1.00,50000,20,3,2023-Jan
EIN:873030540,AC GREEN LLC,AC GREEN LLC,873030540,ATHENS,OH,45701,,2024,2024,2024,1,50000,AC Green LLC,Inclusion Grant,Advanced Manufacturing,1.00,50000,9,9,2023-Dec
EIN:311669468,ACI SERVICES,ACI SERVICES,311669468,CAMBRIDGE,MA,43725,,2024,2024,2024,1,50000,"ACI Services, Inc.",Economic Development Grant; Inclusion Grant,Advanced Manufacturing,1.00,80000,51,8,2022-Aug 2024-Oct
EIN:813197340,AIP PROPERTIES LLC,AIP PROPERTIES LLC,813197340,COLUMBUS,OH,43207,,2024,2024,2024,1,50000,,,,,,,,
EIN:830722506,AUNT FLOW CORP,AUNT FLOW CORP,830722506,COLUMBUS,OH,43214,,2024,2024,2024,1,50000,Aunt Flow Corp,Workforce Grant,Other,1.00,100000,6,19,2023-Jul
EIN:341924589,AUTOMATION SYSTEMS & DESIGNS INC,AUTOMATION SYSTEMS & DESIGNS INC,341924589,MORAINE,OH,45439,,2024,2024,2024,1,50000,,,,,,,,
EIN:863411379,BARN VIEW INVESTMENTS,BARN VIEW INVESTMENTS,863411379,NAVARRE,OH,44662,,2024,2024,2024,1,50000,,,,,,,,
EIN:341200570,BOLLIN LABEL SYSTEMS,BOLLIN LABEL SYSTEMS,341200570,TOLEDO,OH,43611,,2024,2024,2024,1,50000,Bollin Label Systems,Inclusion Grant,Advanced Manufacturing,1.00,50000,50,5,2023-Aug
EIN:452894956,BROWNIE POINTS LLC,BROWNIE POINTS LLC,452894956,COLUMBUS,OH,43213,,2024,2024,2024,1,50000,"Brownie Points, LLC",Inclusion Grant,Food and Agribusiness,1.00,50000,27,5,2023-Feb
EIN:453861068,C H SMITH & ASSOCIATES LLC,C H SMITH & ASSOCIATES LLC,453861068,CINCINNATI,OH,45246,,2024,2024,2024,1,50000,"C H Smith & Associates, LLC",Inclusion Grant,Other,1.00,50000,3,2,2020-Dec
EIN:270092221,CANDOR TRANSPORTATION,CANDOR TRANSPORTATION,270092221,TWINSBURG,OH,44087,,2024,2024,2024,1,50000,Candor Transportation Co. LLC,Inclusion Grant,Logistics and Distribution,1.00,50000,9,2,2020-Dec
EIN:810685370,CLEVELAND TOFU LLC,CLEVELAND TOFU LLC,810685370,CLEVELAND,OH,44115,,2024,2024,2024,1,50000,,,,,,,,
EIN:814985539,DOC SPARTAN LLC,DOC SPARTAN LLC,814985539,PORTSMOUTH,OH,45662,,2024,2024,2024,1,50000,"Doc Spartan, LLC",Inclusion Grant,Advanced,1.00,50000,2,4,2021-Feb
EIN:873403589,EDGAR JOSEPH GROUP LLC,EDGAR JOSEPH GROUP LLC,873403589,WARREN,OH,44484,,2024,2024,2024,1,50000,"Edgar Joseph Group, LLC",Inclusion Grant,Food and Agribusiness,1.00,50000,2,15,2022-Dec
EIN:341459124,ENVELOPE MART OF NORTHEAST OHIO INC,ENVELOPE MART OF NORTHEAST OHIO INC,341459124,ELYRIA,OH,44035,,2024,2024,2024,1,50000,"Envelope Mart of Northeast Ohio, Inc.",Inclusion Grant,Advanced Manufacturing,1.00,50000,31,8,2023-Nov
EIN:812679212,FABA MACHINE SERIVCES LLC,FABA MACHINE SERIVCES LLC,812679212,COLUMBUS,OH,43232,,2024,2024,2024,1,50000,,,,,,,,
EIN:341400789,GLAZING SYSTEMS INC,GLAZING SYSTEMS INC,341400789,TALLMADGE,OH,44278,,2024,2024,2024,1,50000,Glazing Systems Inc,Inclusion Grant,Advanced Manufacturing,1.00,50000,12,3,2023-Aug
EIN:412066094,GLOBAL BODY & EQUIPMENT COMPANY,GLOBAL BODY & EQUIPMENT COMPANY,412066094,WOOSTER,OH,44691,,2024,2024,2024,1,50000,Global Body & Equipment Co.,Economic Development Grant,Advanced Manufacturing,1.00,50000,33,15,2024-Mar
EIN:872470689,GOTARA LLC,GOTARA LLC,872470689,CINCINNATI,OH,45242,,2024,2024,2024,1,50000,Gotara LLC,Inclusion Grant,Technology,1.00,50000,0,5,2023-Jul
EIN:310882102,HEARTH PRODUCTS CONTROLS CO,HEARTH PRODUCTS CONTROLS CO,310882102,MIAMISBURG,OH,45342,,2024,2024,2024,1,50000,Hearth Products Controls Co.,Workforce Grant,Advanced Manufacturing,1.00,50000,48,20,2022-Nov
EIN:474281000,INNOVATIVE CLEANING SERVICE AND SUPPLY,INNOVATIVE CLEANING SERVICE AND SUPPLY,474281000,CINCINNATI,OH,45217,,2024,2024,2024,1,50000,Innovative Cleaning Services and Supply Inc,Inclusion Grant,Other,0.60,50000,25,10,2021-Jan
EIN:274037354,JTW INC,JTW INC,274037354,MANSFIELD,OH,44901,,2024,2024,2024,1,50000,"JTW, Inc.",Inclusion Grant,Advanced Manufacturing,1.00,50000,23,7,2022-Nov
EIN:813722879,LUBRISOURCE,LUBRISOURCE,813722879,MIDDLETOWN,OH,45044,,2024,2024,2024,1,50000,"LubriSource, Inc",Unknown: Inclusi on,Advanced,1.00,50000,11,3,2021-May
EIN:471779165,MASTERS PRECISION MACHINING INC,MASTERS PRECISION MACHINING INC,471779165,KENT,OH,44240,,2024,2024,2024,1,50000,Masters Precision Machining Inc.,Inclusion Grant,Advanced Manufacturing,1.00,50000,18,2,2023-Apr
EIN:263333961,MCDONALD BROTHERS FOOD SERVICE LLC,MCDONALD BROTHERS FOOD SERVICE LLC,263333961,CANTON,OH,44705,,2024,2024,2024,1,50000,"McDonald Brothers Food Service, LLC",Inclusion Grant,Food and Agribusiness,1.00,50000,2,2,2024-Mar
EIN:522314113,NATIONAL ASSOCIATION OF CORPORATE DIRECTORS,NATIONAL ASSOCIATION OF CORPORATE DIRECTORS,522314113,ARLINGTON,VA,22201,,2024,2024,2024,1,50000,,,,,,,,
EIN:452605974,NATURES BEAUTY TREE SERVICE LLC,NATURES BEAUTY TREE SERVICE LLC,452605974,SOUTH EUCLID,OH,44121,,2024,2024,2024,1,50000,"Nature's Beauty Tree Service, LLC",Inclusion Grant,Advanced Manufacturing,1.00,50000,4,3,2022-Aug
NAME:nicholas yust fine metal art,NICHOLAS YUST FINE METAL ART,NICHOLAS YUST FINE METAL ART,,CINCINNATI,OH,45226,,2024,2024,2024,1,50000,,,,,,,,
EIN:462196621,P&L METAL CRAFTS LLC,P&L METAL CRAFTS LLC,462196621,YOUNGSTOWN,OH,44406,,2024,2024,2024,1,50000,,,,,,,,
EIN:510619732,PAINTED COWGIRL TACK LLC,PAINTED COWGIRL TACK LLC,510619732,GREENWICH,OH,44837,,2024,2024,2024,1,50000,Painted Cowgirl Tack LLC,Inclusion Grant,Logistics and Distribution,1.00,50000,14,2,2023-Sep
EIN:314274980,PALMER-DONAVIN,PALMER-DONAVIN,314274980,COLUMBUS,OH,43216,,2024,2024,2024,1,50000,The Palmer-Donavin Manufacturing Company,Economic Development Grant,Advanced Manufacturing,0.67,50000,116,20,2022-Mar
EIN:452349532,PARAGON TEMPERED GLASS LLC,PARAGON TEMPERED GLASS LLC,452349532,ANTWERP,OH,45813,,2024,2024,2024,1,50000,"Paragon Tempered Glass, LLC",Economic Development Grant,Advanced Manufacturing,1.00,50000,115,12,2023-Apr
EIN:341831021,PARK AVENUE MUFFIN,PARK AVENUE MUFFIN,341831021,GARFIELD HEIGHTS,OH,44125,,2024,2024,2024,1,50000,Park Avenue Muffin Inc.,Inclusion Grant,Food and Agribusiness,1.00,50000,3,8,2024-Feb
EIN:341625509,PETIT AUTO WASH INC,PETIT AUTO WASH INC,341625509,WADSWORTH,OH,44281,,2024,2024,2024,1,50000,"Petit Auto Wash, Inc.",Inclusion Grant,Advanced Manufacturing,1.00,50000,15,10,2021-Jun
EIN:611493910,PHILLIPS MEAT PROCESSING LLC,PHILLIPS MEAT PROCESSING LLC,611493910,ZANESVILLE,OH,43701,,2024,2024,2024,1,50000,"Phillips Meat Processing, LLC",Economic Development Grant; Inclusion Grant,Food and Agribusiness,1.00,90000,23,17,2018-Jul 2023-Oct
EIN:872959043,PHOENIX FACILITY III LLC,PHOENIX FACILITY III LLC,872959043,LOUISVILLE,CO,80027,,2024,2024,2024,1,50000,Phoenix Facility III LLC,Economic Development Grant,Advanced Manufacturing,1.00,50000,0,16,2022-Feb
EIN:831858753,PRESCRIPTION BLISS,PRESCRIPTION BLISS,831858753,BELLEFONTAINE,OH,43311,,2024,2024,2024,1,50000,"Prescription Bliss, LLC",Inclusion Grant,Healthcare,1.00,50000,6,2,2023-Mar
EIN:341402791,QUES INDUSTRIES INC,QUES INDUSTRIES INC,341402791,CLEVELAND,OH,44142,,2024,2024,2024,1,50000,"Ques Industries, Inc.",Inclusion Grant,Energy and Chemicals,1.00,50000,33,6,2023-Aug
EIN:872574202,RAY HAMILTON LOGISTICS LLC,RAY HAMILTON LOGISTICS LLC,872574202,CINCINNATI,OH,45212,,2024,2024,2024,1,50000,"Ray Hamilton Logistics, LLC",Economic Development Grant,Logistics and Distribution,1.00,50000,15,15,2023-Nov
EIN:863328721,REMOTE VANS LLC,REMOTE VANS LLC,863328721,CINCINNATI,OH,45202,,2024,2024,2024,1,50000,Remote Vans LLC,Inclusion Grant,Automotive,1.00,50000,7,10,2023-Jul
EIN:811781311,SKYLIGHT PARTNERS INC,SKYLIGHT PARTNERS INC,811781311,CINCINNATI,OH,45202,,2024,2024,2024,1,50000,"Skylight Partners, Inc.",Inclusion Grant,Other,1.00,50000,24,25,2022-Oct
EIN:843448596,SPECIAL POWER SOURCES LLC,SPECIAL POWER SOURCES LLC,843448596,AKRON,OH,44321,,2024,2024,2024,1,50000,"Special Power Sources, LLC",Inclusion Grant,Energy and Chemicals,1.00,50000,8,15,2021-Jun
EIN:311424288,STAR DYNAMICS CORPORATION,STAR DYNAMICS CORPORATION,311424288,HILLIARD,OH,43026,,2024,2024,2024,1,50000,Star Dynamics Corporation,Inclusion Grant,Aerospace and Aviation,1.00,50000,15,10,2022-Jun
EIN:311392639,STAT INDUSTRIES INC,STAT INDUSTRIES INC,311392639,CHILLICOTHE,OH,45601,,2024,2024,2024,1,50000,"Stat Industries, Inc.",Inclusion Grant,Advanced Manufacturing,1.00,50000,2,2,2022-Aug
EIN:310826775,TECHMETALS INC,TECHMETALS INC,310826775,DAYTON,NJ,45401,,2024,2024,2024,1,50000,"Techmetals, Inc.",Workforce Grant,Advanced Manufacturing,1.00,50000,225,25,2021-Mar
EIN:823446932,TERRY THOMSEN LLC,TERRY THOMSEN LLC,823446932,NORTH OLMSTED,OH,44070,,2024,2024,2024,1,50000,Terry Thomsen LLC,Inclusion Grant,Food and Agribusiness,1.00,50000,1,4,2023-Apr
EIN:371591120,THE AKA TEAM INC,THE AKA TEAM INC,371591120,CLEVELAND,OH,44103,,2024,2024,2024,1,50000,"The AKA Team, Inc.",Inclusion Grant,Other,1.00,50000,21,20,2022-Sep
EIN:340680692,THE ERICSON MANUFACTURING COMPANY,THE ERICSON MANUFACTURING COMPANY,340680692,WILLOUGHBY,OH,44094,,2024,2024,2024,1,50000,The Ericson Manufacturing Co.,Economic Development Grant; Revitalization Grant,Advanced Manufacturing,1.00,225000,84,51,2022-Jul 2026-Jan
EIN:263858688,THE METZ DENTAL LABORATORY INC,THE METZ DENTAL LABORATORY INC,263858688,COLUMBUS,OH,43205,,2024,2024,2024,1,50000,"The Metz Dental Laboratory, Inc.",Inclusion Grant,Healthcare,1.00,50000,0,10,2022-May
EIN:341158960,TOPCRAFT INC,TOPCRAFT INC,341158960,CANTON,OH,44706,,2024,2024,2024,1,50000,,,,,,,,
EIN:311044595,TRANS-STATES EXPRESS,TRANS-STATES EXPRESS,311044595,CINCINNATI,OH,45237,,2024,2024,2024,1,50000,"Trans-States Express, Inc",Inclusion Grant,Logistics and Distribution,1.00,50000,16,3,2020-Dec
EIN:341705149,TROY INNOVATIVE INSTRUMENTS INC,TROY INNOVATIVE INSTRUMENTS INC,341705149,MIDDLEFIELD,OH,44062,,2024,2024,2024,1,50000,"Troy Innovative Instruments, Inc.",Inclusion Grant,Advanced Manufacturing,1.00,50000,34,4,2023-Nov
EIN:272364762,UPRYS LLC,UPRYS LLC,272364762,COLUMBUS,OH,43219,,2024,2024,2024,1,50000,Uprys LLC,Inclusion Grant,Technology,1.00,50000,6,3,2022-Mar
EIN:341016421,WODIN INC,WODIN INC,341016421,BEDFORD HEIGHTS,OH,44146,,2024,2024,2024,1,50000,"Wodin, Inc.",Economic Development Grant,Advanced Manufacturing,1.00,75000,32,15,2023-Jun
EIN:472692010,ECCRINE SYSTEMS INC,ECCRINE SYSTEMS | ECCRINE SYSTEMS INC,472692010,CINCINNATI,OH,45212,,2019,2022,2019 2021 2022,3,48452,"Eccrine Systems, Inc.",Economic Development Grant,Healthcare,1.00,400000,41,50,2018-Dec
EIN:341973299,SUSTAINABLE COMMUNITY ASSOCIATES LTD,SUSTAINABLE COMMUNITY ASSOCIATES LTD,341973299,CLEVELAND,OH,44113,,2020,2020,2020,1,48000,"Sustainable Community Associates, LTD",Revitalization Grant Phase II,Other,1.00,48000,0,0,2019-Jul
EIN:311186930,McGill Development Corporation,McGill Development Corporation,311186930,Groveport,OH,43125,,2016,2016,2016,1,47800,McGill Development Corporation,Revitalization Grant Phase II,Advanced Manufacturing,1.00,47800,,,2015-Jun
EIN:201177715,SNOWVILLE CREAMERY LLC,SNOWVILLE CREAMERY LLC,201177715,POMEROY,OH,45769,,2021,2021,2021,1,47783,"Snowville Creamery, LLC",Economic Development Grant,Food and Agribusiness,1.00,50000,30,2,2020-Jun
EIN:842383829,OBJECTIVE REALITY GAMES LLC,OBJECTIVE REALITY GAMES LLC,842383829,CHILLICOTHE,OH,45601,,2024,2024,2024,1,47775,Objective Reality Games LLC,Inclusion Grant,Technology,1.00,50000,1,4,2023-Oct
EIN:464855962,SURGIHEALTH SOLUTION LLC,SURGIHEALTH SOLUTION LLC,464855962,CINCINNATI,OH,45240,,2022,2022,2022,1,47517,,,,,,,,
EIN:760704915,NU WAVES LTD,NU WAVES LTD,760704915,MONROE,OH,45044,,2022,2022,2022,1,47500,Nu Waves Ltd.,Inclusion Grant,Advanced,1.00,50000,60,8,2021-Jul
EIN:060613103,PEPPERIDGE FARM INC,PEPPERIDGE FARM INC,060613103,WILLARD,OH,44890,,2019,2019,2019,1,47315,,,,,,,,
EIN:341689472,LORIS PRINTING INC,LORIS PRINTING INC,341689472,SANDUSKY,OH,44870,,2024,2024,2024,1,46983,Loris Printing Inc,Inclusion Grant,Other,1.00,50000,10,2,2023-May
EIN:464852821,DUNCAN AND DANIELS ENTERPRISES LLC,DUNCAN AND DANIELS ENTERPRISES LLC,464852821,BIDWELL,OH,45614,,2024,2024,2024,1,45000,Duncan and Daniels Enterprises LLC,Inclusion Grant,Logistics and Distribution,1.00,45000,12,10,2021-Dec
EIN:275378467,VALUTEX REINFORCEMENTS INC,VALUTEX REINFORCEMENTS INC,275378467,WASHINGTON COURT HOUSE,OH,43160,,2024,2024,2024,1,45000,,,,,,,,
EIN:262489108,MedInvent LLC,MedInvent LLC,262489108,White Bear Lake,MI,55110,,2015,2015,2015,1,40000,,,,,,,,
EIN:383914676,Perham Egg Ohio LLC,Perham Egg Ohio LLC,383914676,Minneapolis,MN,55402,,2015,2015,2015,1,40000,,,,,,,,
EIN:310628033,Liqui-Box Corporation,Liqui-Box Corporation,310628033,Ashland,OH,44805,,2016,2016,2016,1,40000,Liqui-Box Corporation,Workforce Grant,Polymers & Chemicals,1.00,40000,150,67,2015-Mar
EIN:454498851,NPW-USA Inc,NPW-USA Inc,454498851,Cincinnati,OH,45202,,2017,2017,2017,1,40000,"NPW-USA, Inc.",Workforce Grant,Other,1.00,40000,,17,2015-Jul
EIN:311144772,Repacorp Inc,Repacorp Inc,311144772,Tipp City,OH,45371,,2017,2017,2017,1,40000,"Repacorp, Inc.",Workforce Grant,Advanced Manufacturing,1.00,40000,95,36,2016-Feb
EIN:611394910,PHILLIPS MEAT PROCESSING LLC,PHILLIPS MEAT PROCESSING LLC,611394910,ZANESVILLE,OH,43701,,2019,2019,2019,1,40000,"Phillips Meat Processing, LLC",Economic Development Grant; Inclusion Grant,Food and Agribusiness,1.00,90000,23,17,2018-Jul 2023-Oct
EIN:141831492,STONECROP TECHNOLOGIES LLC,STONECROP TECHNOLOGIES LLC,141831492,GROVE CITY,OH,43123,,2019,2019,2019,1,40000,"Stonecrop Technologies, LLC",Workforce Grant,Logistics and Distribution,1.00,40000,0,50,2018-Aug
EIN:300609496,THE CLEVELAND FOUNDRY,THE CLEVELAND FOUNDRY,300609496,CLEVELAND,OH,44113,501(C)(3),2020,2020,2020,1,40000,,,,,,,,
EIN:844096096,IMMS LLC,IMMS LLC,844096096,GARRETTSVILLE,OH,44231,,2021,2021,2021,1,40000,,,,,,,,
EIN:824207420,JRJP LLC,JRJP LLC,824207420,BROOKLYN,OH,44144,,2021,2021,2021,1,40000,,,,,,,,
EIN:462283342,SAUNDERS MACHINE WORKS LLC,SAUNDERS MACHINE WORKS LLC,462283342,ZANESVILLE,OH,43701,,2021,2021,2021,1,40000,Saunders Machine Works LLC,Unknown: Inclusi on,Advanced,1.00,40000,4,3,2021-Apr
EIN:311420884,SWARTZ RACE CARS INC,SWARTZ RACE CARS INC,311420884,MINFORD,OH,45653,,2021,2021,2021,1,40000,"Swartz Race Cars, Inc.",Inclusion Grant,Automotive,1.00,40000,5,2,2020-Sep
EIN:811327105,BLUE ROSE SUPPLY LLC,BLUE ROSE SUPPLY LLC,811327105,CINCINNATI,OH,45212,,2022,2022,2022,1,40000,"Blue Rose Supply, LLC",Inclusion Grant,Logistics and Distribution,1.00,40000,2,2,2021-Jun
EIN:852901609,MESCHER PROPERTIES LLC,MESCHER PROPERTIES LLC,852901609,JACKSONVILLE,FL,32254,,2022,2022,2022,1,40000,,,,,,,,
EIN:941647336,WALKENHORST'S,WALKENHORST'S,941647336,WEST CHESTER,OH,45011,,2022,2022,2022,1,40000,Walkenhorst's,Economic Development Grant,Logistics and Distribution,1.00,40000,0,60,2020-Dec
EIN:472151591,DANIELS INDUSTRIAL SERVICES LLC,DANIELS INDUSTRIAL SERVICES LLC,472151591,ZANESVILLE,OH,43701,,2023,2023,2023,1,40000,Daniels Industrial Services LLC,Inclusion Grant,Advanced Manufacturing,1.00,40000,23,16,2021-Oct
EIN:262052986,KEBCO PRECISION FABRICATORS INC,KEBCO PRECISION FABRICATORS INC,262052986,CANTON,OH,44701,,2023,2023,2023,1,40000,"Kebco Precision Fabricators, Inc.",Inclusion Grant,Advanced Manufacturing,1.00,40000,12,10,2021-Dec
EIN:200277513,O'REILLY PRECISION PRODUCTS INC,O'REILLY PRECISION PRODUCTS INC,200277513,RUSSIA,OH,45363,,2023,2023,2023,1,40000,"O'Reilly Precision Products, Inc.",Workforce Grant,Advanced Manufacturing,1.00,40000,34,10,2021-Oct
EIN:852766469,PERFORMANCE RESULTS PLUS INC,PERFORMANCE RESULTS PLUS INC,852766469,WESTERVILLE,OH,43086,,2023,2023,2023,1,40000,,,,,,,,
EIN:300059101,QUALITY 1 WELDING & FAB INC,QUALITY 1 WELDING & FAB INC,300059101,ELYRIA,OH,44035,,2023,2023,2023,1,40000,"Quality 1 Welding & Fab, Inc.",Inclusion Grant,Advanced Manufacturing,1.00,40000,4,1,2022-May
EIN:872935432,RED FOX REALESTATE LLC,RED FOX REALESTATE LLC,872935432,BERLIN,OH,44610,,2023,2023,2023,1,40000,,,,,,,,
EIN:311381123,THE ULTRA MET COMPANY,THE ULTRA MET COMPANY,311381123,URBANA,OH,43078,,2023,2023,2023,1,40000,The Ultra-Met Company,Growth Fund Loan; Workforce Grant,Advanced Manufacturing,1.00,1540000,115,44,2020-Aug 2021-Jan
EIN:341612053,TOLEDO MOLDING AND DIE COMPANY,TOLEDO MOLDING AND DIE COMPANY,341612053,DELPHOS,OH,45833,,2023,2023,2023,1,40000,"Toledo Molding & Die, LLC",Workforce Grant,Automotive,1.00,40000,195,30,2021-Apr
EIN:311450435,VYA,VYA,311450435,CINCINNATI,OH,45215,,2024,2024,2024,1,40000,"Vya, Inc.",Inclusion Grant,Technology,1.00,40000,54,15,2021-Jan
EIN:474126743,WINE HOUSE OTR LLC,WINE HOUSE OTR LLC,474126743,CINCINNATI,OH,45202,,2024,2024,2024,1,40000,Wine House OTR LLC,Inclusion Grant,Food and Agribusiness,1.00,40000,3,1,2023-Dec
EIN:311809959,Classic Warehousing Inc,Classic Warehousing Inc,311809959,Versailles,OH,45380,,2017,2017,2017,1,39996,,,,,,,,
EIN:474344181,KAIKER DEVELOPMENT LLC,KAIKER DEVELOPMENT LLC,474344181,CINCINNATI,OH,45211,,2024,2024,2024,1,39905,Kaiker Development LLC,Inclusion Grant,Other,1.00,40000,4,3,2023-May
EIN:204904956,E-MEK TECHNOLOGIES LLC,E-MEK TECHNOLOGIES LLC,204904956,VANDALIA,OH,45414,,2019,2019,2019,1,36343,E-Mek Technologies LLC,Economic Development Grant,IT,1.00,40000,120,50,2018-Nov
EIN:271235638,Mountjoy Chilton Medley LLP,Mountjoy Chilton Medley LLP,271235638,Louisville,KY,40202,,2018,2018,2018,1,35000,Mountjoy Chilton Medley LLP,Workforce Grant,Financial Services,1.00,35000,28,64,2016-Jul
EIN:465425790,Sage Sustainable Electronics LLC,Sage Sustainable Electronics LLC,465425790,Columbus,OH,43228,,2018,2018,2018,1,35000,Sage Sustainable Electronics LLC,Workforce Grant,Other,1.00,35000,8,52,2015-Feb
EIN:830421014,TechR2 LLC,TechR2 LLC,830421014,Reynoldsburg,OH,43068,,2018,2018,2018,1,35000,TechR2 LLC,Economic Development Grant,Software,1.00,35000,17,22,2017-May
EIN:550561999,DILL'S FIRE & SAFETY EQUIPMENT CO INC,DILL'S FIRE & SAFETY EQUIPMENT CO INC,550561999,WELLSTON,OH,45692,,2020,2020,2020,1,35000,"Dill's Fire & Safety Equipment Co., Inc.",Economic Development Grant,Automotive,1.00,35000,11,8,2019-Oct
EIN:310868493,APS-MATERIALS INC,APS-MATERIALS INC,310868493,HARRISON TOWNSHIP,OH,45405,,2021,2021,2021,1,35000,"APS-Materials, Inc.",Inclusion Grant,Advanced Western,1.00,35000,90,2,2021-Feb
EIN:814361459,BREW BROTHERS TRUCKING LLC,BREW BROTHERS TRUCKING LLC,814361459,PIKETON,OH,45661,,2021,2021,2021,1,35000,Brew Brothers Trucking LLC,Economic Development Grant,Logistics and Distribution,1.00,35000,8,24,2020-Jul
EIN:350577170,PERFECTION BAKERIES INC,PERFECTION BAKERIES INC,350577170,SIDNEY,OH,45365,,2021,2021,2021,1,35000,"Perfection Bakeries, Inc.",Economic Development Grant,Food and Agribusiness,1.00,35000,87,20,2018-Oct
EIN:260902522,INSIGHT CATASTROPHE GROUP LLC,INSIGHT CATASTROPHE GROUP LLC,260902522,JERSEY CITY,NJ,07302,,2022,2022,2022,1,35000,Insight Catastrophe Group LLC,Workforce Grant,Financial Services,1.00,35000,16,19,2019-Jan
EIN:208413312,SC STRATEGIC SOLUTIONS LLC,SC STRATEGIC SOLUTIONS LLC,208413312,NORWALK,OH,44857,,2022,2022,2022,1,35000,"SC Strategic Solutions, LLC",Inclusion Grant,Technology,1.00,35000,70,6,2021-Feb
EIN:274865083,CRISTO REY COLUMBUS HIGH SCHOOL PWSP,CRISTO REY COLUMBUS HIGH SCHOOL PWSP,274865083,COLUMBUS,OH,43215,501(C)(3),2022,2022,2022,1,35000,,,,,,,,
EIN:474255172,PURE BEAUTY & EXTENSION BAR LLC,PURE BEAUTY & EXTENSION BAR LLC,474255172,LIBERTY TOWNSHIP,OH,45011,,2024,2024,2024,1,35000,Pure Beauty & Extension Bar LLC,Inclusion Grant,Logistics and Distribution,1.00,35000,2,2,2024-Jan
EIN:273674322,SK Food Group Inc,SK Food Group Inc,273674322,Seattle,WA,98126,,2018,2018,2018,1,34344,SK Food Group Inc.,Workforce Grant,Food and Agribusiness,1.00,250000,490,160,2023-Sep
EIN:380655810,SAF-HOLLAND INC,SAF-HOLLAND INC,380655810,WEST CHESTER,OH,45246,,2020,2020,2020,1,34188,"Saf-Holland, Inc.",Workforce Grant,Automotive,1.00,45000,29,30,2017-Jan
EIN:750782223,BEF FOODS INC,BEF FOODS INC,750782223,LIMA,OH,45804,,2020,2020,2020,1,34013,"BEF Foods, Inc.",Workforce Grant,Food Processing,1.00,50000,210,50,2015-Dec
EIN:843857873,DOVE DIE & STAMPING LLC,DOVE DIE & STAMPING LLC,843857873,CLEVELAND,OH,44142,,2023,2023,2023,1,33000,"Dove Die & Stamping, LLC",Economic Development Grant,Advanced Manufacturing,1.00,33000,31,12,2023-Feb
EIN:472241600,TIGER PISTOL INC,TIGER PISTOL INC,472241600,CHAGRIN FALLS,OH,44022,,2022,2022,2022,1,32105,Tiger Pistol Inc.,Workforce Grant,IT,1.00,65000,11,25,2020-Aug
EIN:113747263,THE PAINTING CONTRACTOR LLC,THE PAINTING CONTRACTOR LLC,113747263,SHARONVILLE,OH,45241,,2022,2022,2022,1,31591,"The Painting Contractor, LLC",Inclusion Grant,Other,1.00,35000,22,13,2021-Jan
EIN:202018667,Dynamit Technologies LLC,Dynamit Technologies LLC,202018667,Columbus,OH,43215,,2016,2016,2016,1,30000,,,,,,,,
EIN:208826851,HOMAGE LLC,HOMAGE LLC,208826851,Columbus,OH,43219,,2017,2017,2017,1,30000,,,,,,,,
EIN:770584954,Persistent Systems Inc,Persistent Systems Inc,770584954,Santa Clara,CA,95054,,2017,2017,2017,1,30000,,,,,,,,
EIN:341570556,Setex Inc,Setex Inc,341570556,Saint Marys,OH,45885,,2017,2017,2017,1,30000,,,,,,,,
EIN:311440199,West Chester Holdings Inc,West Chester Holdings Inc,311440199,Sharonville,OH,45241,,2017,2017,2017,1,30000,"West Chester Holdings, Inc.",Workforce Grant,Logistics & Distribution,1.00,30000,101,30,2015-Jul
EIN:113703106,NanoSperse LLC,NanoSperse LLC,113703106,Kettering,OH,45420,,2018,2018,2018,1,30000,"NanoSperse, LLC",Economic Development Grant,Aerospace and Aviation,1.00,30000,6,6,2017-Feb
EIN:751673348,Pier 1 Imports (US) Inc,Pier 1 Imports (US) Inc,751673348,Grove City,OH,43123,,2018,2018,2018,1,30000,,,,,,,,
EIN:314270490,THE OHIO MANUFACTURERS' ASSOCIATION,THE OHIO MANUFACTURERS' ASSOCIATION,314270490,COLUMBUS,OH,43215,,2019,2019,2019,1,30000,,,,,,,,
EIN:472870834,LIBERTY STEEL INDUSTRIES INC,LIBERTY STEEL INDUSTRIES INC,472870834,WARREN,OH,44483,,2020,2020,2020,1,30000,"Liberty Steel Industries, Inc.",Economic Development Grant,Advanced Manufacturing,1.00,30000,132,15,2020-Feb
EIN:202186395,STUCHELL PRODUCTS LLC,STUCHELL PRODUCTS LLC,202186395,ALLIANCE,OH,44601,,2021,2021,2021,1,30000,"Stuchell Products, LLC",Revitalization Grant,Advanced Manufacturing,1.00,30000,42,20,2019-Apr
EIN:834001633,GUIDED BY MUSHROOMS,GUIDED BY MUSHROOMS,834001633,DAYTON,OH,45415,,2024,2024,2024,1,30000,"Guided By Mushrooms, LLC",Inclusion Grant,Food and Agribusiness,1.00,55000,6,6,2022-Jul 2026-Aug
EIN:310533100,GENERAL TOOL COMPANY,GENERAL TOOL COMPANY,310533100,CINCINNATI,OH,45215,,2024,2024,2024,1,29194,,,,,,,,
EIN:341145087,THE NOCK AND SON COMPANY,THE NOCK AND SON COMPANY,341145087,OAK HILL,OH,45656,,2022,2022,2022,1,29000,The Nock and Son Company,Inclusion Grant,Advanced Manufacturing,1.00,29000,15,0,2020-Nov
EIN:611367211,The Laserflex Corporation,The Laserflex Corporation,611367211,Hilliard,OH,43026,,2016,2016,2016,1,28559,The Laserflex Corp.,Workforce Grant,Advanced Mfg.,1.00,40000,71,30,2015-Feb
EIN:311068810,TRIO TRUCKING INC,TRIO TRUCKING INC,311068810,CINCINNATI,OH,45237,,2024,2024,2024,1,28489,"Trio Trucking, Inc.",Inclusion Grant,Logistics and Distribution,1.00,50000,42,6,2020-Oct
EIN:475572204,CHILLICOTHE KENWORTH INC,CHILLICOTHE KENWORTH INC,475572204,CHILLICOTHE,OH,45601,,2019,2019,2019,1,27170,Chillicothe Kenworth LLC,Economic Development Grant,Advanced Manufacturing,1.00,250000,76,119,2023-Jul
EIN:311644350,FCx Performance Inc,FCx Performance Inc,311644350,Columbus,OH,43219,,2015,2015,2015,1,25000,,,,,,,,
EIN:310996012,A B B Leasing Co,A B B Leasing Co,310996012,Zanesville,OH,43702,,2017,2017,2017,1,25000,,,,,,,,
EIN:274037334,PLASTIC PACKAGING TECHNOLOGIES LLC,PLASTIC PACKAGING TECHNOLOGIES LLC,274037334,COLUMBUS,OH,43228,,2019,2019,2019,1,25000,,,,,,,,
EIN:311314876,STEINER EOPTICS INC,STEINER EOPTICS INC,311314876,MIAMI TOWNSHIP,OH,45342,,2019,2019,2019,1,25000,,,,,,,,
EIN:237303509,CHILDREN'S HUNGER ALLIANCE,CHILDREN'S HUNGER ALLIANCE,237303509,COLUMBUS,OH,43229,501(C)(3),2020,2020,2020,1,25000,,,,,,,,
EIN:833164081,BALLREICH SNACK FOOD COMPANY LLC,BALLREICH SNACK FOOD COMPANY LLC,833164081,TIFFIN,OH,44883,,2021,2021,2021,1,25000,"Ballreich Snack Food Company, LLC",Inclusion Grant,Food Sciences and Agriculture,1.00,25000,75,0,2020-Dec
EIN:341478321,BELLETECH CORP,BELLETECH CORP,341478321,BELLEFONTAINE,OH,43311,,2021,2021,2021,1,25000,Belletech Corp.,Inclusion Grant,Advanced Manufacturing,1.00,25000,89,0,2020-Dec
EIN:341969819,CHUFFERS INC,CHUFFERS INC,341969819,SPENCERVILLE,OH,45887,,2021,2021,2021,1,25000,"Chuffers, Inc.",Inclusion Grant,Other,1.00,25000,8,5,2020-Nov
EIN:310899736,COYNE GRAPHIC FINISHING INC,COYNE GRAPHIC FINISHING INC,310899736,MOUNT VERNON,OH,43050,,2021,2021,2021,1,25000,"Coyne Graphic Finishing, Inc.",Inclusion Grant,Advanced,1.00,75000,30,10,2021-Feb 2023-Sep
EIN:363280906,DAIDO METAL USA INC,DAIDO METAL USA INC,363280906,BELLEFONTAINE,OH,43311,,2021,2021,2021,1,25000,Daido Metal USA Inc.,Inclusion Grant,Logistics and Distribution,1.00,25000,35,1,2021-Jan
EIN:341266185,FULTON INDUSTRIES INC,FULTON INDUSTRIES INC,341266185,WAUSEON,OH,43567,,2021,2021,2021,1,25000,"Fulton Industries, Inc.",Inclusion Grant,Advanced Manufacturing,1.00,25000,47,2,2021-Jan
EIN:263033679,KJBS LLC,KJBS LLC,263033679,MANSFIELD,OH,44902,,2021,2021,2021,1,25000,,,,,,,,
EIN:310516359,MIKE-SELL'S POTATO CHIP CO,MIKE-SELL'S POTATO CHIP CO,310516359,DAYTON,OH,45404,,2021,2021,2021,1,25000,Mike-Sell's Potato Chip Co.,Unknown: Inclusi on,Food and Agribusiness,1.00,25000,72,4,2021-Apr
EIN:310913012,OREGON VILLAGE PRINT SHOPPE INC,OREGON VILLAGE PRINT SHOPPE INC,310913012,DAYTON,OH,45403,,2021,2021,2021,1,25000,"Oregon Village Print Shoppe, Inc.",Inclusion Grant,Advanced Manufacturing,1.00,25000,11,2,2020-Dec
EIN:851784819,PASSMORE G&P LLC,PASSMORE G&P LLC,851784819,CARROLLTON,OH,44615,,2021,2021,2021,1,25000,,,,,,,,
EIN:311332047,REPLEX MIRROR COMPANY,REPLEX MIRROR COMPANY,311332047,MOUNT VERNON,OH,43050,,2021,2021,2021,1,25000,Replex Mirror Company,Inclusion Grant,Advanced Manufacturing,1.00,25000,15,1,2020-Nov
EIN:340968517,SANDUSKY PACKAGING CORPORATION,SANDUSKY PACKAGING CORPORATION,340968517,SANDUSKY,OH,44870,,2021,2021,2021,1,25000,Sandusky Packaging Corporation,Inclusion Grant,Advanced Manufacturing,1.00,25000,42,3,2020-Nov
EIN:472798900,TEAM GREEN RECYCLING LLC,TEAM GREEN RECYCLING LLC,472798900,NAPOLEON,OH,43545,,2021,2021,2021,1,25000,Team Green Recycling LLC,Inclusion Grant,Advanced Manufacturing,1.00,50000,9,5,2020-Dec 2024-Nov
EIN:341866677,THE CHEF'S GARDEN INC,THE CHEF'S GARDEN INC,341866677,HURON,OH,44839,,2021,2021,2021,1,25000,"The Chef's Garden, Inc.",Inclusion Grant,Food and,1.00,75000,134,17,2021-Feb 2024-Jun
EIN:341832279,UMD AUTOMATED SYSTEMS,UMD AUTOMATED SYSTEMS,341832279,FREDERICKTOWN,OH,43019,,2021,2021,2021,1,25000,UMD Automated Systems,Economic Development Grant; Inclusion Grant,Advanced Manufacturing,1.00,50000,68,7,2021-Jan 2023-Apr
EIN:341403360,UNITED EQUITY INC,UNITED EQUITY INC,341403360,SPENCERVILLE,OH,45887,,2021,2021,2021,1,25000,"United Equity, Inc.",Inclusion Grant,Food and Agribusiness,1.00,25000,34,5,2020-Oct
EIN:271434287,WELLMAN SERVICES LLC,WELLMAN SERVICES LLC,271434287,LIMA,OH,45801,,2021,2021,2021,1,25000,Wellman Services LLC,Inclusion Grant,Advanced Manufacturing,1.00,50000,30,10,2020-Sep 2024-Dec
EIN:743244395,ZOD LLC,ZOD LLC,743244395,ATHENS,OH,45701,,2021,2021,2021,1,25000,Zod LLC,Inclusion Grant,Food and Agribusiness,1.00,25000,2,4,2020-Oct
EIN:261235310,1157 DESIGNCONCEPTS LLC,1157 DESIGNCONCEPTS LLC,261235310,SIDNEY,OH,45365,,2022,2022,2022,1,25000,"1157 Designconcepts, LLC",Unknown: Inclusi on,Advanced,1.00,25000,16,5,2021-May
EIN:473025479,ACCUCUT SERVICES LLC,ACCUCUT SERVICES LLC,473025479,SOUTH POINT,OH,45680,,2022,2022,2022,1,25000,Accucut Services LLC,Inclusion Grant,Advanced Manufacturing,1.00,25000,5,2,2020-Dec
EIN:833409500,AEROPACT MANUFACTURING LLC,AEROPACT MANUFACTURING LLC,833409500,BOWLING GREEN,OH,43402,,2022,2022,2022,1,25000,"Aeropact Manufacturing, LLC",Inclusion Grant,Aerospace and Aviation,1.00,25000,9,1,2021-Jan
EIN:843573025,AGILE MANUFACTURING TECHNOLOGIES LLC,AGILE MANUFACTURING TECHNOLOGIES LLC,843573025,DAYTON,OH,45403,,2022,2022,2022,1,25000,"Agile Manufacturing Technologies, LLC",Inclusion Grant,Advanced Manufacturing,1.00,25000,5,15,2021-Nov
EIN:820669036,ARROW INDUSTRIAL SOLUTIONS LLC,ARROW INDUSTRIAL SOLUTIONS LLC,820669036,RAVENNA,OH,44266,,2022,2022,2022,1,25000,"Arrow Industrial Solutions, LLC",Inclusion Grant,Advanced Manufacturing,1.00,25000,0,1,2021-Aug
EIN:823063010,BREAKWALL ANALYTICS LLC,BREAKWALL ANALYTICS LLC,823063010,CLEVELAND,OH,44113,,2022,2022,2022,1,25000,"Breakwall Analytics, LLC",Inclusion Grant,Technology,1.00,25000,0,6,2021-Jun
EIN:264577447,CLEVELAND CYCLEWERKS LLC,CLEVELAND CYCLEWERKS LLC,264577447,CLEVELAND,OH,44102,,2022,2022,2022,1,25000,"Cleveland Cyclewerks, LLC",Inclusion Grant,Automotive,1.00,25000,5,5,2021-Jan
EIN:205669637,CONSOLIDUS LLC,CONSOLIDUS LLC,205669637,AKRON,OH,44311,,2022,2022,2022,1,25000,Consolidus LLC,Inclusion Grant,IT,1.00,50000,33,20,2021-Dec 2024-Jul
EIN:810868928,CUTTING EDGE MANUFACTURING LLC,CUTTING EDGE MANUFACTURING LLC,810868928,FREMONT,OH,43420,,2022,2022,2022,1,25000,"Cutting Edge Manufacturing, LLC",Inclusion Grant,Advanced Manufacturing,1.00,25000,12,4,2020-Dec
EIN:461678545,D & J PRECISION MACHINE LLC,D & J PRECISION MACHINE LLC,461678545,CAMBRIDGE,OH,43725,,2022,2022,2022,1,25000,"D & J Precision Machine, LLC",Inclusion Grant,Automotive,1.00,25000,16,3,2021-Jun
EIN:371440638,ELECTRIPACK INC,ELECTRIPACK INC,371440638,MIAMISBURG,OH,45342,,2022,2022,2022,1,25000,"Electripack, Inc.",Inclusion Grant,Advanced Western,1.00,25000,24,4,2021-Feb
EIN:340666985,ENDURO RUBBER COMPANY,ENDURO RUBBER COMPANY,340666985,RAVENNA,OH,44266,,2022,2022,2022,1,25000,Enduro Rubber Company,Inclusion Grant,Advanced Manufacturing,1.00,25000,8,1,2021-Oct
EIN:270900879,EVERGREEN RESOURCES LLC,EVERGREEN RESOURCES LLC,270900879,VALLEY VIEW,OH,44125,,2022,2022,2022,1,25000,Evergreen Resources LLC,Inclusion Grant,Automotive,1.00,25000,8,5,2021-Oct
EIN:843575923,EVOLVE GLOBAL TRANSPORTATION LLC,EVOLVE GLOBAL TRANSPORTATION LLC,843575923,DUBLIN,OH,43016,,2022,2022,2022,1,25000,"Evolve Global Transportation, LLC",Unknown: Inclusi on,Logistics and,1.00,25000,6,4,2021-May
EIN:272611716,FORJAK INDUSTRIAL INC,FORJAK INDUSTRIAL INC,272611716,CIRCLEVILLE,OH,43113,,2022,2022,2022,1,25000,"Forjak Industrial, Inc.",Unknown: Inclusi on,Other,1.00,25000,76,5,2021-Apr
EIN:341578607,FRANKART ELECTRIC LLC,FRANKART ELECTRIC LLC,341578607,FOSTORIA,OH,44830,,2022,2022,2022,1,25000,,,,,,,,
EIN:464091280,INCENTA REWARDS LLC,INCENTA REWARDS LLC,464091280,WASHINGTON TOWNSHIP,OH,45458,,2022,2022,2022,1,25000,Incenta Rewards LLC,Inclusion Grant,Technology,1.00,25000,5,3,2021-Jan
EIN:812088785,LEVI HOLLOW TOOLS LLC,LEVI HOLLOW TOOLS LLC,812088785,MANCHESTER,OH,45144,,2022,2022,2022,1,25000,"Levi Hollow Tools, LLC",Inclusion Grant,Advanced Manufacturing,1.00,25000,3,3,2021-Jun
EIN:310885143,MCCARTHY INDUSTRIAL CONTRACTORS INC,MCCARTHY INDUSTRIAL CONTRACTORS INC,310885143,HARRISON TOWNSHIP,OH,45414,,2022,2022,2022,1,25000,McCarthy Industrial Contractors Inc.,Unknown: Inclusi on,Advanced,1.00,25000,13,2,2021-Apr
EIN:311495395,NATIONAL EXTRUSION & MANUFACTURING,NATIONAL EXTRUSION & MANUFACTURING,311495395,BELLEFONTAINE,OH,43311,,2022,2022,2022,1,25000,National Extrusion & Manufacturing,Inclusion Grant,Advanced Manufacturing,1.00,25000,13,2,2021-Aug
EIN:472961066,N-OVATION TECHNOLOGY GROUP LLC,N-OVATION TECHNOLOGY GROUP LLC,472961066,DAYTON,OH,45402,,2022,2022,2022,1,25000,"N-ovation Technology Group, LLC",Inclusion Grant,Technology,1.00,75000,6,11,2021-Jun 2026-Jul
EIN:344402833,PEERLESS STOVE & MANUFACTURING CO,PEERLESS STOVE & MANUFACTURING CO,344402833,SANDUSKY,OH,44870,,2022,2022,2022,1,25000,Peerless Stove & Manufacturing Co.,Inclusion Grant,Advanced,1.00,25000,16,5,2021-Sep
EIN:473372901,PREMIER INDUSTRIAL MACHINE LLC,PREMIER INDUSTRIAL MACHINE LLC,473372901,FOSTORIA,OH,44830,,2022,2022,2022,1,25000,"Premier Industrial Machine, LLC",Inclusion Grant,Advanced,1.00,75000,35,20,2021-Jul 2024-Oct
EIN:811492775,PREMIERE CONCRETE SUPPLY LLC,PREMIERE CONCRETE SUPPLY LLC,811492775,LOVELAND OH,OH,45140,,2022,2022,2022,1,25000,"Premiere Concrete Supply, LLC",Inclusion Grant,Other,1.00,25000,1,2,2021-Jan
EIN:320311521,PUI AUDIO INC,PUI AUDIO INC,320311521,FAIRBORN,OH,45324,,2022,2022,2022,1,25000,"PUI Audio, Inc.",Inclusion Grant,Advanced,1.00,25000,20,10,2021-Sep
EIN:202694812,STANDARD TECHNOLOGIES LLC,STANDARD TECHNOLOGIES LLC,202694812,FREMONT,OH,43420,,2022,2022,2022,1,25000,"Standard Technologies, LLC",Inclusion Grant,Advanced,1.00,25000,119,2,2021-Sep
EIN:314130940,THE WILSON BOHANNAN COMPANY,THE WILSON BOHANNAN COMPANY,314130940,MARION,OH,43301,,2022,2022,2022,1,25000,The Wilson Bohannan Company,Inclusion Grant,Advanced Manufacturing,1.00,25000,71,0,2021-Jan
EIN:472883280,TMARTIN DESIGN LLC,TMARTIN DESIGN LLC,472883280,ATHENS,OH,45701,,2022,2022,2022,1,25000,"TMartin Design, LLC",Inclusion Grant,Advanced Manufacturing,1.00,25000,2,1,2022-Jan
EIN:311380080,UNIVERSAL VENEER MILL CORP,UNIVERSAL VENEER MILL CORP,311380080,NEWARK,OH,43055,,2022,2022,2022,1,25000,Universal Veneer Mill Corp.,Inclusion Grant,Advanced,1.00,25000,175,3,2021-Feb
EIN:453065980,WARHOL & WALL ST LTD,WARHOL & WALL ST LTD,453065980,COLUMBUS,OH,43215,,2022,2022,2022,1,25000,"Warhol & Wall St., LTD",Unknown: Inclusi on,Technology,1.00,25000,3,2,2021-Apr
EIN:311184551,WEST ENTERPRISES INC,WEST ENTERPRISES INC,311184551,COLUMBUS,OH,43215,,2022,2022,2022,1,25000,"West Enterprises, Inc.",Inclusion Grant,Other,1.00,25000,12,3,2021-Jul
EIN:310849372,WHITE MACHINE & MANUFACTURING COMPANY,WHITE MACHINE & MANUFACTURING COMPANY,310849372,ZANESVILLE,OH,43701,,2022,2022,2022,1,25000,White Machine & Manufacturing Company,Inclusion Grant,Advanced,1.00,25000,22,2,2021-Feb
EIN:200096923,ABEL ENTERPRISES,ABEL ENTERPRISES,200096923,CINCINNATI,OH,45215,,2023,2023,2023,1,25000,ABEL Enterprises Inc.,Inclusion Grant,Other,1.00,25000,7,1,2021-Jun
EIN:311062147,ACTION GROUP INC,ACTION GROUP INC,311062147,BLACKLICK,OH,43004,,2023,2023,2023,1,25000,"Action Group, Inc.",Inclusion Grant,Advanced Manufacturing,1.00,25000,31,4,2022-Jul
EIN:263638211,AMERICAN ESSENTIALS LLC,AMERICAN ESSENTIALS LLC,263638211,WESTCHESTER,OH,45069,,2023,2023,2023,1,25000,American Essentials LLC,Inclusion Grant,Advanced Manufacturing,1.00,25000,1,4,2021-Nov
EIN:311426869,ANNARINO FOODS LTD,ANNARINO FOODS LTD,311426869,DAYTON,OH,45414,,2023,2023,2023,1,25000,"Annarino Foods, LTD.",Inclusion Grant,Food and Agribusiness,1.00,50000,20,8,2021-Jun 2024-Oct
EIN:311524022,BRP MANUFACTURING COMPANY,BRP MANUFACTURING COMPANY,311524022,LIMA,OH,45801,,2023,2023,2023,1,25000,BRP Manufacturing Company,Inclusion Grant,Advanced Manufacturing,1.00,50000,48,10,2022-Jun 2025-Sep
EIN:825049969,BUCKEYE ELM CONTRACTING LLC,BUCKEYE ELM CONTRACTING LLC,825049969,GAHANNA,OH,43230,,2023,2023,2023,1,25000,"Buckeye Elm Contracting, LLC",Inclusion Grant,Other,1.00,25000,26,3,2022-Mar
EIN:475592401,BUCKEYE GRANITE PLUS,BUCKEYE GRANITE PLUS,475592401,LOGAN,OH,43138,,2023,2023,2023,1,25000,"Buckeye Granite Plus, LLC",Inclusion Grant,Advanced Manufacturing,1.00,25000,6,6,2020-Dec
EIN:823531143,CARPE DIEM INDUSTRIES LLC,CARPE DIEM INDUSTRIES LLC,823531143,COLUMBUS GROVE,OH,45830,,2023,2023,2023,1,25000,"Carpe Diem Industries, LLC",Inclusion Grant,Advanced Manufacturing,1.00,25000,31,5,2023-Feb
EIN:824743336,CERTIFIABLY INCORPORATED,CERTIFIABLY INCORPORATED,824743336,CINCINNATI,OH,45230,,2023,2023,2023,1,25000,Certifiably Incorporated,Inclusion Grant,Technology,1.00,25000,0,2,2023-Jan
EIN:311383873,CHILLICOTHE STEEL COMPANY,CHILLICOTHE STEEL COMPANY,311383873,CHILLICOTHE,OH,45601,,2023,2023,2023,1,25000,Chillicothe Steel Company,Economic Development Grant,Advanced Manufacturing,1.00,25000,25,8,2020-Oct
EIN:821160498,DEVIL WIND BREWING LLC,DEVIL WIND BREWING LLC,821160498,FAIRBORN,OH,45324,,2023,2023,2023,1,25000,Devil Wind Brewing LLC,Inclusion Grant,Food and Agribusiness,1.00,25000,1,6,2022-May
EIN:270597098,DMG TOOL AND DIE LLC,DMG TOOL AND DIE LLC,270597098,BELLEFONTAINE,OH,43311,,2023,2023,2023,1,25000,"DMG Tool & Die, LLC",Inclusion Grant,Advanced Manufacturing,1.00,25000,4,3,2021-Jan
EIN:341471454,FIRST CHOICE PACKAGING,FIRST CHOICE PACKAGING,341471454,FREMONT,OH,43420,,2023,2023,2023,1,25000,"First Choice Packaging, Inc.",Inclusion Grant,Advanced Manufacturing,1.00,25000,100,10,2022-Apr
EIN:383360436,GRAMINEX LLC,GRAMINEX LLC,383360436,DESHLER,OH,43516,,2023,2023,2023,1,25000,,,,,,,,
EIN:311775231,H&H INDUSTRIES INC,H&H INDUSTRIES INC,311775231,OAK HILL,OH,45656,,2023,2023,2023,1,25000,"H&H Industries, Inc.",Inclusion Grant,Energy and Chemicals,1.00,25000,73,5,2022-Sep
EIN:813525088,HOMETOWN APPAREL & SCREEN PRINTING LLC,HOMETOWN APPAREL & SCREEN PRINTING LLC,813525088,CHILLICOTHE,OH,45601,,2023,2023,2023,1,25000,"Hometown Apparel & Screen Printing, LLC",Inclusion Grant,Advanced Manufacturing,1.00,25000,4,6,2023-Mar
EIN:311592788,INFRASTRUCTURE MANANGEMENT AND ENGINEERING INC,INFRASTRUCTURE MANANGEMENT AND ENGINEERING INC,311592788,CINCINNATI,OH,45241,,2023,2023,2023,1,25000,,,,,,,,
EIN:208192116,ISS AMERICA,ISS AMERICA,208192116,BELLEFONTAINE,OH,43311,,2023,2023,2023,1,25000,"ISS America, Inc.",Inclusion Grant,Logistics and Distribution,1.00,25000,22,0,2021-Mar
EIN:311599951,JOMAC LTD,JOMAC LTD,311599951,CARROLLTON,OH,44615,,2023,2023,2023,1,25000,"JOMAC, LTD.",Inclusion Grant,Advanced Manufacturing,1.00,25000,28,6,2022-Jun
EIN:205125549,JPLC LLC,JPLC LLC,205125549,TOLEDO,OH,43604,,2023,2023,2023,1,25000,"JPLC, LLC",Inclusion Grant,Advanced,1.00,25000,23,4,2021-Sep
EIN:463055355,LATTE AT THE LOFTS,LATTE AT THE LOFTS,463055355,PORTSMOUTH,OH,45662,,2023,2023,2023,1,25000,,,,,,,,
EIN:340970366,LUKE MANUFACTURING CO,LUKE MANUFACTURING CO,340970366,WADSWORTH,OH,44281,,2023,2023,2023,1,25000,Luke Manufacturing Co. Inc.,Inclusion Grant,Energy and Chemicals,1.00,25000,21,3,2022-Jun
EIN:311593043,MAX TECHNICAL TRAINING INC,MAX TECHNICAL TRAINING INC,311593043,MASON,OH,45040,,2023,2023,2023,1,25000,"Max Technical Training, Inc.",Inclusion Grant,Other,1.00,25000,7,3,2021-Sep
EIN:270541571,MIAMI VALLEY PACKAGING SOLUTIONS INC,MIAMI VALLEY PACKAGING SOLUTIONS INC,270541571,DAYTON,OH,45404,,2023,2023,2023,1,25000,"Miami Valley Packaging Solutions, Inc.",Inclusion Grant,Advanced,1.00,25000,30,9,2021-Sep
EIN:203509117,NEW WAYNE INC,NEW WAYNE INC,203509117,ZANESVILLE,OH,43701,,2023,2023,2023,1,25000,"New Wayne, Inc.",Inclusion Grant,Advanced Manufacturing,1.00,25000,14,3,2022-Jan
EIN:811096219,NOS VIGEO INC,NOS VIGEO INC,811096219,AKRON,OH,44311,,2023,2023,2023,1,25000,Nos Vigeo Inc.,Inclusion Grant,Food Sciences and,1.00,25000,13,5,2021-Nov
EIN:203715075,ONION BOY LLC,ONION BOY LLC,203715075,SHELBY,OH,44875,,2023,2023,2023,1,25000,"Onion Boy, Inc.",Inclusion Grant,Food and Agribusiness,1.00,25000,31,4,2021-Dec
EIN:341550221,OXYRASE INCORPORATED,OXYRASE INCORPORATED,341550221,ONTARIO,OH,44906,,2023,2023,2023,1,25000,"Oxyrase, Inc.",Inclusion Grant,Healthcare,1.00,25000,15,3,2023-Feb
EIN:465667935,PEACEFUL FRUITS LLC,PEACEFUL FRUITS LLC,465667935,BARBERTON,OH,44203,,2023,2023,2023,1,25000,Peaceful Fruits LLC,Inclusion Grant,Food and Agribusiness,1.00,25000,4,2,2021-Jun
EIN:811581426,PERMA EDGE INDUSTRIES,PERMA EDGE INDUSTRIES,811581426,VANDALIA,OH,45377,,2023,2023,2023,1,25000,"Perma Edge Industries, LLC.",Unknown: Inclusi on,Advanced,1.00,25000,6,5,2021-May
EIN:453569330,PICOBARN LLC,PICOBARN LLC,453569330,ATLANTA,GA,30318,,2023,2023,2023,1,25000,Picobarn LLC,Inclusion Grant,Logistics and Distribution,1.00,25000,0,2,2022-Aug
EIN:832997411,PRISTINE MARINE LLC,PRISTINE MARINE LLC,832997411,PORT CLINTON,OH,43452,,2023,2023,2023,1,25000,"Pristine Marine, LLC",Inclusion Grant,Advanced Manufacturing,1.00,25000,0,4,2022-Jul
EIN:372653777,PRODUCT CHEMICAL COMPANY,PRODUCT CHEMICAL COMPANY,372653777,CLEVELAND,OH,44102,,2023,2023,2023,1,25000,,,,,,,,
EIN:351491046,ROBINSON FIN MACHINES INC,ROBINSON FIN MACHINES INC,351491046,KENTON,OH,43326,,2023,2023,2023,1,25000,Robinson Fin Machines Inc,Inclusion Grant,Advanced Manufacturing,1.00,25000,44,5,2022-Oct
EIN:834545895,ROTARY SEAMER SPECIALIST GROUP LLC,ROTARY SEAMER SPECIALIST GROUP LLC,834545895,NORTH CANTON,OH,44720,,2023,2023,2023,1,25000,Rotary Seamer Specialist Group LLC,Inclusion Grant,Food and Agribusiness,1.00,25000,0,5,2023-Jan
EIN:844755519,SHIRLEY K'S LLC,SHIRLEY K'S LLC,844755519,ZANESVILLE,OH,43702,,2023,2023,2023,1,25000,"Shirley K's, LLC",Inclusion Grant,Advanced Manufacturing,1.00,25000,5,2,2022-Jan
EIN:271494348,SKINNER POWDER COATING INC,SKINNER POWDER COATING INC,271494348,PIQUA,OH,45356,,2023,2023,2023,1,25000,"Skinner Powder Coating, Inc.",Inclusion Grant,Advanced Manufacturing,1.00,25000,2,1,2021-Oct
EIN:341282046,SPECTRUM DISPERSIONS INC,SPECTRUM DISPERSIONS INC,341282046,RAVENNA,OH,44266,,2023,2023,2023,1,25000,"Spectrum Dispersions, Inc.",Inclusion Grant,Advanced,1.00,25000,7,1,2021-Sep
EIN:341709712,STAUB LASER CUTTING,STAUB LASER CUTTING,341709712,DAYTON,OH,45414,,2023,2023,2023,1,25000,"Staub Laser Cutting, Inc.",Inclusion Grant,Advanced Manufacturing,1.00,25000,35,5,2022-Sep
EIN:830593246,TIMBERLANE FINISH SOLUTIONS,TIMBERLANE FINISH SOLUTIONS,830593246,MANSFIELD,OH,44903,,2023,2023,2023,1,25000,"Timberlane Finish Solutions, LLC",Inclusion Grant,Logistics and Distribution,1.00,25000,9,5,2022-Dec
EIN:943083515,UPS SUPPLY CHAIN SOLUTIONS INC,UPS SUPPLY CHAIN SOLUTIONS INC,943083515,ATLANTA,GA,30328,,2023,2023,2023,1,25000,"UPS Supply Chain Solutions, Inc.",Workforce Grant,Logistics and Distribution,1.00,50000,0,130,2017-Nov
EIN:812266905,AIRBORNE OUTFITTERS LLC,AIRBORNE OUTFITTERS LLC,812266905,FINDLAY,OH,45840,,2024,2024,2024,1,25000,"Airborne Outfitters, LLC",Inclusion Grant,Other,1.00,25000,2,2,2024-May
EIN:451743915,ALTERNALITE ELECTRIC INC,ALTERNALITE ELECTRIC INC,451743915,NORTH OLMSTED,OH,44070,,2024,2024,2024,1,25000,"Alternalite Electric, Inc.",Inclusion Grant,Other,1.00,25000,7,2,2024-Jan
EIN:311709638,AUTOMATED MACHINE SYSTEMS INC,AUTOMATED MACHINE SYSTEMS INC,311709638,CINCINNATI,OH,45215,,2024,2024,2024,1,25000,"Automated Machine Systems, Inc.",Inclusion Grant,Advanced Manufacturing,1.00,25000,12,4,2023-Aug
EIN:341293786,AXIS CORPORATION,AXIS CORPORATION,341293786,BELLEFONTAINE,OH,43311,,2024,2024,2024,1,25000,Axis Corporation,Inclusion Grant,Advanced Manufacturing,1.00,25000,7,0,2021-Mar
EIN:208765780,CITY APPAREL INC,CITY APPAREL INC,208765780,FINDLAY,OH,45840,,2024,2024,2024,1,25000,"City Apparel, Inc",Inclusion Grant,Other,1.00,100000,13,10,2023-Jun 2025-Aug
EIN:270404394,CLEVELAND SPECIALTY PRODUCTS INC,CLEVELAND SPECIALTY PRODUCTS INC,270404394,ROCKY RIVER,OH,44116,,2024,2024,2024,1,25000,"Cleveland Specialty Products, Inc.",Inclusion Grant,Advanced Manufacturing,1.00,25000,15,3,2024-Jan
EIN:320053774,COFFMAN CORVETTE LLC,COFFMAN CORVETTE LLC,320053774,MANSFIELD,OH,44902,,2024,2024,2024,1,25000,"Coffman Corvette, LLC",Inclusion Grant,Automotive,1.00,25000,8,6,2023-Mar
EIN:830856691,CONNECTE TECHNOLOGY LLC,CONNECTE TECHNOLOGY LLC,830856691,MASON,OH,45040,,2024,2024,2024,1,25000,ConnectE Technology LLC,Inclusion Grant,Technology,1.00,25000,0,4,2022-May
EIN:311364595,COSTUME SPECIALISTS INC,COSTUME SPECIALISTS INC,311364595,COLUMBUS,OH,43215,,2024,2024,2024,1,25000,"Costume Specialists, Inc.",Inclusion Grant,Advanced Manufacturing,1.00,25000,26,3,2023-Nov
EIN:800404705,FRONT BURNER MARKETING LLC,FRONT BURNER MARKETING LLC,800404705,NORTHFIELD,IL,44067,,2024,2024,2024,1,25000,"Front Burner Marketing, LLC",Inclusion Grant,Other,1.00,25000,3,6,2021-Nov
EIN:341897953,GLOBAL MEDICAL FOAM INC,GLOBAL MEDICAL FOAM INC,341897953,LEXINGTON,OH,44904,,2024,2024,2024,1,25000,"Global Medical Foam, Inc",Inclusion Grant,Healthcare,1.00,25000,4,3,2022-Jun
EIN:344493159,HERBERT E ORR COMPANY INC,HERBERT E ORR COMPANY INC,344493159,PAULDING,OH,45879,,2024,2024,2024,1,25000,"Herbert E. Orr Company, Inc.",Inclusion Grant,Advanced Manufacturing,1.00,25000,60,7,2023-Nov
EIN:873412426,HSB SERVICES LLC,HSB SERVICES LLC,873412426,JACKSON,OH,45614,,2024,2024,2024,1,25000,,,,,,,,
EIN:880741490,HYPHEN INNOVATIONS LLC,HYPHEN INNOVATIONS LLC,880741490,DAYTON,OH,45431,,2024,2024,2024,1,25000,Hyphen Innovations LLC,Inclusion Grant,Aerospace and Aviation,1.00,25000,4,1,2023-Oct
EIN:311130926,INDUSTRIAL GRINDING INC,INDUSTRIAL GRINDING INC,311130926,DAYTON,OH,45414,,2024,2024,2024,1,25000,"Industrial Grinding, Inc.",Inclusion Grant,Advanced Manufacturing,1.00,25000,14,2,2021-Jun
EIN:871653544,J&B FEED COMPANY LLC,J&B FEED COMPANY LLC,871653544,WAUSEON,OH,43567,,2024,2024,2024,1,25000,"J & B Feed Company, LLC",Inclusion Grant,Food and Agribusiness,1.00,25000,3,2,2023-Mar
EIN:463037482,JB-NETS LLC,JB-NETS LLC,463037482,GALLIPOLIS,OH,45631,,2024,2024,2024,1,25000,"JB-Nets, LLC",Inclusion Grant,Information Services and Software,1.00,25000,10,3,2020-Sep
EIN:471425443,JCS MANUFACTURING LLC,JCS MANUFACTURING LLC,471425443,RAVENNA,OH,44266,,2024,2024,2024,1,25000,"JCS Manufacturing, LLC",Inclusion Grant,Advanced Manufacturing,1.00,25000,1,3,2023-Nov
EIN:851462264,JDL RENTAL LLC,JDL RENTAL LLC,851462264,BARNESVILLE,GA,43713,,2024,2024,2024,1,25000,,,,,,,,
EIN:471505953,JUGGERBOT 3D LLC,JUGGERBOT 3D LLC,471505953,YOUNGSTOWN,OH,44503,,2024,2024,2024,1,25000,JuggerBot 3D LLC,Inclusion Grant,Advanced Manufacturing,1.00,25000,6,3,2021-Aug
EIN:472873646,KD HEALTHCARE SOLUTIONS LLC,KD HEALTHCARE SOLUTIONS LLC,472873646,TROTWOOD,OH,45426,,2024,2024,2024,1,25000,"KD Healthcare Solutions, LLC",Inclusion Grant,Logistics and Distribution,1.00,25000,1,1,2024-Apr
EIN:200731750,KOHART SURPLUS & SALVAGE INC,KOHART SURPLUS & SALVAGE INC,200731750,PAULDING,GA,45879,,2024,2024,2024,1,25000,"Kohart Surplus & Salvage, Inc.",Inclusion Grant,Advanced Manufacturing,1.00,25000,6,4,2023-Jul
EIN:341229509,LIVI STEEL INC,LIVI STEEL INC,341229509,WARREN,OH,44484,,2024,2024,2024,1,25000,"Livi Steel, Inc.",Inclusion Grant,Advanced Manufacturing,1.00,25000,27,3,2022-Dec
EIN:465380502,MAK ENGINEERING SERVICES,MAK ENGINEERING SERVICES,465380502,COLUMBUS,OH,43219,,2024,2024,2024,1,25000,"MAK Engineering, LLC",Inclusion Grant,Advanced Manufacturing,0.67,25000,2,0,2022-Nov
EIN:263196092,MARKT LLC,MARKT LLC,263196092,MOUNT VERNON,OH,43050,,2024,2024,2024,1,25000,"Markt, LLC",Inclusion Grant,Other,1.00,25000,8,1,2023-Aug
EIN:874643870,MAVERICK LABEL LLC,MAVERICK LABEL LLC,874643870,OTTAWA,OH,45875,,2024,2024,2024,1,25000,"Maverick Label, LLC",Inclusion Grant,Advanced Manufacturing,1.00,25000,2,1,2023-Jul
EIN:813233328,OHIO CONCRETE CRUSHING AND AG LLC,OHIO CONCRETE CRUSHING AND AG LLC,813233328,OTTAWA,OH,45875,,2024,2024,2024,1,25000,"Ohio Concrete Crushing & Ag, LLC",Inclusion Grant,Advanced Manufacturing,1.00,25000,2,1,2023-Nov
EIN:341631954,RON-AL MOLD & MACHINE INC,RON-AL MOLD & MACHINE INC,341631954,KENT,OH,44240,,2024,2024,2024,1,25000,"Ron-Al Mold & Machine, Inc.",Inclusion Grant,Advanced Manufacturing,1.00,25000,8,1,2023-Nov
EIN:465133072,RUST BELT RIDERS COMPOSTING LLC,RUST BELT RIDERS COMPOSTING LLC,465133072,CLEVELAND,OH,44120,,2024,2024,2024,1,25000,"Rust Belt Riders Composting, LLC",Inclusion Grant,Food and Agribusiness,1.00,25000,23,5,2023-Feb
EIN:341756687,SI DISTRIBUTING,SI DISTRIBUTING,341756687,SPENCERVILLE,OH,45887,,2024,2024,2024,1,25000,,,,,,,,
EIN:203462426,SIGN SOLUTIONS INC,SIGN SOLUTIONS INC,203462426,LIMA,OH,45804,,2024,2024,2024,1,25000,Sign Solutions of Ohio,Inclusion Grant,Advanced Manufacturing,0.67,25000,2,2,2023-Jul
EIN:863801176,STANDARD MACHINE LLC,STANDARD MACHINE LLC,863801176,CLEVELAND,OH,44102,,2024,2024,2024,1,25000,"Standard Machine, LLC",Inclusion Grant,Advanced Manufacturing,1.00,25000,15,4,2023-Dec
EIN:881160783,SUPPLYNOW INC,SUPPLYNOW INC,881160783,CLEVELAND,OH,44115,,2024,2024,2024,1,25000,SupplyNow Inc.,Inclusion Grant,Technology,1.00,25000,3,7,2023-Sep
EIN:261384199,TC RANDAL CONSTRUCTION LLC,TC RANDAL CONSTRUCTION LLC,261384199,MINERVA,OH,44657,,2024,2024,2024,1,25000,"TC Randal Construction, LLC",Inclusion Grant,Other,1.00,25000,10,6,2023-Sep
EIN:341280883,TER-WAL TOOL & MFG INC,TER-WAL TOOL & MFG INC,341280883,CLEVELAND,OH,44135,,2024,2024,2024,1,25000,"TER-WAL TOOL & MFG., INC.",Inclusion Grant,Advanced Manufacturing,1.00,25000,8,1,2024-Jan
EIN:310617669,THE HYLAND MACHINE,THE HYLAND MACHINE,310617669,DAYTON,OH,45404,,2024,2024,2024,1,25000,The Hyland Machine Company,Unknown: Inclusi on,Advanced,1.00,25000,23,3,2021-May
EIN:341096771,WAGNER MACHINE INC,WAGNER MACHINE INC,341096771,NORTON,OH,44203,,2024,2024,2024,1,25000,"Wagner Machine, Inc.",Inclusion Grant,Advanced Manufacturing,1.00,25000,36,4,2022-May
EIN:341452106,WC FELTON AGENCY INC,WC FELTON AGENCY INC,341452106,TIFFIN,OH,44883,,2024,2024,2024,1,25000,,,,,,,,
EIN:310517028,WISCO PRODUCTS INCORPORATED,WISCO PRODUCTS INCORPORATED,310517028,DAYTON,OH,45402,,2024,2024,2024,1,25000,"Wisco Products, Incorporated",Inclusion Grant,Advanced Manufacturing,1.00,25000,13,2,2023-Nov
EIN:340840360,WOODHILL PLATING WORKS COMPANY,WOODHILL PLATING WORKS COMPANY,340840360,CLEVELAND,OH,44105,,2024,2024,2024,1,25000,The Woodhill Plating Works Company,Inclusion Grant,Advanced Manufacturing,1.00,25000,5,2,2023-Mar
EIN:831834479,BUDDE PRECISION MACHINING CORP,BUDDE PRECISION MACHINING CORP,831834479,HARRISON TOWNSHIP,OH,45414,,2022,2022,2022,1,24990,Budde Precision Machining Corp.,Inclusion Grant; Unknown: Inclusi on,Advanced,1.00,50000,14,5,2021-Apr 2024-Jun
EIN:341101709,LAKE BUSINESS PRODUCTS INC,LAKE BUSINESS PRODUCTS INC,341101709,EASTLAKE,OH,44095,,2022,2022,2022,1,24942,"Lake Business Products, Inc.",Inclusion Grant,IT,1.00,25000,77,12,2021-Oct
EIN:812762797,ENGINEERED PRODUCT OF OHIO LLC,ENGINEERED PRODUCT OF OHIO LLC,812762797,CORTLAND,OH,44410,,2024,2024,2024,1,24886,,,,,,,,
EIN:814419315,MCW CERTIFIED WELDING LTD,MCW CERTIFIED WELDING LTD,814419315,DELTA,OH,43515,,2024,2024,2024,1,24682,"MCW Certified Welding, Ltd.",Inclusion Grant,Advanced Manufacturing,1.00,25000,3,1,2023-Nov
EIN:463229764,ORCHESTRATE LLC,ORCHESTRATE LLC,463229764,CINCINNATI,OH,45215,,2022,2022,2022,1,24638,Orchestrate LLC,Inclusion Grant,Technology,1.00,50000,4,2,2021-Jan
EIN:341697384,Harbor Castings Inc,Harbor Castings Inc,341697384,North Canton,OH,44720,,2015,2015,2015,1,24382,,,,,,,,
EIN:208588211,Eurostampa North America Inc,Eurostampa North America Inc,208588211,Cincinnati,OH,45237,,2017,2017,2017,1,24295,Eurostampa North America Inc.,Growth Fund Loan,Advanced Manufacturing,1.00,2400000,200,35,2023-May
EIN:475207341,CHIPPEWA INDUSTRIES INC,CHIPPEWA INDUSTRIES INC,475207341,TOLEDO,OH,43606,,2023,2023,2023,1,24295,Chippewa Industries Inc.,Inclusion Grant,Advanced Manufacturing,1.00,25000,7,10,2021-Aug
EIN:834257094,PARKS ELECTRICAL SERVICES LLC,PARKS ELECTRICAL SERVICES LLC,834257094,CINCINNATI,OH,45241,,2023,2024,2023 2024,2,24215,"Parks Electrical Services, LLC",Inclusion Grant,Other,1.00,25000,8,3,2021-Jun
EIN:311177346,Greenville Technology Inc,Greenville Technology Inc,311177346,Greenville,OH,45331,,2018,2018,2018,1,23590,,,,,,,,
EIN:272513416,BPI Associates LLC,BPI Associates LLC,272513416,Dublin,OH,43017,,2016,2016,2016,1,23425,,,,,,,,
EIN:432008761,,,432008761,,,,,2014,2014,2014,1,22000,,,,,,,,
EIN:273409599,JAFE Decorating Inc,JAFE Decorating Inc,273409599,Greenville,OH,45331,,2016,2016,2016,1,21684,"JAFE Decorating, Inc.",Workforce Grant,Advanced Mfg.,1.00,21684,44,20,2015-Feb
EIN:341145880,G&S METAL PRODUCTS CO INC,G&S METAL PRODUCTS CO INC,341145880,CLEVELAND,OH,44127,,2019,2019,2019,1,21000,"G&S Metal Products Co., Inc.",Revitalization Grant Phase II,Advanced Manufacturing,1.00,21870,0,0,2018-Jun
EIN:341478051,Wurtec Incorporated,Wurtec Incorporated,341478051,Toledo,OH,43611,,2016,2016,2016,1,20000,"Wurtec, Incorporated",Economic Development Grant; Workforce Grant,Advanced Manufacturing,1.00,170000,94,56,2015-Jun 2025-Feb
EIN:311336286,ADVANTAGE TENT FITTINGS INC,ADVANTAGE TENT FITTINGS INC,311336286,CHILLICOTHE,OH,45601,,2021,2021,2021,1,20000,"Advantage Tent Fittings, Inc.",Inclusion Grant,Advanced Manufacturing,1.00,20000,11,3,2020-Aug
EIN:311452347,SWINGLE ENTERPRISES,SWINGLE ENTERPRISES,311452347,ZANESVILLE,OH,43701,,2023,2023,2023,1,20000,"Swingle Enterprises, Inc.",Inclusion Grant,Advanced Manufacturing,1.00,20000,7,2,2020-Dec
EIN:341804827,BLUE TECHNOLOGIES INC,BLUE TECHNOLOGIES INC,341804827,CLEVELAND,OH,44105,,2024,2024,2024,1,20000,"Blue Technologies, Inc.",Workforce Grant,Technology,1.00,40000,0,20,2021-Jun
EIN:862372918,GRIFFIN FIRE & PIPE LLC,GRIFFIN FIRE & PIPE LLC,862372918,FAIRFIELD,OH,45014,,2024,2024,2024,1,20000,Griffin Fire & Pipe LLC,Inclusion Grant,Other,1.00,20000,1,2,2021-Jul
EIN:832064278,ARTISAN TECHNOLOGIES INC,ARTISAN TECHNOLOGIES INC,832064278,BEAVERCREEK,OH,45434,,2024,2024,2024,1,19996,"Artisan Technologies, Inc.",Inclusion Grant,Technology,1.00,25000,8,3,2023-Sep
EIN:911295550,Core-Mark Midcontinent Inc,Core-Mark Midcontinent Inc,911295550,Glenwillow,OH,44139,,2018,2018,2018,1,19559,Core-Mark Midcontinent Inc.,Workforce Grant,Other,1.00,50000,,150,2015-Feb
EIN:311145986,THE OHIO STATE UNIVERSITY FOUNDATION,THE OHIO STATE UNIVERSITY FOUNDATION,311145986,COLUMBUS,OH,43321,501(C)(3),2023,2023,2023,1,18690,,,,,,,,
EIN:311439596,STA-WARM ELECTRIC COMPANY,STA-WARM ELECTRIC COMPANY,311439596,RAVENNA,OH,44266,,2022,2022,2022,1,18500,Sta-Warm Electric Company,Inclusion Grant,Advanced Manufacturing,1.00,18500,7,1,2021-Jun
EIN:311544469,JIT PACKAGING CINCINNATI INC,JIT PACKAGING CINCINNATI INC,311544469,LEBANON,OH,45036,,2022,2022,2022,1,16724,,,,,,,,
EIN:352505708,Gentry Health Services Inc,Gentry Health Services Inc,352505708,Medina,OH,44256,,2016,2016,2016,1,16409,,,,,,,,
EIN:340903894,THE MEDINA PLATING CORP,THE MEDINA PLATING COMPANY | THE MEDINA PLATING CORP | The Medina Plating Corp,340903894,MEDINA,OH,44256,,2015,2022,2015 2020 2022,3,15000,The Medina Plating Corp.,Economic Development Grant,Advanced Mfg.,1.00,50000,60,30,2015-Mar
EIN:310870863,MANAGEMENT PERFORMANCE INTERNATIONAL INC,MANAGEMENT PERFORMANCE INTERNATIONAL INC,310870863,CINCINNATI,OH,45242,,2022,2022,2022,1,15000,"Management Performance International, Inc.",Inclusion Grant,Other,1.00,25000,6,6,2020-Nov
EIN:813604877,COUNTS REMODEL & DESIGN LLC,COUNTS REMODEL & DESIGN LLC,813604877,MAUMEE,OH,43537,,2023,2023,2023,1,14091,Counts Remodel & Design LLC,Revitalization Grant Phase II,Advanced Manufacturing,1.00,14091,0,0,2023-Jan
EIN:362241181,Rexam Beverage Can Company,Rexam Beverage Can Company,362241181,Fremont,OH,43420,,2016,2016,2016,1,13464,,,,,,,,
EIN:311195864,Circleville-Pickaway Community Improvement Corpora,Circleville-Pickaway Community Improvement Corpora,311195864,Circleville,OH,43113,501(c)(3),2016,2016,2016,1,12390,,,,,,,,
EIN:362556469,Appvion Inc,Appvion Inc,362556469,Appleton,WI,54912,,2015,2015,2015,1,10000,,,,,,,,
EIN:471253460,NASDAQ Entrepreneurial Center Inc,NASDAQ Entrepreneurial Center Inc,471253460,San Francisco,CA,94105,,2018,2018,2018,1,10000,,,,,,,,
EIN:463754675,DISABILITY IN OHIO,DISABILITY IN OHIO,463754675,WORTHINGTON,OH,43085,501(C)(3),2020,2020,2020,1,10000,,,,,,,,
EIN:272027486,PATTER FAM SAUCES LLC,PATTER FAM SAUCES LLC,272027486,WHEELERSBURG,OH,45694,,2023,2023,2023,1,10000,Patter Fam Sauces LLC,Inclusion Grant,Food and Agribusiness,1.00,10000,0,2,2020-Nov
EIN:454011666,Wolf's Ridge Brewing LLC,Wolf's Ridge Brewing LLC,454011666,Columbus,OH,43215,,2018,2018,2018,1,9171,"Wolf's Ridge Brewing, LLC",Revitalization Grant Phase II,Other,1.00,17300,0,0,2018-Feb
EIN:311628973,Community Improvement Corp of Fairborn OH,Community Improvement Corp of Fairborn OH,311628973,Fairborn,OH,45324,501(c)(3),2015,2015,2015,1,8550,,,,,,,,
EIN:311334820,OPPORTUNITIES FOR OHIOANS WITH DISABILITIES,OPPORTUNITIES FOR OHIOANS WITH DISABILITIES,311334820,COLUMBUS,OH,43235,GOVERNMENT ENTITY,2020,2020,2020,1,7500,,,,,,,,
EIN:341302396,TIFFIN METAL PRODUCTS CO,TIFFIN METAL PRODUCTS CO,341302396,TIFFIN,OH,44883,,2019,2019,2019,1,6648,Tiffin Metal Products Co.,Revitalization Grant Phase II; Workforce Grant,Advanced Manufacturing,1.00,82650,152,30,2018-Jul 2021-Nov
EIN:113158401,FISHER HOUSE FOUNDATION INC,FISHER HOUSE FOUNDATION INC,113158401,ROCKVILLE,MD,20852,501(C)(3),2022,2022,2022,1,6000,,,,,,,,
EIN:010781438,FOLDED PAK INC, | FOLDED PAK INC,010781438,DENVER,CO,80216,,2014,2021,2014 2021,2,0,,,,,,,,
EIN:231269309,BON-TON DEPARTMENT STORES INC,BON-TON DEPARTMENT STORES INC | The Bon-Ton Department Stores Inc,231269309,YORK,PA,17402,,2015,2020,2015 2017 2020,3,0,,,,,,,,
EIN:362552989,PACTIV LLC,PACTIV LLC | Pactiv LLC,362552989,LAKE FOREST,IL,60045,,2016,2022,2016 2022,2,0,Pactiv LLC,Economic Development Grant,Advanced Manufacturing,1.00,70000,113,65,2016-Mar
EIN:800917230,TRAMEC SLOAN LLC,TRAMEC SLOAN LLC | Tramec Sloan LLC,800917230,IOLA,KS,66749,,2016,2019,2016 2019,2,0,"Tramec Sloan, LLC",Economic Development Grant,Advanced Manufacturing,1.00,200000,147,90,2015-May
EIN:341059179,WEBSTER INDUSTRIES,WEBSTER INDUSTRIES | Webster Industries Inc,341059179,TIFFIN,OH,44883,,2016,2021,2016 2021,2,0,"Webster Industries, Inc.",Economic Development Grant,Advanced Mfg.,1.00,100000,294,65,2015-Feb
EIN:381556263,AJM PACKAGING CLAWBACK,AJM PACKAGING CLAWBACK | AJM Packaging Corporation,381556263,BLOOMFIELD HILLS,IL,48302,,2017,2021,2017 2021,2,0,AJM Packaging Company,Economic Development Grant,Advanced Manufacturing,0.67,75000,,150,2015-Oct
EIN:300931047,MICC MANUFACTURING CORPORATION,MICC MANUFACTURING CORPORATION | MICC Manufacturing Corporation,300931047,PERRYSBURG,OH,43551,,2018,2022,2018 2022,2,0,MICC Manufacturing Corporation,Economic Development Grant,Advanced Manufacturing,1.00,150000,0,33,2017-Jul
EIN:812506619,SKY CLIMBER FABRICATING LLC,SKY CLIMBER FABRICATING LLC | Sky Climber Fabricating LLC,812506619,DELAWARE,OH,43015,,2018,2019,2018 2019,2,0,,,,,,,,
EIN:464936616,TS SALES LLC,TS SALES LLC | TS Sales LLC,464936616,MOUNT GILEAD,OH,43338,,2018,2020,2018 2020,2,0,TS Sales LLC,Revitalization Loan,Other,1.00,0,1,20,2016-Dec
EIN:474912935,E1 DIGITAL DIRECT INC,E1 DIGITAL DIRECT INC,474912935,BOARDMAN,OH,44512,,2019,2020,2019 2020,2,0,"E1 Digital Direct, Inc.",Workforce Grant,Other,1.00,70000,0,176,2016-Aug
EIN:421769575,MITEC POWERTRAIN INC,MITEC POWERTRAIN INC,421769575,FINDLAY,OH,45840,,2019,2020,2019 2020,2,0,MITEC Powertrain Inc.,Economic Development Grant,Automotive,1.00,200000,166,77,2018-Sep
EIN:680659789,BRIGHTEDGE TECHNOLOGIES INC,BRIGHTEDGE TECHNOLOGIES INC,680659789,SAN MATEO,CA,94404,,2021,2022,2021 2022,2,0,"Brightedge Technologies, Inc.",Economic Development Grant,IT,1.00,200000,83,147,2019-Dec
EIN:770528042,CURATION FOODS INC,CURATION FOODS INC,770528042,CHICAGO,IL,60673,,2021,2022,2021 2022,2,0,,,,,,,,
EIN:341873488,JKB GROUP INC,JBK GROUP INC | JKB GROUP INC,341873488,CLEVELAND,OH,44125,,2021,2022,2021 2022,2,0,,,,,,,,
EIN:133290300,INEOS PIGMENTS USA INC,INEOS PIGMENTS USA INC,133290300,ASHTABULA,OH,44004,,2021,2022,2021 2022,2,-7252,Ineos Pigments USA Inc.,Economic Development Grant,Energy and Chemicals,1.00,260000,450,27,2020-Oct
EIN:340871763,HYNES INDUSTRIES INC,HYNES INDUSTRIES INC,340871763,YOUNGSTOWN,OH,44515,,2019,2019,2019,1,-50000,,,,,,,,
EIN:341474815,FOUNDATION SOFTWARE,FOUNDATION SOFTWARE,341474815,STRONGSVILLE,OH,44149,,2021,2021,2021,1,-750000,"Foundation Software, Inc.",Revitalization Grant,Information Technology,1.00,750000,273,185,2018-Dec
