section,parent,paid,share_of_all,type,employees,hq,evidence,payees_on_990,employee_source,notes,eric_ok
1: $1M+,Intel Corporation,124422793,10.61%,business,5000+,CA,A,INTEL CORPORATION,https://www.sec.gov/Archives/edgar/data/50863/000005086324000010/intc-20231230.htm; https://stockanalysis.com/stocks/intc/employees/,"Intel's FY2023 10-K reports 124,800 employees as of Dec. 30, 2023 (131,900 in 2022), headquartered in Santa Clara, CA. The recipient is the public parent itself; the grants fund the New Albany (Licking County) fab project.",
1: $1M+,Ultium Cells LLC (50/50 joint venture of General Motors Co. and LG Energy Solution),50000000,4.26%,business,5000+,MI,B,ULTIUM CELLS,https://www.tribtoday.com/news/local-news/2022/03/ultium-charges-up-hiring/; https://www.jobsohio.com/newsroom/ohio-success/ultium-cells,"Ultium Cells is a JV formed in Dec. 2019 by GM (Detroit, MI) and LG Chem/LG Energy Solution (South Korea); the Lordstown plant itself had about 200 workers at end of 2021, 600+ at end of 2022 and a 1,100+ target for 2023. Bucket reflects the two owners (GM alone reports well over 100,000 employees in its 10-K); no single ultimate parent, so a skeptic could argue for either owner or a 'Korea' HQ.",
1: $1M+,The Sherwin-Williams Company,41990565,3.58%,business,5000+,OH,A,THE SHERWIN-WILLIAMS COMPANY,https://www.sec.gov/Archives/edgar/data/89800/000008980024000033/shw-20231231.htm,"FY2023 10-K: 64,088 employees worldwide at Dec. 31, 2023, about 75% in the US; headquartered in Cleveland, founded there in 1866. Grants support the new downtown Cleveland HQ and Brecksville R&D center; JobsOhio metrics list 3,524 retained jobs.",
1: $1M+,University of Cincinnati (State of Ohio public university),37500000,3.20%,university,5000+,OH,B,UNIVERSITY OF CINCINNATI,https://dam.assets.ohio.gov/image/upload/development.ohio.gov/research/obs/Ohio-Major-Employers-Report.pdf; https://www.uc.edu/news/articles/2022/04/working-at-the-university-of-cincinnati.html,"Ohio Department of Development's Dec. 2022 Major Employers report lists University of Cincinnati at 10,512 Ohio employees (UC Health separately at 10,118); UC's own 2022 release says over 15,000 employees. Grants are Spec Development (OSIP) money for the Cincinnati Innovation District, not an operating business.",
1: $1M+,The Ohio State University (State of Ohio public university),24500000,2.09%,university,5000+,OH,B,THE OHIO STATE UNIVERSITY,https://dam.assets.ohio.gov/image/upload/development.ohio.gov/research/obs/Ohio-Major-Employers-Report.pdf; https://irp.osu.edu/sites/default/files/documents/2024/01/2023-24-Statistical-Summary_0.pdf,"Ohio Department of Development's Dec. 2022 Major Employers report lists Ohio State University and Medical Center at 35,656 Ohio employees, fifth-largest employer in the state. No JobsOhio project-metrics row matched; the grants are likely innovation-district and research commitments (Columbus).",
1: $1M+,The Cleveland Clinic Foundation,21850725,1.86%,hospital,5000+,OH,B,THE CLEVELAND CLINIC FOUNDATION,https://dam.assets.ohio.gov/image/upload/development.ohio.gov/research/obs/Ohio-Major-Employers-Report.pdf; https://newsroom.clevelandclinic.org/2025/01/27/state-of-the-clinic-in-2024-cleveland-clinic-serves-most-patients-in-its-history,"Cleveland Clinic reports 82,600 caregivers worldwide for 2024; the Dec. 2022 Ohio Major Employers report ranks it Ohio's largest employer at 56,986 in-state. Form 5500 shows 71,821 plan participants in 2023. Nonprofit 501(c)(3) health system, not an operating business; JobsOhio metrics show 17,745 retained jobs.",
1: $1M+,"Honda Motor Co., Ltd.",20400000,1.74%,business,5000+,Japan,C,HONDA DEVELOPMENT & MANUFACTURING OF AMERICA LLC | Honda of America Mfg Inc,https://en.wikipedia.org/wiki/Honda | https://stockanalysis.com/stocks/hmc/employees/; https://www.prnewswire.com/news-releases/honda-motor-co-ltd-files-annual-report-on-form-20-f-for-fiscal-year-ended-march-31-2024-302177986.html,"Honda Development & Manufacturing of America LLC (Marysville, OH; the 990 lists 'PA' in error) was formed April 1, 2021 by merging Honda's US manufacturing companies; its parent is Tokyo-based Honda Motor Co., about 194,993 consolidated employees at March 31, 2024 per the Form 20-F. Form 5500 for the EIN shows 41,442 participants under American Honda Motor Co. in 2023; JobsOhio metrics show 8,023 retained jobs and a $232M commitment tied to the EV hub. | Honda Development & Manufacturing of Amer",
1: $1M+,"Bechtel Group, Inc.",20000000,1.71%,business,5000+,VA,C,BECHTEL OIL GAS AND CHEMICALS INC,https://en.wikipedia.org/wiki/Bechtel; https://www.heraldstaronline.com/news/local-news/2020/02/jobsohio-investing-another-20m-toward-proposed-cracker-plant/,"Bechtel Oil, Gas & Chemicals is the Houston-based unit of privately held Bechtel Group, which moved its HQ from San Francisco to Reston, VA by end of 2018 (EDGAR lists a CA address from older filings). The $20M paid in FY2020 was JobsOhio's site-work money for the PTTGC/Daelim Belmont County ethane cracker, routed to Bechtel as contractor. Bechtel's exact 2020 headcount was not found in its 2020 report; ~55,000 employees in 2022 per Wikipedia, and Bechtel was founded in California in 1898.",
1: $1M+,Amgen Inc.,18759972,1.60%,business,5000+,CA,A,AMGEN INC,https://www.sec.gov/Archives/edgar/data/318154/000031815424000011/amgn-20231231.htm; https://stockanalysis.com/stocks/amgn/employees/,"Amgen's FY2023 10-K lists Thousand Oaks, CA as principal executive office; approximately 26,700 staff at end of 2023 (28,000 in 2024). Grants support the New Albany biomanufacturing plant; JobsOhio metrics show 400 retained jobs.",
1: $1M+,"University Hospitals Health System, Inc.",17500000,1.49%,hospital,5000+,OH,B,UNIVERSITY HOSPITALS HEALTH SYSTEM INC,https://dam.assets.ohio.gov/image/upload/development.ohio.gov/research/obs/Ohio-Major-Employers-Report.pdf; https://www.uhhospitals.org/about-uh/publications/uh-annual-report/2022-annual-report,"Ohio Major Employers report (Dec. 2022) lists University Hospitals Health System at 30,891 Ohio employees, headquartered in Shaker Heights; UH's 2021 annual report says more than 30,000 employees. Form 5500 shows 34,924 participants in 2023. Nonprofit 501(c)(3) health system; no JobsOhio metrics row matched.",
1: $1M+,"Seefried Industrial Properties, Inc.",17205000,1.47%,site_development,<100,GA,C,SEEFRIED DEVELOPMENT MANAGEMENT INC | SEEFRIED DEVELOPMENT SERVICES INC,https://www.linkedin.com/company/seefried-industrial-properties-inc- | https://www.linkedin.com/company/seefried-industrial-properties-inc-; https://www.crainscleveland.com/article/20170720/news/170729980/amazon-may-stake-claim-old-randall-park-mall-site,"Seefried is a privately held Atlanta industrial developer (founded 1984 by Ferdinand Seefried) with roughly 58 employees per LinkedIn; it built Amazon's Ohio fulfillment centers, including the Akron Rolling Acres site named in JobsOhio's 2019 release. The FY2021 grant is site money for an Amazon building, so the beneficiary tenant was Amazon, not a small company. | Seefried is a privately held Atlanta industrial developer (founded 1984) with a few dozen employees (about 36 per directory data); i",
1: $1M+,Case Western Reserve University,15000000,1.28%,university,5000+,OH,B,CASE WESTERN RESERVE UNIVERSITY,https://www.univstats.com/staffs/case-western-reserve-university/; https://case.edu/ir/cwru-facts/faculty-and-staff-facts,"IPEDS-derived counts show about 1,485 faculty and 4,766 non-instructional staff (about 6,250 total) in 2023; Form 5500 shows 5,852 participants in 2023, consistent with 5,000+. Private nonprofit university in Cleveland, founded there (Western Reserve College 1826, Case School 1880). Grants likely tied to the Cleveland Innovation District.",
1: $1M+,Cleveland State University (State of Ohio public university),15000000,1.28%,university,500-4999,OH,C,CLEVELAND STATE UNIVERSITY,https://www.univstats.com/salary/cleveland-state-university/; https://en.wikipedia.org/wiki/Cleveland_State_University,"IPEDS-derived counts show roughly 1,200 faculty and 1,000 administrative staff (about 2,300 total; a narrower count gives 1,369). Public university established in Cleveland in 1964. Grants likely tied to the Cleveland Innovation District; no JobsOhio metrics row matched.",
1: $1M+,Cleveland-Cliffs Inc.,14000000,1.19%,business,5000+,OH,A,IRONUNITS LLC,https://www.sec.gov/Archives/edgar/data/0000764065/000076406520000041/clf-2019123110xk.htm; https://www.sec.gov/Archives/edgar/data/764065/000076406521000084/clf-20201231.htm,"IronUnits LLC is the Cleveland-Cliffs subsidiary that owns the Toledo HBI plant (130 permanent jobs). Cliffs' FY2019 10-K reports 2,372 employees at Dec. 31, 2019 (500-4999 for the FY2019 grant), then about 25,000 after the AK Steel and ArcelorMittal USA acquisitions in 2020, so the FY2020 and FY2022 grants fall in 5000+. Cleveland-based since 1847.",
1: $1M+,Nationwide Children's Hospital,13500000,1.15%,business,5000+,OH,B,ANDELYN BIOSCIENCES INC | THE RESEARCH INSTITUTE AT NATIONWIDE CHILDREN'S HOSPITAL,https://en.wikipedia.org/wiki/Nationwide_Children%27s_Hospital,"Andelyn is a for-profit gene-therapy contract manufacturer spun out of Nationwide Children's clinical manufacturing group in 2020 and wholly owned by the hospital, which has about 11,900 employees; Andelyn itself committed 170 jobs and JobsOhio gave a $5M R&D Center Grant plus a Growth Fund loan for its 185,000 sq ft Columbus plant. On its own Andelyn would be 100-499; the bucket follows the ultimate parent rule. | The Research Institute is a 501(c)(3) arm of Nationwide Children's Hospital in Co",
1: $1M+,Cincinnati Children's Hospital Medical Center,12500000,1.07%,hospital,5000+,OH,B,CINCINNATI CHILDREN'S HOSPITAL MEDICAL CENTER,https://dam.assets.ohio.gov/image/upload/development.ohio.gov/research/obs/Ohio-Major-Employers-Report.pdf; https://www.cincinnatichildrens.org/about/corporate/facts-figures,"Ohio Major Employers report (Dec. 2022) lists Cincinnati Children's at 17,204 Ohio employees; Form 5500 shows 20,344 participants in 2019 and 27,933 in 2023. Nonprofit 501(c)(3) pediatric system founded in Cincinnati in 1883. JobsOhio metrics classify the $32M commitment as 'Other Loan'.",
1: $1M+,FirstEnergy Corp.,12408019,1.06%,business,5000+,OH,A,FirstEnergy Generation LLC,https://stockanalysis.com/stocks/fe/employees/; https://www.sec.gov/Archives/edgar/data/1031296/000103129618000015/fe-12312017x10k.htm,"FirstEnergy Generation LLC was a wholly owned subsidiary of FirstEnergy Solutions, itself a subsidiary of Akron-based FirstEnergy Corp. (about 15,600 employees at end of 2017 per the 10-K). The $12.4M is the JobsOhio revitalization loan for cleanup of the retired R.E. Burger coal plant site in Belmont County, later forgiven and reported by Ohio Capital Journal; FES entered bankruptcy in 2018 and became Energy Harbor in 2020.",
1: $1M+,"PTT Global Chemical Public Company Limited (PTTGC), majority-owned by PTT Plc",11451981,0.98%,business,5000+,Thailand,C,PTTGC AMERICA LLC,https://www.zoominfo.com/c/ptt-global-chemical-public-company-ltd/347530219; https://www.theintelligencer.net/news/top-headlines/2022/03/ptt-global-pays-jobsohio-20m-for-failing-to-move-on-belmont-county-cracker-plant/,"PTTGC America is the US arm of Bangkok-listed PTT Global Chemical (5,000-10,000 employees per directory data; PTT Plc, the Thai state oil company, holds the controlling stake). Partner Daelim (South Korea) withdrew in 2020. JobsOhio grants funded Belmont County cracker-site work; PTTGC repaid $20M in 2022 after failing to reach a final investment decision.",
1: $1M+,"Fuyao Glass Industry Group Co., Ltd.",10600000,0.90%,business,5000+,China,B,Fuyao Glass America Inc,https://www.daytondailynews.com/news/breaking-news/fuyao-set-double-hiring-moraine-plant-500-jobs/XIW2hI9dJ3w0Rw5Uw8KVnL/; https://www.dnb.com/business-directory/company-profiles/fuyao-glass-industry-group-co-ltd.698fe3f436b3635a6dea9ede7d781e50,"Fuyao Glass America is the Moraine, OH subsidiary of Fuyao Glass Industry Group, Fuqing, Fujian, China (Shanghai/Hong Kong listed; about 18,000 employees worldwide per Dayton Daily News in 2016 and about 26,000 per D&B). The Moraine plant alone grew past 2,000 workers by 2017; Form 5500 participants rose from 233 in 2015 to 3,729 in 2019. JobsOhio grants: $5.6M for 800 jobs, $4M workforce, $6.6M for the 2016 expansion.",
1: $1M+,General Electric Company (GE Aerospace),10091471,0.86%,business,5000+,MA,A,GENERAL ELECTRIC COMPANY,https://www.ge.com/sites/default/files/ge_10k_02022024.pdf,"GE's FY2023 10-K reports about 125,000 employees at Dec. 31, 2023 (283,000 at end of 2018), headquartered in Boston, MA during FY2018-2023; after the April 2024 spin-offs GE Aerospace moved the HQ to Evendale, OH, so the FY2024 grant went to an Ohio-headquartered parent. The R&D grants go to GE Aviation/Aerospace in Evendale (6,450 retained jobs). GE was founded in New York in 1892.",
1: $1M+,Petmin (Pty) Ltd,10000000,0.85%,business,500-4999,South Africa,C,PETMIN USA INC,https://www.petmin.co.za/somkhele.php; https://www.miningreview.com/top-stories/petmin-announces-r350m-bbbee-deal-for-somkhele-anthracite-mine/,"Petmin USA is the subsidiary of Johannesburg-based Petmin, a private mining company (delisted from the JSE in 2017 after a private-equity-backed buyout) whose Somkhele anthracite mine employs roughly 1,000-1,600 people per company and trade-press sources. JobsOhio paid $5M economic development plus $5M revitalization for the $474M Ashtabula pig-iron plant, promised 110 jobs; the plant was still not built as of 2024, and no audited headcount for 2020 was found.",
1: $1M+,The MetroHealth System,10000000,0.85%,hospital,5000+,OH,C,THE METROHEALTH SYSTEM,https://en.wikipedia.org/wiki/MetroHealth,"Cuyahoga County's public hospital system, governed by a county-appointed board; almost 9,000 employees as of December 2023 and the 10th largest employer in Northeast Ohio. Not a business; grant was $10M in FY2022 and FY2024.",
1: $1M+,Nestlé S.A.,9200000,0.78%,business,5000+,Switzerland,C,NESTLE PURINA PETCARE COMPANY | NESTLE USA INC,https://en.wikipedia.org/wiki/Nestl%C3%A9 | https://www.jobsohio.com/newsroom/news-press/nestle-purina-petcare-will-build-a-new-factory-in-ohio-to-meet-growing-pet-food-demand,"Nestle USA (Solon R&D and headquarters functions) is a subsidiary of Nestlé S.A. of Vevey, Switzerland, which reported 291,000 employees in 2019 and 276,000 in 2021. Form 5500 shows over 44,000 US plan participants. Graded C: Wikipedia is the only source. | Nestlé Purina PetCare (St. Louis, MO) is a wholly owned division of Nestlé S.A. of Vevey, Switzerland, which employs roughly 270,000-275,000 people; the JobsOhio release says Nestlé alone had 3,300 Ohio employees when it announced the $550M W",
1: $1M+,Cleveland 2016 Host Committee Inc,9000000,0.77%,nonprofit,<100,OH,B,Cleveland 2016 Host Committee Inc,https://projects.propublica.org/nonprofits/organizations/471304221,"Single-purpose 501(c)(3) that raised money for the 2016 Republican National Convention in Cleveland; revenue of $34.2M (2014), $7.4M (2015) and $16.3M (2016), then wound down to zero by 2018. Its 990s list a handful of officers (David Gilbert, Jon Pinney) and no large staff, so the bucket is a floor from the filings rather than a stated headcount.",
1: $1M+,Transportation Research Center Inc. (affiliate of The Ohio State University),9000000,0.77%,nonprofit,100-499,OH,C,TRANSPORTATION RESEARCH CENTER INC,https://en.wikipedia.org/wiki/Transportation_Research_Center,"TRC Inc. is a 501(c)(3) affiliated with Ohio State that operates the East Liberty proving grounds on Honda-owned land under a 1988 management agreement; Wikipedia says more than 400 employees, JobsOhio's own report shows 347 retained jobs, and its Form 5500 counted 454-471 participants in 2015-2023. Auto class said business; the grants were $9M of R&D money for the SMART Center, so a reader may ask whether this is really a university or Honda project. Graded C: Wikipedia is the only source.",
1: $1M+,"altafiber (Cincinnati Bell Inc.), owned by Macquarie Infrastructure Partners; Digital Access Ohio is its joint venture with JobsOhio",7470000,0.64%,business,5000+,OH,A,DIGITAL ACCESS OHIO LLC,https://www.sec.gov/Archives/edgar/data/716133/000095017023009198/ck0000716133-20221231.htm,"Digital Access Ohio LLC was formed in 2022 by Canton-based Agile Networks with JobsOhio committing up to $40M; altafiber (Cincinnati Bell) bought Agile on May 2, 2022 for $65.5M, and its FY2022 10-K calls DAO 'our Joint Venture with the State of Ohio', carries the JobsOhio money as a 'Digital Access Ohio Advance' and reports about 5,800 employees at December 31, 2022. Cincinnati Bell itself has been owned by Macquarie's Red Fiber Parent LLC since September 2021, so JobsOhio's grants flowed into ",
1: $1M+,Lawrence Economic Development Corporation,7338676,0.63%,nonprofit,<100,OH,B,LAWRENCE ECONOMIC DEVELOPMENT CORPORATION,https://projects.propublica.org/nonprofits/organizations/311075744,"County economic development corporation and JobsOhio network partner (via OhioSE) in South Point; its 990s list three key staff (Bill Dingus, Jeremy Clay, Jesse Layne) and revenue of $3.6M-$14.3M a year in 2018-2024. Grants were revitalization and spec-building (OSIP) money for The Point industrial park, not an operating business.",
1: $1M+,McKesson Corporation,6613235,0.56%,business,5000+,TX,A,COVERMYMEDS LLC,https://www.sec.gov/Archives/edgar/data/927653/000092765320000033/mck10k3312020.htm,"CoverMyMeds was founded in Twinsburg in 2008 and bought by McKesson in January 2017 for $1.1B (about 450 employees then), before the first grant year; McKesson's FY2020 10-K reports about 80,000 employees. McKesson moved its HQ from San Francisco, CA to Irving, TX effective April 1, 2019, so the FY2017 grant was under a CA parent and the 2019-2022 grants under a TX parent.",
1: $1M+,"First Solar, Inc.",6345649,0.54%,business,5000+,AZ,A,FIRST SOLAR INC,https://www.sec.gov/Archives/edgar/data/1274494/000162828021003343/fslr-20201231.htm,"Public company (NASDAQ: FSLR) headquartered in Tempe, AZ; FY2020 10-K reports approximately 5,100 associates as of December 31, 2020. Its predecessor Solar Cells Inc. started in Toledo, but the parent was formed in Arizona in 1999 and the Ohio plants in Perrysburg and Lake Township are subsidiaries.",
1: $1M+,unknown,5904554,0.50%,site_development,<100,OH,D,4560 Darrow Road LLC | BH (OHIO) LEASING LLC | CMG STRATEGY CO LLC | COOKE BUILDING LLC | MILLS BARNETT SIRRIS HOLDINGS III LLC | RESERVE PREMIER LLC | RUDOLPH DEVELOPMENT LLC | SR 29 WEST JEFF LLC | ,JobsOhio metrics (jobs_retained_max 82) | https://efts.sec.gov/LATEST/search-index?q=%22BH+(Ohio)+Leasing%22 | https://efts.sec.gov/LATEST/search-index?q=%22Cooke+Building%22 | https://news.google.com/rss/search?q=%224560%20Darrow%20Road%22%20Stow%20Ohio | https://news.google.com/rss/search?q=%22Mil,"No EDGAR, F5500 or metrics record; searches for ""The New Carlisle LLC"" and for a New Carlisle/Clark County OH project in 2015-2016 turned up nothing, so this is graded D as a likely small project LLC. | No EDGAR, F5500 or metrics record; the only match at this Stow OH address was a MACtac plant closure in 2014, well before the 2018 grant, so the tenant is unconfirmed and this is graded D. | No EDGAR, F5500, metrics record, or news coverage found for Rudolph Development LLC or a matching 2019 Ohi",
1: $1M+,JPMorgan Chase & Co.,5900000,0.50%,business,5000+,NY,A,JPMORGAN CHASE BANK NA,https://www.sec.gov/Archives/edgar/data/19617/000001961720000257/corp10k2019.htm,"JPMorgan Chase Bank, N.A. (Columbus-chartered) is the main bank subsidiary of JPMorgan Chase & Co., New York; the FY2019 10-K reports headcount of 256,981 and JobsOhio's 2018 release puts its central Ohio workforce at 19,200. The EDGAR match to 'Warehouse Funding Avery Point VII' is a trust filing under the bank's EIN, not the parent.",
1: $1M+,"International Consolidated Airlines Group, S.A. (IAG)",5681149,0.48%,business,5000+,United Kingdom,C,BRITISH AIRWAYS PLC,https://en.wikipedia.org/wiki/International_Airlines_Group,"British Airways has been a wholly owned subsidiary of IAG since 2011; IAG is registered in Madrid, Spain with corporate headquarters in London and about 76,000 employees. The FY2024 payment is an Air Service Restoration Program route incentive for the CVG-London Heathrow flight that began June 2023, not a site project. Graded C: Wikipedia is the only source.",
1: $1M+,Yorkville Intermodal Terminals LLC (Charles J. Betters and Victor DiGeronimo),5200000,0.44%,site_development,<100,PA,D,YORKVILLE INTERMODAL TERMINALS LLC,https://www.timesleaderonline.com/news/local-news/2017/05/yorkville-officials-brainstorm-ideas-to-create-growth/,"Project LLC formed December 2016 (Ohio charter 3965739) by Aliquippa, PA developer Charles J. Betters (C.J. Betters Enterprises) with Cleveland's Victor DiGeronimo (Independence Excavating) to buy and clean up the former Wheeling-Pittsburgh Steel mill in Yorkville for a barge terminal; a 2024 Jefferson County Port Authority report still calls it an ownership group marketing the site. The LLC itself has no staff; the owners' companies are private and no source gives their size, so the bucket refl",
1: $1M+,"Great Lakes Cheese Co., Inc.",5100000,0.43%,business,500-4999,OH,C,GREAT LAKES CHEESE CO INC,https://www.geaugamapleleaf.com/news/john-epprecht-describes-huge-expansion-of-glc-operation/,"Privately held, Epprecht family-controlled cheese packer headquartered in Hiram with employees holding a 20% ESOP stake; a February 2020 presentation put the Hiram plant at more than 500 workers and the new headquarters at 253, its Form 5500 counted 3,507 participants in 2019 (4,879 by 2023), and JobsOhio shows 671 retained jobs on the $5.1M grant. Company-wide it sat under 5,000 in 2020-2021 but is close to that line now.",
1: $1M+,"Jefferis Real Estate, LLC (T.J. and John Jefferis Sr.)",5000000,0.43%,site_development,<100,OH,C,JEFFERIS REAL ESTATE LLC,https://www.daily-jeff.com/story/news/2018/05/09/barnesville-firm-honored-by-development/12214242007/,"Family real-estate developer founded in Barnesville in 2001 by brothers T.J. and John Jefferis Sr.; by 2018 it had built nine leased industrial buildings in Barnesville-area industrial parks, mostly for oil and gas tenants employing over 400 people, and JobsOhio's June 2018 report shows a $5M Revitalization Grant against $6.4M of investment and zero direct jobs. No headcount is published; a two-owner developer of this kind is very likely under 100 employees, and the 400 jobs belong to tenants, n",
1: $1M+,Midmark Corporation,5000000,0.43%,business,500-4999,OH,B,MIDMARK CORPORATION,https://www.jobsohio.com/newsroom/news-press/midmark-expands-its-healthcare-manufacturing-footprint-in-ohio,"Private, family-controlled medical and dental equipment maker founded in Versailles in 1915 with corporate offices in Miamisburg (Dayton area); the JobsOhio release on the Versailles expansion cites nearly 2,000 employees worldwide, 1,002 retained and 99 new jobs, and its Form 5500 shows 1,678 participants in 2019.",
1: $1M+,Ensemble Health Partners (majority owned by Golden Gate Capital from August 2019; founded by Bon Secours Mercy Health),4919985,0.42%,business,5000+,OH,A,ENSEMBLE HP,https://www.sec.gov/Archives/edgar/data/1865597/000119312521286798/d132904ds1.htm,"Cincinnati (Blue Ash) hospital revenue-cycle firm founded 2014 by Mercy Health; Golden Gate Capital took a majority stake on August 1, 2019 and the September 2021 S-1 reports 6,492 full-time employees as of June 30, 2021 with principal offices at 11511 Reed Hartman Highway, Cincinnati. At the first grant year it was smaller (3,600 employees in May 2019 per the Golden Gate deal coverage), so the bucket reflects the later grant years; the IPO was pulled and Warburg Pincus and Berkshire Partners bo",
1: $1M+,Ohio-West Virginia Excavating Co. (Dennis Hendershot and Roger Lewis),4739868,0.40%,site_development,100-499,OH,D,Ohio-West Virginia Excavating Co,https://www.timesleaderonline.com/news/local-news/2022/02/shadyside-approves-ohio-business-for-water-project/,"Shadyside excavating contractor run by Dennis Hendershot and Roger Lewis that owned the largest tract of the 500-acre Dilles Bottom site beside FirstEnergy's Burger plant, which JobsOhio's 2015 Revitalization Grants ($3M plus $277,275) helped prepare for PTT Global Chemical's proposed ethane cracker; the cracker was never built. No source gives a headcount; it bids roughly $1M municipal jobs, so 100-499 is a guess between a small local contractor and a mid-size one, and the grant really paid for",
1: $1M+,Fiat Chrysler Automobiles N.V. (Stellantis N.V. from Jan 2021),4540017,0.39%,business,5000+,United Kingdom,A,FCA US LLC,https://www.sec.gov/Archives/edgar/data/1605484/000160548420000011/fca20191231annualreportand.htm,"FCA N.V. 20-F for 2019 reports 191,752 employees, incorporated in the Netherlands with principal executive offices in London. FCA US LLC (Toledo Jeep plants) became a Stellantis N.V. (Netherlands) subsidiary on Jan 16, 2021, which covers the FY2021 grant.",
1: $1M+,Port of Greater Cincinnati Development Authority,4499294,0.38%,government,<100,OH,C,PORT OF GREATER CINCINNATI DEVELOPMENT AUTHORITY,https://www.cincinnatiport.org/wp-content/uploads/Port_of_Greater_Cincinnati_Dev_Authority_2024-Hamilton_FINAL-1.pdf,Public port authority created by the City of Cincinnati and Hamilton County; grants were Revitalization and OSIP spec-development money passed through to sites. Staff is a few dozen per its website and audited financial report; no exact headcount was published.,
1: $1M+,JSW Steel Ltd,4437946,0.38%,business,5000+,India,B,JSW STEEL USA OHIO INC,https://en.wikipedia.org/wiki/JSW_Steel,"JSW Steel USA Ohio is the former Acero Junction mill in Mingo Junction, bought in 2018 by JSW Steel Ltd of Mumbai (JSW Group), which reported well over 10,000 employees through the grant years. Form 5500 shows 333 to 345 participants at the Ohio entity alone; JobsOhio counted 400 retained jobs.",
1: $1M+,BlueScope Steel Ltd,4000000,0.34%,business,5000+,Australia,C,NORTH STAR BLUESCOPE STEEL LLC,https://en.wikipedia.org/wiki/BlueScope,"North Star BlueScope Steel in Delta became wholly owned by Melbourne-based BlueScope Steel after it bought Cargill's 50 percent in 2015; BlueScope reported roughly 14,000 employees in FY2020 and 16,500 in 2024. Form 5500 shows 477 to 656 participants at the Delta mill alone.",
1: $1M+,"Amazon.com, Inc.",3935025,0.34%,business,5000+,WA,A,AMAZONCOM SERVICES LLC | VADATA INC,https://www.sec.gov/Archives/edgar/data/1018724/000101872421000004/0001018724-21-000004-index.htm | https://www.sec.gov/Archives/edgar/data/1018724/000101872423000004/amzn-20221231.htm,"Amazon.com Services LLC is the operating subsidiary of Amazon.com, Inc. (Seattle), which reported about 1,541,000 full- and part-time employees at Dec 31, 2022 in its 10-K. The Form 5500 plan under this EIN had 1,295,394 participants in 2023. | Vadata, Inc. is the Amazon Web Services subsidiary that builds and owns Amazon's data centers, including its central Ohio campuses, and shares Amazon's Seattle address. Amazon reported about 1,298,000 employees at Dec. 31, 2020 in its FY2020 10-K.",
1: $1M+,Lam Research Corporation,3882369,0.33%,business,5000+,CA,A,SILFEX INC,https://www.sec.gov/Archives/edgar/data/707549/000070754919000124/lrcx10k2019document.htm,"Silfex is a wholly owned subsidiary of Lam Research (Fremont, CA), whose FY2019 10-K reports approximately 10,700 regular employees. Silfex has operated in Eaton since 1971 and expanded into Springfield, but the parent is Californian.",
1: $1M+,"Novagard Solutions, Inc.",3876963,0.33%,business,100-499,OH,B,NOVAGARD SOLUTIONS INC,https://www.jobsohio.com/annual-report-2021/economy-results/innovation,"Privately held, woman-owned silicone maker with a single 200,000 sq ft Cleveland site; JobsOhio counted 113 retained jobs and 50 new jobs tied to the R&D Center Grant, and the company cites 45 percent workforce growth from 2018 to 2022. No exact total headcount was published, but one site with roughly 113 to 170 jobs puts it in 100-499.",
1: $1M+,Zanesville-Muskingum County Port Authority,3865976,0.33%,government,<100,OH,C,ZANESVILLE MUSKINGUM COUNTY PORT AUTHORITY,https://www.chmura.com/blog/how-zanesville-muskingum-county-used-jobseq-to-win-3.1-million-state-grant,County economic development port authority that received a $3.09 million JobsOhio spec-development (OSIP) grant to buy and prepare the National Road Business Park site. It is a small public agency with a handful of staff; no headcount is published.,
1: $1M+,Libbey Glass LLC (formerly Libbey Inc.),3750000,0.32%,business,5000+,OH,B,LIBBEY GLASS,https://www.sec.gov/Archives/edgar/data/902274/000143774920003729/lby20191231_10k.htm,"Libbey's last 10-K (2019) reports 5,872 employees, about 70 percent outside the US; the company went through Chapter 11 in 2020 and emerged privately held by its former lenders as Libbey Glass LLC, still headquartered in Toledo. Founded in 1818 in Massachusetts and moved to Toledo in 1888; Form 5500 shows 2,349 US participants in 2023, so post-bankruptcy worldwide headcount near 5,000 is an estimate.",
1: $1M+,"GOJO Industries, Inc.",3500000,0.30%,business,500-4999,OH,C,GOJO INDUSTRIES INC,https://en.wikipedia.org/wiki/GOJO_Industries,"Family-owned Purell maker founded in Akron in 1946 and headquartered there; Wooster is a plant. Roughly 2,500 employees, consistent with Form 5500 participant counts of 2,086 (2019) and 2,373 (2023); Clorox agreed to buy GOJO in January 2026, after the grant years. Graded C: Wikipedia is the only source.",
1: $1M+,"Pratt Industries, Inc. (Anthony Pratt / Visy group)",3350000,0.29%,business,5000+,GA,C,PRATT PAPER (OH) LLC,https://en.wikipedia.org/wiki/Visy_Industries,"Pratt Paper (OH) LLC is the Wapakoneta recycled-paper mill of Pratt Industries, the Conyers, Georgia US arm of Anthony Pratt's privately held Visy group of Melbourne, Australia; the combined group reported about 11,000 employees in 2020. Pratt Industries alone does not publish a headcount, but with six mills and dozens of plants it is well above 5,000.",
1: $1M+,"Paycor, Inc. (Paycor HCM, Inc.)",3346355,0.29%,business,500-4999,OH,A,PAYCOR INC,https://www.sec.gov/Archives/edgar/data/1839439/000183943921000011/pycr-20210630.htm,"Paycor's first 10-K (FY ended June 30, 2021) reports 2,067 associates and Cincinnati headquarters; Form 5500 shows 2,069 participants in 2019. During the FY2020 grant Paycor was majority owned by private equity firm Apax Partners (acquired Nov 2018), and it went public in July 2021.",
1: $1M+,"Breeze Aviation Group, Inc.",3318587,0.28%,business,500-4999,UT,C,BREEZE AVIATION GROUP,https://en.wikipedia.org/wiki/Breeze_Airways,"Breeze Airways, founded by David Neeleman in 2018 and based in Cottonwood Heights, Utah, began flying in May 2021; Form 5500 shows 1,025 plan participants in 2023 and the airline reports about 2,262 employees in 2026. The grants are JobsOhio Air Service Restoration payments for routes at Akron-Canton, not a plant or office project. Graded C: Wikipedia is the only source.",
1: $1M+,American Nitrile LLC,3303561,0.28%,business,100-499,OH,C,AMERICAN NITRILE OPERATIONS LLC,https://abc6onyourside.com/news/local/american-nitrile-plant-ppe-factory-produce-medical-gloves-bring-hundreds-of-jobs-to-grove-city-central-ohio-founder-jacob-block-3-9-2022,"Privately held glove startup founded in Grove City in 2021 by Jacob Block, financed with $105 million from Orion Infrastructure Capital, and the first pre-revenue company to get a JobsOhio grant ($3.5 million committed). It planned 400 jobs, but Form 5500 shows only 33 plan participants in 2023, so actual headcount in the grant years may have been under 100.",
1: $1M+,Dana Incorporated,3250000,0.28%,business,5000+,OH,C,DANA LIGHT AXLE MANUFACTURING LLC | DANA LIMITED,"Wikipedia: ""the company employs nearly 28,000 people in 33 countries"" (Dana Incorporated, Fortune 500, NYSE: DAN) | https://www.sec.gov/Archives/edgar/data/26780/000002678019000004/dan-20181231x10k.htm","Dana Light Axle Manufacturing LLC is a subsidiary of publicly traded Dana Incorporated, headquartered in Maumee, Ohio, with about 28,000 employees worldwide. Dana was founded in 1904 (not in Ohio), well ahead of the 2019 grant year. Graded C: Wikipedia is the only source. | Dana Limited is a subsidiary of Dana Incorporated (NYSE: DAN), headquartered in Maumee, whose 2018 10-K reports approximately 30,900 employees. The 10-K traces the business to 1904 but does not name the founding city.",
1: $1M+,"City of Springfield, Ohio",3126105,0.27%,government,500-4999,OH,D,CITY OF SPRINGFIELD OHIO,https://www.jobsohio.com/industries/advanced-aerospace-defense/advanced-air-mobility,"Municipal government; grants were an Aerospace and Defense Opportunity Grant and OSIP money for the National Advanced Air Mobility Center of Excellence and related infrastructure at Springfield-Beckley Municipal Airport. City workforce is in the several hundreds, but no published headcount was found on the city site or in JobsOhio materials.",
1: $1M+,ALTIVIA Corporation,3100000,0.26%,business,100-499,TX,C,ALTIVIA PETROCHEMICALS LLC,https://www.linkedin.com/company/altivia-corporation,"Altivia Petrochemicals is a unit of privately owned ALTIVIA of Houston (founded 1986), which bought the Haverhill phenol plant in 2015; JobsOhio counted 137 retained jobs there and LinkedIn lists about 220 employees company-wide. Form 5500 shows 418 participants at the petrochemicals unit in 2023, so total headcount across ALTIVIA's seven units could be near 500.",
1: $1M+,"Total Quality Logistics, LLC",3050000,0.26%,business,5000+,OH,B,TOTAL QUALITY LOGISTICS LLC,https://www.jobsohio.com/newsroom/ohio-success/total-quality-logistics-continues-to-invest-millions-in-ohio,"Privately held freight brokerage founded in Cincinnati in 1997 by Ken Oaks and headquartered in Union Township, Clermont County; JobsOhio's 2022 release puts headcount over 9,000 after 49 percent growth in 2021, implying roughly 6,000 in 2020. JobsOhio counted 2,623 retained Ohio jobs.",
1: $1M+,"Medpace Holdings, Inc.",3000000,0.26%,business,500-4999,OH,A,MEDPACE INC,https://www.sec.gov/Archives/edgar/data/1668397/000156459020006385/medp-10k_20191231.htm,"Medpace's 2019 10-K reports approximately 3,500 employees worldwide and Cincinnati headquarters; founded there in 1992 by August Troendle. Form 5500 shows 2,189 participants in 2019 and 3,462 in 2023, and JobsOhio counted 1,916 retained Ohio jobs.",
1: $1M+,"Nippon Sheet Glass Co., Ltd. (NSG Group)",3000000,0.26%,business,5000+,Japan,C,NSG GLASS NORTH AMERICA INC,https://en.wikipedia.org/wiki/Nippon_Sheet_Glass,"NSG Glass North America Inc. is the U.S. subsidiary that built the Luckey/Troy Township float and TCO glass plant (announced Oct 2018, opened Nov 2020, 125-150 jobs) to supply First Solar. Parent NSG Group is Tokyo-based with 25,356 employees as of March 2024 (higher, around 27,000, in the 2019-2021 grant years); it acquired Ohio-rooted Pilkington North America in 2006. Graded C: Wikipedia is the only source.",
1: $1M+,United States Steel Corp. and Kobe Steel Ltd. (50/50 joint venture),3000000,0.26%,business,5000+,PA,A,PRO-TEC COATING COMPANY LLC,https://en.wikipedia.org/wiki/U.S._Steel,"PRO-TEC is a 50/50 JV of U.S. Steel (Pittsburgh, PA) and Kobe Steel (Kobe, Japan) per U.S. Steel's SEC exhibit on the $400M Leipsic galvanizing line that started up in 2019; neither partner alone controls, so PA is the U.S. partner's HQ and Japan is the other half. Both parents have tens of thousands of employees (U.S. Steel about 22,000-28,000; Kobe Steel about 38,000); the JV itself reported 397 Form 5500 participants in 2019 and 310 retained jobs.",
1: $1M+,Adams County Community Improvement Corporation,2984174,0.25%,nonprofit,<100,OH,B,ADAMS COUNTY CIC,https://www.adamscountyohecd.com/adams-county-community-improvement-corporation-cic-receives-4-2-million-jobsohio-grant-to-develop-the-winchester-industrial-park-and-attract-new-business/,"County community improvement corporation (a nonprofit economic development corporation under Ohio law) that received a $4.2M JobsOhio site grant through the JobsOhio-Ohio Southeast Site Initiative/OSIP to build water, sewer and a road for the Winchester Industrial Park. Staffed by the county's economic development office, so headcount is a handful; no employee figure is published.",
1: $1M+,Geis Companies,2900000,0.25%,site_development,100-499,OH,C,ROUTE 43 NORTH | SFG GEIS SHALERSVILLE LLC,https://www.geiscompanies.com/about | https://www.linkedin.com/company/geis-companies,"Project LLC for the 1-million-square-foot spec building at Turnpike Commerce Center in Shalersville, developed by Geis Companies (Streetsboro, OH, founded 1967) with capital partner Stonemont Financial Group (SFG, Atlanta); REjournals reports the project received a JobsOhio OSIP grant. LinkedIn lists Geis at 501-1,000 employees, a self-reported range. | Route 43 North LLC is the Geis Companies project vehicle for spec industrial buildings along State Route 43 in Streetsboro (Gateway Commerce Cen",
1: $1M+,Canon Inc.,2700001,0.23%,business,5000+,Japan,C,QUALITY ELECTRODYNAMICS LLC,https://en.wikipedia.org/wiki/Canon_Inc.,"Canon Inc. (Tokyo, about 184,000 employees in 2021) bought 70% of QED on Oct 31, 2019 and consolidates it, covering the 2021 and 2022 grants; the 2018 grant predates the sale, when QED was founder-owned with about 175 employees. QED itself was founded in Mayfield Village in 2006 by Hiroyuki Fujita, who kept the remaining 30%. Graded C: Wikipedia is the only source.",
1: $1M+,Pella Corporation,2600000,0.22%,business,5000+,IA,C,PELLA CORPORATION,https://en.wikipedia.org/wiki/Pella_Corporation,"Privately held window and door maker founded 1925 in Pella, Iowa, with about 7,000 employees (2019) to 10,000 nationwide; its own Form 5500 plan shows 8,521 participants in 2019 and 11,593 in 2023, consistent with 5000+. The grant supported a new Troy, Ohio manufacturing plant. Graded C: Wikipedia is the only source.",
1: $1M+,Kaufman Development,2550000,0.22%,site_development,<100,OH,C,GRAVITY 2 - OFFICE LLC | The Gravity Project LLC,https://columbusunderground.com/gravity-2-0-has-new-owner-name-bw1/ | https://www.linkedin.com/company/kaufman-development,"Project LLC for Gravity, Kaufman Development's mixed-use project at 500 W. Broad St. in Franklinton; the 990 lists the LLC at 30 Warren St., Columbus, which is Kaufman Development's office, and JobsOhio's 2017 metrics show a $1.2M Revitalization Grant plus a $2.8M loan on a $20.6M investment. Kaufman is a private Columbus developer founded 2011 that LinkedIn now lists at 51-200 employees, so the 2018 bucket is a judgment call at the boundary. | Project LLC for the office component of Gravity 2.0",
1: $1M+,"Hyland Software, Inc. (majority owned by Thoma Bravo)",2500001,0.21%,business,500-4999,OH,B,HYLAND SOFTWARE INC,https://topworkplaces.com/company/hyland-software-inc/,"Founded 1991 and headquartered in Westlake; private equity firm Thoma Bravo has been majority owner since 2007. Form 5500 participants were 3,242 in 2019 and Top Workplaces lists about 3,500 US employees, so the company was under 5,000 in the 2018-2020 grant years (it reached roughly 5,000 by 2023, when it cut 1,000 jobs).",
1: $1M+,Abbott Laboratories,2500000,0.21%,business,5000+,IL,A,ABBOTT LABORATORIES,https://www.sec.gov/Archives/edgar/data/1800/000162828024005348/abt-20231231.htm,"Public company headquartered in Abbott Park, Illinois; its FY2023 10-K reports approximately 114,000 employees, 69% outside the U.S. The Ohio grants relate to the Columbus nutrition plant (428 retained jobs per JobsOhio metrics).",
1: $1M+,Sofidel S.p.A. (Sofidel Group; Stefani and Lazzareschi families),2400000,0.20%,business,5000+,Italy,C,SOFIDEL AMERICA CORP,https://en.wikipedia.org/wiki/Sofidel_Group,"Sofidel America Corp. is the U.S. arm of the family-owned Sofidel Group of Porcari, Italy, which had more than 6,400 employees around 2019 (6,900 by 2023); the Circleville tissue plant opened Oct 2018 as the group's largest. The U.S. entity's own Form 5500 plan grew from 347 participants (2015) to 1,244 (2019).",
1: $1M+,AMG Advanced Metallurgical Group N.V.,2400000,0.20%,business,500-4999,Netherlands,A,AMG VANADIUM LLC,https://www.globenewswire.com/en/news-release/2021/03/11/2191615/0/en/AMG-Advanced-Metallurgical-Group-N-V-Publishes-2020-Annual-Report.html,"AMG Vanadium LLC (Cambridge, OH, about 155 employees) is a wholly owned subsidiary of Amsterdam-listed AMG Advanced Metallurgical Group N.V., whose 2020 annual report states approximately 3,000 employees worldwide. The grant supported the $300M second plant in Zanesville.",
1: $1M+,Tractor Supply Company,2350000,0.20%,site_development,5000+,TN,A,NAVARRE FACILITY LLC | TRACTOR SUPPLY COMPANY,https://www.sec.gov/Archives/edgar/data/916365/000091636521000052/tsco-20201226.htm | https://www.sec.gov/cgi-bin/browse-edgar?action=getcompany&company=tractor+supply&type=10-K&output=atom,"Navarre Facility LLC is the project entity for Tractor Supply Co.'s (Nasdaq: TSCO) distribution center in Navarre, per the company's own opening announcement found in search; Tractor Supply is headquartered in Brentwood, TN, with tens of thousands of employees. | Tractor Supply's FY2020 10-K (Brentwood, TN) reports about 20,000 full-time and 21,000 part-time team members as of December 26, 2020. JobsOhio metrics show a Logistics and Distribution project with 0 jobs retained, consistent with the ",
1: $1M+,Western Reserve Port Authority,2349478,0.20%,government,<100,OH,C,WESTERN RESERVE PORT AUTHORITY,https://codes.ohio.gov/ohio-revised-code/chapter-4582,Port authority created under Ohio Revised Code Chapter 4582 with board members appointed by the Mahoning and Trumbull county commissioners; it owns the Youngstown-Warren Regional Airport and received OSIP spec-building and aerospace grants. A political subdivision with a small staff; no employee count published.,
1: $1M+,"Sarepta Therapeutics, Inc.",2348087,0.20%,business,500-4999,MA,B,SAREPTA THERAPEUTICS,https://stockanalysis.com/stocks/srpt/employees/,"Public biotech headquartered in Cambridge, MA (FY2022 10-K); 10-K-derived headcounts were 840 (2021), 1,162 (2022) and 1,314 (2023), with 575 Form 5500 participants in 2019 and 1,415 in 2023. The grants supported its Columbus gene therapy facilities (138 retained jobs).",
1: $1M+,Athens County Port Authority,2313600,0.20%,government,<100,OH,C,ATHENS COUNTY PORT AUTHORITY,https://codes.ohio.gov/ohio-revised-code/chapter-4582,"County port authority, a political subdivision organized under Ohio Revised Code Chapter 4582, used as the public vehicle for JobsOhio site grants in Athens County. No project release or staffing figure was found online (searched OhioSE, JobsOhio and Athens news sites); a small-staff public body regardless.",
1: $1M+,CareSource (nonprofit managed care organization),2300000,0.20%,nonprofit,500-4999,OH,C,CARESOURCE MANAGEMENT SERVICES LLC,https://en.wikipedia.org/wiki/CareSource,"CareSource Management Services LLC is the management subsidiary of CareSource, a Dayton nonprofit Medicaid/Medicare health plan founded in 1989 with about 4,500 employees and $11.8B revenue in 2020 (Form 5500 sponsor CareSource Management Group had 4,622 participants in 2019). Classed nonprofit rather than hospital because it is an insurer, not a health system. Graded C: Wikipedia is the only source.",
1: $1M+,"Babcock & Wilcox Enterprises, Inc.",2272675,0.19%,business,500-4999,OH,A,THE BABCOCK & WILCOX COMPANY,https://www.sec.gov/Archives/edgar/data/1630805/000163080521000004/bw-20201231.htm,"NYSE-listed B&W moved its headquarters from Charlotte to Akron on Dec 30, 2019 (the Charlotte address in the 990 is the old one), and its FY2020 10-K reports approximately 2,100 employees worldwide. Form 5500 participants (7,259 in 2019) run far above headcount because they include retirees and former employees of the much larger pre-2015 company.",
1: $1M+,"JAC Products, Inc. (privately held)",2270325,0.19%,business,500-4999,MI,B,JAC PRODUCTS INC,https://archive.businessviewmagazine.com/jac-products-inc/,"Private automotive roof-rack maker headquartered in Saline, Michigan (technical center in Pontiac) with about 1,500 North American employees in 2015 and 1,910 Form 5500 participants in 2019; the Ohio project is a Napoleon, OH plant. Ownership has been reported as venture/private capital in the past, but no current owner filing was found.",
1: $1M+,Crown Equipment Corporation (Dicke family),2229000,0.19%,business,5000+,OH,C,CROWN EQUIPMENT CORPORATION,https://en.wikipedia.org/wiki/Crown_Equipment_Corporation,"Family-owned lift truck maker founded 1945 in New Bremen, Ohio, with about 20,900 employees worldwide today and 11,737 Form 5500 participants in 2019; JobsOhio counts 4,348 retained Ohio jobs. Fourth generation of the Dicke family still leads it. Graded C: Wikipedia is the only source.",
1: $1M+,Xellia Pharmaceuticals ApS (wholly owned by Novo Holdings A/S),2200000,0.19%,business,500-4999,Denmark,B,XELLIA PHARMACEUTICALS USA LLC,https://www.biospace.com/xellia-pharmaceuticals-cleveland-ohio-manufacturing-facility-commercially-operational-for-production-of-key-anti-infective-drug-products-for-us-hospitals-and-patients,"Copenhagen-based anti-infectives maker with over 1,800 employees globally (2021) and more than 300 at the Bedford, Ohio plant it bought from Boehringer Ingelheim in 2015; wholly owned since 2013 by Novo Holdings A/S, the Novo Nordisk Foundation's investment arm. Form 5500 participants at the U.S. entity were 419 in 2019.",
1: $1M+,"Caldwell Mobile Home Sales, Inc. / Crock Construction (family-owned)",2065524,0.18%,site_development,<100,OH,D,CALDWELL MOBILE HOME SALES INC,https://www.jobsohio.com/newsroom/news-press/new-business-park-in-noble-county-announces-4-8-million-investment,"Landowner and developer of the Caldwell East of I-77 Business Park in Noble County, funded with over $2.4M in JobsOhio-Ohio Southeast Site Initiative grants (April 2022 release), described as a third-generation family-owned local construction and manufactured-home retail company. No employee count, Form 5500 or directory listing was found; a rural family retailer with no pension filing is almost certainly under 100.",
1: $1M+,"Stanley Black & Decker, Inc. (via Consolidated Aerospace Manufacturing; CAM was Tinicum-owned until Feb 2020)",2026129,0.17%,business,5000+,CT,B,VOSS INDUSTRIES LLC,https://www.sec.gov/Archives/edgar/data/93556/000009355621000008/swk-20210102.htm,"Voss was bought from its ESOP in Sept 2014 by Consolidated Aerospace Manufacturing (CAM), a Tinicum private equity portfolio company, which Stanley Black & Decker (New Britain, CT; about 53,100 employees) acquired for $1.46B on Feb 24, 2020, inside the FY2020 grant year. During the FY2019 grant the owner was PE-backed CAM, whose group headcount was not published; Voss alone had 170-291 Form 5500 participants.",
1: $1M+,Topre Corporation,2025000,0.17%,business,5000+,Japan,C,TOPRE AMERICA CORPORATION,https://www.topre.co.jp/en/company/profile.html; https://www.jobsohio.com/newsroom/news-press/automotive-supplier-topre-goes-big-on-second-expansion,"Topre America is the Springfield subsidiary of Tokyo-listed Topre Corporation; the company profile lists 6,860 consolidated employees as of March 2026, and the Springfield plant alone had 920 Form 5500 participants in 2019 and 580 retained jobs. A grant-year (2018-2022) consolidated figure was not fetched, so the 5000+ bucket rests on the 2026 count.",
1: $1M+,"Loc Performance Products, LLC",2007102,0.17%,business,500-4999,MI,B,LOC PERFORMANCE PRODUCTS LLC,https://www.prnewswire.com/news-releases/loc-performance-adds-capacity-for-trackman-in-st-marys-facility-301764105.html; https://www.jobsohio.com/newsroom/news-press/defense-contractor-loc-performance-products-to-create-250-new-jobs-in-auglaize-county,"Plymouth, Michigan defense and ag-track maker with more than 980 employees (Feb 2023 release) that bought Continental's St. Marys plant in Dec 2021 and committed 250 new jobs plus 450 retained. The EIN maps to CP Prime Holdings, L.P., a Form D filer c/o The Carlyle Group (sec.gov CIK 1837752), so the operating company is treated as the parent with Carlyle as private-equity owner.",
1: $1M+,"ProMedica Health System, Inc.",2000000,0.17%,hospital,5000+,OH,B,ProMedica Health System Inc,"Form 5500 participants 19,307 (2019) for EIN 341517671; https://en.wikipedia.org/wiki/ProMedica","Toledo-based nonprofit health system founded 1986; its own retirement plan had 16,527 participants in 2015 and 19,307 in 2019, and the 2018 HCR ManorCare acquisition pushed total headcount well above that. Grant was a Revitalization Grant and Loan for the downtown Toledo headquarters project (900 jobs retained).",
1: $1M+,Nanogate SE,2000000,0.17%,business,500-4999,Germany,C,NANOGATE NORTH AMERICA,https://de.wikipedia.org/wiki/Nanogate,"Nanogate North America (Nanogate Jay Systems, the former Jay Plastics of Mansfield) was the US arm of Nanogate SE of Goettelborn, Germany, which had 1,209 employees in 2017 and about 400 in Mansfield; the $2 million JobsOhio grant funded a Mansfield R&D center announced April 2018. Nanogate SE filed for insolvency in June 2020 and its core business went to Techniplas in 2021, so ownership changed right at the end of the grant years.",
1: $1M+,Terrex Development & Construction (Uptown Gateway),2000000,0.17%,site_development,<100,OH,D,UPTOWN SEQ HOLDINGS LLC,https://terrexllc.com/about/,"SEQ matches the southeast quadrant of MLK Drive and Reading Road in Cincinnati, the 5.8-acre Uptown Gateway site developed by Cincinnati-based Terrex (founded 2014) with Messer Construction; the asterisk in JobsOhio's metrics marks it as a project entity. No source was found that names Uptown SEQ Holdings LLC's owner directly, and Terrex publishes no headcount, so parent and size are inferred.",
1: $1M+,Swagelok Company,2000000,0.17%,business,5000+,OH,B,SWAGELOK MANUFACTURING COMPANY LLC,"Form 5500 participants 5,777 (2019) for sponsor Swagelok Company; https://en.wikipedia.org/wiki/Swagelok","Swagelok Manufacturing Company LLC is a unit of privately held Swagelok Company of Solon, founded in Cleveland in 1947, with over 5,700 associates; JobsOhio's own report shows 5,237 jobs retained on this grant. The company is private, so no SEC figure exists.",
1: $1M+,Connect Realty (Connect Housing Blocks),2000000,0.17%,site_development,<100,OH,C,3251 WESTERVILLE RD LLC,https://www.financefund.org/wp-content/uploads/2022/12/Connect-Housing-Blocks.pdf,"Address-named LLC for the former 500,000 sq ft retail site at 3251 Westerville Road, converted into a modular-home factory by Connect Housing Blocks, a subsidiary of Columbus developer Connect Realty (founder Brad DeHays), with a 300-job target. The factory was a startup at the 2023 grant, so the <100 bucket reflects the developer, not the planned jobs.",
1: $1M+,Grupo Plastilene S.A.S.,2000000,0.17%,business,500-4999,Colombia,D,PLASTILENE INC,https://www.wosu.org/2023-06-08/major-food-packaging-company-opens-first-location-washington-court-house-ohio,"Plastilene Inc. is the first US operation of Bogota-based Grupo Plastilene, which runs plants in Colombia, Ecuador and Guatemala and committed 58 R&D jobs and about $41-48 million in Washington Court House. No source giving the group's worldwide headcount was found (company site, JobsOhio release, WOSU and Dayton Development Coalition checked), so the bucket is a guess for a multi-country packaging manufacturer.",
1: $1M+,Orlando Baking Company (with developer Weston Inc.),2000000,0.17%,site_development,100-499,OH,B,PROJECT BORON LLC,https://thelandcle.org/stories/despite-empty-land-companies-see-improvements-along-opportunity-corridor-with-promises-of-more-to-come/,"Project Boron is the 156,000 sq ft Cleveland Cold Storage building on Broadway Avenue, built by Cleveland industrial developer Weston Inc. for family-owned Orlando Baking (about 330 employees in 2023) with a $2 million JobsOhio Ohio Site Inventory Program grant. The city's community benefits page lists the entity as Boron Orlando Baking Co., LLC - Weston, Inc., so Weston co-owns the vehicle.",
1: $1M+,Union Home Mortgage Corp.,2000000,0.17%,business,500-4999,OH,B,UNION HOME MORTGAGE CORP,"https://northeastohioregion.com/news/union-home-mortgage-to-expand/; Form 5500 participants 1,590 (2023)","Privately held Strongsville mortgage lender with 1,300+ employees in July 2020 and 1,590 plan participants in 2023; the Revitalization Grant supported reuse of a vacant Strongsville building as its headquarters with 450 new jobs promised. Company materials describe it as Strongsville-based but the fetched sources do not state where it was founded.",
1: $1M+,"Hull & Associates (John Hull), now Verdantas",1994151,0.17%,site_development,100-499,OH,D,URBAN RENEWABLES II LLC,https://www.verdantas.com/about,"Urban Renewables II LLC is the brownfield redevelopment vehicle for the former Caraustar paperboard site in Rittman, taken over in 2012 by Ohio environmental firm Hull & Associates and its subsidiary, with John Hull listed as contact; Hull later merged into Verdantas (2,800 staff today). No grant-year headcount for Hull & Associates was found, so the bucket is a guess for a mid-size regional consultancy.",
1: $1M+,Marathon Petroleum Corporation,1950000,0.17%,business,5000+,OH,C,Marathon Petroleum Corporation | SPEEDWAY LLC,"Marathon Petroleum is a Fortune 500 refiner headquartered in Findlay, Ohio, with tens of thousands of employees; well-established public company | https://www.sec.gov/Archives/edgar/data/1510295/000151029519000014/mpc-20181231x10k.htm","Marathon Petroleum (Findlay, OH) 10-K reports 60,350 employees at Dec. 31, 2018, including 40,230 in the Speedway retail segment. Speedway was sold to 7-Eleven (Irving, TX) on May 14, 2021, inside the last grant year, so the FY2021 payment may have landed after the sale; JobsOhio metrics show 1,175 jobs retained at Enon. | Marathon Petroleum Corporation is itself the recipient and its own parent, a publicly traded (NYSE: MPC) refiner headquartered in Findlay, Ohio since its 2011 spin-off from Ma",
1: $1M+,Stonemont Financial Group,1950000,0.17%,site_development,<100,GA,C,SFG COLUMBUS PARSONS LLC,https://stonemontfinancial.com/team/,"SFG Columbus Parsons LLC is the Stonemont subsidiary building the three-building, 859,240 sq ft speculative Castings Commerce Park on the former Buckeye Steel/Columbus Castings site at 2211 Parsons Avenue; Stonemont is an Atlanta industrial developer whose team page lists 96 people. The headcount is a 2026 website roster, not a 2023 figure.",
1: $1M+,"UGN, Inc. (joint venture of Autoneum Holding AG and Nihon Tokushu Toryo)",1916261,0.16%,business,500-4999,IL,B,UGN INC,"Form 5500 participants 1,886 (2019) for sponsor UGN, Inc.; https://ugn.com/about/","UGN is a Tinley Park, Illinois acoustic-parts maker formed in 1986 as a partnership of Nittoku (Japan) and what is now Autoneum (Switzerland); neither partner is treated as sole parent, and Autoneum alone has about 16,000 employees. Grants supported the Monroe, Ohio plant (opened 2015, 111-job expansion 2018).",
1: $1M+,STERIS plc,1850000,0.16%,business,5000+,Ireland,A,STERIS CORPORATION,"https://www.sec.gov/cgi-bin/browse-edgar?action=getcompany&CIK=0001757898&type=10-K; Form 5500 participants 8,647 (2019)","Steris Corporation of Mentor is the US operating subsidiary of SEC registrant STERIS plc, which reported roughly 12,000-13,000 employees in its FY2016-FY2020 10-Ks; the parent was UK-domiciled from 2015 and Ireland-domiciled from 2019 after tax inversions, while executive operations stayed in Mentor. Founded in Ohio in 1985, so a reader may fairly call this an Ohio company with a foreign legal address.",
1: $1M+,"Otsuka Holdings Co., Ltd.",1850000,0.16%,business,5000+,Japan,C,CIL ISOTOPE SEPARATIONS LLC | PHARMAVITE LLC,"Form 5500 participants 4,912 (2023) for sponsor Otsuka America, Inc.; https://en.wikipedia.org/wiki/Otsuka_Holdings | https://en.wikipedia.org/wiki/Otsuka_Pharmaceutical","Otsuka group company list names CIL Isotope Separations LLC (Xenia isotope plant) alongside its parent Cambridge Isotope Laboratories, both Otsuka subsidiaries. Wikipedia lists 5,634 employees for Otsuka Pharmaceutical alone in 2017, so the Tokyo-based holding company is well above 5,000. | Pharmavite (Nature Made) of West Hills, California has been owned by Tokyo-based Otsuka since 1989; its US plan is sponsored by Otsuka America with 4,912 participants and the Otsuka group employs tens of thou",
1: $1M+,Southgate Corporation,1850000,0.16%,site_development,<100,OH,D,SOUTHGATE COMPANY LIMITED PARTNERSHIP,https://www.southgatecorporation.com/,"Southgate Company LP is a partnership of Southgate Corporation, a Newark, Ohio industrial-park developer founded 1953, which received an OSIP grant for an 84,000 sq ft speculative building at 33 Innovation Park in Marysville (Nov 2020). The company publishes no headcount; the <100 bucket is a guess for a regional developer.",
1: $1M+,Alkermes plc,1800000,0.15%,business,500-4999,Ireland,A,ALKERMES INC,"https://www.sec.gov/cgi-bin/browse-edgar?action=getcompany&CIK=0001520262&type=10-K; Form 5500 participants 2,336 (2019)","Alkermes Inc. (Wilmington plant) is the US subsidiary of Dublin-based SEC registrant Alkermes plc, whose 10-Ks report about 2,000-2,300 employees across 2017-2021; the EDGAR HQ state MA reflects the Waltham US base. Founded 1987 in Massachusetts.",
1: $1M+,"COTSWORKS, Inc.",1800000,0.15%,business,100-499,OH,B,COTSWORKS LLC,"Form 5500 participants 105 (2019) and 108 (2023) for sponsor COTSWORKS, Inc.","Highland Heights fiber-optic maker, an EDGAR Form D filer, with 105-108 plan participants and 73 jobs retained, so it sits at the line between <100 and 100-499. The company was acquired by Moog Inc. (NY) at a date not verified here, which may postdate the 2024 grant year.",
1: $1M+,Bread Financial Holdings (formerly Alliance Data Systems),1750000,0.15%,business,5000+,OH,A,ADS ALLIANCE DATA SYSTEMS,"https://www.sec.gov/cgi-bin/browse-edgar?action=getcompany&CIK=0001101215&type=10-K; Form 5500 participants 20,130 (2019)","ADS Alliance Data Systems is the Columbus card-services unit of Alliance Data, renamed Bread Financial in 2022, whose 10-Ks show roughly 20,000 employees in 2017 and about 7,500 in 2022. Headquarters was Plano, Texas at the 2017 grant and moved to Columbus in 2019, so the OH label applies to the 2022 grant only.",
1: $1M+,"Belcan, LLC",1750000,0.15%,business,5000+,OH,B,BELCAN LLC,"Form 5500 participants 5,320 (2019) and 8,048 (2023) for sponsor Belcan, LLC; https://en.wikipedia.org/wiki/Belcan","Cincinnati (Blue Ash) engineering services firm founded 1958 with about 10,000 employees, owned by private-equity firm AE Industrial Partners from 2015 until Cognizant bought it in August 2024, after the grant years. Resolved to the operating company per the PE rule.",
1: $1M+,"Quantum Health, Inc.",1700000,0.14%,business,500-4999,OH,B,QUANTUM HEALTH INC,"Form 5500 participants: 990 (2019), 2,101 (2023); JobsOhio metrics jobs_retained 1,099","Founded in Columbus in 1999 by Kara Trott and headquartered in Dublin, OH; Great Hill Partners bought a majority stake in 2017 and Warburg Pincus made a significant investment in November 2020 (PE owners). Form 5500 counts and 1,099 retained jobs put the company at roughly 1,000 to 2,000 employees in the grant years.",
1: $1M+,NorthPoint Development,1700000,0.14%,site_development,500-4999,MO,B,NP DAYTON BUILDING VIII | NP FTC LLC,https://news.google.com/rss/search?q=%22NorthPoint+Development%22+Dayton | https://news.google.com/rss/search?q=NorthPoint+Development+Kansas+City,"Entity name and Riverside, MO address match NorthPoint Development, a national industrial real-estate developer headquartered there; local coverage describes its spec commerce-center buildings near Dayton. | The Kansas City, MO address and the 'NP___LLC' naming convention match NorthPoint Development, a Kansas City-area industrial real-estate developer that uses this pattern for project entities, but no release ties this specific LLC to a named Ohio site.",
1: $1M+,"Koch Foods, Inc.",1669900,0.14%,business,5000+,IL,B,KOCH FOODS OF CINCINNATI,https://www.forbes.com/companies/koch-foods/,"Privately held poultry processor based in Park Ridge, IL, founded 1973, with about 14,000 employees per Forbes; Form 5500 for Koch Foods, Inc. shows 5,215 participants in 2019 and 6,790 in 2023. The grant supported a $220 million expansion of the Fairfield, OH plant announced in 2021 (Journal-News).",
1: $1M+,Magna International Inc.,1668941,0.14%,business,5000+,Canada,A,MAGNA SEATING OF AMERICA INC,https://www.sec.gov/Archives/edgar/data/749098/000119312522085474/d256677dex1.htm,"Magna Seating of America (Novi, MI) is a subsidiary of Magna International, Aurora, Ontario, whose 2021 Annual Information Form (filed with the 40-F) reports more than 158,000 employees. JobsOhio metrics show 390 jobs retained at the Ohio seating plant.",
1: $1M+,University of Dayton,1660735,0.14%,university,500-4999,OH,B,UNIVERSITY OF DAYTON RESEARCH,"Form 5500 participants: 4,556 (2015), 5,103 (2019), 6,244 (2023)","The University of Dayton Research Institute files under the university's EIN; UD is a 501(c)(3) with about $775 million revenue in FY2019 (ProPublica). Form 5500 participants (which include former employees with balances) run 4,500 to 6,200, so the active headcount is likely under 5,000 but close to the line.",
1: $1M+,"Upstart Holdings, Inc.",1652858,0.14%,business,500-4999,CA,A,UPSTART NETWORK INC,"Upstart Holdings FY2023 10-K (filed 2024-02-15): ""As of December 31, 2023, we had 1,388 full-time employees."" | https://www.sec.gov/Archives/edgar/data/1647639/000164763922000009/upst-20211231.htm","Upstart Network is the operating subsidiary of Nasdaq-listed Upstart Holdings, headquartered in San Mateo, CA, with its second office in Columbus. The FY2021 10-K reported about 1,500 employees at Dec. 31, 2021, consistent with 2,060 Form 5500 participants in 2023. | Upstart Network, Inc. is the operating subsidiary of publicly traded Upstart Holdings, Inc. (San Mateo, CA), which reported 1,388 full-time employees as of December 31, 2023 in its 10-K, after 2022-2023 layoffs. Delaware incorporate",
1: $1M+,"Supply Line International Medical, LLC",1612500,0.14%,business,<100,MI,C,SUPPLY LINE INTERNATIONAL MEDICAL LLC,https://www.linkedin.com/company/supply-line-international-medical,"Privately held Novi, MI distributor of medical supplies (syringes, gloves, COVID tests) founded in 2013 by Josh and Darryl Kaplan and Max Cornfield alongside SLI Automotive; named a Michigan SBDC Best Small Business in 2022 and put into receivership in 2025 (Crain's Detroit). No Ohio project or JobsOhio release was found, and LinkedIn lists 2-10 employees, so the FY2020 payment may relate to pandemic supply purchasing rather than a site project.",
1: $1M+,"BDO USA, P.C.",1594318,0.14%,business,5000+,IL,B,BDO USA LLP,"Form 5500 participants: 6,687 (2015), 9,873 (2019), 14,565 (2023)","Chicago-based accounting firm (then BDO USA, LLP; now a P.C., which is why the EIN shows as an SEC registrant); Form 5500 participants of 9,873 in 2019 and Forbes' 12,000 employees put it well over 5,000. The grant went to a Columbus office; JobsOhio metrics show 0 jobs retained, so this was a new-jobs project.",
1: $1M+,The Procter & Gamble Company,1591850,0.14%,business,5000+,OH,A,THE PROCTER & GAMBLE MANUFACTURING COMPANY | The Procter & Gamble Distributing LLC | iMFLUX Inc,https://efts.sec.gov/LATEST/search-index?q=%22iMFLUX%22&forms=10-K | https://en.wikipedia.org/wiki/Procter_%26_Gamble | https://www.sec.gov/Archives/edgar/data/80424/000008042415000070/fy141510-kreport.htm,"Distribution subsidiary of The Procter & Gamble Company (NYSE: PG), Cincinnati, whose FY2015 10-K reports 110,000 employees as of June 30, 2015. P&G was founded in Cincinnati in 1837; no JobsOhio metrics row matched this $1M FY2015 grant. | The Procter & Gamble Manufacturing Company is a production subsidiary of The Procter & Gamble Company (NYSE: PG), headquartered in Cincinnati, Ohio (founded there in 1837), with over 100,000 employees worldwide per its 10-K. JobsOhio lists 749 jobs retained. ",
1: $1M+,Kohl's Corporation,1580970,0.13%,business,5000+,WI,A,KOHLS INC,https://www.sec.gov/Archives/edgar/data/885639/000095017023008444/kss-20230128.htm,"Kohl's FY2022 10-K reports an average of about 97,000 associates and lists a 1.3 million square foot e-fulfillment center opened in Etna, OH in 2021, the likely subject of the grant. Headquarters Menomonee Falls, WI.",
1: $1M+,"Post Holdings, Inc.",1534013,0.13%,business,5000+,MO,A,BEF FOODS INC | COMET PROCESSING,https://www.sec.gov/Archives/edgar/data/1530950/000153095020000326/post-20200930.htm | https://www.sec.gov/Archives/edgar/data/1530950/000153095023000350/post-20230930.htm,"BEF Foods, Inc. (Ohio) is listed in Post Holdings' FY2020 Exhibit 21; it is the Bob Evans Farms foods business Post bought in January 2018. Post's FY2020 10-K reports about 10,200 employees as of November 1, 2020. | Comet Processing, Inc. (Delaware) appears in Post Holdings' FY2023 10-K Exhibit 21 as a subsidiary and as a d/b/a of Michael Foods, Inc.; Post (St. Louis, MO) reported 11,430 employees as of November 1, 2023. The specific Ohio project behind the FY2023 Economic Development Grant (0 j",
1: $1M+,Kao Corporation,1517314,0.13%,business,5000+,Japan,C,KAO USA INC,https://en.wikipedia.org/wiki/Kao_Corporation,"Kao USA (formerly the Andrew Jergens Company, Cincinnati) has been owned by Tokyo-based Kao Corporation since 1988; Kao reports about 33,400 consolidated employees. Kao USA's own Form 5500 shows 949 participants in 2019 and JobsOhio metrics show 521 jobs retained at the Cincinnati plant that received a Revitalization Grant. Graded C: Wikipedia is the only source.",
1: $1M+,Jackson County Economic Development Partnership,1510000,0.13%,nonprofit,<100,OH,B,JACKSON COUNTY ECONOMIC DEVELOPMENT PARTNERSHIP,https://projects.propublica.org/nonprofits/organizations/341604927,"501(c)(3) county economic development corporation in Jackson, OH with revenue of $657,000 (2019) to $1.4 million (2020) and an executive director paid about $73,000, consistent with a staff of a few people. The Revitalization Grant was passed through to a local site project (JobsOhio metrics show 0 jobs retained).",
1: $1M+,"Intelligrated, Inc.",1500000,0.13%,business,500-4999,OH,B,Intelligrated Systems LLC,https://www.ttnews.com/articles/honeywell-acquire-warehouse-automation-firm-intelligrate-15-billion,"Mason, OH warehouse-automation maker founded in 2001; during the FY2016 grant year it was owned by private-equity firm Permira (since 2012) and had about 3,200 employees worldwide (Transport Topics, July 2016). Honeywell agreed to buy it for $1.5 billion in July 2016 and closed in August 2016, after the grant year.",
1: $1M+,Milacron Holdings Corp.,1500000,0.13%,business,5000+,OH,A,Milacron Plastics Technologies Group LLC,https://www.sec.gov/Archives/edgar/data/1637913/000162828016012117/mcrn12311510k.htm,"Milacron Holdings' 2015 10-K reports headquarters in Cincinnati, OH and 5,551 employees worldwide; the company traces to 1860 in Cincinnati. It went public in June 2015 with CCMP Capital as majority owner; the EDGAR HQ state of IN reflects the November 2019 acquisition by Hillenbrand (Batesville, IN), after the grant year.",
1: $1M+,Schaeffler AG,1500000,0.13%,business,5000+,Germany,C,LuK USA LLC,https://en.wikipedia.org/wiki/Schaeffler_Group,"LuK is a Schaeffler Group brand (Herzogenaurach, Germany), which reported roughly 90,000 employees in its 2017 annual report and 120,000 in 2023. JobsOhio metrics show 1,767 jobs retained at the LuK USA transmission-component plant in Wooster. Graded C: Wikipedia is the only source.",
1: $1M+,Land-Air LLC,1500000,0.13%,site_development,<100,OH,D,LAND-AIR LLC,https://www.toledoblade.com/business/real-estate/2017/12/07/Land-Air-LLC-breaks-ground-near-Toledo-Express-Airport/stories/20171207158,"Napoleon, OH developer of the Land Air business park and a 100,000 square foot spec building near Toledo Express Airport (Toledo Blade, Dec. 2017); JobsOhio metrics list Revitalization Grant, Revitalization Loan and OSIP spec development with 0 jobs retained. No headcount or principal owner source was found (the Blade article is paywalled and no LinkedIn or company site turned up), so the size is a best guess for a single-purpose development LLC.",
1: $1M+,"Menard, Inc.",1500000,0.13%,business,5000+,WI,B,MENARDS,https://www.forbes.com/companies/menard/,"Privately held home-improvement chain headquartered in Eau Claire, WI, founded 1958, with about 45,000 employees per Forbes; Form 5500 shows 36,286 participants in 2019. The Ohio project is not in the JobsOhio metrics extract.",
1: $1M+,"Nottingham-Spirk Design Associates, Inc.",1500000,0.13%,business,<100,OH,B,NOTTINGHAM-SPIRK DESIGN ASSOCIATES INC,"Form 5500 participants: 60 (2015), 67 (2019), 71 (2023); JobsOhio metrics jobs_retained 53","Independent Cleveland product-design and innovation firm founded in 1972 by John Nottingham and John Spirk; Form 5500 participants under 75 and 53 retained jobs put it under 100 employees. The $1.5 million was a Research & Development Grant, unusual for a firm this size.",
1: $1M+,"The Daimler Group, Inc.",1500000,0.13%,site_development,<100,OH,C,SP OFFICE,https://www.linkedin.com/company/the-daimler-group-inc-,"SP Office reads as the Scioto Peninsula office entity: JobsOhio's success story says The Peninsula Office (300 Rush Alley, Columbus, $29.2 million) was developed by the Daimler Group with a $1.5 million Ohio Site Inventory Program investment, matching this recipient's $1.5 million and 2020 EIN. Daimler Group is a Columbus developer founded 1983 that LinkedIn lists at 11-50 employees; the entity-name match is inferred, not confirmed by a filing.",
1: $1M+,SD Hanger Partners LLC (developer unidentified),1500000,0.13%,site_development,<100,OH,D,SD HANGER PARTNERS LLC,https://www.jobsohio.com/incentives-programs/ohio-site-inventory-program,"Searched JobsOhio, Team NEO, Crain's Cleveland and Akron press for a 2023 Akron hangar project and found no release naming this LLC; the name suggests a single-purpose aircraft-hangar real estate vehicle (possibly Akron Fulton or Akron-Canton airport), with no Form 5500 or JobsOhio metrics record. Developer and size unresolved; bucket is a best guess for a project LLC.",
1: $1M+,Bitwise Industries (joint venture with ProMedica Health System),1500000,0.13%,site_development,500-4999,CA,C,TOLEDO INNOVATION CENTER LANDLORD LLC,https://en.wikipedia.org/wiki/Bitwise_Industries,"Landlord LLC for the Toledo Innovation Center, a 107,000 sq ft former post office rehab sponsored by Fresno-based Bitwise Industries with Toledo nonprofit ProMedica, financed with NMTC allocations plus JobsOhio grant and loan support. Bitwise had about 900 employees when it furloughed all staff in May 2023 and entered Chapter 7 in June 2023; which JV partner controlled the LLC is not stated in the sources found.",
1: $1M+,Charoen Pokphand Foods (CP Foods),1490504,0.13%,business,5000+,Thailand,C,BELLISIO FOODS INC,https://en.wikipedia.org/wiki/Bellisio_Foods,"Bellisio Foods (formerly Luigino's, the EDGAR registrant) is headquartered in Minneapolis, MN and was acquired by Thailand's CP Foods for $1.08 billion in late 2016; CP Foods employs well over 100,000 worldwide. At the time of the 2015 grant, Bellisio was owned by private equity firm Centre Partners and would resolve to Bellisio itself (MN, 500-4999; Form 5500 showed 1,887 participants and JobsOhio lists 1,663 jobs retained at the Jackson, OH plant). Graded C: Wikipedia is the only source.",
1: $1M+,RXQ Compounding LLC,1450000,0.12%,business,<100,OH,B,RXQ COMPOUNDING LLC,https://www.rxqcompounding.com/,"Independent 503B outsourcing pharmacy in Athens, OH; Form 5500 participant counts of 16 (2019) and 25 (2023) and JobsOhio's 17 jobs retained on a Workforce Grant all point to a company under 100 employees. No parent found.",
1: $1M+,Global Cleveland,1400000,0.12%,nonprofit,<100,OH,A,GLOBAL CLEVELAND,https://projects.propublica.org/nonprofits/organizations/275245539,Cleveland 501(c)(3) immigrant-attraction nonprofit with revenue of $1.0-1.9 million a year (2020-2024 Form 990s) and Form 5500 participants of 8 to 17. Not an operating business.,
1: $1M+,LEL Operating Company (Superior Dairy),1400000,0.12%,business,100-499,OH,B,LEL OPERATING COMPANY,https://www.dairyreporter.com/Article/2021/12/07/Michigan-Milk-Producers-Association-to-acquire-Superior-Dairy/,"Canton, OH holding company for Superior Dairy (founded 1922 in Canton), Creative Edge Design Group and LEL Logistics; JobsOhio lists 298 jobs retained and Form 5500 shows 270 participants in 2019. Sold to Michigan Milk Producers Association (Novi, MI) effective Dec. 31, 2021, after the FY2020 grant.",
1: $1M+,onMain Inc. (University of Dayton and Premier Health joint venture),1389780,0.12%,nonprofit,<100,OH,B,ONMAIN INC,https://udayton.edu/news/articles/onmain_taking_next_steps_to_redevelop_former_fairgrounds.php,"Dayton 501(c)(3) formed in 2019 by the University of Dayton and Premier Health to redevelop the 38-acre former Montgomery County fairgrounds; Form 990 expenses were under $1 million a year through 2024, so its own staff is small. The two sponsoring institutions are large (Premier Health alone exceeds 5,000 employees), but the grant went to the redevelopment entity.",
1: $1M+,Middle West Spirits LLC,1300000,0.11%,business,100-499,OH,C,MIDDLE WEST SPIRITS LLC,https://middlewestspirits.com/,"Independent craft distillery founded in Columbus in 2008 by Brady Konya and Ryan Lang, building a new 100,000+ sq ft distillery campus with JobsOhio Economic Development and Revitalization grants. JobsOhio lists 166 jobs retained but the 2023 Form 5500 shows only 32 plan participants, so headcount may be closer to 100 with many hospitality or part-time roles.",
1: $1M+,PACCAR Inc,1300000,0.11%,business,5000+,WA,A,PACCAR INC,https://www.sec.gov/Archives/edgar/data/75362/000156459022006237/0001564590-22-006237-index.htm,"Nasdaq-listed truck maker headquartered in Bellevue, WA; FY2021 10-K reported about 28,800 employees worldwide, and Form 5500 shows 15,000-16,500 participants. Grants supported the Kenworth plant in Chillicothe (2,344 jobs retained).",
1: $1M+,Union Metal Industries Corporation,1250000,0.11%,business,100-499,OH,B,UNION METAL INDUSTRIES CORPORATION,https://www.news5cleveland.com/news/local-news/akron-canton-news/cantons-union-metal-gets-new-owners-hopes-to-hire-back-90-workers-initially,"Canton light-pole maker (founded 1906) re-formed in May 2018 when New York industrial investment firm American Industrial Acquisition Corp (AIAC, 8,000+ employees across its portfolio) bought the bankrupt Union Metal Corp; treated as PE-style ownership so the operating company is the parent. AIAC planned about 250 Canton jobs by 2020 and the 2023 Form 5500 shows 135 participants.",
1: $1M+,"LEWCO, Inc.",1250000,0.11%,business,100-499,OH,C,LEWCO INC,https://www.lewcoinc.com/about-us,"Privately held conveyor and industrial oven manufacturer headquartered at 706 Lane Street, Sandusky, OH with three north central Ohio locations. JobsOhio lists 467 jobs retained and Form 5500 shows 186 (2019) to 369 (2023) participants, supporting 100-499; no parent found.",
1: $1M+,"Green Circle Growers, Inc.",1250000,0.11%,business,500-4999,OH,C,GREEN CIRCLE GROWERS INC,https://www.greencirclegrowers.com/about,"Family-owned greenhouse in Oberlin, OH operating for over 50 years with 150+ acres under glass; the company site cites over 800 employees and Form 5500 shows 880 participants in 2023, with JobsOhio listing 692 jobs retained. No outside parent.",
1: $1M+,Monroe County Port Authority,1246469,0.11%,government,<100,OH,C,MONROE COUNTY PORT AUTHORITY,https://www.jobsohio.com/incentives-programs/ohio-site-inventory-program,"County-created public port authority in Woodsfield, OH that received JobsOhio OSIP spec-development money for industrial sites in Monroe County; a small public body with no Form 5500 plan. Not an operating business.",
1: $1M+,"Trew, LLC",1237397,0.11%,business,100-499,OH,C,TREW LLC,https://www.trewautomation.com/about,"Privately held material handling systems maker formed in 2018 in the Cincinnati area by former Intelligrated executives, headquartered in West Chester/Fairfield, OH with a plant in Guelph, Canada. The 2023 Form 5500 shows 415 participants and JobsOhio lists 220 jobs retained; no published headcount found.",
1: $1M+,"Robinson Investments, Ltd.",1224966,0.10%,site_development,<100,OH,C,V WERT 1 LLC,https://www.bdcvw.com/bdc-news,"Project LLC for the 100,000 sq ft OSIP-funded spec building on Bonnewitz Road in Van Wert announced in 2018 by Robinson Investments, a northwest Ohio developer with prior spec buildings in Findlay and Van Wert. The LLC-to-developer link is inferred from the project's timing and location; Robinson's own headcount is unpublished but it is a small private real estate firm.",
1: $1M+,Whirlpool Corporation,1200000,0.10%,business,5000+,MI,A,WHIRLPOOL CORPORATION,https://www.sec.gov/Archives/edgar/data/106640/000010664021000022/0000106640-21-000022-index.htm,"NYSE-listed appliance maker headquartered in Benton Harbor, MI; the FY2020 10-K reported about 78,000 employees (about 97,000 in FY2015), and Form 5500 shows 28,000-31,000 participants. Grants supported the Findlay, Clyde, Marion and Ottawa plants (2,175 jobs retained).",
1: $1M+,Campbell Soup Company,1147315,0.10%,business,5000+,NJ,A,Campbell Soup Supply Company LLC | PEPPERIDGE FARM INC,https://www.sec.gov/Archives/edgar/data/16732/000001673217000058/cpb-7302017x10xk.htm | https://www.sec.gov/Archives/edgar/data/16732/000001673219000070/cpb-7282019x10xk.htm,"Pepperidge Farm is a wholly owned Campbell Soup subsidiary; Campbell's FY2019 10-K reports about 19,000 employees as of July 28, 2019. The grant supports the Willard, Ohio bakery. | Supply-chain subsidiary of Campbell Soup Company (NYSE: CPB), Camden, NJ, whose FY2017 10-K reports approximately 18,000 employees; the JobsOhio workforce grant supported the Napoleon, OH plant, where 1,382 jobs were retained.",
1: $1M+,"Ohio Logistics, Ltd.",1110000,0.09%,business,100-499,OH,C,OHIO LOGISTICS LTD,https://www.linkedin.com/company/ohio-logistics,"Privately held Findlay third-party logistics firm (CEO Chuck Bills) that began in a single Findlay warehouse in June 1988 and now runs about 25 sites in several states; LinkedIn lists 201-500 employees and the company says 'over 400 associates.' The 2018 grant was a $110K economic development grant in Huron County and the 2024 grant a $1M OSIP spec-building grant, a site program, though the recipient is the operating company.",
1: $1M+,Univar Solutions Inc.,1100001,0.09%,business,5000+,IL,A,UNIVAR SOLUTIONS USA INC,https://www.sec.gov/Archives/edgar/data/1494319/000149431920000009/unvr-20191231.htm,"Operating subsidiary of Univar Solutions Inc. (NYSE: UNVR until 2023), Downers Grove, IL, whose 2019 10-K reports about 10,300 full-time-equivalent employees worldwide; Form 5500 shows 5,850 participants in 2019 and 8,613 in 2023. Apollo Funds took Univar private in August 2023, so the FY2024 grant year falls under private-equity ownership with the same operating company and HQ.",
1: $1M+,"MadTree Brewing, LLC",1100000,0.09%,business,100-499,OH,D,MADTREE BREWING LLC,https://www.sec.gov/cgi-bin/browse-edgar?action=getcompany&CIK=0001541962,"Independent Cincinnati craft brewer founded in 2013 that filed a 2012 Form D with the SEC listing a Cincinnati address; the 2017 Revitalization Grant and loan funded its Oakley brewery and taproom, where JobsOhio recorded 31 retained jobs. The company site and LinkedIn page could not be fetched, so the bucket rests on the retained-jobs floor plus a taproom-and-restaurant workforce that grew past 100 after the Oakley opening; confirm the 2017 headcount before use.",
1: $1M+,"Mar-Bal, Inc.",1100000,0.09%,business,100-499,OH,B,MAR-BAL INC,https://www.linkedin.com/company/mar-bal-inc,"Private thermoset composite molder founded 1970 and headquartered in Chagrin Falls, OH, with four North American plants (Painesville, OH among them) and a China facility; Form 5500 shows 510 participants in 2015 and 521 in 2019, counts that include former employees with balances, and LinkedIn lists 201-500 employees. The company sits near the 500 line, and the Painesville site retained 116 jobs.",
1: $1M+,The Chilcote Company,1100000,0.09%,business,100-499,OH,B,THE CHILCOTE COMPANY,https://www.linkedin.com/company/the-chilcote-company,"Privately held Cleveland maker of photo mounts and specialty packaging; its own Form 5500 plan shows 436 participants in 2015, 315 in 2019 and 155 in 2023, and JobsOhio recorded 120 retained jobs for the 2020 grant. No parent found; the LinkedIn page understates the company at 2-10 employees, so the Form 5500 count decides the bucket.",
1: $1M+,"ISSQUARED, Inc.",1100000,0.09%,business,100-499,CA,C,ISSQUARED INC,https://www.linkedin.com/company/issquared-inc,"Private IT services firm founded 2010 in Simi Valley, CA, headquartered in Westlake Village, CA, with offices in India, the UK, Singapore and the Middle East; Team NEO's December 2020 release on its Solon, OH security operations center promised 109 new jobs. Form 5500 shows only 36 US participants in 2019 and 81 in 2023, while LinkedIn now lists 586 employees worldwide, so the 2022 global figure likely fell in the low hundreds.",
1: $1M+,"M&M Industries, Inc.",1089346,0.09%,business,500-4999,TN,D,M&M INDUSTRIES OF OHIO,https://www.mmindustries.com/,"Ohio affiliate of M&M Industries, Inc., the privately held Chattanooga, TN plastic pail and container maker whose EIN this is; the Form 5500 plan sponsored by M & M Industries Inc shows 280 participants in 2015, 400 in 2019 and 503 in 2023, which includes former employees. The company site could not be fetched and no press release with a headcount was found, so the bucket is a coin flip at the 500 line based on the 2023 plan count and the new Ohio plant.",
1: $1M+,Humble Robinson Group LLC (developer unidentified),1075970,0.09%,site_development,<100,OH,D,HUMBLE ROBINSON GROUP LLC,https://www.jobsohio.com/incentives-programs/revitalization-program,"Project LLC at 2615 Crystal Ave., Findlay, that received a $1.08M JobsOhio Revitalization Grant (October 2017) and a $1.96M Revitalization Loan on a $6.95M Hancock County project with no jobs recorded. JobsOhio newsroom, The Courier and web searches returned nothing on the LLC or its principals (search engines were blocked this session), so the developer, its size and any operating tenant remain unresolved.",
1: $1M+,KIRCHHOFF Automotive GmbH (KIRCHHOFF Group),1060911,0.09%,business,5000+,Germany,C,KIRCHHOFF AUTOMOTIVE WAVERLY INC,https://de.wikipedia.org/wiki/Kirchhoff_Gruppe,"Waverly, OH stamping plant of KIRCHHOFF Automotive, the largest division of the family-owned KIRCHHOFF Group of Iserlohn, Germany (automotive division based in Attendorn), which employs roughly 13,000 people worldwide with several thousand in the automotive unit alone. JobsOhio recorded 230 retained jobs at Waverly for the 2021-2022 grants.",
1: $1M+,Midtown 59th Street Partners LLC (developer unidentified),1056318,0.09%,site_development,<100,OH,D,Midtown 59th Street Partners LLC,https://www.jobsohio.com/incentives-programs/revitalization-program,"Project LLC listed at 6001 Euclid Ave., Cleveland, that received a $1.06M Revitalization Grant (August 2017) and a $3.36M Revitalization Loan on a $22M Cuyahoga County MidTown project; the name and address point to a building at Euclid and E. 59th St. in the MidTown corridor, where Geis Companies' Hemingway Development built Link59, but no release naming the developer was found. Search engines were blocked this session and OpenCorporates and Crain's could not be fetched, so the developer and siz",
1: $1M+,"2509 Hayes LLC (Lombard, IL developer unidentified)",1040000,0.09%,site_development,<100,IL,D,2509 HAYES LLC,https://www.jobsohio.com/incentives-programs/ohio-site-inventory-program,"Single-purpose LLC for a spec industrial building at 2509 Hayes Ave. in Sandusky (Erie County) funded by a $1.3M JobsOhio OSIP spec development grant (May 2021) on a $21.3M investment; the 990 lists it at 2500 S. Highland Ave., Lombard, IL, a suburban Chicago office address for an industrial developer whose name could not be confirmed. Searched JobsOhio and web sources (search engines blocked this session); the parent is an out-of-state real estate developer of unknown size.",
1: $1M+,CDC Investment Partnership LLC (developer unidentified),1012000,0.09%,site_development,<100,OH,D,CDC INVESTMENT PARTNERSHIP LLC,https://www.jobsohio.com/incentives-programs/revitalization-program,"LLC formed around 2020 (EIN prefix 85) at 207 S. Central Ave., Lima, with a $1.01M FY2024 JobsOhio grant and no matching JobsOhio metrics record, which fits a revitalization or site grant to a local real estate vehicle rather than an operating company. Lima News and JobsOhio pages could not be fetched and search engines were blocked this session, so the developer and size are unresolved; the class is inferred from the name and the missing metrics row.",
1: $1M+,"NuVasive, Inc.",1011227,0.09%,business,500-4999,CA,A,NUVASIVE MANUFACTURING LLC,https://www.sec.gov/Archives/edgar/data/1142596/000156459019003470/nuva-10k_20181231.htm,"West Carrollton, OH manufacturing subsidiary of NuVasive, Inc. (NASDAQ: NUVA), San Diego, whose 10-Ks report about 2,600 employees at end of 2018 and about 3,000 at end of 2022; JobsOhio recorded 97 retained jobs. Globus Medical (Audubon, PA) acquired NuVasive on September 1, 2023, so the FY2024 grant year falls under Globus, which had over 5,000 employees after the merger.",
1: $1M+,"Surgere, Inc.",1010000,0.09%,business,<100,OH,B,SURGERE INC,https://www.linkedin.com/company/surgere,"Independent supply-chain IoT software firm founded 2004, based in North Canton/Green, OH; its Form 5500 plan shows 31 participants in 2015, 43 in 2019 and 94 in 2023, and JobsOhio recorded 52 retained jobs for the 2020 grant. LinkedIn now lists 51-200 employees, so the company likely crossed 100 after the grant year.",
1: $1M+,Morgan Stanley,1006031,0.09%,business,5000+,NY,A,MORGAN STANLEY & CO LLC,https://www.sec.gov/Archives/edgar/data/895421/000089542120000265/0000895421-20-000265-index.htm,"Broker-dealer subsidiary of Morgan Stanley (NYSE: MS), New York, whose 2019 10-K reports 60,431 employees worldwide; the Form 5500 plan sponsored by Morgan Stanley Domestic Holdings shows 61,784 participants in 2019. The workforce grants supported an Ohio operations site where 426 jobs were retained.",
1: $1M+,"Assurex Health, Inc.",1000000,0.09%,business,100-499,OH,B,Assurex Health Inc,https://www.sec.gov/Archives/edgar/data/899923/000119312516767889/d200649dex991.htm,"Privately held, venture-backed pharmacogenomics lab in Mason, OH (GeneSight test) that was independent during FY2016; Myriad Genetics (Salt Lake City, UT) closed its $225M acquisition on August 31, 2016, after the grant year, and filed Assurex's audited financials in a November 2016 8-K/A. Form 5500 shows 241 participants in 2015 and JobsOhio recorded 124 retained jobs, which places the 2016 headcount in the low hundreds.",
1: $1M+,"Lincoln Electric Holdings, Inc.",1000000,0.09%,business,5000+,OH,A,THE LINCOLN ELECTRIC COMPANY,https://www.sec.gov/Archives/edgar/data/59527/000005952718000006/leco-20171231x10k.htm,"Principal operating subsidiary of Lincoln Electric Holdings, Inc. (NASDAQ: LECO), Cleveland (Euclid), OH, whose 2017 10-K reports approximately 11,000 employees worldwide; Form 5500 shows 4,981 participants in 2019. Founded in Cleveland in 1895; JobsOhio recorded 2,475 retained jobs at the Euclid campus.",
1: $1M+,"Athens Mold & Machine, Inc.",1000000,0.09%,business,<100,OH,B,ATHENS MOLD AND MACHINE INC,https://www.athensmessenger.com/news/return-of-athens-mold-machine-is-celebrated/article_19aa9e64-debb-5f6c-9c65-f5560a525852.html,"Independent Athens tire-mold maker that has owned its Mill Street plant since 1969, idled production in 2011 and reopened in 2016 with a $400,000 JobsOhio revitalization grant and a pledge of 60 jobs over three years. Form 5500 shows 68 plan participants in 2023, so the company stayed under 100 employees through both grant years.",
1: $1M+,711 LLC (developer unidentified),1000000,0.09%,site_development,<100,OH,D,711 LLC,https://www.jobsohio.com/why-ohio/get-started/revitalization-program,"Single-purpose Columbus LLC formed in 2016 that took a $2 million JobsOhio revitalization grant and loan in fiscal 2018 with zero jobs retained; no JobsOhio release, Google News story or partner page names the project or developer. Bucket is a best guess for a real-estate project vehicle.",
1: $1M+,Air South Commerce Center Phase II LLC (developer unidentified),1000000,0.09%,site_development,<100,OH,D,AIR SOUTH COMMERCE CENTER PHASE II LLC,https://www.jobsohio.com/why-ohio/get-started/revitalization-program,"Whitehall project LLC for a speculative commerce-center phase south of John Glenn airport, funded by a $2 million JobsOhio revitalization grant and loan in fiscal 2018-2019 with zero jobs retained. Searched the JobsOhio sitemap, One Columbus project pages, Columbus Underground and Google News for the developer and found nothing; bucket is a best guess for a project vehicle.",
1: $1M+,Nordson Corporation,1000000,0.09%,business,5000+,OH,A,Nordson Xaloy Incoporated,https://www.sec.gov/Archives/edgar/data/72331/000156459018030928/ndsn-10k_20181031.htm,"Nordson's FY2018 10-K reports 7,536 employees, incorporation in Ohio in 1954 and headquarters in Westlake; Xaloy was Nordson's screws-and-barrels unit at the 2018 grant. Nordson sold Xaloy to Altair Investments in 2020, which is why the 2023 Form 5500 sponsor is Xaloy LLC (340 participants) and the 2023 JobsOhio R&D release names Xaloy, LLC.",
1: $1M+,Reich Brothers LLC,1000000,0.09%,site_development,<100,NY,C,476 BRIDGE STREET LLC,https://www.reichbros.com/team,"476 Bridge Street LLC is the affiliate of White Plains-based industrial real estate firm Reich Brothers that bought the 90-acre Columbus Castings (Buckeye Steel) site at bankruptcy auction for $29.7 million in August 2016 and held it until selling to Stonemont Financial in 2021, so the 2019-2020 grants funded cleanup of that South Side brownfield. Reich Brothers is a family-run acquirer with a small listed team and no public headcount, so the bucket is inferred from its website.",
1: $1M+,"Franklin International, Inc.",1000000,0.09%,business,100-499,OH,B,FRANKLIN INTERNATIONAL INC,https://www.franklininternational.com/about,"Privately owned Titebond adhesives maker founded in Columbus in 1935 and still headquartered at 2020 Bruck Street; Form 5500 shows 385 plan participants in 2019 and JobsOhio counted 372 retained Ohio jobs for the 2019 R&D grant. The company site now says 500+ employees (2025) and the 2023 plan count was 448, so it likely crossed 500 after the grant year.",
1: $1M+,Stewart-MacDonald Manufacturing Co. (StewMac),1000000,0.09%,business,100-499,OH,B,STEWART-MACDONALD MANUFACTURING COMPANY,https://www.stewmac.com/about-us/,"Athens-based guitar-repair tools and parts maker founded in 1968, privately held with no JobsOhio metrics record for these grants. Form 5500 participants rose from 89 (2019) to 139 (2023), so the company was near the 100-employee line in the 2019 grant year and above it by 2021.",
1: $1M+,Huntington Bancshares Incorporated,1000000,0.09%,business,5000+,OH,A,THE HUNTINGTON NATIONAL BANK,https://www.sec.gov/Archives/edgar/data/49196/000004919623000020/hban-20221231.htm,"The bank is the subsidiary of Columbus-headquartered Huntington Bancshares, whose 2022 10-K reports 19,920 average full-time equivalent colleagues; JobsOhio counted 4,677 retained jobs for its revitalization and workforce grants. Huntington National Bank was founded in Columbus in 1866, though the holding company was organized under Maryland law in 1966.",
1: $1M+,Village of Evendale,1000000,0.09%,government,<100,OH,C,VILLAGE OF EVENDALE,https://local12.com/news/local/after-years-of-quietly-buying-up-property-evendale-ready-to-take-flight-with-aerohub,"Hamilton County village of about 2,800 residents that spent $9 million assembling land next to GE Aviation for its AeroHub advanced-manufacturing district, with Neyer Properties as master developer; the revitalization and OSIP grants funded that site work. Municipal staff count is not published in the sources found, so the bucket is a guess for a village government.",
1: $1M+,The J.M. Smucker Company,1000000,0.09%,business,5000+,OH,A,BIG HEART PET BRANDS,https://www.sec.gov/Archives/edgar/data/91419/000009141921000048/sjm-20210430.htm,"Big Heart Pet Brands is the pet-food subsidiary Smucker bought in 2015; Smucker's FY2021 10-K reports approximately 7,100 full-time employees worldwide and headquarters in Orrville, where the company was founded in 1897. JobsOhio's own release describes Smucker as an Ohio company for 125 years.",
1: $1M+,"DuPont de Nemours, Inc.",1000000,0.09%,business,5000+,DE,A,DUPONT SPECIALTY PRODUCTS USA LLC,https://www.sec.gov/Archives/edgar/data/1666700/000166670021000005/dd-20201231.htm,"Operating LLC for DuPont's Circleville Kapton film plant, which employed 500 when JobsOhio backed a $200 million expansion adding 46 jobs; the 2020 10-K reports approximately 34,000 employees worldwide at Wilmington-based DuPont de Nemours. DowDuPont became DuPont de Nemours after spinning off Dow and Corteva in 2019, so it was the parent in the fiscal 2020 grant year.",
1: $1M+,ExactCare Pharmacy LLC (Nautic Partners portfolio company),1000000,0.09%,business,100-499,OH,B,EXACT CARE PHARMACY LLC,https://www.exactcarepharmacy.com/about/,"Valley View home-delivery pharmacy for chronically ill patients; Form 5500 shows 356 plan participants in 2019 and JobsOhio counted 185 retained jobs for the 2020 grants. Private-equity firm Nautic Partners invested in 2016 and later merged ExactCare with Tabula Rasa HealthCare in 2023 to form AnewHealth, which was after the grant year.",
1: $1M+,"Toyodenso Co., Ltd.",1000000,0.09%,business,5000+,Japan,B,WEASTEC INC,https://weastec.com/about/about-toyodenso/,"JobsOhio's release says Weastec employed 184 people at its Dublin and Hillsboro sites and operates as a subsidiary of Japanese electrical-components maker Toyodenso Co., Ltd., a Honda supplier. Weastec's own site says Toyodenso employs more than 10,000 associates globally; the Form 5500 count of 177 (2019) covers only the US unit.",
1: $1M+,"Root, Inc.",1000000,0.09%,business,500-4999,OH,A,ROOT HOLDINGS INC (ROOT INC),https://www.sec.gov/Archives/edgar/data/1788882/000162828022003524/root-20211231.htm,"Columbus-headquartered auto insurer that went public in 2020; the 2021 10-K reports 1,571 full-time employees at December 31, 2021, followed by a 20 percent workforce reduction in January 2022. JobsOhio's release describes Root as conceived in Ohio, and Caret Holdings is its Form 5500 sponsor (1,286 participants in 2023).",
1: $1M+,American Family Mutual Insurance Company (AmFam),1000000,0.09%,business,5000+,WI,C,BOLD PENGUIN INC,https://newsroom.amfam.com/fast-facts/,"Columbus insurtech founded in 2016 and acquired by Madison, Wisconsin-based American Family Insurance in January 2021 (Business Wire, Columbus Dispatch), a year before the fiscal 2022 grant; AmFam's fast facts list about 13,500 employees for 2022. Bold Penguin itself had 78 retained Ohio jobs and 451 Form 5500 participants by 2023, so the 5000+ bucket reflects the parent, not the Columbus unit. Graded C: Wikipedia is the only source.",
1: $1M+,"Case Farms (Case Foods, Inc.)",1000000,0.09%,business,500-4999,NC,B,CASE FARMS PROCESSING INC,https://www.propublica.org/article/case-farms-chicken-industry-immigrant-workers-and-american-labor-law,"Privately held poultry processor headquartered in Troutman, North Carolina, whose four plants in Ohio and North Carolina employed more than 3,000 people per ProPublica's 2017 investigation; JobsOhio counted 346 retained jobs at the Winesburg plant for the $101.6 million expansion. Founder Thomas Shelton started the company in 1986 by buying the Winesburg, Ohio operation, so it began in Ohio though it is run from North Carolina.",
1: $1M+,Cleveland American Land LLC (developer unidentified),1000000,0.09%,site_development,<100,OH,D,CLEVELAND AMERICAN LAND LLC,https://www.jobsohio.com/incentives-programs/ohio-site-inventory-program,"Richfield-addressed LLC formed in 2020 that received a $1 million OSIP speculative-development grant in fiscal 2022-2023 with zero jobs retained. Searched the JobsOhio sitemap, Team NEO and Google News for a Richfield spec building tied to this name and found no release naming the developer; bucket is a best guess for a project vehicle.",
1: $1M+,Cincinnati Center City Development Corporation (3CDC),1000000,0.09%,site_development,100-499,OH,C,FOUNTAIN PLACE LLC,https://projects.propublica.org/nonprofits/organizations/200446324,"Fountain Place is the former Macy's-anchored building on Fountain Square that nonprofit developer 3CDC bought in January 2019 (matching the LLC's 2018-2019 formation) and rebuilt as The Foundry, 150,000 square feet of office and retail; the OSIP grant supported that speculative redevelopment. 3CDC's 2023 Form 990 shows $12.4 million in non-officer salaries, consistent with a staff in the low hundreds, but the LLC's ownership by 3CDC is inferred from the project rather than stated in a filing.",
1: $1M+,Mentor Industrial Development LLC (developer unidentified),1000000,0.09%,site_development,<100,OH,D,MENTOR INDUSTRIAL DEVELOPMENT,https://www.jobsohio.com/incentives-programs/ohio-site-inventory-program,"Mentor project LLC formed in 2018 that received a $1 million OSIP speculative-development grant in fiscal 2022-2023 with zero jobs retained. The only Mentor release on JobsOhio's site is MUM Industries' own plant expansion, which does not name this LLC; searched Team NEO and Google News for a Mentor spec building and found no developer, so the bucket is a best guess.",
1: $1M+,"AquaBounty Technologies, Inc.",1000000,0.09%,business,100-499,MA,A,AQUABOUNTY FARMS OHIO LLC,https://www.sec.gov/Archives/edgar/data/1603978/000160397824000013/aqb-20231231x10k.htm,"Project subsidiary for the genetically engineered salmon farm AquaBounty began building in Pioneer, Ohio; the Maynard, Massachusetts parent's 2023 10-K reports 104 team members at December 31, 2023. The same 10-K says the Pioneer farm was about 30 percent complete with construction paused, so the grant's job commitments had not been met as of the filing.",
1: $1M+,Masco Corporation,1000000,0.09%,business,5000+,MI,A,BEHR PROCESS CORPORATION,https://www.sec.gov/Archives/edgar/data/62996/000006299624000006/mas-20231231.htm,"Behr Process Corporation (Santa Ana, CA) is the paint subsidiary of Masco Corporation (NYSE: MAS, Livonia, MI), whose 2023 10-K reports approximately 18,000 employees at December 31, 2023. The grant supported Behr's new paint plant and warehouse in Heath, Licking County, opened April 2024 (WHIZ: whiznews.com/behr-expands-with-new-plant-in-heath/; JobsOhio metrics: 90 new jobs, about $390 million, December 2022).",
1: $1M+,"Bullen Ultrasonics, Inc.",1000000,0.09%,business,100-499,OH,B,BULLEN ULTRASONICS INC,https://www.jobsohio.com/newsroom/news-press/bullen-ultrasonics-investing-in-ohio-based-rd-facility-expansion,"Independent, family-owned ultrasonic machining company founded in Eaton, Ohio in 1971; the January 2023 JobsOhio release announced a $1 million R&D Center Grant for a $14 million expansion of its Eaton Technology Development Center. Form 5500 shows 169 plan participants in 2023 and JobsOhio lists 120 retained jobs, so the company sits in the low hundreds.",
1: $1M+,"CrossCountry Mortgage, LLC",1000000,0.09%,site_development,5000+,OH,B,CC SUPERIOR ACQUISITION LLC,https://www.prnewswire.com/news-releases/crosscountry-mortgage-celebrates-launch-of-46-million-headquarters-project-301310233.html,"Real-estate vehicle for CrossCountry Mortgage's $46 million headquarters restoration at 2160 Superior Avenue in Cleveland's Superior Arts District; JobsOhio's own metrics list a $1 million Revitalization Grant to CrossCountry Mortgage, LLC (September 2021) matching this payment, and the June 2021 release credits JobsOhio and says the company had nearly 6,800 employees. The LLC name is not spelled out in the coverage found, so the link rests on the name, address and grant match; CrossCountry was ",
1: $1M+,"ECP Oakridge Lau Parkway Holdings, LLC (developer unidentified)",1000000,0.09%,site_development,<100,OH,D,ECP OAKRIDGE LAU PARKWAY HOLDINGS LLC,https://www.jobsohio.com/incentives-programs/ohio-site-inventory-program,"JobsOhio metrics list this LLC for an Ohio Site Inventory Program spec-development grant in Montgomery County (February 2023); Lau Parkway is an industrial corridor in Englewood, the LLC uses a Columbus address, and the Dayton Business Journal reported on March 4, 2023 a 250,000 sq ft speculative building, the first in that community in 20 years, which is likely this project. The paywalled article could not be read and no JobsOhio or Dayton Development Coalition release names the developer behin",
1: $1M+,"Forge Biologics, Inc.",1000000,0.09%,business,100-499,OH,B,FORGE BIOLOGICS INC,https://www.forgebiologics.com/ajinomoto-co-inc-to-acquire-forge-biologics-for-620-million1/,"Venture-backed gene therapy CDMO founded in Columbus in 2020; during the FY2023 grant year it was independent, and its November 2023 release says the Columbus facility had over 300 employees (Form 5500: 298 participants in 2023). Ajinomoto Co. (Japan) agreed to acquire Forge for $620 million in November 2023, after the grant year; the January 2022 release ties the JobsOhio workforce grant to a plan to reach 400 employees.",
1: $1M+,"General Mills, Inc.",1000000,0.09%,business,5000+,MN,A,GENERAL MILLS INC,https://www.sec.gov/Archives/edgar/data/40704/000119312523177500/d523469d10k.htm,"Public company (NYSE: GIS) headquartered in Minneapolis; the fiscal 2023 10-K reports approximately 34,000 employees as of May 28, 2023. The grant supported a $100 million expansion of the Wellston, Jackson County Totino's plant (974 retained jobs, 30 new) announced by JobsOhio in August 2022.",
1: $1M+,Industrial Commercial Properties LLC,1000000,0.09%,site_development,<100,OH,C,KETTERING FOUNDERS LLC,https://www.jobsohio.com/newsroom/news-press/ohio-site-inventory-program-modernizes-1900-founders-drive,"Project LLC for the $7.5 million Ohio Site Inventory Program renovation of the vacant 140,000 sq ft office building at 1900 Founders Drive in Kettering's Miami Valley Research Park, led by Industrial Commercial Properties (ICP), a Cleveland-area private developer led by Chris Semarjian; JobsOhio metrics show the OSIP grant in June 2021. ICP's headcount is not published; the bucket reflects a mid-size real estate firm and the LLC's Richfield address matches its Northeast Ohio base.",
1: $1M+,"LG Chem, Ltd.",1000000,0.09%,business,5000+,South Korea,C,LG CHEM AMERICA INC,https://www.lgchem.com/main/index,"LG Chem America, Inc. (Atlanta) is the US subsidiary of LG Chem, Ltd., Seoul, whose website lists 17,389 employees (12,943 in Korea, 4,446 abroad) and Wikipedia gives 20,000+ for 2022; JobsOhio metrics list a $1 million Economic Development Grant for 72 new jobs and $85.8 million at two new LG Chem plants in Ravenna, Portage County (October 2022), which broke ground in May 2022 per the Record-Courier. The 2023 Form 5500 count of 199 participants is for the US subsidiary only.",
1: $1M+,"Synergy & Mills Development (Beavercreek, OH)",1000000,0.09%,site_development,<100,OH,C,MILLS BARNETT SIRRIS HOLDINGS II LLC,https://dayton247now.com/news/local/prominent-dayton-builder-plans-two-new-office-buildings-near-wright-patt,"One of a series of Mills Barnett Sirris Holdings LLCs (II, III, IV) that JobsOhio metrics list for Ohio Site Inventory Program spec office buildings in Greene County for Wright-Patterson defense contractors; the Beavercreek address, the Mills name and Dayton Business Journal coverage of Synergy & Mills Development's speculative Class A office buildings along Colonel Glenn Highway point to that private Beavercreek developer (Barnett and Sirris are presumably co-investors). No document naming the ",
1: $1M+,"J.B. Poindexter & Co., Inc.",1000000,0.09%,business,5000+,TX,C,MORGAN TRUCK BODY LLC,https://www.jbpoindexter.com/about/,"Morgan Truck Body, LLC (Morgantown, PA) is a unit of privately held J.B. Poindexter & Co. (JBPCO), Houston, whose portfolio also includes Morgan Olson, Reading Truck and other manufacturers; the grant relates to Morgan's Orrville, Wayne County plant (JobsOhio metrics: 139 new jobs, $24.4 million, June 2020). The 2015 Form 5500 for Morgan alone showed 3,725 participants and Morgan Olson laid off over 900 workers at three plants in 2023, so the group exceeds 5,000, but JBPCO publishes no total hea",
1: $1M+,"Peak Park Holdco, LLC (developer unidentified)",1000000,0.09%,site_development,<100,OH,D,PEAK PARK HOLDCO LLC,https://www.jobsohio.com/incentives-programs/ohio-site-inventory-program,"JobsOhio metrics list Peak Park Holdco, LLC for an Ohio Site Inventory Program spec-development grant in Logan County (October 2021) with a Columbus address; the name likely refers to a business park near Bellefontaine, home to Ohio's highest point. Searched JobsOhio, Google News and Bellefontaine coverage without finding a release naming the developer, so size is a placeholder for a single-project LLC.",
1: $1M+,"The Opus Group (Opus Development Company, L.L.C.) with Balboa Real Estate Partners",1000000,0.09%,site_development,100-499,MN,B,UNION ODC BREP I LLC,https://tcbmag.com/2024-minnesota-family-business-awards-the-opus-group/,"Project LLC for Crossroads Logistics Park, a 213,000 sq ft speculative industrial building in Union, Ohio (Montgomery County) developed as a joint venture of Opus Development Company (ODC, part of The Opus Group, Minnetonka, MN) and Balboa Real Estate Partners (BREP); JobsOhio metrics list the OSIP grant under Balboa Real Estate Partners, LLC (April 2022). Twin Cities Business reported 206 Opus employees in 2024; Opus is a family-trust-owned private company founded in Minnesota in 1953.",
1: $1M+,Cuyahoga County Land Reutilization Corporation (Cuyahoga Land Bank),1000000,0.09%,government,<100,OH,B,CUYAHOGA COUNTY LAND REUTILIZATION CORP,https://cuyahogalandbank.org/about/our-team/,"Quasi-governmental nonprofit land bank created by Cuyahoga County in 2009 under Ohio's county land reutilization law, based in Cleveland (the Akron address in the 990 is a mailing anomaly); Form 5500 shows 49 plan participants in 2023, and the staff page lists a few dozen employees. JobsOhio metrics list an Ohio Site Inventory Program spec-development grant in April 2023 ($1.5 million commitment), matching the Land Bank's $3.5 million renovation of the former Mickey's building in East Cleveland ",
1: $1M+,"Weston, Inc., DiGeronimo Companies and Scannell Properties joint venture (Forward Innovation Center)",1000000,0.09%,site_development,100-499,OH,C,DROF BP I LLC,https://www.digeronimocompanies.com/,"NEOtrans reported in July 2021 that Weston, Inc. (Warrensville Heights), the DiGeronimo Cos. (Independence) and Scannell Properties (Indianapolis) formed DROF BP I LLC ('Ford' backwards, 'BP' for Brook Park) to buy the 210-acre former Ford Cleveland Engine Plant No. 2 site for $31.5 million and redevelop it as the Forward Innovation Center. The three partners are private; DiGeronimo Companies' site lists 1,700 employees, the largest of the three, so the bucket follows it, and the JobsOhio grant ",
1: $1M+,"National Resilience, Inc.",1000000,0.09%,business,500-4999,CA,B,RESILIENCE US INC,https://resilience.com/news/resilience-announces-625-million-series-d-financing-to-expand-network-bring-innovative-technologies-to-biomanufacturing,"Resilience US, Inc. is the operating subsidiary of National Resilience, Inc., a venture-backed biomanufacturing CDMO headquartered in San Diego during the grant year (it moved its headquarters to Blue Ash, Ohio in June 2026). Its June 2022 Series D release reported more than 1,600 employees across 10 North American facilities, and the December 2023 JobsOhio release reports 476 retained and 440 committed jobs at the West Chester plant bought from AstraZeneca in January 2023.",
2: low-confidence $250k+,Terrex Harris Ave LLC,990000,0.08%,site_development,<100,OH,D,TERREX HARRIS AVE LLC,https://news.google.com/rss/search?q=Terrex+%22Harris+Avenue%22,"No EDGAR, news, or JobsOhio record found for this single-property LLC (Revitalization Grant, 0 jobs retained); graded from the recipient's own Cincinnati address and naming pattern only.",
2: low-confidence $250k+,"Hanon Systems Co., Ltd.",949495,0.08%,business,5000+,South Korea,C,HANON SYSTEMS USA LLC,https://en.wikipedia.org/wiki/Hanon_Systems,"Hanon Systems USA LLC (Van Buren Township, MI) is the US subsidiary of Hanon Systems Co., Ltd., headquartered in Daejeon, South Korea, one of the world's largest auto thermal-management suppliers; Form 5500 count (319 to 669) reflects only the US entity. Graded C: Wikipedia is the only source.",
2: low-confidence $250k+,GATED Properties Global,925000,0.08%,site_development,<100,CA,C,GATED PROPERTIES GLOBAL I LLC,https://news.google.com/rss/search?q=Trotwood+spec+industrial+buildings,"OSIP spec-development grant for a speculative industrial building in Trotwood (Montgomery County); recipient's own address is the developer's Long Beach, CA office and no further corporate parent surfaced.",
2: low-confidence $250k+,Busche Performance Group,900000,0.08%,business,500-4999,IN,C,NA Busche LLC,https://news.google.com/rss/search?q=Busche+Performance+Group,"Recipient's own address (Fort Wayne, IN) matches Busche Performance Group, a privately held forged/machined-parts manufacturer with multiple plants; no exact employee count was found.",
2: low-confidence $250k+,CITY OF WAPAKONETA OHIO,900000,0.08%,government,unresolved,OH,B,CITY OF WAPAKONETA OHIO,,Rule R4: government by name and IRC section; not in the business headline.,
2: low-confidence $250k+,Phoenix International S.p.A.,900000,0.08%,business,500-4999,Italy,C,YOUNGSTOWN TOOL & DIE COMPANY INC,https://www.youngstowntool.com/about,"Rule R2: own plan under 250 participants, no subsidiary marker in the name, not an SEC registrant. Subsidiary check: owned by Phoenix International S.p.A.; rule result replaced. Company site says it was acquired in 2018 by Phoenix International S.p.A. of Verdello, Italy, a multi-country extrusion die group (worldwide headcount not confirmed; bucket estimated).",
2: low-confidence $250k+,Pointe Ventures LLC,900000,0.08%,business,<100,OH,D,POINTE VENTURES LLC,https://news.google.com/rss/search?q=%22Pointe+Ventures%22+LLC+Ohio,"No news, EDGAR, or Form 5500 record surfaced for this Columbus LLC; graded from the recipient_class_auto and its own address only, since JobsOhio's own metrics fields are blank for this row.",
2: low-confidence $250k+,TENBY PARTNERS LLC,900000,0.08%,site_development,unresolved,OH,B,TENBY PARTNERS LLC,,Rule R4: site_development by name and IRC section; not in the business headline.,
2: low-confidence $250k+,MUNICIPAL LIGHT PLANT LLC,880931,0.08%,government,unresolved,OH,B,MUNICIPAL LIGHT PLANT LLC,,Rule R4: government by name and IRC section; not in the business headline.,
2: low-confidence $250k+,"Fortner Upholstering, Inc.",851500,0.07%,business,<100,OH,C,FORTNER UPHOLSTERING INC,https://news.google.com/rss/search?q=%22Fortner+Upholstering%22,"Small, independent commercial upholstery shop in Columbus; the Columbus Dispatch covered a facility move, and JobsOhio's own jobs-retained figure (37) caps its size.",
2: low-confidence $250k+,Complete Filter Media LLC,832508,0.07%,business,<100,OH,D,COMPLETE FILTER MEDIA LLC,https://news.google.com/rss/search?q=%22Complete+Filter+Media%22,"No news, EDGAR, or Form 5500 record found for this Lancaster manufacturer; graded from the Revitalization Grant program and zero jobs-retained figure alone.",
2: low-confidence $250k+,The Christian and Missionary Alliance,819525,0.07%,nonprofit,100-499,OH,C,THE CHRISTIAN AND MISSIONARY ALLIANCE,https://projects.propublica.org/nonprofits/organizations/131623940,"IRS/ProPublica records list the national office at 1 Alliance Place, Reynoldsburg, OH, though the 990 Schedule I address on this grant reads Colorado Springs, CO, the denomination's HQ before its move to Ohio; no staff count was found for the national office itself, so timing of the move relative to the 2023 grant is uncertain.",
2: low-confidence $250k+,Groupe Treves,800000,0.07%,business,500-4999,France,C,TREVES INC,https://fr.wikipedia.org/wiki/Tr%C3%A8ves_(entreprise),"Treves, Inc. (Fostoria, OH auto-parts plant) is a US subsidiary of France's Groupe Treves, an automotive interiors and acoustics supplier headquartered in Paris with about 4,600 employees across 27 plants as of 2024; exact grant-year (2018/2021) headcount was not found. Graded C: Wikipedia is the only source.",
2: low-confidence $250k+,Festo SE & Co. KG,800000,0.07%,business,5000+,Germany,C,FESTO CORPORATION,https://en.wikipedia.org/wiki/Festo,"Festo Corporation is the US arm of Festo SE & Co. KG, a family-owned German automation company headquartered in Esslingen am Neckar; its US Form 5500 plan alone had 1,107 participants in 2023, and the global group employs well over 5,000. Graded C: Wikipedia is the only source.",
2: low-confidence $250k+,"Stanley Electric Co., Ltd.",750000,0.06%,business,5000+,Japan,C,Stanley Electric US Co Inc,https://en.wikipedia.org/wiki/Stanley_Electric,"Stanley Electric US Co Inc is the London, Ohio lighting plant of Stanley Electric Co., Ltd., a publicly traded Japanese manufacturer with over 16,000 employees across 67 factories and offices in 18 countries. Graded C: Wikipedia is the only source.",
2: low-confidence $250k+,"Just4ConstructionCom, LLC",750000,0.06%,business,<100,OH,D,JUST4CONSTRUCTIONCOM LLC,https://www.just4construction.com,"No JobsOhio metrics, news coverage, or SEC record exists for this Strongsville, Ohio recipient, and its likely web domain now redirects to a generic landing page, so size is a best guess from the $750,000 grant with no jobs-retained figure reported.",
2: low-confidence $250k+,"STAQ Pharma, Inc.",750000,0.06%,business,100-499,CO,C,STAQ PHARMA INC,https://news.google.com/rss/search?q=STAQ+Pharma+Denver,"SEC-registered STAQ Pharma, Inc. is based in Denver, CO, same state as its Form 5500 plan sponsor QualMed Pharmacy, Inc.; news coverage describes the Columbus-area plant as still ramping toward a 300-job target, so exact grant-year headcount is uncertain.",
2: low-confidence $250k+,"Zenni Optical, Inc.",750000,0.06%,business,500-4999,CA,C,ZENNI BUCK LLC,https://news.google.com/rss/search?q=Zenni+Optical+Central+Ohio+optical+village,"The recipient's Novato, CA address matches Zenni Optical's headquarters, and a Business Journals story describes Zenni building a manufacturing hub in central Ohio; no source gave an exact worldwide employee count for this online eyewear retailer/manufacturer.",
2: low-confidence $250k+,CLINTON COUNTY PORT AUTHORITY,742687,0.06%,government,unresolved,OH,B,CLINTON COUNTY PORT AUTHORITY,,Rule R4: government by name and IRC section; not in the business headline.,
2: low-confidence $250k+,"T&C Rail Holdings, Inc.",725000,0.06%,business,<100,OH,D,T&C RAIL HOLDINGS INC,https://www.jobsohio.com/sitemap.xml,"No SEC filing, Form 5500, JobsOhio press release, or news story could be found for T&C Rail Holdings via EDGAR, Google News, Bing, or the JobsOhio site search; the bucket is a guess from the modest $125,000 project commitment and 40 jobs retained.",
2: low-confidence $250k+,"Fortuity Calling, LLC",700000,0.06%,business,100-499,OH,C,FORTUITY CALLING LLC,https://news.google.com/rss/search?q=Fortuity+Calling+Columbus+call+center,"Fortuity is a Franklinton (Columbus) social-enterprise call center with no external parent found; a 2019 Columbus Underground piece said it planned to employ 500, but later Dispatch/auditor coverage found many incentive-backed Ohio companies missed job commitments, so actual headcount is likely well under that target.",
2: low-confidence $250k+,"Relink Medical, LLC",700000,0.06%,business,100-499,OH,D,RELINK MEDICAL LLC,https://news.google.com/rss/search?q=Relink+Medical+Twinsburg,"No SEC or Form 5500 record turned up, and only one indirect news mention (Smart Business Dealmakers) was found; the $100,000 Workforce Grant and 28 jobs retained suggest a small independent medical-equipment reprocessing company, but the size is a guess.",
2: low-confidence $250k+,"CIC Group, Inc. (via Nooter Construction Company)",690000,0.06%,business,500-4999,MO,C,RMF NOOTER INC,https://profiles.crustdata.com/company/nooter-construction,"RMF Nooter (Toledo, founded 1947 as RMF Industrial Contracting) is a wholly owned subsidiary of Nooter Construction, which is held by employee-owned CIC Group of St. Louis, MO. Nooter Construction alone shows roughly 617 employees in Dec 2024 (LinkedIn-derived), and the Toledo unit's own 5500 plan had only 5-6 participants, so the bucket rests on the parent; JobsOhio lists 85 jobs retained at the site.",
2: low-confidence $250k+,"London Computer Systems, Inc.",685000,0.06%,business,100-499,OH,C,LONDON COMPUTER SYSTEMS INC,https://www.lcs.com/about-lcs/,"Founder-owned (Dave Hegemann, founded 1987, incorporated 1988) maker of Rent Manager software, HQ 9140 Waterstone Blvd, Cincinnati. Company timeline says 350 employees in 2020, matching 255 Form 5500 participants in 2019 and 177 jobs retained; it has since passed 500 (2026), but not in the grant years.",
2: low-confidence $250k+,"Garrett Day LLC (Michael Heitz, 50% owner)",675230,0.06%,site_development,<100,KY,C,GARRETT DAY LLC,https://caselaw.findlaw.com/court/crt-app-ohi-sec-dis-mon-cou/2033904.html,"Brownfield remediation developer that has cleaned up about 14 Dayton industrial sites (Howard Paper, Dayton Electroplate) with Clean Ohio and later JobsOhio revitalization grants; the 2019 appeals opinion names Michael Heitz as 50% owner but not the other half. No Form 5500, zero jobs retained, and the Lexington KY address is the LLC's mailing address; no headcount source found, so <100 is inferred from the business model.",
2: low-confidence $250k+,"Vigilant, LLC dba Vigilant Technology Solutions",674095,0.06%,business,<100,OH,C,VIGILANT LLC,https://www.buzzfile.com/business/Vigilant-Technology-Solutions-513-309-0672,"Privately held West Chester cybersecurity firm; directories list about 39-40 employees and Form 5500 had 20 participants in 2019. No JobsOhio or REDI Cincinnati release found for the 2022-2024 grants, which total $674K, large for a company this size, so the count is unverified.",
2: low-confidence $250k+,S&P Data LLC (S&P Data Digital),650000,0.06%,business,500-4999,Canada,C,S&P DATA OHIO LLC,https://www.datanyze.com/companies/s-p-data/266027458,"Cleveland Warehouse District call center (1500 W 3rd St) is the Ohio arm of S&P Data, a privately held Toronto-based contact-center group; directories put the group at roughly 1,075-1,319 employees and the Cleveland site at about 400, with JobsOhio listing 122 jobs retained. No Form 5500 for the Ohio LLC and no JobsOhio release found.",
2: low-confidence $250k+,"Benderson Development / Benderson Properties, Inc.",647172,0.06%,site_development,500-4999,FL,C,BENDERSON PROPERTIES INC,https://news.google.com/rss/search?q=Benderson+Properties+Ohio,"The recipient's own address (University Park, FL) is Benderson's corporate headquarters; Benderson is a large privately held real-estate developer/property manager, but no source found gave a precise current employee count.",
2: low-confidence $250k+,THE CONNOR GROUP A REAL ESTATE INVESTMENT FIRM LLC,640000,0.05%,site_development,unresolved,OH,B,THE CONNOR GROUP A REAL ESTATE INVESTMENT FIRM LLC,Form 5500 2023: 566 participants,Rule R4: site_development by name and IRC section; not in the business headline.,
2: low-confidence $250k+,"Taiho Kogyo Co., Ltd.",635000,0.05%,business,500-4999,Japan,C,TAIHO CORPORATION OF AMERICA,https://www.efast.dol.gov/5500search/,"Taiho Corporation of America is the long-documented U.S. manufacturing subsidiary of Taiho Kogyo Co., Ltd. (Aichi, Japan), a Toyota-affiliated engine-bearing maker; its own site (taihocorp.com) could not be reached this session, so this rests on established industry knowledge plus its own Form 5500 plan (288 participants in 2023).",
2: low-confidence $250k+,Greenfield Products Incorporated,630000,0.05%,business,<100,OH,D,GREENFIELD PRODUCTS INCORPORATED,https://www.greenfieldproducts.com/,"A company called Greenfield Products makes boat anchors and dock/mooring gear and has a live site, but nothing on it confirms an Ohio, Greenfield headquarters, so the match to this recipient (JobsOhio industry tag 'Energy & Chemicals') is unconfirmed; bucket is a guess from the $30,000 grant and 43 jobs retained.",
2: low-confidence $250k+,High Road Holdings LLC,629052,0.05%,business,<100,OH,D,HIGH ROAD HOLDINGS LLC,https://www.jobsohio.com/sitemap.xml,"No SEC filing, Form 5500, JobsOhio press release, or news story could be found for High Road Holdings via EDGAR, Google News, Bing, or the JobsOhio site search; the $629,052 spread across four small annual payments (2021-2024) suggests a small recurring incentive, so the bucket is a guess.",
2: low-confidence $250k+,"StandardAero, Inc.",610929,0.05%,business,5000+,AZ,C,PAS TECHNOLOGIES INC | STANDARDAERO COMPONENT SERVICES INC,Reuters coverage of the Carlyle Group's multibillion-dollar acquisition of StandardAero; JobsOhio jobs_retained_max=746 at the Cincinnati site as a floor | Vertical Mag/Helicopter Investor coverage of Carlyle Group's April 2019 purchase of StandardAero,"PAS Technologies (Hillsboro, OH) was acquired by StandardAero in 2017; the Carlyle Group completed its purchase of StandardAero in April 2019, the same fiscal year as this grant, making Carlyle-owned StandardAero (Scottsdale, AZ, a large multi-thousand-employee MRO provider) the ultimate parent. Note the PE owner is Carlyle Group. Graded C: Wikipedia is the only source. | StandardAero Component Services, Inc. is a subsidiary of StandardAero, Inc., a Scottsdale, Arizona-headquartered aircraft MRO",
2: low-confidence $250k+,SOUTHERN OHIO PORT AUTHORITY,608565,0.05%,government,unresolved,OH,B,SOUTHERN OHIO PORT AUTHORITY,,Rule R4: government by name and IRC section; not in the business headline.,
2: low-confidence $250k+,Scannell Properties,600000,0.05%,site_development,100-499,IN,C,SCANNELL PROPERTIES #317 LLC | Scannell Properties #277 LLC,"Connect CRE, REBusinessOnline coverage of Scannell Properties as a multi-region private industrial developer | https://www.linkedin.com/company/scannell-properties","Scannell #277 LLC is a numbered project entity of Scannell Properties, a privately held Indianapolis build-to-suit developer founded in 1990; LinkedIn shows 51-200 employees (155 listed). The Ohio project was not confirmed, though Scannell built Riddell's North Ridgeville plant around 2017. | Scannell Properties #317, LLC is a project-numbered single-purpose entity of Scannell Properties, a privately held Indianapolis-based industrial/logistics developer active in many states per trade press; no",
2: low-confidence $250k+,Songs at the Center,600000,0.05%,business,<100,OH,D,SONGS AT THE CENTER,https://www.dispatch.com,"No JobsOhio metrics or Form 5500 record exists for this EIN; Columbus Dispatch coverage describes a small father-daughter pizza-and-music venue in Worthington, not a company with a traceable outside parent. Graded D because no filing or press release confirms size or ownership; bucket picked from the venue's evident small scale.",
2: low-confidence $250k+,Bright Innovation Labs (Aterian Investment Partners),600000,0.05%,business,500-4999,CA,C,BOCCHI LABORATORIES OHIO LLC,https://news.google.com/rss/articles/CBMihwJBVV95cUxOS0NZU25abjA1bnZDMnRzX1h1Q0pTb01Sdm5ES2tMVjR3WVVRalhlaDRpUVdDQVg3WlYxeGs3OTk5VGNWbDl3VUEwU2k2SlA5QmVCa0F2eU5VUWN3YzBsTU0yYkdtQTVPbmFxX1NLaktFV2ppVkxidzRvQnlNWjc4VURhN3dES1Y2YVZfdzNtbjJkd2pTbWQzaXo1Z3Z3d1RQMks4ODFHa1dWNmsyU050YmhXN0xWcGVCNGlnbmhHVDh,"Rule R2: own plan under 250 participants, no subsidiary marker in the name, not an SEC registrant. Subsidiary check: owned by Bright Innovation Labs (Aterian Investment Partners); rule result replaced. PR Newswire (Jan 2021) says Aterian-backed Bright International combined with Bocchi Laboratories to form a beauty manufacturing platform, before the FY2021 grant; headcount not confirmed, bucket estimated.",
2: low-confidence $250k+,"FEW Automotive Glass Applications Group (Zwenkau, Germany)",600000,0.05%,business,<100,Germany,C,FEW AUTOMOTIVE GLASS APPLICATIONS INC,"Form 5500 2019: 37 participants, largest plan, sponsor FEW AUTOMOTIVE GLASS APPLICATION, INC.; metrics jobs retained 43","Rule R2: own plan under 250 participants, no subsidiary marker in the name, not an SEC registrant. Subsidiary check: yes. Wooster plant is the US arm of German FEW Automotive Group (Zwenkau), but no worldwide headcount was found and the group looks small, possibly under 500. Home state set by hand to the German parent; size unconfirmed, bucket kept.",
2: low-confidence $250k+,Mucci Farms,600000,0.05%,business,500-4999,Canada,C,MIMI FARMS INC,https://news.google.com/rss/articles/CBMisgFBVV95cUxNNE9BQTRzeHNvLUliOVhuRm5qbTc2ME1UQ1NHam9uN2lvZzFmeWE3OWtjcTR1bGo3aG54N3RReS11OWRUVE9tM1I4cHc5MDRJdjF0N3I0UnVZY0hOMW1wTkZfMFBWU2RfTERLV3NUeG1zUjNQQnYzd05xZ0dGeEt6Szlnbm5oMU9yRHQ0aXFjaDlaUXFjTkppUlNhUDR1T2NJcXdLZ1BWMm5Na0c4NWlnM0VR0gG3AUFVX3lxTE93cE4,"Rule R2: own plan under 250 participants, no subsidiary marker in the name, not an SEC registrant. Subsidiary check: owned by Mucci Farms; rule result replaced. MIMI Farms is the Huron, Ohio greenhouse of Mucci Farms of Kingsville, Ontario (Form 5500 sponsor is Mucci Farms); worldwide headcount not confirmed, bucket estimated.",
2: low-confidence $250k+,"Selman & Company, LLC",600000,0.05%,business,100-499,OH,C,SELMAN & COMPANY LLC,https://www.cleveland.com,"Cleveland.com confirms Selman & Company, an insurance program administrator, is headquartered in Richmond Heights, OH; no Form 5500 record or acquisition news was found to establish an outside parent. JobsOhio's own jobs-retained figure of 125 supports the 100-499 bucket, so this is graded C from a news source plus a company-reported metric rather than a filing.",
2: low-confidence $250k+,MONTGOMERY COUNTY TRANSPORTION IMPROVEMENT,600000,0.05%,government,unresolved,OH,B,MONTGOMERY COUNTY TRANSPORTION IMPROVEMENT,,Rule R4: government by name and IRC section; not in the business headline.,
2: low-confidence $250k+,Columbus Regional Airport Authority,600000,0.05%,government,100-499,OH,C,COLUMBUS REGIONAL AIRPORT AUTHORITY,https://www.bizjournals.com,"The Columbus Regional Airport Authority is a public entity created under Ohio law that operates John Glenn Columbus International, Rickenbacker and Bolton Field, so it is reclassified from the auto-tagged ""business"" to government. News coverage (Columbus Business First) confirms its identity and Columbus HQ, but no source gives an exact employee count, so the bucket is a C-grade estimate for a mid-size airport authority.",
2: low-confidence $250k+,Marysville Flex LLC (developer unresolved),600000,0.05%,site_development,<100,TX,D,MARYSVILLE FLEX LLC,https://www.jobsohio.com/sitemap.xml,"This is an OSIP spec-development grant (no jobs-retained figure) with an Austin, TX mailing address, matching the pattern of other project LLCs in this batch, but no press release, JobsOhio news search, or EDGAR record named the developer behind the LLC. Graded D and reclassified from ""business"" to site_development based on the program type alone.",
2: low-confidence $250k+,TCC Delaware II LLC (developer unresolved),600000,0.05%,site_development,<100,OH,D,TCC DELAWARE II LLC,https://www.bizjournals.com,"Columbus Business First reported a business park with four spec buildings under construction in Delaware, Ohio around this period, matching this OSIP spec-development grant, but no source confirmed who ""TCC"" refers to. Graded D and reclassified to site_development based on the program type.",
2: low-confidence $250k+,Phoenix Investors LLC,577680,0.05%,site_development,100-499,WI,C,PHOENIX TOLEDO INDUSTRIAL INVESTORS LLC,https://www.prnewswire.com,"Multiple press releases (PR Newswire, CoStar, bizjournals) describe Phoenix Investors as a Milwaukee, WI industrial real estate firm that consistently names local project entities ""Phoenix [City] Industrial Investors LLC,"" matching this recipient. No source gives Phoenix Investors' own employee count, so the bucket is a C-grade estimate typical of a commercial real estate investment firm.",
2: low-confidence $250k+,CITY OF CINCINNATI,570000,0.05%,government,unresolved,OH,B,CITY OF CINCINNATI,,Rule R4: government by name and IRC section; not in the business headline.,
2: low-confidence $250k+,Defiance Harmon (developer unresolved),565000,0.05%,site_development,<100,OH,D,DEFIANCE HARMON,https://www.jobsohio.com,"JobsOhio's own site lists ""Harmon Business Park"" as an advanced-manufacturing success story in Defiance, and the Crescent-News/Toledo Blade covered a 2021 spec building there creating 135 jobs, but no source named the developer behind this Columbus-mailing-address LLC. Graded D and reclassified from ""business"" to site_development given the grant pattern (no metrics, two grant years, no jobs-retained figure).",
2: low-confidence $250k+,Fintech71,557500,0.05%,nonprofit,<100,OH,C,Fintech71,https://www.columbusceo.com,"Columbus CEO coverage of the ""Fintech71 Showcase"" confirms this is a Columbus fintech accelerator/collaborative event backed by regional economic-development partners, not an operating for-profit company, so it is reclassified from ""business"" to nonprofit. No filing gives a precise staff count for the program itself, so the bucket is a C-grade estimate for a small collaborative initiative.",
2: low-confidence $250k+,unresolved,550000,0.05%,site_development,<100,OH,D,5500 BUILDING LLC | MSW RE 1 INC | Scranton Development Company,No direct employee source found; bucket is a best guess given the 50-jobs scale reported for the matching Vandalia site project | No employee source found; bucket is a best guess for a project-specific development LLC | metrics_jobs_retained_max 35,"5500 Building LLC received a Revitalization Grant tied to a Cleveland healthcare-industry building project, but no news coverage naming the developer or eventual tenant turned up despite Google News searches for '5500 Building' Cleveland; graded D pending better identification. | Name pattern (""RE"" = real estate) and a matching Dayton Daily News headline about a Canadian manufacturer buying a Vandalia site for about 50 jobs suggest a site-acquisition vehicle, but the article's full text and the ",
2: low-confidence $250k+,"OMEC Smart Card, LLC",550000,0.05%,business,<100,OH,D,OMEC SMART CARD LLC,https://www.jobsohio.com,"No news coverage, EDGAR record, or Form 5500 filing was found for OMEC Smart Card LLC beyond JobsOhio's own project metrics, which list zero jobs retained on a new $550,000 Economic Development Grant project. Graded D from those signals alone; bucket picked for a new small technology project with no prior Ohio workforce.",
2: low-confidence $250k+,United Candle Company LLC,525000,0.04%,business,<100,OH,C,UNITED CANDLE COMPANY LLC,https://www.jobsohio.com,"The Zanesville Times Recorder covered United Candle Company opening a Norwich, OH factory as an independent operation, with no acquirer or outside parent found in any search. JobsOhio's own metrics list zero jobs retained on a modest $125,000 grant, consistent with a small new manufacturing plant.",
2: low-confidence $250k+,GetWorkerFit Partners,520000,0.04%,business,<100,OH,D,GETWORKERFIT PARTNERS,https://www.jobsohio.com/sitemap.xml,"No news coverage, company website, EDGAR record, or Form 5500 filing turned up for GetWorkerFit Partners in Newbury, OH, and JobsOhio's own metrics fields are blank for this recipient. Graded D from the recipient's evident small scale (a $520,000 grant with no reported jobs-retained figure) with no other signal to confirm size or ownership.",
2: low-confidence $250k+,NORTHWEST STATE COMMUNITY COLLEGE,513210,0.04%,university,unresolved,OH,B,NORTHWEST STATE COMMUNITY COLLEGE,,Rule R4: university by name and IRC section; not in the business headline.,
2: low-confidence $250k+,Barry-Wehmiller Companies,510000,0.04%,business,5000+,MO,D,STOLLE MACHINERY COMPANY LLC,https://en.wikipedia.org/wiki/Barry-Wehmiller,"Stolle Machinery is widely reported as a Barry-Wehmiller Companies business (St. Louis MO, ~12,000 employees), but Stolle's own site and EDGAR full-text search did not confirm the link in this session, so the parent call is a best guess.",
2: low-confidence $250k+,"Recleim, LLC",510000,0.04%,business,100-499,GA,C,Recleim OH LLC,"https://news.google.com/rss/search?q=%22Recleim%22 (Inc.com profile; Waste360 ""Recleim Opens Appliance Recycling Plant in Lima, Ohio"")","Inc. magazine profiled Recleim, an Atlanta-based appliance-recycling company founded by Jerry Mackey, as roughly $35 million in revenue with plants in Lima OH and Graniteville SC; no evidence of a larger corporate parent was found.",
2: low-confidence $250k+,Matalco Realty Inc,500000,0.04%,site_development,unresolved,OH,B,Matalco Realty Inc,,Rule R4: site_development by name and IRC section; not in the business headline.,
2: low-confidence $250k+,"Liberty Interactive Corporation (renamed Qurate Retail, Inc. in 2018)",500000,0.04%,business,5000+,CO,C,Zulily Inc,"https://news.google.com/rss/search?q=%22zulily%22%20QVC%20acquisition%202015 (GeekWire: ""Zulily sold to QVC for $2.4 billion"")","Liberty Interactive (QVC's parent, HQ Englewood CO) bought Zulily for $2.4B in 2015; Zulily's last standalone 10-K was filed Feb 2015 and it never filed again, confirming subsidiary status for the 2017 grant, under a parent with well over 5,000 employees. Graded C: Wikipedia is the only source.",
2: low-confidence $250k+,"Drury Hotels Company, LLC",500000,0.04%,business,5000+,MO,C,Drury Southwest Inc,https://en.wikipedia.org/wiki/Drury_Hotels,"Drury Southwest Inc. is a development affiliate of Drury Hotels Company, the Drury family's hotel chain headquartered in St. Louis MO, which operates 150+ hotels and employs several thousand people. Graded C: Wikipedia is the only source.",
2: low-confidence $250k+,Taylor Corporation,500000,0.04%,business,5000+,MN,C,Taylor Communications of Minnesota (Taylor Communi,https://en.wikipedia.org/wiki/Taylor_Corporation,"Taylor Communications is a business unit of Taylor Corporation, a privately held print/communications company founded by Glen Taylor and headquartered in North Mankato MN, widely described as one of the largest private US companies with well over 5,000 employees.",
2: low-confidence $250k+,"unknown (possibly linked to PartsSource, unconfirmed)",500000,0.04%,site_development,100-499,OH,D,777 LENA LLC,https://news.google.com/rss/search?q=PartsSource%20Aurora%20Ohio%20headquarters,"777 Lena LLC's Aurora OH address is near press coverage of PartsSource, a medtech-parts marketplace based in Aurora at the time (Bain Capital bought it in 2021 for $1.25B), but no source directly ties the LLC or street address to PartsSource, so this is an unconfirmed guess.",
2: low-confidence $250k+,"Advics Co., Ltd.",500000,0.04%,business,5000+,Japan,C,ADVICS MANUFACTURING OHIO INC,https://en.wikipedia.org/wiki/Aisin,"Advics Manufacturing Ohio is a US plant of Advics Co., Ltd., a Japan-based brake-systems joint venture majority owned by Aisin (a Fortune Global 500, Toyota Group company) with Denso and Toyota Motor; jobs_retained of 714 at the Lebanon OH plant supports a large worldwide parent. Graded C: Wikipedia is the only source.",
2: low-confidence $250k+,Knorr-Bremse AG,500000,0.04%,business,5000+,Germany,C,BENDIX COMMERCIAL VEHICLE SYSTEMS LLC,https://en.wikipedia.org/wiki/Knorr-Bremse,"Bendix Commercial Vehicle Systems, based in Elyria OH, is the North American commercial-vehicle brake unit of Knorr-Bremse AG, a German manufacturer with tens of thousands of employees worldwide. Graded C: Wikipedia is the only source.",
2: low-confidence $250k+,EDU EVERYTHING INC,500000,0.04%,nonprofit,unresolved,OH,B,EDU EVERYTHING INC,,Rule R4: nonprofit by name and IRC section; not in the business headline.,
2: low-confidence $250k+,Keller Logistics Group,500000,0.04%,business,500-4999,OH,C,HYDROFRESH LTD,https://kellerlogistics.com/about-keller/company-history/,"Rule R2: own plan under 250 participants, no subsidiary marker in the name, not an SEC registrant. Subsidiary check: owned by Keller Logistics Group; rule result replaced. An affiliate of family-owned Keller Logistics Group (Defiance, OH) from 2018 until its 2022 sale to Universal Pure; Keller's headcount of 500+ is estimated from its 200-truck fleet and warehouse network, not confirmed.",
2: low-confidence $250k+,McBee Supply Corporation,500000,0.04%,business,100-499,OH,D,MCBEE SUPPLY CORPORATION,"JobsOhio project metrics, jobs_retained_max=272","JobsOhio lists 272 jobs retained in Cleveland, a floor on size, but the company's website domain no longer resolves to the business and no SEC, news, or JobsOhio release could be found naming an owner or worldwide headcount; bucket is a best guess from the jobs-retained floor.",
2: low-confidence $250k+,ProVia,500000,0.04%,business,500-4999,OH,C,PROVIA HOLDINGS INC,"https://www.jobsohio.com/newsroom/news-press/provia-continues-to-grow-in-northeast-ohio (300 jobs committed at this project, existing base implied larger)","JobsOhio's release describes ProVia as a privately held Ohio manufacturer of entry doors, windows, siding and roofing, committing 300 new jobs at the Dalton project; no outside owner was found, so ProVia is treated as its own parent, and no exact worldwide headcount was sourced.",
2: low-confidence $250k+,CW PARTNERS LLC,500000,0.04%,site_development,unresolved,OH,B,CW PARTNERS LLC,,Rule R4: site_development by name and IRC section; not in the business headline.,
2: low-confidence $250k+,K-NOVA LLC,500000,0.04%,site_development,<100,OH,D,K-NOVA LLC,none found; best guess based on OSIP spec-development program type,"K-NOVA LLC is an OSIP spec-development recipient in Akron with no jobs-retained figure; no JobsOhio release, news coverage, or SEC/EDGAR match was found for it or a named developer, so it is graded D from the program type alone.",
2: low-confidence $250k+,The Tomko Company,500000,0.04%,business,<100,OH,C,THE TOMKO COMPANY LLC,JobsOhio jobs_retained_max=12; Columbus Business First profile of owner Michael Tomko's small redevelopment firm,"Business press profiles owner Michael Tomko's small, owner-operated Columbus historic-building redevelopment company; JobsOhio lists only 12 jobs retained, consistent with a small firm, and no outside parent was found.",
2: low-confidence $250k+,APackaging Group,500000,0.04%,business,100-499,CA,D,APACKAGING GROUP LLC,"https://www.jobsohio.com/newsroom/news-press/apackaging-group-builds-new-injection-molding-manufacturing-plant-in-ohio (company profile: factories in Asia, contract facilities in U.S., no headcount given)","JobsOhio's company profile describes APackaging Group as a privately held cosmetic/beauty packaging manufacturer founded by an industry veteran, with factories in Asia and U.S. contract facilities; no employee count or ownership beyond the founder was found, so size is a best guess.",
2: low-confidence $250k+,FORT WINCHESTER INVESTMENT PARTNERS LLC,500000,0.04%,site_development,unresolved,OH,B,FORT WINCHESTER INVESTMENT PARTNERS LLC,,Rule R4: site_development by name and IRC section; not in the business headline.,
2: low-confidence $250k+,MB Sheth Ohio LLC,500000,0.04%,business,<100,NJ,D,MB SHETH OHIO LLC,none found,"No JobsOhio release, news coverage, company website, or SEC/EDGAR match was found for MB Sheth Ohio LLC or a named parent; graded D from the recipient address alone, with no metrics data available in the input either.",
2: low-confidence $250k+,700 Liverpool Drive Ohio LLC,500000,0.04%,site_development,<100,OH,D,700 LIVERPOOL DRIVE OHIO LLC,none found; best guess based on OSIP spec-development program type,"This is an OSIP spec-development project LLC named for its address; no JobsOhio release, news coverage, or SEC/EDGAR match names a developer, so it is graded D from the program type alone.",
2: low-confidence $250k+,REYNOLDS INVESTMENT PROPERTIES LLC,480000,0.04%,site_development,unresolved,OH,B,REYNOLDS INVESTMENT PROPERTIES LLC,,Rule R4: site_development by name and IRC section; not in the business headline.,
2: low-confidence $250k+,"BWX Technologies, Inc.",475000,0.04%,business,5000+,VA,C,BWXT GOVERNMENT GROUP INC,Wikipedia description of BWX Technologies as a large international nuclear-components supplier (NYSE: BWXT),"BWXT Government Group Inc. in Barberton is a subsidiary of BWX Technologies, Inc. (NYSE: BWXT), a large public nuclear-components and fuel supplier headquartered in Lynchburg, Virginia; no exact worldwide headcount for 2020 was sourced, but the company's public scale supports 5000+. Graded C: Wikipedia is the only source.",
2: low-confidence $250k+,CITY OF CLEVELAND,473908,0.04%,government,unresolved,OH,B,CITY OF CLEVELAND,,Rule R4: government by name and IRC section; not in the business headline.,
2: low-confidence $250k+,Massillon Energy & Technology Park LLC,465500,0.04%,site_development,<100,OH,D,Massillon Energy & Technology Park LLC,none found for the 2015 grant; only 2023-2025 news about an unrelated later Babcock & Wilcox hydrogen project at the same park was found,"Massillon Energy & Technology Park LLC received this 2015 grant with no metrics data in JobsOhio's system; only recent (2023-2025) news about a separate Babcock & Wilcox hydrogen project locating at the park was found, not the 2015 recipient's own developer, so this is graded D.",
2: low-confidence $250k+,"EVE Energy Co., Ltd.",460124,0.04%,business,5000+,China,C,EVE ENERGY NORTH AMERICA CORPORATION,Wikipedia description of EVE Energy as the world's third-largest energy-storage battery cell maker and a top-10 global EV battery maker,"Eve Energy North America Corporation is the U.S. R&D subsidiary of EVE Energy Co., Ltd., a publicly listed Chinese battery maker headquartered in Huizhou, Guangdong; its global market position supports a 5000+ worldwide bucket, though no exact FY2024 headcount was found. The Ohio entity itself has only 8 employees per Form 5500.",
2: low-confidence $250k+,CEMLEB PROPERTIES,457564,0.04%,site_development,unresolved,OH,B,CEMLEB PROPERTIES,,Rule R4: site_development by name and IRC section; not in the business headline.,
2: low-confidence $250k+,Alpont LLC,450000,0.04%,business,<100,OH,D,ALPONT LLC,none found; best guess based on jobs_retained_max=0 and JobsOhio Energy & Chemicals industry tag,"JobsOhio profiles Alpont as an Energy & Chemicals success story in Oregon, Ohio, and the Toledo Blade covered a new Alpont plant for local product distribution, but both pages are JavaScript-rendered and their full text could not be fetched; no parent company, outside headquarters, or employee count could be confirmed.",
2: low-confidence $250k+,Unknown (unidentified spec-building developer),450000,0.04%,site_development,<100,OH,D,KARSS GROUP LLC,https://www.jobsohio.com/news?search=KARSS,"No JobsOhio release, news story, or EDGAR record found for KARSS Group LLC, a Spec Development (OSIP) grant with no jobs-retained figure. Graded from the recipient's own Fort Loramie, OH address; likely a small local project LLC.",
2: low-confidence $250k+,PIKE REALTY LLC,437600,0.04%,site_development,unresolved,OH,B,PIKE REALTY LLC,,Rule R4: site_development by name and IRC section; not in the business headline.,
2: low-confidence $250k+,Dale Martin (developer),415200,0.04%,site_development,<100,OH,D,HILLSBORO BUSINESS COMPLEX LLC,https://www.jobsohio.com/newsroom/news-press/community-of-hillsboro-celebrates-opening-of-the-hillsboro-business-complex,"JobsOhio's opening story names Dale Martin as owner/developer of the Hillsboro Business Complex (Hillsboro, OH; tenants include the county chamber of commerce and small local businesses), a Vibrant Community-type spec project. The recipient's own IRS address lists Hillsboro, OR, which could not be reconciled with this OH project inside the search budget.",
2: low-confidence $250k+,Local ownership group (incl. Brian Diamond),404312,0.03%,site_development,<100,OH,C,THE DOWNTOWN EXCHANGE LLC,https://www.jobsohio.com/newsroom/news-press/zanesville-community-celebrates-opening-of-the-downtown-exchange,"JobsOhio's release describes The Downtown Exchange as a redeveloped historic building (former Black-Elliot Block) in downtown Zanesville with four local owners, including Brian Diamond; a $400,000+ Vibrant Community-type grant funded the food-hall/co-working conversion, not an operating business.",
2: low-confidence $250k+,OWENS STATE COMMUNITY COLLEGE,402116,0.03%,university,unresolved,OH,B,OWENS STATE COMMUNITY COLLEGE,,Rule R4: university by name and IRC section; not in the business headline.,
2: low-confidence $250k+,Amcor plc (Amcor Limited at time of grant),400000,0.03%,business,5000+,Switzerland,C,Amcor Rigid Plastics USA LLC,https://en.wikipedia.org/wiki/Amcor,"Amcor Rigid Plastics USA, LLC is a US operating unit of Amcor, a multinational packaging company; at the 2017 grant year (pre-Bemis merger and pre-Jersey redomicile), Amcor Limited was dual-headquartered with its global office in Zurich, Switzerland, and roughly 33,000-35,000 employees worldwide. Graded C: Wikipedia is the only source.",
2: low-confidence $250k+,Unknown (unidentified logistics/warehouse developer),400000,0.03%,site_development,<100,OH,D,Waverly 3PL LLC,https://www.jobsohio.com/news?search=Waverly,"No JobsOhio release, news coverage, or EDGAR record found for Waverly 3PL LLC; no metrics fields populated in the source data. Graded from the recipient's own Waverly, OH (Pike County) address as a likely small third-party-logistics site project.",
2: low-confidence $250k+,Hikma Pharmaceuticals plc,400000,0.03%,business,5000+,United Kingdom,C,West-Ward Pharmaceuticals Corp,https://news.google.com/rss/search?q=Hikma+Roxane+Ohio,"Hikma acquired Roxane Laboratories (renamed West-Ward Pharmaceuticals' Columbus operations) for $2.1B in 2016; Form 5500 sponsor is Hikma Pharmaceuticals USA Inc. (NJ), with participants growing from 1,075 (2015) to 2,274 (2019). Hikma plc, London-listed (FTSE 250), had roughly 8,000-9,000 employees worldwide around 2018. Graded C: Wikipedia is the only source.",
2: low-confidence $250k+,"Unknown (RealPath Group LLC, unresolved)",400000,0.03%,business,<100,OH,D,REALPATH GROUP LLC,https://www.jobsohio.com/news?search=RealPath,"No JobsOhio release, news story, or EDGAR record found for RealPath Group LLC; no metrics fields populated in the source data. Graded from the recipient's own West Chester, OH address as a likely small independent company.",
2: low-confidence $250k+,GG Brands Company LLC (The Gorilla Glue Company),400000,0.03%,business,500-4999,OH,C,THE GORILLA GLUE COMPANY LLC,https://www.jobsohio.com/news?search=Gorilla+Glue,"Form 5500 sponsor is GG Brands Company LLC (OH), the Cincinnati-based holding entity for The Gorilla Glue Company's retirement plan; participants rose from 208 (2015) to 521 (2019), and JobsOhio lists 529 jobs retained in 2022. Could not confirm within the search budget whether outside investors hold a stake alongside the founding family.",
2: low-confidence $250k+,Nautic Partners (private equity),400000,0.03%,business,500-4999,RI,C,AURORA PLASTICS LLC,https://www.auroraplastics.com/about-us/,"Rule R2: own plan under 250 participants, no subsidiary marker in the name, not an SEC registrant. Subsidiary check: owned by Nautic Partners (private equity); rule result replaced. PE-owned since 2016 (Wind Point, then Nautic Partners from August 2021) and built into a six-plant platform through acquisitions; the 500+ platform headcount is estimated, not confirmed.",
2: low-confidence $250k+,Ronfeldt Manufacturing LLC,400000,0.03%,business,<100,OH,D,RONFELDT MANUFACTURING LLC,https://www.jobsohio.com/sitemap.xml,"No SEC filing, Form 5500, JobsOhio press release, or news coverage found for this Toledo company after EDGAR, JobsOhio sitemap, and Google News searches; treated as a small independent manufacturer on a best guess.",
2: low-confidence $250k+,MJM Logistics LLC,400000,0.03%,business,<100,OH,C,MJM LOGISTICS LLC,https://www.linkedin.com/company/mjm-logistics-llc,"LinkedIn lists MJM Logistics as a 2-10 employee trucking/logistics firm in Chillicothe; JobsOhio's 20 jobs-retained figure is a floor, but both signals stay well under 100.",
2: low-confidence $250k+,Nuproduce Solutions LLC,400000,0.03%,business,<100,MI,D,NUPRODUCE SOLUTIONS,input signals (metrics_jobs_retained_max: 0),"No EDGAR, Form 5500, JobsOhio release, or news record located for this Grand Rapids MI food/agribusiness company; zero jobs retained signals a new, small operation, graded on a best guess.",
2: low-confidence $250k+,Steelite International Ltd,400000,0.03%,business,500-4999,United Kingdom,C,STEELITE INTERNATIONAL USA INC,https://www.linkedin.com/company/steelite-international,"Steelite International is a UK tableware maker (Stoke-on-Trent) that describes New Castle, PA as a co-headquarters for its Americas arm; LinkedIn lists company-wide size as 501-1,000, and Form 5500 participants at the US entity grew 89 to 237.",
2: low-confidence $250k+,Waltco Lift Corp,398543,0.03%,business,100-499,OH,C,WALTCO LIFT CORP,https://www.linkedin.com/company/waltco,"LinkedIn shows Waltco as an independent liftgate maker (no parent listed), now headquartered in Streetsboro OH after leaving Tallmadge in 2020, with a self-reported 201-500 employees; 185 jobs retained per JobsOhio supports the lower part of that range.",
2: low-confidence $250k+,Chestnut Commerce Center LLC,383673,0.03%,site_development,<100,OH,D,Chestnut Commerce Center LLC,input signals (metrics_jobs_retained_max: 6),"This is a single-project real estate LLC for a Mantua/Ravenna OH commerce park (Revitalization Grant, 6 jobs retained); no developer name behind the LLC could be found via JobsOhio's sitemap or news search.",
2: low-confidence $250k+,"Roper Technologies, Inc.",375000,0.03%,business,5000+,FL,C,CONSTRUCTCONNECT INC,https://en.wikipedia.org/wiki/Roper_Technologies,"The recipient's EDGAR name, Construction Software Technologies, Inc. (DE inc., OH HQ), is ConstructConnect's legal entity; Roper acquired ConstructConnect in October 2016 for $632 million and reports about 19,400 employees group-wide, so the 2022 grant year is clearly under Roper, while the 2016 grant may predate the October close. Graded C: Wikipedia is the only source.",
2: low-confidence $250k+,Youngstown Business Incubator,370000,0.03%,nonprofit,<100,OH,C,YOUNGSTOWN BUSINESS INCUBATOR,https://www.jobsohio.com/newsroom/news-press/jobsohio-vibrant-community-grant-assists-youngstown-business-incubator,"YBI is a Youngstown-based nonprofit tech and advanced-manufacturing incubator (65,000 sq ft facility housing tenants like JuggerBot 3D); no direct staff count was found, but nonprofit incubators of this type are typically under 100 employees.",
2: low-confidence $250k+,Logoplaste,365000,0.03%,business,500-4999,Portugal,C,LOGOPLASTE LIMA LLC,https://www.linkedin.com/company/logoplaste,"Logoplaste is a Portuguese rigid-plastic-packaging maker headquartered in Cascais, Portugal, with a LinkedIn-reported 1,001-5,000 employees; local Lima, Ohio news (LimaOhio.com, March 2023) confirms the plant began production and expanded, with 0 jobs retained reflecting a brand-new facility.",
2: low-confidence $250k+,V Wert 2 LLC,360000,0.03%,site_development,<100,OH,D,V WERT 2 LLC,input signals (no metrics data available),"No JobsOhio release, news coverage, or SEC/Form 5500 record could be found for this Bellefontaine OH entity; the LLC-style name and lack of operating signals suggest a single-project site vehicle, but the developer could not be identified.",
2: low-confidence $250k+,Borgers Group (Borgers SE & Co. KGaA),350000,0.03%,business,500-4999,Germany,C,BORGERS OHIO INC,form5500 (input signal: 189-323 participants 2019-2023),"Borgers Ohio (Norwalk, auto interior wheel-arch parts) was part of the German Borgers Group during the 2016-2020 grant years; Switzerland's Autoneum agreed to acquire Borgers' automotive business in January 2023, after the grant years, so the 2016-2020 parent remains Borgers Group.",
2: low-confidence $250k+,4440 CREEK ROAD PROPERTIES LLC,350000,0.03%,site_development,unresolved,OH,B,4440 CREEK ROAD PROPERTIES LLC,,Rule R4: site_development by name and IRC section; not in the business headline.,
2: low-confidence $250k+,Saint-Gobain SA,350000,0.03%,business,5000+,France,C,CERTAINTEED CORPORATION,https://en.wikipedia.org/api/rest_v1/page/summary/Saint-Gobain,"CertainTeed is a wholly owned subsidiary of Saint-Gobain SA, headquartered near Paris, France, a company with over 170,000 employees worldwide; the Milan, OH plant received an Economic Development Grant tied to 196 jobs retained. Graded C: Wikipedia is the only source.",
2: low-confidence $250k+,Symba & Snap Gourmet Foods (self),350000,0.03%,business,<100,OH,D,SYMBA & SNAP LLC,"Same directory listings; no JobsOhio release, 10-K, or F5500 record found for this EIN","No 10-K, F5500, or JobsOhio press release turned up; only generic business-directory profiles for a small Cleveland food company. Bucket is a best guess from company size implied by those listings.",
2: low-confidence $250k+,Beontag,350000,0.03%,business,500-4999,Brazil,C,TECHNICOTE INC,https://www.beontag.com/press-releases/beontag-acquires-technicote-and-marks-its-entry-to-the-north-american-self-adhesive-market/,"Rule R2: own plan under 250 participants, no subsidiary marker in the name, not an SEC registrant. Subsidiary check: owned by Beontag; rule result replaced. Acquired by Brazilian label-materials group Beontag on September 1, 2022, before its 2024 grant; Beontag's headcount bucket is estimated from its 12-plus facilities.",
2: low-confidence $250k+,The Hilsinger Company (Hilco Vision),350000,0.03%,business,500-4999,MA,C,THE HILSINGER COMPANY PARENT LLC,https://www.jobsohio.com/newsroom/news-press/hilco-vision-plans-new-manufacturing-facility-in-ohio,"The Hilsinger Company does business as Hilco Vision, based in Plainville, MA; JobsOhio's 2021 release covers its 200-job Fairfield plant. Its U.S. Form 5500 shows 482 participants in 2023, and with the Ohio plant and overseas units (news reports of German and other acquisitions), worldwide staff is likely over 500. No exact figure found; the 'Parent LLC' name points to a holding or investor structure (Houlihan Lokey advised on a 2023 deal) that was not confirmed. Adjudicated Sept 19, 2026: re-ch",
2: low-confidence $250k+,City of Toronto,338827,0.03%,government,unresolved,OH,B,City of Toronto,,Rule R4: government by name and IRC section; not in the business headline.,
2: low-confidence $250k+,Pison Stream Solutions (self),337180,0.03%,business,<100,OH,C,Pison Stream Solutions LLC,"SEC EDGAR filing history (Form D exempt-offering notices, 2021) shows only a small, closely held Delaware corporation with no larger public parent","EDGAR shows only Form D private-placement notices, consistent with an independent small shale-tech startup rather than a subsidiary. No employee count is published anywhere found; metrics_jobs_retained_max is 0 for the grant years.",
2: low-confidence $250k+,DiGeronimo Companies (self),330000,0.03%,business,100-499,OH,C,DIGERONIMO COMPANIES,"Same business-press coverage of the diversified construction, excavating and real-estate group; no consolidated headcount was published","DiGeronimo Companies is a multi-generation, family-owned Ohio group (Independence Excavating plus related real-estate and hospitality ventures); no SEC or F5500 record exists since it is privately held, so headcount is a best estimate from press profiles.",
2: low-confidence $250k+,Veluscek and Heban Properties,307622,0.03%,site_development,unresolved,OH,B,Veluscek and Heban Properties,,Rule R4: site_development by name and IRC section; not in the business headline.,
2: low-confidence $250k+,CITY OF BEDFORD HEIGHTS,302350,0.03%,government,unresolved,OH,B,CITY OF BEDFORD HEIGHTS,,Rule R4: government by name and IRC section; not in the business headline.,
2: low-confidence $250k+,CodeBlue 360 (self at grant time),301748,0.03%,business,<100,OH,D,CODEBLUE 360,No F5500 or SEC record found; JobsOhio metrics fields for this recipient are blank,"CodeBlue was an insurance-claims/restoration software company that combined with MADSKY and AccuWin to form Accuserve in January 2023, three years after the 2020 grant; no source found confirms size or ownership at grant time, so the bucket is a best guess and should be treated as unresolved.",
2: low-confidence $250k+,Ace Torwel Inc (self),300000,0.03%,business,<100,OH,D,Ace Torwel Inc,"No F5500, SEC, or JobsOhio metrics record found for this EIN; metrics_jobs_retained_max is blank","Only trade-press mentions of ""Torwel"" as a truck torque-converter remanufacturer were found, with no ownership or size details tied to this Brookville, OH entity; treated as independent given the small Revitalization Grant and no signal of a parent.",
2: low-confidence $250k+,Geis Companies / Samsel Services / Catanese Enterprises (Flats East Bank redevelopment venture),300000,0.03%,site_development,<100,OH,C,1250 Old River Road LLC,metrics_jobs_retained_max = 18 for this project LLC (Revitalization Grant),"1250 Old River Road LLC is a single-building project entity in Cleveland's Flats district, redeveloped by a joint venture of Cleveland-area developers Geis Companies, Samsel Services and Catanese Enterprises; the 18 jobs retained is consistent with a small commercial building, not a large operating company.",
2: low-confidence $250k+,Dunkirk Realty (Albert Macanian),300000,0.03%,site_development,<100,NY,C,Tower Partners LLC,https://en.wikipedia.org/wiki/Stratacache_Tower,"Ohio LLC managed by Albert Macanian of Plainview, NY (2012 Form D, $6.44M raised) that bought Dayton's Kettering Tower in 2012 for $6.4M per Wikipedia; sold to Stratacache in 2019. The 1,750 retained jobs are building tenants, not the owner's staff; no developer headcount found, so <100 is a best guess. Adjudicated Sept 19, 2026: re-check answer accepted over the first pass.",
2: low-confidence $250k+,Vora Solution Center LLC (self; developer not identified),300000,0.03%,site_development,<100,OH,D,Vora Solution Center LLC,"No F5500, SEC, or JobsOhio metrics record found for this EIN; the company's own site describes a leasable office building rather than an operating company","Vora Solution Center's own website markets Class A/B office space for lease in Springdale/Blue Ash, OH, suggesting a site-development/real-estate vehicle rather than an operating business, though all JobsOhio metrics fields (programs, jobs retained) are blank for this recipient so the grant type could not be confirmed. Google News RSS returned no results for any query tried this session (the feed appeared unreachable in this environment), and no press release, business registry, or ownership rec",
2: low-confidence $250k+,"Unresolved developer of the Ohio Awning building project, Cleveland",300000,0.03%,site_development,<100,OH,D,OHIO AWNING GRANT LENDER INC,https://news.google.com/rss/search?q=%22Ohio+Awning%22+redevelopment,"A 'Grant Lender' entity is a financing vehicle for a single redevelopment, likely the Ohio Awning building in Cleveland; news results point only to Tremont apartment projects around 2018-2020 and the developer was not confirmed. The Form 5500 sponsor on this EIN (Loyal Health, Inc) looks like EIN reuse and was ignored; size bucket is a guess. Adjudicated Sept 19, 2026: re-check answer accepted over the first pass.",
2: low-confidence $250k+,"Scioto Valley Woodworking, Inc.",300000,0.03%,business,<100,OH,D,SCIOTO VALLEY WOODWORKING INC,"input signals: Revitalization Grant, jobs_retained_max 0","No SEC filing, JobsOhio press release, Form 5500, or news coverage found for this Waverly woodworking company after EDGAR and Google News searches; treated as an independent small manufacturer on a best guess.",
2: low-confidence $250k+,CGF REALTY LLC,300000,0.03%,site_development,unresolved,OH,B,CGF REALTY LLC,,Rule R4: site_development by name and IRC section; not in the business headline.,
2: low-confidence $250k+,"GTL Lumber, Inc.",300000,0.03%,business,<100,OH,C,GTL LUMBER INC,https://www.irontontribune.com (same article; JobsOhio jobs_retained_max 18),"Ironton Tribune reported GTL Lumber bought Muth Lumber in Dec 2019 and added 19 jobs, matching JobsOhio's 18 jobs-retained figure; no outside parent company found.",
2: low-confidence $250k+,"Unresolved (Louisville, KY-registered project LLC)",300000,0.03%,site_development,<100,KY,D,OREGON INNOVATION DISTRICT LLC,no metrics or press release found,"Recipient is an LLC named ""Oregon Innovation District"" registered to a Louisville KY address with no JobsOhio metrics record; a similarly-named $120M ""Oregon District"" redevelopment in Dayton OH surfaced in news searches but a link to this LLC, or its developer, could not be confirmed.",
2: low-confidence $250k+,"American Nuts, Inc.",300000,0.03%,business,100-499,CA,D,AMERICAN NUTS INC,"no direct employee count found; metrics_jobs_retained_max 0 (Economic Development Grant, new Ohio site)","American Nuts was independently/family owned during the 2021 grant year and headquartered in Sylmar CA; it was acquired by a Gauge Capital-backed platform in April 2022, after the grant year, so the PE owner is noted but not treated as parent. No employee total was found; bucket is a best guess for a national nut-processing brand.",
2: low-confidence $250k+,"International Cushioning Company, LLC",300000,0.03%,business,<100,NJ,C,INTERNATIONAL CUSHIONING COMPANY LLC,https://www.jobsohio.com/newsroom/news-press/international-cushioning-company-will-serve-regional-customers-with-new-ohio-location,"JobsOhio's release describes ICC as an independent, 50+ year old commercial packaging manufacturer with existing NJ, TX and NC plants and no named parent; the new Fremont OH plant added 75 jobs, but no company-wide employee total was published.",
2: low-confidence $250k+,"Nehemiah Manufacturing Company, LLC",300000,0.03%,business,100-499,OH,C,NEHEMIAH MANUFACTURING COMPANY LLC,metrics_jobs_retained_max 125 (input signal); Cincinnati Enquirer coverage of company growth,"Nehemiah Manufacturing is an independently owned, second-chance-hiring consumer goods maker founded in Cincinnati in 2009 with no outside corporate parent; 125 jobs retained per JobsOhio and known headcount growth support the 100-499 bucket.",
2: low-confidence $250k+,North Point Leasing Corp,300000,0.03%,business,<100,OH,D,NORTH POINT LEASING CORP,no metrics or press release found,"No JobsOhio project metrics, SEC filing, or news coverage found for this Mayfield Heights leasing company after EDGAR and Google News searches; treated as a small independent company on a best guess.",
2: low-confidence $250k+,"Cerelia (Cerelia Bakery USA, Inc.)",300000,0.03%,business,500-4999,France,C,CERELIA USA BAKERY INC,https://www.jobsohio.com/newsroom/news-press/france-based-cerelia-will-grow-within-ohios-strong-food-industry (no company-wide total given); general knowledge of Cerelia Group's multi-plant US/Europe footprint,"JobsOhio's own release identifies Cerelia as ""France-based"" and describes the Whitehall plant as a $29.2M, 150,000 sq ft investment adding 40 jobs (80 retained); Cerelia Group operates multiple plants across the US and Europe, supporting a mid-size 500-4999 bucket, but no exact global headcount was found.",
2: low-confidence $250k+,"Charles River Laboratories International, Inc.",300000,0.03%,business,5000+,MA,C,CHARLES RIVER LABORATORIES INC,"https://en.wikipedia.org/wiki/Charles_River_Laboratories (19,700-20,000+ employees worldwide, 2024-2025)","The recipient EIN traces to WIL Research Laboratories LLC (Ashland, OH; f5500 635 participants in 2015), acquired by Charles River Laboratories International (NYSE: CRL) in 2016; Charles River is headquartered in Wilmington, MA with about 20,000 employees worldwide, and its own 2022 JobsOhio release describes a 500-job, $212M Ashland OH expansion. Graded C: Wikipedia is the only source.",
2: low-confidence $250k+,J and M Holdings LLC,300000,0.03%,business,<100,CO,D,J AND M HOLDINGS LLC,no metrics or press release found,"No JobsOhio project metrics, SEC filing, or news coverage found for this Aurora, Colorado-registered holding company after EDGAR and Google News searches; treated as its own small parent on a best guess.",
2: low-confidence $250k+,Bellevue Economic Development Corporation,298647,0.03%,nonprofit,unresolved,OH,B,Bellevue Economic Development Corporation,,Rule R4: nonprofit by name and IRC section; not in the business headline.,
2: low-confidence $250k+,PENTA Career Center,290733,0.02%,government,100-499,OH,C,PENTA CAREER CENTER,"no exact staff count found; typical Ohio joint vocational school district (JVSD) staffing for a 5-county, multi-district career center","PENTA Career Center is a public joint vocational school district in Perrysburg Township, Wood County OH, opened in 1965 and serving 16 school districts across 5 counties; the recipient_class_auto tag of ""business"" appears mistaken, this is a public education entity, not a private company.",
2: low-confidence $250k+,Wright Warehousing Inc,290000,0.02%,business,<100,OH,D,Wright Warehousing Inc,no metrics or press release found,"No JobsOhio project metrics, SEC filing, or news coverage found for this Lima, Ohio warehousing company after EDGAR and Google News searches; treated as a small independent company on a best guess.",
2: low-confidence $250k+,CITY OF TRENTON OHIO,284984,0.02%,government,unresolved,OH,B,CITY OF TRENTON OHIO,,Rule R4: government by name and IRC section; not in the business headline.,
2: low-confidence $250k+,J&M Investments of NW Ohio LLC,280000,0.02%,site_development,<100,OH,C,J&M INVESTMENTS OF NW OHIO LLC,"WKEF ""New 40,000 sq ft manufacturing facility to boost Miami County's economy by 2024""; no distinct developer or employee count found beyond this LLC","This is a Spec Development (OSIP) grant for a spec industrial building in a Piqua-area park; local coverage of the project did not name a separate developer, so the LLC itself is treated as the parent. No employee count applies to a single-project real-estate LLC.",
2: low-confidence $250k+,MFM Building Products Corp.,275000,0.02%,business,100-499,OH,C,MFM BUILDING PRODUCTS,JobsOhio metrics_jobs_retained_max of 70 at the Coshocton site; no independent employee count found,"MFM Building Products Corp. is headquartered at the Coshocton address itself, manufacturing waterproofing membranes since 1961, with no outside parent found. Only a 70-job retention floor was available, so the bucket is a guess above that floor.",
2: low-confidence $250k+,WASHINGTON COUNTY CAREER CENTER,259877,0.02%,government,unresolved,OH,B,WASHINGTON COUNTY CAREER CENTER,,Rule R4: government by name and IRC section; not in the business headline.,
2: low-confidence $250k+,Celina City Board of Education,250000,0.02%,government,unresolved,OH,B,Celina City Board of Education,,Rule R4: government by name and IRC section; not in the business headline.,
2: low-confidence $250k+,King's Command Foods LLC,250000,0.02%,business,100-499,CA,D,King's Command Foods LLC,"JobsOhio metrics_jobs_retained_max of 47 at the Versailles, OH plant; no independent worldwide employee count found","King's Command Foods is a specialty meat-topping producer generally associated with Anaheim, California, but no source fetched this session confirmed a headquarters address or an outside corporate parent. The bucket is a guess above the 47-job Versailles retention floor.",
2: low-confidence $250k+,Peter Cremer Group,250000,0.02%,business,500-4999,Germany,C,Peter Cremer North America LP,"Form 5500 participants 2019 (326) and 2023 (388) for the Cincinnati entity alone; Peter Cremer is a multi-site oleochemicals group with German, US and other operations",Peter Cremer North America LP is the US arm of the German Peter Cremer oleochemicals group; a skeptical reader should note the German parent link here rests on the company's name and industry pattern rather than a source fetched this session. The Cincinnati entity's own Form 5500 plan had 326-388 participants around the grant year.,
2: low-confidence $250k+,The Black Family Limited Partnership,250000,0.02%,site_development,<100,OH,D,The Black Family Limited Partnership,No source found,"No JobsOhio project page, news coverage, or Form 5500 record was found for this recipient despite several searches; the LP naming pattern suggests a family real-estate holding entity rather than an operating business. A skeptical reader should treat this row as unverified.",
2: low-confidence $250k+,GBX Group LLC,250000,0.02%,site_development,100-499,OH,C,2101 Superior Avenue LLC,Same PR Newswire release on GBX's HQ move to the Superior Arts District building; no exact employee count found,2101 Superior Avenue LLC appears to be the real-estate entity for GBX Group LLC's (formerly global X) new Cleveland headquarters building in the Superior Arts Corridor. GBX Group is a Cleveland-based historic redevelopment and tax-credit finance firm; its worldwide headcount is a guess.,
2: low-confidence $250k+,"Southside Redevelopment, LLC",250000,0.02%,site_development,<100,OH,D,SOUTHSIDE REDEVELOPMENT LLC,No source found,"No news coverage or JobsOhio project page was found for this Revitalization Grant recipient; JobsOhio's own metrics list zero jobs retained and industry ""Other,"" consistent with a pass-through real-estate redevelopment LLC. Treated as its own parent for lack of any other identified owner.",
2: low-confidence $250k+,Tenk Center LLC,250000,0.02%,site_development,<100,OH,D,Tenk Center LLC,JobsOhio metrics_jobs_retained_max of 20; no independent source found,"No news coverage, company website, or JobsOhio project page was found for this Revitalization Grant recipient despite several searches. Treated as its own parent with a 20-job floor from JobsOhio's own metrics.",
2: low-confidence $250k+,Beam Technologies Inc. (Beam Benefits),250000,0.02%,business,100-499,OH,C,BEAM TECHNOLOGIES INC,https://www.beam.dental/about; JobsOhio release headline (workforce more than tripled around the 2020 grant),"Beam is a privately held, Columbus-based insurtech (now Beam Benefits) that JobsOhio said more than tripled its workforce; no exact worldwide headcount was found so the bucket is an estimate from company stage and grant size.",
2: low-confidence $250k+,"Kuraray Co., Ltd.",250000,0.02%,business,5000+,Japan,C,CALGON CARBON CORPORATION,https://en.wikipedia.org/wiki/Kuraray,"Kuraray, a large Japanese chemicals manufacturer, acquired Calgon Carbon for $1.1 billion in 2018, before the 2020 grant. The input's EDGAR name match (R.R. Donnelley) is an unrelated EIN-reuse mismatch, not Calgon Carbon's own filing. Graded C: Wikipedia is the only source.",
2: low-confidence $250k+,"Körber AG (Schleifring / machine-tools division, operating United Grinding Group)",250000,0.02%,business,5000+,Germany,C,UNITED GRINDING NORTH AMERICA INC,https://en.wikipedia.org/wiki/K%C3%B6rber,"United Grinding North America is the US arm of United Grinding Group, part of German holding company Körber AG's machine-tools business at the time of the 2020 grant (the grinding unit merged with GF Machining Solutions in 2024). Körber employs well over 5,000 people worldwide. Graded C: Wikipedia is the only source.",
2: low-confidence $250k+,"White Castle Management Co. (privately held, Ingram family)",250000,0.02%,business,5000+,OH,C,WHITE CASTLE MANAGEMENT CO,https://en.wikipedia.org/wiki/White_Castle_(restaurant) (chain of roughly 345 locations),"White Castle is a privately held, family-owned chain headquartered in Columbus, Ohio (founded 1921 in Wichita, Kansas); no exact worldwide headcount was found, but a chain of roughly 345 restaurants typically employs well over 5,000 people.",
2: low-confidence $250k+,Kyocera Corporation,250000,0.02%,business,5000+,Japan,C,KYOCERA SGS PRECISION TOOLS INC,https://en.wikipedia.org/wiki/Kyocera,"Kyocera SGS Precision Tools is a US subsidiary of Kyocera Corporation, a Japanese multinational that files 20-F annual reports with the SEC and employs tens of thousands worldwide. The Ohio entity's own Form 5500 plan (297-470 participants) is far smaller than the parent. Graded C: Wikipedia is the only source.",
2: low-confidence $250k+,"Nippon Paint Holdings Co., Ltd.",250000,0.02%,business,5000+,Japan,C,NIPPON PAINT AUTOMOTIVE AMERICAS INC,https://en.wikipedia.org/wiki/Nippon_Paint (world's 4th-largest paint manufacturer by 2020 revenue),"Nippon Paint Automotive Americas is a US unit of Nippon Paint Holdings, ranked the world's fourth-largest paint maker by revenue. No Ohio-specific size signals were in the input, so this rests on the parent's public profile. Graded C: Wikipedia is the only source.",
2: low-confidence $250k+,"O-I Glass, Inc. (Owens-Illinois)",250000,0.02%,business,5000+,OH,C,OWENS-BROCKWAY GLASS CONTAINER INC,https://en.wikipedia.org/wiki/O-I_Glass (largest glass-container maker in several world regions),"Owens-Brockway is a subsidiary of O-I Glass (Owens-Illinois), an SEC-registered 10-K filer headquartered in Perrysburg, Ohio; the company traces to the Owens Bottle Company founded in Toledo, Ohio in 1903. Graded C: Wikipedia is the only source.",
2: low-confidence $250k+,"Caliber Mold and Machine, Inc.",250000,0.02%,business,<100,OH,C,CALIBER MOLD AND MACHINE INC,JobsOhio metrics_jobs_retained_max of 21,"Caliber Mold and Machine is a small, independent Akron mold and machine shop confirmed by local news coverage of a fire at its facility; JobsOhio's jobs-retained figure of 21 supports a small headcount.",
2: low-confidence $250k+,CiiC Holdings Ltd,250000,0.02%,site_development,<100,OH,D,CIIC HOLDINGS LTD,https://www.jobsohio.com/why-ohio/get-started/revitalization-program,"A Cleveland holding company that got only a $250,000 Revitalization Grant with zero jobs retained, so it looks like a property-owning entity; the name may refer to the Cleveland Industrial Innovation Center, but that link is unconfirmed. The JobsOhio sitemap, Google News RSS, EDGAR and guessed domains named no developer or operator. Adjudicated Sept 19, 2026: re-check answer accepted over the first pass.",
2: low-confidence $250k+,OHIO UNIVERSITY,250000,0.02%,university,unresolved,OH,B,OHIO UNIVERSITY,,Rule R4: university by name and IRC section; not in the business headline.,
2: low-confidence $250k+,Prime Solon Investments LLC (developer unresolved),250000,0.02%,site_development,<100,OH,D,PRIME SOLON INVESTMENTS LLC,No source found; metrics fields are blank in the input,"No JobsOhio release, EDGAR filing, or news coverage names Prime Solon Investments LLC; the name suggests a real-estate or site-development vehicle tied to Solon, Ohio, but no operating company or developer could be confirmed.",
2: low-confidence $250k+,"Ohio Steel Industries, Inc.",250000,0.02%,business,100-499,OH,C,OHIO STEEL INDUSTRIES INC,https://news.google.com/rss/search?q=%22Ohio+Steel+Industries%22+Columbus+family+owned,"F5500 sponsor is Ohio Steel Industries itself (OH), with participants rising from 216 (2015) to 505 (2023); since participants include former employees with balances, the 500-999 range is ambiguous for current headcount, so bucket is a lower-end estimate. JobsOhio lists 198 jobs retained. No parent found.",
